!     RMS - Reservoir Modelling System GRID TO ZYCOR GRID
!     RMS - Reservoir Modelling System VERSION : 10.1
!     GRID FILE NAME   : Base_Reflector5
!     CREATION DATE    : 2018.12.21
!     CREATION TIME    : 08:26:02
@Base_Reflector5 HEADER                     ,      GRID, 5
      15,    -99999.0000,       ,      4,      1
     119,     65,    436910.1562,    440110.1562,   6469154.5000,   6475054.5000
         0.0000,         0.0000,         0.0000
@
+ Grid data starts after this line
       885.4564       885.3216       885.2266       884.9294       884.8519
       885.3179       885.8049       886.5067       886.9580       887.2503
       887.7599       888.0972       888.4003       889.0082       889.5615
       890.0040       890.8611       891.7212       892.9371       894.4828
       895.7238       896.3118       896.4203       896.2656       895.5982
       894.9422       894.1906       893.2328       892.3509       891.3463
       890.2855       889.2463       888.2168       887.1025       886.1893
       885.8475       885.7954       886.1363       886.0962       885.4519
       885.7967       886.4783       885.9283       885.1260       884.8967
       884.4105       883.3659       882.2941       881.3499       881.1870
       881.8041       882.7752       883.6035       883.9424       883.8796
       883.3516       882.6855       882.0950       882.2618       882.9653
       883.6278       884.4398       885.6829       887.2778       888.1770
       888.5299       888.9283       889.0560       889.2676       889.9241
       891.2162       892.9379       894.3885       895.1886       895.8922
       896.7034       896.6243       896.4117       896.7134       897.1368
       897.7593       898.5919       899.4479       900.4131       901.5438
       902.7780       904.2788       905.7686       906.5095       907.0972
       907.5772       907.2310       906.5131       905.5856       904.2508
       902.9052       901.5705       900.5489       900.1351       900.2631
       900.4848       900.7860       901.2112       901.7262       902.5034
       903.5632       904.8077       905.4761       905.4866       904.7690
       902.9320       900.8853       899.5587       899.0753       899.1174
       898.9649       898.0265       896.1046       894.3775
       884.7464       884.5399       884.2827       884.0149       883.7187
       883.9785       884.7386       885.3567       885.7144       885.9744
       886.2164       886.9144       887.8749       888.8733       889.4631
       890.5420       891.6854       892.8541       894.4321       895.9562
       896.9420       897.3290       897.2800       896.6296       895.9490
       895.2919       894.5625       893.5483       892.6813       891.6364
       890.2365       889.1297       888.1620       886.9920       885.9338
       885.3807       885.3268       885.7377       886.2337       886.4232
       886.7993       887.0164       886.2863       885.4001       884.7700
       883.6785       882.4519       880.9520       879.7086       879.8210
       880.9285       882.1843       883.1500       883.5509       883.2859
       882.5933       881.7532       881.0982       881.0294       881.5328
       882.3571       883.4746       885.0422       886.5706       887.7266
       888.2784       888.3521       888.5326       888.8735       889.7505
       891.1393       893.0600       894.6986       895.4766       896.2394
       897.1393       897.3337       896.9946       896.9449       897.2813
       897.7023       898.2162       898.9578       900.2241       901.9701
       903.6161       905.2610       906.6241       907.5500       907.9748
       907.8205       907.5143       907.0069       905.9331       904.4741
       902.9655       901.6990       900.8230       900.2380       900.0834
       900.2721       900.7181       901.2369       901.6544       902.6596
       904.1251       905.3273       906.4741       906.5547       905.1493
       902.9871       900.3914       898.5225       897.8055       897.7110
       897.7463       897.1694       895.5684       893.9216
       883.3617       883.0374       882.5459       882.0767       881.8575
       882.1226       883.0350       883.6417       884.1401       884.2714
       884.6683       885.7310       887.3682       888.6666       889.8447
       891.3601       893.1859       894.7770       896.5215       898.0710
       898.7511       899.0675       898.4536       897.4019       896.5165
       895.8492       894.9943       894.1880       893.3253       891.9919
       890.3298       889.0142       888.1057       886.9549       885.7719
       885.2061       884.9805       885.3578       886.3503       887.2202
       887.9027       887.6750       886.5275       885.1813       883.9977
       882.7813       881.0627       879.1946       877.8476       877.8500
       879.2086       880.8846       882.1497       882.6604       882.2504
       881.3897       880.3880       879.7039       879.4320       879.7355
       880.5621       881.8752       883.6662       885.4337       886.6608
       887.0930       887.0679       887.2723       887.9868       889.2360
       890.9642       892.9313       894.7342       895.6758       896.4636
       897.4286       897.8052       897.3259       896.9933       897.0240
       897.2485       897.8002       898.7063       900.5943       902.9327
       904.9645       906.5290       907.7188       908.4202       908.4778
       908.2297       908.0714       907.5021       906.2786       904.7748
       903.4768       902.4902       901.5198       900.9424       900.6833
       900.7039       901.0839       901.7445       902.4355       903.6744
       905.2424       906.5342       907.5944       907.6765       905.7910
       903.2410       900.4905       898.2205       897.1297       896.9945
       897.1110       896.4763       895.1716       893.9330
       881.4914       881.1696       880.3926       879.7847       879.8709
       880.6832       881.5834       882.4919       882.9896       883.3899
       884.1794       885.6467       887.3725       889.1004       890.6486
       892.3895       894.1901       896.1102       897.9188       899.1552
       899.8951       899.8827       898.8796       897.5821       896.8632
       896.3852       895.6380       894.8241       893.7307       891.9225
       889.9299       888.5549       887.8683       886.8665       885.7278
       885.0450       884.6121       885.1009       886.1448       887.0676
       887.6110       887.1926       885.4911       883.5698       882.3710
       881.2793       879.2013       876.9178       875.6494       875.7883
       877.2582       879.0728       880.6553       881.3253       880.8419
       879.9379       879.1600       878.4794       878.2614       878.4981
       879.1768       880.4821       882.1553       883.7615       884.7795
       884.8949       884.8048       885.3761       886.5203       888.2152
       890.3366       892.3552       894.0602       895.1325       896.0483
       896.9209       897.2020       896.9909       896.6464       896.3207
       896.6506       897.6077       899.6245       902.1185       904.5126
       906.3763       907.7955       908.6052       908.9034       908.8598
       908.7091       908.3992       907.8359       906.8669       905.6663
       904.7713       904.0656       903.3015       902.7845       902.1880
       901.7226       902.0477       902.7114       903.8730       905.2264
       906.4071       907.2913       908.0271       907.5467       905.7312
       903.1263       900.5641       898.3376       897.2792       897.4139
       897.3666       896.4455       895.0670       894.0870
       879.0291       878.5023       877.7652       877.5649       878.2451
       879.5153       880.8474       882.1017       882.8752       883.6411
       884.9520       886.4979       888.3601       890.0092       891.5015
       892.9511       894.5455       896.1461       897.5895       898.4332
       899.2045       899.0098       897.7651       896.9808       896.9999
       896.7035       896.0995       895.1590       893.5470       891.3950
       889.3320       888.1048       887.6465       886.9523       885.8344
       884.6644       883.7902       883.7750       884.5672       885.3221
       885.4747       884.7023       882.8353       880.6890       879.4131
       878.4064       876.5292       874.4985       873.3839       873.7537
       875.4456       877.4969       879.2676       879.9868       879.4649
       878.4437       877.8333       877.4846       877.4699       877.8248
       878.5522       879.4540       880.6224       881.8045       882.2111
       882.2285       882.5726       883.5637       885.0723       887.0016
       889.3048       891.4373       893.0300       894.3314       894.9196
       895.3580       895.7986       896.0370       895.8325       895.9107
       896.7515       898.3205       900.6554       903.5626       905.9634
       907.7645       908.6955       909.0956       909.1479       908.7090
       908.1506       907.8070       907.6819       907.3257       906.8223
       906.3981       906.0828       905.7618       904.9708       903.7903
       902.8945       902.7955       903.7166       904.8621       906.0377
       906.8226       907.2568       907.3793       906.7151       904.8395
       902.5638       900.5142       898.7230       897.9083       897.8135
       897.3950       896.4076       895.0800       893.7664
       875.4619       875.1320       874.8182       875.3809       876.8991
       878.7286       880.5967       882.3149       883.3517       884.4133
       885.8220       887.4622       888.9744       890.3297       891.6301
       892.7200       893.7252       894.6909       895.5589       896.2674
       896.8788       896.7045       896.0006       896.2529       897.0153
       897.1891       896.4628       894.9321       893.1263       891.0335
       889.2626       888.2774       887.9697       887.2234       885.6676
       883.8251       882.0580       881.1038       881.4359       882.1907
       882.5049       881.4731       879.2297       877.4105       876.3566
       875.1592       873.7181       872.4230       871.7998       872.4304
       874.1641       876.2494       877.9324       878.3634       877.5752
       876.8234       876.3940       876.4332       876.8862       877.3695
       877.9854       878.5616       879.0886       879.4937       879.5125
       879.6354       880.5746       882.1331       883.9937       886.0696
       888.2714       890.3770       891.8594       892.9204       893.7090
       893.8961       894.2878       894.8157       895.2401       896.0997
       897.6530       899.5107       901.7029       904.2473       906.6890
       908.3422       908.7930       908.4631       908.0695       907.4761
       906.5858       906.1490       906.6395       907.6866       908.2075
       908.0748       908.0254       907.6976       906.5552       905.2195
       903.9095       903.1900       903.5954       904.5887       905.3771
       905.9493       906.4641       906.4283       905.8535       904.3228
       902.5014       901.0500       899.7725       898.7891       898.2260
       897.3936       896.3347       894.8302       893.4090
       872.9329       873.5221       874.0176       874.5122       876.5723
       878.5790       880.6274       882.5908       883.9193       884.7707
       885.9015       887.2029       888.4924       889.7334       890.5992
       891.1948       891.7507       892.3049       892.7665       893.3828
       894.0793       894.4097       894.6423       895.8220       897.3087
       897.6614       896.1613       894.1341       892.1901       890.4363
       889.1163       888.6887       888.2307       887.0398       884.9138
       882.3201       879.6613       877.8071       877.8341       878.6304
       879.1822       878.4565       876.7137       875.3107       874.4416
       873.1726       871.9357       871.1609       871.1830       872.1001
       873.7918       875.7356       876.7728       876.6995       876.0893
       875.6868       875.6769       876.0641       876.6041       877.1815
       877.5142       877.7258       877.5617       877.1531       876.9037
       877.4048       878.7415       880.9255       883.3649       885.5059
       887.4260       889.2835       890.5821       891.6522       892.8956
       893.6823       893.8693       894.4919       895.7256       897.0044
       898.5938       900.6179       902.8389       904.8553       906.4948
       908.0182       908.3563       907.5959       906.8394       906.1685
       905.1999       904.7505       906.0515       908.5543       910.2341
       910.6001       909.9202       908.8984       907.6121       906.2222
       904.3963       902.6560       902.0698       902.6066       903.2704
       904.3785       905.2778       905.4771       905.4119       904.7246
       903.2845       901.7696       900.1967       899.0952       898.1649
       897.0003       895.8239       894.0968       892.3077
       871.8864       872.5833       873.7947       875.5518       877.5207
       879.1299       880.6682       882.5674       883.8133       884.6943
       885.7809       886.7727       887.7849       888.5865       889.0132
       889.1876       889.5537       890.1705       890.6796       891.4113
       892.2307       893.0610       894.2342       895.7826       897.2719
       896.9892       894.8685       892.3063       890.5869       889.4597
       888.9569       888.7486       888.1190       886.3690       883.7159
       880.9753       878.1057       876.1160       875.6404       876.1943
       876.5928       876.3872       875.4846       874.5682       873.7537
       872.6583       871.4681       871.0272       871.3756       872.5654
       874.3926       876.2949       877.2492       876.8504       876.2107
       875.9535       876.1113       876.5286       877.2388       877.6923
       877.6295       877.2087       876.5417       875.7678       875.4958
       875.9925       877.6724       880.0054       882.4636       884.5521
       886.2432       887.9239       889.2526       890.7537       892.6088
       893.8090       894.4696       895.3279       896.8765       898.1147
       899.6091       901.6075       903.2221       904.5256       905.9122
       907.0500       907.8149       907.9915       908.0250       907.4360
       906.1346       905.4729       907.1923       909.9244       912.0128
       912.3110       911.2468       909.6613       908.1208       906.3756
       904.1833       902.0321       900.9570       900.9136       901.8184
       903.1398       903.9746       904.6968       905.3118       905.3176
       904.1271       902.1682       900.0079       898.3331       897.0806
       896.0526       894.7793       892.6271       890.5237
       874.1049       874.7690       876.0504       877.5833       878.9330
       879.9590       881.0727       882.3281       883.6957       884.9338
       886.1873       887.3580       887.9859       887.8948       887.6769
       887.7836       888.0775       888.6668       889.5417       890.3907
       891.3845       892.8076       894.2932       895.7246       896.3204
       895.1689       892.6438       890.4984       889.4902       889.1365
       888.9694       888.9102       888.1328       885.9767       883.2277
       880.7903       878.8023       877.2601       876.4575       876.1934
       876.0382       875.6700       875.2947       874.8193       874.1337
       873.1681       872.2382       871.7507       871.9052       872.9595
       875.0689       877.2217       878.1725       877.7328       876.9173
       876.6572       877.1565       877.8237       878.5370       878.7597
       878.4241       877.6661       876.6088       875.8430       875.3467
       875.6094       876.9876       879.0406       881.0035       882.7156
       884.3383       886.1983       888.2286       890.0666       891.8930
       893.7637       895.4761       897.0925       898.0296       899.1370
       900.9009       902.4226       903.1027       903.5760       904.8030
       906.3765       907.7920       909.3229       910.8282       911.2638
       909.6545       908.2385       909.0674       911.4240       912.6616
       912.2151       910.5215       908.7885       907.4844       906.1614
       904.7545       903.0149       901.4552       900.8411       901.3589
       902.3771       903.3648       904.3304       905.2021       905.3932
       904.0896       901.8088       899.4172       897.4282       896.2181
       895.1932       893.4810       890.9694       888.8627
       878.7908       878.9268       879.6365       880.2399       880.4684
       880.8972       881.3285       882.1952       883.4846       885.1117
       886.9345       888.1347       888.4172       887.8535       887.3164
       887.2550       887.5047       888.0855       888.7934       889.5340
       890.6527       892.3514       893.9426       894.8024       894.6761
       893.0222       890.5894       889.2510       889.1743       889.4785
       889.7291       889.7845       888.9187       886.6443       884.0928
       882.3417       881.1350       880.1206       878.9160       877.8839
       876.7275       875.9810       875.8718       876.0125       875.5630
       874.5896       873.5797       872.7257       872.2318       872.9725
       875.1646       877.3214       878.2164       877.7509       876.9768
       877.2698       878.3948       879.5726       880.1299       880.0418
       879.5723       878.5532       877.3493       876.3263       875.6727
       875.6456       876.5724       878.1323       879.7571       881.0328
       882.7629       884.9900       887.3958       889.4598       891.1942
       893.6343       896.7582       898.6490       899.1010       900.1180
       902.2969       903.8564       903.4027       902.9175       904.0045
       906.0367       908.0527       910.2877       912.8746       914.1715
       912.9059       910.9305       910.5630       911.8787       912.9312
       911.6789       909.0380       907.0956       906.5224       906.7903
       906.9016       905.5869       903.2101       901.5657       901.5479
       902.5865       903.5925       904.3113       905.0667       904.8857
       903.2017       900.7435       898.5791       897.1772       896.0963
       894.4677       892.2177       889.5462       887.6865
       884.0284       883.8383       883.4714       882.8428       881.9055
       881.2841       881.3719       882.0184       882.9984       884.7881
       886.7393       888.2664       888.6490       888.1019       887.3727
       887.1763       887.5244       887.9945       888.2595       888.7974
       889.8022       891.1118       892.3315       892.8765       892.5197
       891.0906       889.3531       888.5484       889.0076       889.9918
       891.0189       891.5681       890.5035       888.2208       886.3281
       885.0411       884.0631       883.1757       882.1231       880.2655
       878.5576       877.2506       877.0901       877.5396       877.4032
       876.2933       874.8974       873.6769       872.7816       873.0667
       875.0281       877.2138       877.9290       877.2850       876.8322
       877.8412       879.6371       881.2775       881.7535       881.3297
       880.4879       879.1713       877.9420       876.8146       875.8660
       875.5068       875.9435       877.3916       879.3669       881.0474
       882.1906       883.9313       886.5048       888.8014       890.7350
       893.4020       897.0500       899.5917       900.1434       901.3032
       903.9128       904.9968       903.8568       902.7101       903.4858
       905.9255       908.2697       910.0470       912.2648       913.9474
       913.6215       911.8519       910.9821       911.9195       912.9075
       911.5762       908.5662       906.7873       907.3279       909.0457
       910.0521       908.9355       905.6919       902.9744       902.5671
       903.4634       904.1298       904.4468       904.6119       904.0759
       901.9825       899.1500       897.5255       896.9768       895.5322
       892.5845       889.4066       887.1939       885.9019
       887.7302       887.1251       886.0865       884.7268       882.6828
       881.2518       881.5320       882.2004       882.6581       883.8640
       886.2712       888.3815       888.7509       887.7943       887.0036
       887.0771       887.4670       887.5587       887.8378       888.3188
       889.0165       889.6631       890.1483       890.3290       890.2833
       889.6137       888.6942       888.2251       888.5952       890.1227
       892.1443       893.0571       892.0613       890.0748       888.6656
       887.7708       886.7563       886.3529       885.3399       883.3911
       881.3362       879.8243       878.9230       879.1316       879.2128
       877.8900       875.7499       874.4805       873.6109       873.3952
       875.0547       877.1669       877.8171       877.4136       877.3082
       878.4611       880.5103       882.0634       882.2036       881.7120
       880.6531       879.5255       878.4194       877.1870       875.9187
       874.9725       874.8397       875.9297       878.2432       880.3048
       881.0691       882.5428       885.0706       887.7576       890.0773
       892.9531       896.3898       899.1685       900.8472       902.5621
       904.3152       904.6324       903.5442       902.2999       902.5460
       905.1725       907.7722       908.6777       909.4445       910.5704
       910.7620       909.9176       909.4594       910.4885       911.5488
       910.2915       907.9383       906.6508       907.8252       910.0155
       911.0522       910.1984       907.5276       904.7177       903.5469
       903.7227       904.4330       904.5333       904.0244       902.7071
       899.8482       896.9760       895.4626       894.6623       891.6584
       887.0358       883.8374       882.6180       882.4798
       889.2580       888.4089       887.1152       885.2155       882.8486
       881.4875       881.9664       882.6961       882.4141       882.9628
       885.8513       888.4575       888.4440       886.7982       885.9377
       886.3297       886.8901       886.9534       887.1469       887.6240
       887.9585       888.1940       888.2082       888.2950       888.3652
       888.2204       887.7518       887.2876       887.5672       889.7093
       892.3959       893.5078       892.6530       890.7515       889.6467
       889.0323       888.0419       887.6331       887.3151       885.4199
       883.9990       883.2764       881.8408       880.9654       880.6698
       879.0068       876.2816       874.5798       874.3018       874.2979
       875.5962       877.2252       878.0999       878.1160       878.1259
       878.9285       880.5066       881.3137       881.2592       880.9330
       880.3005       879.6281       878.8795       877.5833       876.0408
       874.8869       874.1808       874.3076       875.6904       877.2026
       878.8332       880.9333       883.2032       885.7551       888.7431
       891.8199       894.7023       897.2559       899.7103       901.7756
       902.8156       902.8806       902.2880       901.3122       901.0308
       902.5023       904.8521       905.7316       905.4495       905.4548
       905.7975       905.7266       905.9072       906.9697       907.3694
       906.2670       904.6672       904.1520       905.1160       906.8782
       907.9990       908.0587       906.7550       904.8984       903.4493
       903.3497       904.2618       904.5714       903.5599       900.6335
       897.1829       894.6608       893.3138       890.8312       885.1308
       879.2260       877.2894       877.9999       878.8879
       888.9558       888.0229       886.6581       884.7477       882.8600
       881.9803       882.4014       882.9304       882.6485       882.8981
       885.1030       887.2785       886.8633       885.3195       884.2994
       884.5864       885.2889       885.5770       885.7299       886.0164
       886.2906       886.7719       886.9149       886.9220       886.9274
       886.7639       886.4023       886.0358       886.5553       888.6308
       891.2574       892.2504       891.4139       890.0489       889.3350
       888.6041       887.2733       886.8724       887.1981       886.4348
       886.6509       886.7073       884.9763       882.8183       881.3314
       879.4282       876.8447       875.5592       875.7791       876.1411
       876.4854       877.4915       878.1693       878.4149       878.2301
       878.6901       879.6655       880.0480       880.0266       880.0820
       880.1581       880.0546       879.5770       878.4913       877.1787
       875.9633       874.7568       873.8810       874.1296       875.2147
       876.9924       878.9919       881.1255       883.7583       886.7117
       889.8707       892.4628       894.7557       897.3514       899.4930
       900.4783       900.4951       900.2854       899.8628       899.2085
       899.2799       900.2165       900.6789       900.4290       900.6033
       901.1437       901.6914       902.1160       902.2739       901.8964
       900.8830       899.8367       899.6617       900.6427       902.0312
       903.4192       904.0718       903.7960       902.5533       901.6965
       902.1303       903.3809       904.0476       902.5490       898.8577
       895.2647       893.3376       892.0872       888.2772       880.9615
       874.6179       873.1953       874.8045       876.2733
       887.8563       887.1252       885.8989       884.3316       882.9377
       882.5604       882.7433       883.1563       883.0376       883.0105
       884.0573       884.8472       884.1740       882.8582       881.9032
       881.8290       882.6770       883.3215       883.7288       884.0870
       884.6583       885.3796       885.8279       885.6672       885.2773
       885.2232       885.4114       885.3755       885.8271       887.1088
       888.5825       889.2589       889.0650       888.5598       888.1313
       887.3857       886.1517       885.9603       886.6334       887.5937
       888.6354       888.7679       886.9058       884.1946       881.8676
       879.6080       877.6884       877.0884       877.4351       877.4561
       877.1177       876.9782       877.4092       877.8059       877.9948
       878.4566       879.1780       879.3661       879.4291       879.8167
       880.5881       881.1259       880.9171       880.0582       878.9854
       877.8953       876.1563       874.4619       873.6176       874.4304
       875.8542       877.1389       879.0811       881.8697       885.1941
       888.4073       891.3606       893.6038       896.0047       898.2961
       898.8964       898.6557       898.6462       898.5806       897.6378
       897.0538       896.3890       895.6149       895.3821       896.0791
       897.1833       897.9575       898.0704       897.3279       896.3459
       895.2069       894.2666       894.3164       895.4529       897.0096
       898.6322       899.7467       899.7703       898.9968       898.5844
       899.4625       900.9890       901.8386       900.3912       897.1437
       894.2098       892.9277       891.0283       886.7089       879.5955
       873.7504       872.0474       873.3268       875.2084
       887.5479       886.7028       885.6899       884.5107       883.5621
       883.1459       883.2665       883.2576       883.0380       882.8649
       882.9009       882.4592       881.4175       880.3211       879.5505
       879.5588       880.3858       881.1276       881.8150       882.7097
       883.5625       884.1259       884.3956       883.9686       883.5871
       883.8687       884.6332       885.1193       885.1600       885.5558
       885.9143       886.3278       886.3793       886.4387       886.3452
       885.6751       885.2022       885.4166       886.4082       888.0231
       889.2969       889.3337       887.7146       885.1917       882.2682
       879.7015       878.4493       878.2056       877.9980       877.2875
       876.4708       876.2748       876.6425       877.2510       877.8303
       878.6550       879.1774       879.3696       879.5815       880.2421
       881.5253       882.5009       882.4783       881.9152       881.1309
       879.8622       878.0139       875.4673       873.5659       873.7523
       875.0856       876.3652       878.0565       881.2338       885.2594
       889.1764       892.0162       894.4239       896.8474       898.5126
       898.7992       898.2426       898.3326       898.0633       896.6864
       895.2891       893.7792       892.1005       891.5621       892.1581
       892.9729       893.2682       892.7918       891.9136       890.5284
       889.2167       888.0378       888.0702       889.3276       891.1683
       893.2182       894.5908       894.6614       894.2511       894.2437
       895.3682       896.8426       897.7440       897.3854       895.7119
       893.9564       892.3724       890.0173       885.5983       879.4303
       874.1349       872.4908       873.9861       876.1109
       888.1732       887.2557       886.2956       885.5165       884.5395
       884.0034       883.8165       883.6584       883.3640       882.7481
       881.8109       880.6849       879.4366       878.5309       878.1257
       878.2108       878.5525       879.1551       880.0704       881.4062
       882.4626       882.7184       882.3518       882.0180       882.2317
       883.2533       884.2372       884.4487       884.3416       884.1796
       884.1182       883.7225       883.5725       884.0361       884.4268
       884.1299       883.7344       884.2257       885.9177       888.0513
       889.2868       889.1627       888.0785       885.9827       882.7498
       879.6751       878.6406       878.7275       878.1404       876.6762
       875.6719       875.7992       876.5211       877.4808       878.5884
       879.2357       879.7523       880.1255       880.4438       881.3247
       882.8922       883.8438       883.8737       883.7634       883.2260
       881.8760       879.7219       876.8896       874.3685       873.9307
       875.1821       876.8292       878.5952       881.6320       886.4263
       890.8640       893.8340       896.1833       898.3257       899.5964
       899.5072       898.9373       898.6195       897.6253       895.8392
       893.5464       891.2458       889.4861       888.6790       888.4954
       888.1492       888.1272       887.8638       886.5092       884.8696
       883.3335       882.1356       882.0281       883.2984       885.0266
       886.9089       888.0114       888.0200       887.8073       888.5984
       889.9626       891.8961       893.5347       894.4915       894.6273
       893.2302       890.6466       887.8134       884.4028       879.5833
       875.3992       874.5063       876.2746       878.5485
       889.3359       888.7219       887.9813       887.0963       886.0464
       885.2024       884.8718       884.4797       883.9099       882.7468
       880.9155       879.0812       877.6924       876.8206       876.5948
       876.3122       876.0424       876.5604       877.9222       879.4931
       880.5288       880.6588       879.9376       879.7401       880.9528
       882.7877       883.7591       883.7784       883.4739       883.4125
       882.8975       881.3332       880.5121       881.6294       883.1749
       883.7259       883.2225       883.5709       885.7906       888.0102
       888.7598       888.0871       887.1888       885.8040       882.5029
       879.3788       878.4278       878.6179       877.9504       875.7719
       874.0986       874.2053       875.5991       877.6771       879.4609
       880.2127       880.9296       881.8896       882.0986       882.7993
       884.6048       885.0619       884.5989       884.9069       884.7894
       883.1881       880.8709       877.5748       875.0015       874.6458
       875.9064       877.6000       879.4321       882.1646       886.8964
       891.9623       895.3818       897.7435       899.6680       900.5935
       900.3366       899.4635       898.5294       897.1867       894.9028
       892.0992       889.6289       887.6149       886.2533       885.3067
       884.2667       883.8294       883.4349       881.4819       879.2108
       877.7131       876.9847       877.1826       878.2939       879.9462
       881.0920       881.5463       881.2482       881.5339       882.7658
       885.1075       887.7141       890.3522       892.6212       893.1591
       891.2416       887.9968       884.8780       882.3469       879.2087
       876.9561       877.1331       879.1303       881.3652
       890.8178       890.3416       889.7358       888.9319       887.7089
       886.7381       886.0618       885.2402       884.1364       882.4075
       880.1898       877.9280       875.9037       874.7267       874.1866
       873.5726       872.9030       873.4759       875.3408       876.9705
       877.8867       878.2053       878.0098       878.1025       879.7493
       881.9872       883.2490       883.5864       883.2402       883.0038
       882.4799       880.1582       878.6193       880.0645       882.6025
       883.9302       883.8331       884.0631       885.7605       887.4203
       887.7799       887.0552       886.9899       886.3087       883.1906
       879.8356       878.4097       878.0570       876.8810       874.2181
       871.5971       872.0989       874.1178       876.5493       878.8392
       880.2809       881.8624       883.5730       884.3138       884.8431
       885.9581       885.8494       884.9931       885.2349       884.9337
       883.2983       880.7761       877.6018       874.9453       874.5927
       876.1166       878.1495       880.2466       883.0522       887.4164
       892.5284       896.3398       898.8749       900.5518       901.0009
       900.4455       899.5205       898.1083       896.3930       893.9688
       891.3264       889.0229       886.6923       885.0176       883.6824
       881.9449       880.4540       878.9660       876.6331       873.6565
       872.1247       872.5373       873.7382       875.1270       876.3198
       877.1578       877.4136       877.4503       877.6409       879.1147
       882.0431       885.6978       889.1716       891.8541       891.7977
       889.3467       885.8993       882.7131       880.5073       879.1136
       878.2954       878.8687       880.9410       883.0736
       892.1525       891.9125       891.3092       890.4503       889.1277
       887.8135       886.7600       885.4095       883.8696       882.2078
       880.0334       877.3942       874.9387       873.1296       871.8094
       870.7720       870.3353       871.0496       872.9911       874.8336
       875.9424       876.5533       877.0422       877.7747       879.4055
       881.2139       883.1058       883.6506       883.1123       882.7432
       882.0157       880.2580       878.8999       879.9179       881.9086
       883.3525       883.4494       883.6591       884.9706       886.3818
       887.3298       888.4827       890.3414       890.8641       887.2036
       882.7736       880.0060       878.0795       875.9862       872.9839
       871.0003       871.6019       873.7001       875.7385       877.1882
       878.7481       881.8180       884.8875       886.5222       886.9417
       886.7812       886.2728       885.1302       884.3086       883.7817
       882.1689       879.7776       877.0821       874.8111       874.2794
       875.8521       878.4716       881.1998       884.2717       888.4970
       893.1780       897.0063       899.5195       900.7480       900.8564
       900.2883       899.2565       897.5923       895.1665       892.5557
       890.0396       887.5489       885.0944       883.5167       882.2809
       880.1552       877.8887       876.1737       873.7906       870.3860
       868.4103       869.3963       871.0947       872.7455       874.2581
       875.2111       875.4485       875.8164       876.6017       878.1160
       881.0063       885.0508       889.0300       890.9221       890.4474
       887.7838       884.0094       880.9172       879.3397       879.0047
       879.0444       879.5227       880.8188       882.3483
       893.1625       893.1642       892.7760       891.6381       889.8560
       888.1880       886.7736       885.2805       884.0683       882.6344
       880.5195       877.7705       875.1310       872.9152       871.0576
       869.6666       869.2677       870.0103       871.6649       873.4857
       874.8268       875.8080       876.4914       877.4363       879.0389
       881.3514       883.1010       883.6089       883.0251       882.5264
       881.9531       880.7439       879.7712       879.9393       881.0964
       881.9571       882.2186       882.6275       883.8539       885.3893
       887.5551       890.5724       894.0450       894.9997       891.6622
       886.6523       882.4230       878.7126       875.6582       873.3621
       872.1285       872.9312       874.6340       875.8610       875.6894
       876.8386       880.7266       884.7975       886.9294       887.1497
       886.6066       885.5792       883.8386       882.3979       881.5566
       880.1852       878.1876       876.2820       874.6443       874.1498
       875.5194       878.4213       881.5159       884.8336       889.0767
       893.4794       897.4550       900.3322       901.3337       900.8943
       899.8144       898.2987       896.1312       893.3567       890.4797
       887.5525       884.7198       882.1382       880.5157       880.0387
       879.0293       877.6093       876.2783       874.3484       871.7107
       869.7865       869.5789       870.4258       871.2782       873.0674
       873.9971       874.1406       874.8818       876.2902       878.0242
       880.6379       884.4028       887.6964       888.9087       887.7900
       885.1112       881.4969       878.5969       877.9004       878.3049
       878.3401       878.2926       878.6730       879.2722
       894.0432       893.8622       893.3909       892.0301       889.8470
       887.9486       886.4694       885.5750       884.9270       883.8002
       881.5714       878.7957       876.1771       873.7489       871.7141
       870.4486       869.6394       869.9823       871.2493       873.0613
       874.3635       875.1229       875.7214       876.7163       878.7230
       881.1877       882.9232       883.4117       883.1346       882.7950
       882.2170       881.1599       879.9367       879.6068       880.0827
       880.6119       881.2014       882.2031       883.5897       885.4415
       887.9938       891.7748       894.9518       895.6354       893.1451
       888.6727       883.6974       879.1479       876.1397       874.1232
       873.7018       874.2242       875.2336       875.8260       875.1966
       876.1020       879.8879       883.8658       885.8743       886.2720
       885.4821       883.5571       881.6106       880.3821       879.1815
       877.7153       876.3937       875.3934       874.5438       874.2427
       875.1906       877.3302       880.3369       883.7666       888.0532
       892.7166       897.3245       900.7971       901.8388       900.8719
       898.7832       896.4686       893.8226       891.0431       888.1970
       885.2332       882.5342       880.1336       879.0372       879.3530
       879.6614       879.0677       877.7092       876.3731       874.7898
       873.4866       873.1803       873.1134       872.8377       872.6015
       872.8291       873.4092       874.3320       875.6335       877.5521
       880.0887       882.8626       885.3785       885.8894       884.3763
       881.6741       878.4677       876.2161       876.0085       876.5737
       876.5933       875.6973       874.9184       875.1788
       894.9158       894.5075       893.4514       891.6147       889.4141
       887.4930       886.4824       886.2139       886.1603       885.1889
       882.9444       880.1007       877.3750       874.7712       872.5771
       871.0460       870.3503       870.3588       871.5034       872.9896
       874.0330       874.3997       875.2925       876.7195       878.6891
       880.9177       882.4426       883.0796       883.1008       882.6049
       881.9744       880.8065       879.4956       878.9498       879.2281
       879.7144       880.8164       882.0316       883.8420       886.3281
       888.9205       891.8385       894.1448       894.5443       892.7526
       889.0750       884.3637       880.1004       876.7511       874.7272
       874.3464       874.8583       875.3152       875.9400       876.3876
       877.7880       880.8310       883.7416       885.7520       886.3680
       884.8681       882.2515       880.0493       878.6075       877.2483
       875.9718       875.2323       874.9188       874.3566       873.8395
       874.2887       875.7397       878.0447       881.4423       885.7413
       890.4832       895.6415       899.7869       901.2247       899.9850
       897.5013       894.6280       891.6770       889.0806       886.5455
       883.7603       881.4736       880.1583       880.0131       880.8649
       881.3512       880.3992       878.7477       877.4741       876.5836
       876.2074       876.4624       876.4521       875.4025       873.6583
       872.6035       872.8513       874.0734       875.7825       877.6821
       879.2841       881.1688       882.6552       882.6667       881.2913
       879.0617       876.3732       874.4618       873.9169       874.1865
       874.2321       872.9931       871.7382       871.4655
       895.5249       894.9535       893.3542       891.0383       888.8200
       887.4987       886.9320       887.2582       887.3211       886.2657
       883.9698       880.9695       878.1563       875.5565       873.0906
       871.6010       870.8217       870.5882       871.3903       872.6005
       873.1839       873.8252       875.2521       877.0762       878.7372
       880.3425       881.7823       882.5537       882.3948       881.7643
       880.8998       879.4872       878.3884       878.4915       878.7919
       879.3815       880.3308       881.3744       883.4506       886.3718
       888.9765       891.0921       892.3186       892.0517       891.0953
       888.3093       884.2395       879.9807       876.7938       875.2422
       875.3555       876.1096       876.9926       878.0668       879.0293
       880.0869       881.8491       884.0043       885.8613       887.0258
       885.3341       881.6589       878.7912       877.1198       875.8977
       874.9570       874.5411       874.0872       873.2101       872.3239
       872.1085       873.1204       875.2036       878.6403       883.2710
       888.3477       893.0414       897.2473       899.5914       899.0297
       896.4890       893.6739       891.1450       888.5643       885.7736
       882.7792       880.9647       880.6428       881.1868       881.8172
       881.9715       880.8585       878.9750       877.4540       876.6509
       876.6906       877.2043       877.2903       876.2544       874.1786
       872.6617       872.7018       874.3151       876.8589       878.2092
       878.8076       879.7305       880.2921       879.8964       878.6702
       876.9120       874.8820       873.0649       872.2907       872.1974
       872.0367       870.9321       869.7533       869.8380
       895.0833       894.5056       892.7474       890.3647       888.7206
       887.8855       887.8884       888.1506       887.9454       886.5646
       883.9430       880.8408       877.9758       875.4242       873.2431
       871.7485       870.6840       870.0772       870.3538       871.4648
       872.4314       873.2331       874.6913       876.7050       878.0844
       879.2477       880.4090       881.0696       880.8999       880.1904
       878.8238       877.3167       876.9530       877.6023       878.3335
       878.9216       879.3848       880.3726       882.4335       885.0927
       887.4228       889.0521       889.4666       888.9091       887.9763
       886.0992       882.7160       879.2971       877.0667       876.4643
       876.9085       878.0037       879.4719       880.8231       881.0792
       880.9219       881.4714       882.9677       885.1734       886.2084
       884.9092       880.9344       877.4966       876.1578       875.4180
       874.8220       873.9949       872.7422       871.3118       869.8161
       868.9998       869.5786       871.6036       875.3079       880.6094
       886.1937       890.9714       895.0192       897.7532       897.9794
       896.2964       894.3655       892.3291       889.7161       886.3850
       883.2355       881.3255       880.9165       881.0392       881.3135
       881.6670       881.0679       879.1340       877.0839       875.7941
       875.5750       875.8282       875.9993       875.4011       873.7697
       872.5457       873.0131       875.1889       877.3340       877.5964
       877.2091       877.4604       877.8187       877.4373       875.9922
       874.2412       872.7352       871.5775       870.6833       870.5227
       870.5113       869.5328       868.8785       869.2687
       894.4178       893.9003       892.4289       890.6714       889.3352
       888.7278       888.5546       888.4022       887.6823       886.0290
       883.1992       879.7959       876.7943       874.4728       872.6614
       870.8981       869.5817       869.1582       869.4556       870.1176
       871.2475       872.4822       873.8995       875.5975       877.0660
       878.1721       879.0134       879.2062       879.0661       878.3481
       876.7438       875.3670       875.8846       876.7326       877.3894
       878.1093       878.6769       879.8871       881.6810       883.8489
       885.8048       886.8679       887.0231       886.9317       886.3344
       884.5435       882.0894       879.5701       877.7532       877.2145
       877.8152       878.4966       880.0891       881.1600       880.9440
       880.0783       879.3531       880.1216       882.0001       883.6463
       882.7200       879.9696       878.0640       877.6604       877.4591
       876.4937       874.5795       872.4744       870.2974       868.2437
       867.0091       866.8201       868.2846       871.9473       877.7878
       884.3543       889.9077       894.3190       897.0323       897.2254
       896.3560       895.4818       894.1334       891.7131       888.3458
       885.3541       883.5090       882.5453       881.7164       881.5542
       881.9600       881.5068       879.8263       877.2205       875.3658
       874.2960       874.2784       874.7449       874.7645       873.9351
       873.1154       873.9442       875.9161       876.3405       874.9277
       873.7875       874.0543       874.8572       874.8458       873.3326
       871.1536       869.7324       869.0516       868.4887       868.4118
       868.6862       868.5677       868.0379       868.2233
       895.3874       895.0856       893.9283       892.0410       890.3627
       889.3290       888.8953       888.2607       887.2016       885.1779
       882.3056       878.9149       875.8007       873.4063       871.4781
       869.6992       868.3315       868.1055       868.5544       869.3375
       870.3497       871.7948       873.3856       874.8981       876.3817
       877.7404       878.2125       878.3340       878.4514       877.9177
       876.5450       875.6855       875.9147       876.4369       877.0312
       877.7377       878.5720       879.7547       881.9075       883.7949
       885.4892       886.4114       886.9023       887.0229       886.0701
       884.8422       882.9120       880.8991       879.1630       878.1635
       877.4933       877.6553       878.0973       878.7137       878.8519
       877.8950       876.8174       876.4373       878.1319       880.5454
       881.7794       881.3982       881.6857       882.5145       882.1558
       879.7390       876.0372       872.7777       870.6279       868.9163
       867.3019       866.2875       866.7132       870.0841       876.3353
       883.2538       889.4661       894.3847       896.8842       896.8719
       896.1016       895.8494       895.4072       893.7552       891.0709
       888.9273       887.5405       885.9986       884.4875       883.3650
       882.8891       882.0503       879.7315       877.2695       875.1939
       873.8317       873.3396       873.8681       874.4070       874.0952
       873.7218       874.8316       876.2435       874.8988       872.3190
       871.0718       871.6993       873.3496       874.0383       872.6126
       869.6761       867.5593       866.9026       866.9985       867.2092
       867.7032       867.6403       867.2474       866.9443
       897.4340       897.2467       895.8638       893.4217       891.0662
       889.4225       888.2308       887.3546       886.2098       884.4410
       881.8772       878.8297       875.6279       872.7206       870.1753
       867.9144       866.4054       866.4185       867.6258       869.0011
       870.3268       871.3765       872.9606       874.6617       876.3108
       877.7374       878.5606       878.9870       879.3754       879.0076
       877.8372       876.8655       876.6331       876.7097       876.8592
       877.1951       877.7923       879.4664       881.6014       883.9760
       885.7714       886.8575       887.1924       886.8597       886.6263
       886.3233       885.2695       883.3439       881.8825       880.3013
       878.5295       876.9797       876.3304       876.4551       876.4152
       875.6839       874.6635       874.6206       875.7293       878.4556
       881.3411       883.9641       886.3287       887.4854       886.0101
       881.5230       875.5988       871.7546       870.4908       869.6961
       868.8443       868.1075       868.0537       870.5960       875.9540
       882.2963       888.4468       893.1348       895.2546       895.3311
       895.0549       895.3218       896.0448       895.5581       893.8402
       892.0519       890.6213       889.0720       887.1772       885.4168
       883.6893       881.2827       878.6385       876.2629       874.3236
       872.9284       872.3645       872.4596       872.7823       872.9552
       873.2378       874.5899       875.6161       874.1945       872.1761
       871.9503       873.3618       875.3712       876.7238       875.2455
       871.4603       868.1974       867.2415       867.6329       868.1245
       868.2733       867.6389       866.7347       866.2068
       897.3660       896.9485       895.8364       893.5311       890.4672
       887.6505       885.7343       884.7204       884.0957       883.3007
       881.6089       879.0573       876.0251       872.5853       868.9649
       865.8492       864.1493       864.8116       866.6968       868.7089
       870.0789       871.1280       872.5292       874.4959       876.3978
       878.0142       879.0267       879.8430       880.2325       879.9113
       878.9647       877.7715       877.2070       876.6962       875.8605
       875.4486       876.2009       877.9846       880.6048       883.1403
       885.1381       886.1118       886.5430       886.3629       886.5773
       887.8588       887.8757       886.4259       884.9689       883.1223
       880.5961       878.2796       876.6357       876.2563       876.1389
       875.3719       874.5671       874.3029       874.7043       876.2685
       879.7072       884.5038       888.5796       889.5732       886.5694
       880.0025       873.0901       869.1145       868.9076       869.8480
       870.5373       870.7561       870.8862       872.5139       876.4498
       881.5502       886.6523       890.2020       891.9214       892.6268
       893.1425       894.4664       895.9436       896.4938       895.3224
       893.3703       891.6955       890.4611       888.7822       886.5627
       883.5274       880.1078       877.1082       874.5660       872.3187
       870.7573       870.2392       870.2308       870.3176       871.2285
       872.9058       874.5861       875.2148       874.4800       873.7518
       874.9615       877.5759       880.1376       881.0299       879.0751
       874.7296       870.7795       869.1772       869.4689       870.0301
       869.7535       868.5386       867.1294       866.7745
       894.3288       894.2053       893.9296       891.8917       888.1924
       884.4250       882.0682       881.3678       881.6001       881.7164
       880.9930       879.1092       876.4828       872.7228       868.1620
       864.3466       863.0104       864.2217       866.9503       869.2419
       870.9912       872.2482       873.2314       874.5220       876.5637
       878.2537       878.8750       879.3569       880.1812       880.0182
       879.2275       878.1378       876.9893       875.8835       874.8691
       874.2092       874.8417       876.9416       879.3602       882.1202
       884.2822       885.4855       885.3050       884.6041       885.1187
       887.1972       888.8060       888.2970       886.8611       884.8792
       882.4128       879.6133       877.1542       876.8478       877.7574
       877.7906       877.0269       876.0040       875.2112       875.0912
       877.7272       883.1722       888.0942       889.1528       885.1198
       878.0928       870.8784       866.9875       867.3719       869.4471
       871.2072       872.1302       872.4551       874.1934       877.6373
       882.0488       885.7328       887.8440       888.9020       889.7888
       891.4158       893.5446       895.6171       896.3984       895.5182
       893.7513       892.3934       891.4315       889.5639       886.4981
       883.0548       879.5507       876.0858       872.6632       869.9352
       868.2643       867.5604       867.6112       868.1758       870.0738
       873.2931       875.5067       875.8057       875.2683       875.2618
       877.3301       881.0626       884.0403       884.4382       882.0312
       877.9716       874.1470       872.0165       871.7597       872.2399
       872.0300       870.7050       869.3345       869.2094
       890.9192       891.4062       891.4904       889.8822       886.1860
       882.0029       879.6264       879.3882       880.0482       880.4325
       880.0261       878.6210       876.1810       872.3937       867.7800
       864.2860       863.4786       865.8080       869.4382       872.9260
       875.2222       876.0350       875.8843       876.5600       878.0804
       879.2044       879.1948       879.3503       879.6604       879.9291
       879.1647       877.8574       876.8965       876.2234       875.5272
       875.1224       875.8754       877.6307       879.8481       882.4651
       884.4825       885.0920       884.1197       882.5613       882.7333
       884.7941       887.2062       888.0806       886.9785       885.0538
       882.6492       879.6664       877.0588       877.4896       879.6851
       880.8805       880.5997       879.2625       876.9764       875.4747
       876.9339       881.6826       886.5767       887.6279       883.9360
       877.4550       870.4926       866.3787       866.3939       868.3510
       870.6682       872.1005       872.7045       874.7890       878.8757
       882.9946       886.1149       887.5765       887.5920       887.9199
       889.7953       892.6660       895.0963       896.0823       895.4226
       894.3827       893.7980       892.6224       889.6855       886.1341
       883.0128       879.7849       875.7469       871.5355       868.3038
       866.5875       865.9019       866.1413       867.2365       869.8702
       873.8802       876.6497       877.1360       876.8665       877.7371
       880.1696       883.6198       886.0305       886.4720       884.6631
       881.2789       877.8164       875.4767       874.7563       874.8324
       874.5549       873.8103       872.9019       872.5323
       887.6113       888.5269       889.8354       889.5900       886.5082
       882.2154       879.8553       879.7380       879.9026       879.6820
       878.7298       877.1282       874.7162       871.5850       868.5019
       866.2626       866.2155       868.7639       873.2468       877.8552
       880.8749       881.5066       880.9855       880.6969       881.1460
       881.2161       880.7599       880.1786       879.9796       879.7712
       879.2303       878.6366       878.2878       878.0636       878.0382
       878.0137       878.2948       879.4761       881.4401       883.6625
       885.3367       885.8648       883.9282       881.3401       880.6385
       882.3274       885.1348       886.7255       885.7136       883.2118
       881.0656       879.0044       877.8696       878.7448       880.9948
       882.4794       882.7736       881.6609       878.7006       876.2391
       876.8819       880.6613       884.8694       885.8195       882.9529
       877.5261       871.3149       867.0131       866.0751       867.6456
       870.0771       871.4732       872.1046       874.6989       879.4572
       883.7144       886.6566       887.9286       887.4000       887.1947
       888.7109       891.4136       894.1919       895.8602       895.9601
       895.7643       895.2612       893.1617       889.6109       886.3068
       883.8969       880.8255       876.4999       871.7990       868.4695
       867.1049       867.0129       867.4265       869.2426       872.1226
       875.4358       878.2068       879.1142       879.4755       881.1180
       883.6921       885.5461       886.8257       887.2687       886.2823
       883.5547       880.5566       878.4697       877.3428       876.9921
       876.9126       876.6968       875.8371       875.1511
       885.6145       887.4938       889.9247       890.9626       888.8133
       884.6495       881.6710       880.6791       880.1808       879.0861
       877.3823       875.3982       873.0840       871.1642       869.7555
       868.8234       869.1284       871.6708       876.3080       881.6673
       885.0587       886.0853       885.9360       885.1515       884.1904
       883.2566       881.8387       880.7983       880.3372       879.8644
       879.7431       879.7900       879.9503       880.1825       880.1508
       879.9921       880.0577       880.6332       881.9073       883.2584
       884.5079       884.9036       883.5826       880.7833       879.3904
       881.3932       884.6626       885.3415       882.6570       879.8019
       878.5069       878.4304       878.8842       879.8644       881.1008
       882.1158       882.6734       881.7601       879.1163       876.4304
       876.4436       879.2634       882.3075       883.2698       881.5797
       877.7023       872.5410       868.3305       866.8928       867.9664
       869.5385       870.2901       870.8246       874.0754       879.8901
       884.4130       886.8314       887.9169       887.5923       887.3344
       888.0508       889.5011       892.1063       894.7172       896.3737
       896.7877       895.8429       893.2786       890.0032       887.3151
       885.2999       882.5389       878.4787       874.2395       871.2704
       870.5707       870.6934       871.6498       873.8264       876.1750
       878.4875       880.5114       881.5721       881.9636       883.2001
       885.1525       886.5106       887.3994       887.9496       887.4617
       885.2424       883.0103       881.3055       880.0431       879.2155
       879.2344       879.1966       878.4455       877.7393
       886.1943       888.5095       891.2915       892.9478       891.5145
       887.1928       882.9906       880.7619       879.5864       878.3585
       876.7507       874.3846       872.1999       870.8076       870.1701
       869.9363       870.6272       873.8029       879.3249       884.6960
       888.2090       889.1124       888.8638       888.4307       887.1492
       885.0562       882.6505       881.2106       880.7176       880.5731
       880.7268       880.7772       880.7910       881.1677       880.8817
       880.0984       879.6530       879.4767       879.4866       879.8399
       880.5876       881.0826       880.2936       878.6685       878.2407
       880.2382       882.8376       881.9244       878.2809       875.6647
       875.7807       877.4639       879.1223       880.2217       880.5531
       880.7443       880.8492       880.0082       877.8151       875.7771
       875.7590       877.5288       879.4837       880.5468       880.1418
       877.4360       873.4388       870.0401       868.6117       868.6092
       868.7835       868.9318       870.1033       874.1108       880.2592
       884.7640       886.6683       887.1680       887.1500       886.9505
       886.3522       886.0762       888.1364       892.0060       895.5157
       896.7665       895.8671       893.7955       891.2121       889.0085
       887.4073       885.5731       882.7433       879.1640       876.7954
       875.7914       875.4822       876.4418       878.4008       880.4772
       882.1938       883.6052       884.0208       883.7616       884.5422
       886.1411       887.1542       888.0149       889.5367       889.8470
       888.1248       886.3684       885.0177       883.4626       882.1367
       881.6461       881.7195       881.4673       881.0925
       887.1490       889.1780       892.1115       894.1401       893.0347
       889.1060       884.6850       881.5732       879.9022       878.6082
       876.8810       874.5036       872.2083       870.7153       870.4320
       870.5516       871.5579       875.1163       881.4554       887.6456
       890.8226       891.1090       890.8098       890.8862       890.0329
       887.4673       884.6037       882.7538       882.1967       882.0228
       881.7984       881.4690       880.8308       880.3310       879.6812
       878.1710       876.2390       874.9130       874.7104       875.1860
       875.7140       875.9887       875.0634       873.9414       874.4986
       876.6274       877.7358       877.4023       875.1055       873.3778
       874.3359       876.7156       878.8251       879.7590       879.7137
       878.9972       878.4935       877.7187       876.0683       874.9352
       875.4974       877.1004       878.2326       878.9656       878.7816
       876.9861       874.3298       871.8079       870.2499       868.9442
       867.8498       867.8970       870.0909       874.7458       880.1628
       883.9405       885.4441       885.7542       885.5906       884.8523
       883.0056       881.9193       884.1364       889.1296       893.8616
       895.9923       895.3948       894.0440       892.6395       891.7244
       891.2543       890.4157       888.7357       886.2728       883.6895
       881.5741       880.3851       881.0398       882.8676       884.6026
       886.1875       886.9939       886.7227       886.0571       886.5685
       887.6363       888.0587       888.8349       890.3608       891.0166
       890.2913       888.9301       887.7299       886.4944       885.1911
       884.3157       884.1022       883.9407       883.7312
       886.9987       889.0213       891.5195       893.1890       892.7011
       890.4251       887.2537       884.1993       882.2377       881.1078
       879.1778       876.2145       873.5524       872.0720       872.1338
       872.9279       873.8629       876.4791       882.3314       888.5818
       891.4348       891.7579       891.6475       891.7648       891.0549
       889.0074       886.1943       883.9402       882.8420       882.2667
       881.7150       880.7176       879.2889       877.9299       876.5726
       874.5170       872.4442       871.2064       871.3467       872.0969
       872.3172       871.9363       870.9527       869.9672       870.4575
       872.0027       873.6017       874.5270       874.3198       873.8564
       874.5068       876.3663       878.2252       878.8076       878.4526
       877.1104       875.9576       875.2531       874.7154       875.0478
       876.4680       878.0962       878.9493       878.6565       877.7914
       876.8822       875.3518       873.0704       870.5911       868.4301
       866.9457       867.1496       869.8322       874.5110       878.9508
       881.8276       883.3672       883.3943       883.1686       882.5114
       880.4984       879.7573       882.2900       887.0924       891.6656
       894.3049       894.7531       894.0527       894.4500       895.5546
       895.5979       895.0159       894.3397       892.4503       889.7796
       887.2568       885.7170       886.2574       887.7704       888.9969
       890.0290       890.4325       889.8804       889.1241       889.0039
       889.2604       889.0453       889.6285       890.9224       891.2640
       891.0226       889.9885       888.7905       888.1525       887.3267
       886.2567       885.4734       884.9106       884.2680
       886.7535       888.5306       890.8676       891.9235       891.6598
       890.8724       889.1002       886.6511       884.8137       884.0165
       882.6763       879.5844       876.0884       874.0875       874.1422
       876.0475       876.9427       877.8952       882.2284       886.8585
       889.2178       889.8989       889.6986       888.8527       887.8151
       886.2250       884.0063       881.8397       880.1287       878.9708
       877.8414       876.2344       874.8446       874.0117       872.9878
       871.3874       870.3917       870.2711       871.3114       871.9674
       871.3616       870.4669       869.9291       869.1801       869.2712
       870.0779       871.4935       873.0577       873.9196       874.0329
       874.3982       875.3104       876.4049       877.3251       876.7873
       875.3716       873.9704       873.5464       874.1566       875.9803
       878.4508       880.3837       880.7796       879.6782       878.2180
       877.5001       876.2299       873.5560       870.4174       867.9213
       866.5122       866.7416       869.1691       873.0366       876.5303
       879.1060       880.5380       880.6376       880.7471       880.9050
       879.9592       880.0422       882.1712       885.7071       889.4678
       892.6121       894.8980       896.4955       897.4396       898.1005
       898.1241       897.9269       897.7789       896.3588       894.2630
       892.5692       891.5518       891.6953       892.5715       893.1710
       893.4345       893.2639       892.5195       891.4817       890.6083
       889.9377       889.7736       890.6581       891.8723       892.1596
       891.5819       890.3495       889.1795       888.1814       887.3889
       886.3512       885.0287       883.8403       883.0497
       888.0574       889.7041       891.3441       891.8954       891.4011
       890.9864       890.2639       888.3467       886.5853       885.4315
       883.9535       881.2626       877.8242       875.4661       875.2840
       876.2651       876.3534       876.8618       879.5203       882.6158
       884.4492       885.0473       883.9409       881.9169       880.1625
       878.9709       877.9609       876.7223       874.8966       873.1182
       871.1876       869.4257       868.8809       869.4814       869.4246
       868.7563       868.8127       869.8730       871.3195       872.1720
       871.4678       870.6778       870.1989       870.1085       870.1235
       870.3804       871.0624       872.2075       873.1740       873.7588
       874.0366       874.1207       874.7460       875.4060       875.2806
       874.0676       872.9928       873.3219       874.9568       877.1995
       880.1583       882.3644       882.8770       881.9402       880.4888
       879.2811       877.6494       874.9612       871.8798       869.2911
       867.4966       867.1644       868.3288       870.8724       874.0802
       876.6964       877.7996       878.0965       879.0836       880.0508
       880.2502       880.7073       882.7005       885.5505       888.9705
       892.7870       896.8975       899.7620       900.0143       899.1009
       898.8131       899.5546       900.6469       900.2297       898.5283
       897.1978       896.4078       896.1839       896.5647       896.8197
       896.5355       895.6651       894.2758       892.6565       891.1129
       890.6055       890.9734       891.8621       892.9616       892.9864
       891.6588       890.2656       888.8232       887.4078       886.0273
       884.5000       882.7603       881.3885       880.5728
       890.0979       890.8629       891.8471       892.1489       891.7850
       891.3843       890.9819       889.6946       887.4601       885.0866
       882.6378       879.8482       877.1810       875.5012       874.9922
       874.7205       873.5552       872.8118       874.7215       877.2007
       878.2185       878.1920       876.6499       874.3112       872.6611
       872.0027       872.5723       872.5544       870.9612       868.7355
       866.9548       865.6114       865.5345       866.3895       866.4236
       865.8907       866.5115       868.4897       870.4673       871.6079
       871.7269       871.2693       871.0987       871.5415       871.9935
       871.7393       871.6671       872.0380       873.0101       873.8859
       873.9810       873.8072       873.9426       874.4668       874.3900
       873.1809       872.4830       873.7805       875.8733       877.9753
       880.4055       882.7304       884.0560       884.1443       883.1750
       881.5032       879.6608       877.5311       874.8844       872.0691
       869.9218       868.4194       868.3594       869.8518       872.8304
       875.5907       876.5253       876.9339       878.1232       879.3131
       880.1498       881.7836       884.4595       887.6389       891.4575
       895.5608       899.3734       901.5112       900.8226       899.3209
       899.1437       900.9509       903.8203       904.4805       902.4048
       900.6617       899.6840       899.1492       899.4983       899.7506
       899.2329       897.8412       896.0468       894.2116       892.6113
       892.2151       892.8492       893.5517       893.8112       893.1706
       891.8906       890.2676       888.4461       886.4738       884.4052
       882.1696       880.1416       878.5671       878.1667
       890.3844       890.2819       890.1116       890.6453       890.5798
       890.3141       890.2061       889.3060       886.8994       883.7346
       880.3859       877.3376       875.3765       874.7512       874.4564
       873.7006       871.8065       870.2098       870.5721       872.0071
       872.5529       872.1066       870.8926       869.5495       868.4838
       868.4026       869.3375       869.8274       868.9545       867.5085
       866.0793       864.9709       864.6348       864.6785       863.9100
       863.2419       864.4014       866.8004       869.4407       871.2549
       872.1360       872.2839       872.5970       873.4383       873.8374
       873.5898       872.7413       872.8179       873.4040       873.5983
       872.9209       872.3120       872.6904       873.4016       873.1957
       872.4778       872.4072       873.5637       875.2645       877.0251
       879.3262       881.9973       884.1718       885.3030       885.0258
       883.6044       881.8066       879.7714       877.2885       874.5586
       872.0708       870.3979       869.9224       871.2562       873.7822
       876.1169       876.5513       876.6025       877.5103       879.2274
       881.7218       884.5207       887.7168       891.8175       895.8641
       899.0237       901.2198       901.8505       900.4272       898.8958
       899.2874       902.0345       905.5343       906.4069       904.5772
       902.6567       901.4156       900.7159       901.0895       901.6943
       901.2622       899.9482       898.5099       897.2687       895.8896
       895.1227       895.3737       895.5359       894.6957       893.4267
       892.2905       890.8439       888.2424       885.4155       882.8948
       880.5969       878.5610       877.1982       876.7396
       889.0234       888.6989       887.6722       887.4979       888.0712
       888.4480       888.5413       887.6562       885.8793       882.9353
       879.5217       876.5338       874.9540       874.4381       874.4720
       873.7805       871.8486       869.7635       868.8674       868.9208
       869.0016       868.7498       868.3878       867.6071       866.4312
       865.6922       866.1495       866.3860       866.3419       866.1342
       865.8843       865.4181       864.8205       863.6858       862.2891
       861.6577       863.1377       866.2228       868.9755       871.1274
       872.3270       873.0795       874.0262       874.9592       875.4096
       875.1645       874.6930       874.3966       874.1665       873.0550
       871.4885       870.4808       870.6435       871.2404       871.5942
       871.7664       871.9100       872.2142       872.9977       874.5045
       877.2143       880.4700       883.3192       885.0765       885.5084
       885.0303       883.5908       881.1428       878.1771       875.4284
       873.5185       872.6131       872.8799       874.2084       876.0519
       876.8117       876.4833       876.0537       877.0587       880.5004
       885.7228       889.6135       892.4315       896.4843       900.0545
       901.6622       902.2298       901.7989       899.9478       898.5217
       899.6583       902.7052       905.4254       906.1505       905.0137
       903.4232       901.7971       900.9469       901.1301       901.9864
       902.5636       902.4406       902.0235       901.4691       900.6534
       899.7087       899.3576       898.6210       896.5757       894.2567
       892.5145       890.7816       888.1090       884.8811       882.2022
       880.1252       878.3794       877.0631       876.1168
       887.3053       887.3813       886.4289       885.9396       886.6506
       887.7216       887.8594       886.9592       885.5643       883.4758
       880.6516       877.9694       876.1887       875.3058       874.9261
       874.1526       872.2996       870.2886       869.0386       868.1607
       867.4225       867.4522       867.8079       867.3013       865.3067
       863.4938       863.1094       863.9775       864.6945       865.2599
       865.9226       866.3124       865.5864       864.0969       861.9044
       861.0425       863.1616       866.4431       868.9507       870.6641
       872.0607       873.4778       875.0471       876.1161       876.6638
       876.9021       876.6378       876.0776       874.9590       873.0178
       871.0189       869.7207       869.2908       869.7363       870.4700
       870.8218       870.5113       870.2151       870.3616       871.9351
       875.1139       878.6291       881.5694       883.3326       884.1404
       884.7504       883.7734       880.8138       877.5983       875.1722
       874.2659       874.8549       875.7679       876.8126       877.5750
       877.4501       876.7130       876.7503       878.6462       883.4003
       890.2974       895.3261       898.1752       901.7006       903.7570
       903.7333       902.9474       901.7535       899.9886       899.2208
       900.6022       902.7825       904.5865       904.8998       903.8991
       902.2395       900.8391       899.9156       899.8558       900.8770
       902.5278       904.2904       905.5781       906.3022       906.5072
       905.9935       904.9805       902.8730       899.2800       895.5183
       892.6489       890.3376       887.7407       884.6748       882.1082
       880.0576       878.5912       877.2744       875.8044
       886.0030       885.9079       885.5081       885.0944       885.9939
       887.3820       887.5636       886.5786       885.5250       884.2338
       882.1715       879.8836       877.8826       876.3265       875.3929
       874.2057       872.3399       870.6174       869.4800       868.1619
       866.9846       867.3220       868.3338       868.1646       865.6362
       862.3250       861.5629       863.1072       864.6492       865.4534
       866.5825       867.1251       866.4431       864.5521       861.8035
       860.7500       863.1464       866.4200       868.3644       870.0140
       871.5866       873.1333       875.0597       876.5217       877.2473
       877.1655       876.8572       876.1819       875.0366       873.2742
       871.1923       869.7814       869.2678       869.3958       869.7642
       869.7665       869.1589       868.1189       868.1198       870.2075
       873.8472       877.4535       879.7292       880.6962       881.5666
       882.6291       881.8446       878.9146       876.2084       874.7848
       875.0561       876.5996       877.7261       878.4451       879.4326
       879.7667       879.9081       881.2674       883.9280       888.3277
       893.9844       899.1946       903.5227       906.2532       906.7468
       905.6920       903.8221       901.5231       900.0228       900.1218
       901.2835       902.6437       903.4209       903.2475       901.8287
       899.9244       898.6457       898.2880       898.3616       899.4552
       901.8602       904.6541       907.5100       909.8470       911.3666
       911.5095       909.6401       906.0105       901.4116       896.8019
       892.9088       889.8831       886.9349       884.0250       881.6017
       879.9198       878.8019       877.4915       876.0341
       884.9815       884.4316       883.9152       884.0500       885.0313
       886.6879       887.0861       886.1846       885.4099       884.9369
       883.3685       881.1003       879.0987       877.5435       876.2368
       874.6707       872.4396       870.4087       869.1152       868.1005
       867.8094       868.7351       870.1722       869.9999       866.9124
       862.9447       861.5398       862.6808       864.2436       865.6368
       866.8326       867.5612       867.0588       865.2096       862.2639
       860.2209       861.8032       865.0994       867.3542       869.0564
       870.6869       872.2275       873.9573       875.7050       876.0290
       875.3973       874.8816       874.7172       874.4484       873.3755
       871.8563       870.6215       870.1025       869.8835       869.6445
       869.4286       868.8332       867.6016       867.6202       869.8530
       873.8913       877.5599       878.7635       878.5554       878.9576
       879.8656       879.2430       876.9896       875.2507       875.4021
       876.8923       878.6481       879.7462       881.1839       883.3982
       885.3171       886.8853       889.0820       891.7205       894.2462
       897.1808       901.0532       904.9810       906.9009       906.6990
       905.8530       903.9885       901.2974       899.7714       900.2823
       901.7935       902.8952       903.1899       902.2469       900.6270
       898.9142       897.9478       897.7582       897.8502       899.1022
       901.6538       904.6044       907.6958       910.5582       912.3513
       912.3838       910.1104       906.0452       901.3931       896.7347
       892.4415       888.7774       885.7243       882.7178       880.4825
       879.4656       878.7560       877.7034       876.3674
       884.6450       883.6172       883.0931       883.7529       885.1581
       886.6047       887.2064       886.4395       886.0362       885.7533
       884.1502       882.0107       880.3334       878.9432       877.6226
       875.7307       872.9967       870.5253       869.3062       869.3053
       870.1078       871.3049       872.3753       872.0458       869.1491
       865.7708       864.1375       863.9810       864.6085       865.4320
       866.2310       867.2211       867.7124       867.2573       865.2551
       862.5516       862.6420       864.9741       866.6109       868.3047
       870.0096       871.2927       872.6456       873.3947       873.1359
       872.5057       872.3068       872.9786       873.8318       873.6823
       872.8509       871.9752       871.5308       871.5274       870.9790
       870.8508       870.5164       869.8211       870.0253       872.6356
       876.7676       879.6711       879.7322       878.4144       877.8147
       877.9267       877.3632       876.0446       875.5413       876.7824
       879.0413       880.7949       882.5424       885.2771       889.1368
       892.5232       894.6480       896.5711       898.3720       899.1896
       899.8770       902.1494       904.7122       905.2028       904.6255
       904.4251       903.3752       901.1854       899.9645       900.4911
       901.9037       903.0689       902.9382       901.6450       900.1801
       899.4980       899.0708       898.4868       898.1387       899.3039
       901.6830       904.0287       906.5384       908.6351       909.7502
       909.3386       907.0595       903.5655       899.5012       895.1069
       890.7350       886.9710       883.9124       881.0806       879.3268
       878.7438       878.4559       877.7742       876.5717
       884.8496       883.7639       883.5312       884.8157       886.4080
       887.4559       887.5315       886.6447       886.6339       886.7759
       885.0404       882.9908       881.5189       880.1859       878.6650
       876.3696       873.9124       871.9854       871.4716       872.2027
       873.5132       874.4152       874.6850       874.3861       872.6700
       870.5432       869.0497       867.3309       865.7562       864.8597
       865.2145       866.9985       869.1680       870.3220       870.1022
       868.6461       867.7595       867.8418       868.1208       869.2538
       870.6442       871.3705       871.4695       871.1838       870.1939
       869.4380       869.9891       871.6176       873.3252       874.2252
       873.9471       873.3516       873.3627       873.2982       872.7879
       872.6036       872.9386       872.8960       873.7449       876.7253
       880.5378       882.3397       881.5355       879.5753       877.9354
       876.9295       876.2451       875.8029       876.2125       877.9579
       880.1939       882.2638       885.3117       889.7153       894.8192
       898.6961       900.2489       900.9258       901.9377       902.5639
       902.7842       904.0002       905.5139       905.4661       904.2369
       903.4218       902.5464       900.9915       900.1198       900.5036
       901.3340       901.9928       901.7126       900.1375       898.9316
       898.7181       898.6566       898.2554       897.8704       898.5939
       900.2638       902.1375       904.0640       905.7497       906.3428
       905.7736       903.6194       900.4172       896.9791       893.0762
       888.8048       885.0647       882.1154       880.1391       879.1149
       878.5463       878.4513       878.1266       877.4979
       884.7790       884.2177       884.4158       885.6700       887.1732
       887.8053       887.1234       886.0339       886.6307       887.7399
       886.1829       883.7023       881.9706       880.3920       878.4008
       876.3611       874.7128       873.7455       874.1018       875.3720
       876.7335       877.3745       877.2484       877.2341       876.7267
       875.3919       873.7913       870.6130       866.4554       863.8043
       864.5966       868.0073       871.3953       873.3599       873.9783
       873.6085       872.8256       871.8910       871.5383       871.9783
       872.2030       871.9357       871.3359       869.8863       868.0601
       867.2940       868.5397       870.8732       872.8886       874.0017
       874.2648       874.0843       874.0239       873.7019       873.1536
       873.0546       873.4314       873.9634       875.5034       878.5182
       881.4460       882.5284       881.6678       879.8513       877.8839
       876.2779       875.5240       875.6993       876.6830       878.5305
       880.7986       883.9662       888.6100       893.9681       898.8073
       902.5944       904.5348       904.9230       905.4342       905.8417
       905.6065       905.3616       905.6642       905.5330       904.2634
       902.8766       901.7214       900.6697       900.3251       900.4266
       900.3657       900.7323       900.6227       899.1337       897.6664
       897.2430       897.4884       897.2785       896.9827       897.1669
       898.0258       899.6249       901.5510       903.2070       903.9266
       902.8885       900.4953       897.5374       894.5471       890.9398
       886.4741       882.8409       880.9443       880.3062       879.9709
       879.4564       879.0901       879.0073       878.8231
       883.5702       883.9465       884.3338       884.8778       886.1623
       886.5734       885.2577       884.4508       886.0608       887.8183
       886.5518       883.4883       881.3416       879.5444       877.6603
       876.1768       875.1396       875.0143       876.0192       877.7035
       879.1152       879.6456       879.6204       879.6337       879.1953
       877.9147       875.7139       872.1515       866.8795       863.3909
       864.8530       869.2781       873.1122       875.2331       876.1186
       876.5742       876.3380       875.1514       873.8472       873.1230
       872.3328       871.8646       870.9686       868.7973       866.2916
       865.6313       867.2473       869.9000       872.0201       873.2008
       873.7579       873.7719       873.3123       872.8021       872.5440
       872.3561       872.3190       873.0084       875.2640       878.2051
       880.2321       880.6708       879.9296       878.5741       876.9007
       875.3609       874.6713       875.4591       876.8512       878.9313
       882.3815       886.9233       892.4344       897.2797       901.3587
       905.1663       908.1964       909.7925       909.8616       909.0154
       907.0312       905.1318       904.2875       903.8354       903.1882
       902.4764       901.6468       901.0899       901.0503       900.9041
       900.0115       899.8219       900.3672       899.5036       897.6121
       896.7693       896.9433       896.9301       896.3615       895.8938
       896.2191       897.7101       899.7045       901.2855       901.6675
       900.1919       897.6120       894.9609       892.3382       888.5863
       883.6832       880.5740       879.9487       880.4910       880.8209
       880.1876       879.4456       879.1437       878.9807
       881.9635       882.9944       883.2878       883.0844       883.8187
       884.4287       883.4108       883.2618       885.2391       887.1133
       886.0197       883.0506       880.8242       879.3004       877.9828
       876.7003       875.7994       876.0292       877.3030       878.8760
       880.0729       880.5333       880.4611       880.2308       879.4599
       877.7148       875.3469       872.2223       867.7190       864.8118
       866.6863       870.5979       873.9310       876.2255       877.6511
       878.4537       878.4169       876.8228       874.4713       872.1649
       871.0664       870.6318       869.9774       867.8216       865.1759
       864.6114       866.3978       869.0775       871.3401       872.5078
       873.2955       873.2909       872.3467       871.5613       871.3682
       871.5093       871.6523       872.6469       875.1328       877.5218
       878.6503       878.5300       877.6171       876.5581       875.5010
       874.6542       874.4800       875.4169       877.3289       880.5186
       885.3499       890.7973       895.5308       899.8011       903.5825
       907.0638       910.4937       912.7479       912.5718       910.3815
       907.4506       904.6144       903.1194       902.5771       902.3580
       902.4291       902.4976       902.1641       901.7757       901.1311
       899.9958       899.5920       899.9356       899.2360       897.6165
       896.4828       896.1119       895.6718       894.9348       894.5898
       895.2632       896.8419       898.4247       899.5154       899.3671
       897.5956       895.2292       892.8248       890.3620       887.0522
       882.6722       879.7494       879.4037       880.0677       880.4103
       879.8519       878.8978       878.2745       878.0123
       881.9532       882.8445       882.7279       881.8871       882.5109
       883.7531       883.6307       883.7477       885.4283       887.0704
       885.9547       882.9747       880.7610       879.9733       879.1262
       877.7806       876.6336       876.4028       877.4140       878.4964
       879.2629       879.3663       879.1326       878.8575       878.1164
       876.8879       875.3696       873.2555       870.2932       868.2518
       869.8409       872.7146       875.2697       877.7748       879.3474
       879.7601       879.2952       877.6465       874.8568       872.0530
       870.2770       869.6788       869.0424       867.6963       866.0616
       865.6906       867.3488       869.7381       871.5342       872.6729
       873.1074       872.6266       871.6006       870.8085       870.7789
       871.2032       871.7358       873.0376       875.1963       877.0251
       877.5649       877.0845       875.9273       875.1024       875.0085
       875.1337       875.6121       876.7149       879.2430       883.5855
       888.8251       893.8147       898.0731       902.2200       905.8368
       908.7845       911.9130       913.9233       913.2567       910.8524
       907.8216       904.8531       902.9673       902.3073       902.1990
       902.8112       903.4124       903.1652       902.3810       901.3270
       900.2886       899.7028       899.2896       898.3309       896.7269
       895.4131       894.5144       893.7312       893.0266       893.3673
       895.1593       896.8767       897.7243       897.9483       897.4052
       895.8294       893.6969       891.6192       889.6044       886.9587
       883.5005       880.6182       879.4504       879.5347       879.8113
       879.1735       877.9271       877.2688       877.5369
       882.8038       883.3599       882.6746       881.6007       882.5128
       884.3903       884.9050       884.8425       885.9529       886.7870
       885.2586       882.4422       880.7349       880.3417       879.7205
       878.4520       877.0427       876.4117       876.5138       877.0810
       877.5217       877.3346       876.9155       876.3907       875.8202
       875.9437       876.2990       875.8190       874.0865       872.7948
       873.5796       875.4576       877.2779       879.4850       881.0459
       881.3627       880.7542       879.3462       876.7772       873.7363
       871.0239       869.3539       868.5524       868.1918       867.7980
       867.8607       868.9127       870.5998       872.0715       872.8234
       872.6601       871.9719       871.2183       870.7971       871.0908
       871.3441       871.9252       872.9768       874.3765       875.8116
       876.1230       875.5192       874.6972       874.2975       874.7492
       875.7081       877.3824       879.6912       882.9030       887.1035
       891.7269       896.4108       900.8894       904.8099       907.8898
       910.7842       913.7491       915.2626       913.9659       910.9664
       908.0089       905.1425       903.1135       902.2553       902.2216
       903.1157       903.9564       903.7993       903.1575       902.0113
       900.9511       899.9933       898.8782       897.3967       895.6442
       894.1346       893.1193       892.4531       892.2737       893.1691
       895.3650       897.3009       897.1954       896.4583       896.0642
       895.1396       893.4249       891.3840       889.6920       887.8116
       884.9722       882.0433       879.8245       879.2111       879.3282
       878.6047       877.2247       876.9940       877.9692
       882.6446       882.8908       882.2848       881.5201       882.7817
       884.8258       885.3230       885.1691       885.7985       885.6614
       883.8522       881.5939       880.8862       880.7415       879.9793
       878.6574       877.6587       876.9944       876.5236       876.3121
       876.0325       875.4994       874.8399       874.1152       873.6964
       875.2274       877.2543       877.5814       876.3635       875.3648
       876.3393       877.7449       878.7008       880.4205       882.1999
       882.8793       882.6589       881.4924       879.5524       876.6061
       872.7642       869.4838       868.4318       868.4156       868.7140
       868.7279       869.1276       870.3643       871.5983       872.2058
       872.0775       871.4918       870.9916       870.7535       871.0289
       871.4722       871.8057       873.1046       874.3288       874.6919
       874.7946       874.6917       874.4713       874.8137       875.6582
       877.1253       879.8430       883.4077       887.1091       891.0419
       895.2069       899.6686       904.3001       907.8517       910.5421
       913.2560       915.9963       916.8310       914.6340       910.8481
       907.4567       904.6526       902.7020       901.8137       901.8193
       902.7100       903.5591       903.7529       903.7248       903.3065
       902.0260       900.7368       899.0113       896.8777       894.9564
       893.4013       892.3391       892.0016       892.4397       893.8811
       895.9365       897.1268       896.6366       895.5814       895.3046
       894.9484       893.5389       891.5263       889.9722       888.3629
       885.9631       883.0420       880.5789       879.3035       878.9738
       877.9797       876.8657       877.3288       878.5392
       881.0550       881.6126       881.3201       881.0644       882.6957
       885.0491       885.1263       884.3461       884.6505       885.1278
       883.8477       882.0112       881.3575       881.0215       880.0951
       879.1771       878.5596       878.0994       877.3958       876.2286
       874.8392       873.3827       872.7411       872.8790       873.7079
       876.1295       878.4897       878.7635       877.1841       876.3035
       877.6744       879.0685       879.6084       880.6632       881.9397
       882.7865       883.1151       882.8721       881.2473       878.3109
       874.0193       870.2061       868.4677       867.9263       867.7406
       867.6834       868.0390       869.1095       870.1243       871.1478
       871.6965       871.5974       871.5043       871.4966       871.5206
       871.8456       872.7462       874.3789       875.8644       876.5662
       876.5886       876.3846       876.8452       877.8151       878.8556
       880.3962       883.0917       886.9464       891.2230       895.6006
       899.8875       904.1008       907.9633       911.1152       913.5895
       916.0510       917.8912       917.7009       914.8325       910.7554
       907.2577       904.6228       902.8448       902.0519       901.6985
       902.0164       903.2274       904.1938       905.0415       905.0862
       903.9108       901.9984       899.3799       896.4681       894.2689
       892.9787       892.2889       892.3311       893.2724       894.6552
       896.1568       896.8163       896.1420       895.2490       895.0172
       894.9929       894.0554       892.1350       890.5123       888.8204
       886.1605       883.2934       880.5336       878.9644       878.2230
       877.2311       876.6108       877.2491       878.2860
       878.4702       879.5481       879.8660       879.7047       881.2723
       883.5328       883.7456       883.0491       884.1210       885.5524
       884.9470       883.2928       882.0598       881.4280       880.7448
       879.8170       879.1038       878.5010       877.9312       876.4503
       874.1346       871.9871       871.6745       872.9861       874.9897
       877.5234       879.5490       879.9988       879.7296       879.7773
       880.6929       880.8700       880.6620       880.6359       880.6636
       881.1463       882.1530       882.4355       881.2504       878.4429
       874.8032       871.5039       868.7971       866.8424       865.7859
       865.7437       866.5097       867.4456       868.3793       870.0596
       871.8333       872.9847       873.8610       874.3380       874.1083
       873.6073       874.3996       876.4155       878.4666       879.4013
       879.2930       879.1854       880.0438       881.2136       882.1298
       883.5696       886.3184       890.4614       895.5442       900.6131
       904.9208       908.3060       911.0775       913.6926       916.0315
       917.8397       918.7484       917.9816       915.1420       911.2964
       907.9713       905.5563       903.9828       903.3900       902.6609
       902.5881       904.0921       905.9496       906.7510       906.4890
       905.1925       902.8418       899.3375       895.8783       893.7577
       892.8394       892.6747       893.1928       893.9931       895.1071
       896.0042       896.0606       895.4634       894.7956       894.6414
       895.1287       894.6368       892.8615       891.0709       889.2213
       886.6263       883.2244       879.9937       877.6884       876.8400
       876.9836       877.1788       877.2935       877.6589
       874.6792       876.1921       877.4841       878.1042       879.0570
       880.5674       881.6705       882.8486       884.7211       886.0626
       885.5067       884.1609       882.9317       882.1840       881.6354
       880.4299       879.1330       878.5657       878.1995       877.1172
       874.6850       872.6893       872.3304       874.2188       876.8705
       879.0487       880.7347       881.9193       883.4872       884.7389
       884.3224       882.9622       881.5934       880.4801       879.7843
       880.1635       881.0248       881.1916       880.2268       877.8851
       874.7471       872.2759       870.1045       867.3216       865.6690
       865.8843       866.8458       867.8175       868.4985       870.2930
       873.0468       875.4429       876.8583       877.4380       877.1598
       876.0047       876.1816       878.4526       880.8767       881.8606
       881.3740       881.2288       882.7194       884.2176       884.9053
       886.1726       889.2654       894.0517       899.8641       905.2722
       909.0239       911.5649       913.5499       915.4055       917.1300
       918.5244       919.0939       918.0970       915.6147       912.2775
       909.1513       906.7282       905.3994       904.7607       904.2197
       904.1534       905.2017       906.4802       907.0594       906.3503
       904.7606       902.2609       898.8233       895.5969       893.7923
       893.2708       893.2357       893.5135       894.1840       894.9724
       895.4234       894.9622       894.0948       893.5628       893.6893
       893.9567       893.6794       892.3044       890.8939       889.7419
       887.4880       884.0778       880.1743       877.0228       876.1354
       877.3237       878.2415       878.3338       877.8942
       872.0215       873.0709       875.2505       876.9758       878.1429
       879.3553       881.0140       882.9025       884.9126       885.8600
       885.4907       884.4798       883.3812       882.5169       881.9242
       880.8229       879.4685       878.6655       878.1938       877.4246
       875.9551       874.5891       874.5670       876.4769       879.0781
       881.4540       883.3431       884.6602       886.2341       886.9755
       885.4487       883.0086       881.0522       880.0937       879.8381
       880.1951       880.9052       880.5872       879.0197       876.4393
       873.7600       872.0255       870.7936       869.6082       868.6606
       868.7394       869.9668       870.6764       871.0453       872.6751
       875.3202       877.7433       879.1906       879.9966       879.9087
       879.0123       879.0434       880.8864       883.2559       884.3022
       883.7198       883.8549       885.4926       887.1784       888.0780
       889.2411       892.3863       897.6234       903.4958       908.4479
       911.6929       913.8270       915.3174       916.3145       917.3795
       918.3600       918.6113       917.7715       915.3270       912.2497
       909.5533       907.5723       906.5748       905.9847       905.2743
       905.1601       905.6046       906.1449       906.3621       905.6163
       903.6321       901.0083       898.2303       895.7659       894.4537
       894.1500       893.8719       893.8235       894.3341       894.8648
       894.9507       894.1304       892.9920       892.3647       892.3313
       892.6932       892.2917       891.1766       890.4252       889.8367
       887.9289       884.5303       880.7675       877.7998       876.8558
       877.9050       879.2180       879.4370       879.0452
       871.8120       872.7744       874.4891       876.6327       878.2078
       879.4984       880.9688       882.8204       884.3614       885.1708
       885.4210       885.0099       884.0684       883.1670       882.4329
       881.3971       880.1180       879.0425       878.4543       877.9710
       877.4069       876.7713       877.2497       879.0539       881.0894
       883.2477       885.1566       886.7356       887.8488       887.4246
       884.8164       881.4548       879.3466       878.8119       879.2297
       880.1629       880.7457       880.0783       878.1382       875.4592
       873.0598       871.6323       871.1639       870.7281       870.5027
       871.3532       872.7917       873.5693       874.3977       876.0799
       877.8845       879.4260       881.1337       882.5509       883.1202
       883.2416       883.5745       884.4794       885.8200       886.5938
       886.6633       887.1041       888.5818       890.4841       891.7531
       892.8378       895.9598       900.8845       906.2241       910.5847
       913.0257       914.3598       915.2635       915.7903       916.3058
       916.6719       916.5165       915.5657       913.3329       910.6855
       908.8784       908.0779       907.7231       906.8122       905.6649
       905.3840       905.7092       906.0629       906.1665       905.2487
       902.7852       900.0327       897.9219       896.3224       895.5406
       895.1932       894.7733       894.5461       894.6528       894.9122
       894.5928       893.6454       892.5900       891.9074       891.9228
       892.0482       891.5147       890.4092       889.8043       889.0974
       886.9665       883.6185       880.6539       878.6714       877.9205
       878.8228       880.1540       880.7172       880.7291
       871.9400       873.0237       874.7725       876.5072       878.0365
       879.4628       881.0231       882.6118       883.8927       885.0305
       885.9710       886.0566       885.4509       884.9264       883.8522
       882.1235       880.6917       879.8825       879.3156       879.0104
       878.7227       878.6833       879.5862       880.9252       882.5584
       884.5212       886.6964       888.2997       888.6858       886.9062
       883.4192       880.0310       878.1772       877.6642       878.1369
       879.2488       879.9653       879.3878       877.6779       875.4848
       873.3113       871.7555       871.1702       870.9611       871.2286
       872.5251       874.0540       875.6194       877.1830       878.4731
       879.6160       881.2531       883.3243       885.2563       886.4557
       887.4467       888.1594       888.4711       888.6387       888.9504
       889.2916       890.0621       891.5394       893.4914       894.9331
       896.3328       899.1161       903.4561       908.2154       911.8816
       913.5819       913.8639       913.8140       913.9627       913.9857
       913.4420       912.7110       911.4095       909.8090       908.4322
       908.1116       908.5457       908.9807       908.2690       906.7089
       905.6208       905.6906       906.1292       906.2601       905.0983
       902.7197       900.1295       898.3019       897.2086       896.8610
       896.6364       896.1490       895.5682       895.0525       894.6125
       894.0173       893.1121       892.4133       892.1251       892.0374
       891.7326       890.9283       890.1406       889.2966       887.7805
       885.1915       882.1646       880.1797       879.3428       879.1732
       879.9656       881.4727       882.5971       882.9119
       871.7827       873.1380       875.3568       876.7663       877.9677
       879.5244       881.3593       882.6505       883.6890       884.9800
       886.5771       886.8837       886.3621       886.3162       885.3462
       883.4440       881.8331       880.8004       880.1981       879.6536
       879.1665       879.4075       880.6401       882.1404       883.7225
       886.0126       888.3168       889.5643       888.3357       885.5954
       882.4575       879.9308       878.7282       878.2850       878.2175
       878.7226       879.3191       879.1594       878.0152       876.0610
       873.7130       871.8932       871.2549       871.5819       872.6753
       873.9280       875.1794       876.2940       877.7905       879.4108
       881.1313       883.3236       885.5026       887.4357       888.9397
       890.0620       891.2385       891.7512       891.2833       890.6960
       890.9792       891.8824       893.6882       895.6883       897.1586
       898.8584       901.6267       905.3343       909.4407       912.6968
       914.0881       913.7344       912.8476       912.1743       911.3926
       910.1428       908.7537       907.6309       907.0294       907.2995
       908.0773       909.0193       909.9128       910.1532       908.7387
       907.0109       906.1906       906.1706       905.9811       905.0283
       903.0874       900.9314       899.3456       898.5754       898.3481
       898.2027       897.5891       896.6699       895.4459       894.3282
       893.4372       892.6700       892.2947       892.3071       892.2635
       891.6199       890.9113       890.3789       889.3801       887.3960
       884.6065       882.0711       880.7732       880.4804       880.7615
       881.9263       883.7515       885.2544       885.8303
       872.0441       873.6142       875.5574       876.9905       878.0271
       879.6530       881.3470       882.5762       883.2298       884.4650
       886.0103       886.5932       886.6678       886.7500       885.8076
       884.0112       882.5266       881.7203       881.2335       880.0522
       879.2246       879.9821       881.3002       882.6547       884.1733
       886.3523       888.2279       888.1873       886.3779       883.9363
       882.0342       881.1077       880.5077       879.7489       878.6163
       878.3846       878.7830       878.7083       877.6848       875.9816
       873.9954       872.1677       871.3469       872.2269       873.9983
       875.6489       876.2776       876.8744       878.1998       880.2006
       882.7749       885.0807       887.1108       888.9524       890.2665
       891.5222       893.0128       893.6539       892.7861       891.9860
       891.8431       892.6277       894.5403       896.6155       898.5198
       901.0054       904.0481       907.2556       910.3114       912.9716
       914.1541       913.4881       912.1097       910.8502       909.3862
       907.6810       906.2739       905.7028       905.8961       906.5458
       907.5424       908.6085       910.1346       911.4958       910.9994
       909.2421       907.5661       906.3790       905.7394       904.8910
       903.5747       901.9299       900.6661       900.1942       900.2516
       899.9922       899.2034       898.1347       896.5248       894.8281
       893.6813       892.7880       892.5759       892.8864       892.9529
       892.4984       892.0657       891.6292       890.4796       888.4071
       885.9673       883.8510       882.6497       882.4305       883.1650
       884.8040       886.8325       888.6132       889.4653
       871.8828       873.1098       874.9556       876.4778       877.8817
       879.5197       881.1725       882.0129       882.4922       883.5148
       884.9222       885.8548       886.4557       886.3978       884.9525
       883.0843       881.9089       881.9284       881.7730       880.2010
       879.9250       881.0753       881.9006       882.4722       883.8218
       885.2121       885.6336       884.7294       882.6788       881.3627
       881.4514       881.8825       881.7628       880.5902       878.8788
       877.9668       878.2184       877.9367       876.5724       875.1234
       873.8203       872.4525       871.7579       872.5464       874.4907
       876.3036       877.1811       877.6021       878.8677       881.7406
       884.8779       886.7473       888.3978       890.2590       891.2690
       892.1304       893.9912       895.0812       894.3997       893.3414
       892.7364       892.7032       894.1005       895.9919       898.7026
       902.6189       906.4731       908.9256       910.7025       912.3990
       913.2106       912.5315       911.2013       909.6674       907.9203
       906.0043       904.4077       903.5786       903.7871       904.1141
       904.7057       906.7880       909.5156       911.9229       912.2733
       911.0056       909.0505       907.2937       906.2808       905.5237
       904.3611       902.9243       902.0436       902.3984       902.9532
       902.6942       901.6901       900.3647       898.5818       896.6827
       895.0359       893.8379       893.4505       893.8292       894.0483
       894.2577       894.3209       893.7937       892.2261       890.6631
       889.1167       887.5570       886.2097       885.9291       886.7297
       888.2462       890.2582       892.0837       893.1567
       871.1971       872.0188       873.6703       875.5962       877.4415
       879.2750       880.6392       881.1374       881.4860       882.3729
       883.8077       885.0205       885.5274       884.9307       883.1135
       881.3813       880.6927       880.7104       880.4211       880.0657
       880.4882       881.2429       881.6287       881.7983       882.6107
       883.2607       882.7949       881.0645       879.3948       879.1308
       880.4698       881.8719       882.2516       881.4663       879.6913
       878.5209       878.2039       877.4330       876.0632       874.8953
       873.6064       872.5488       872.3305       873.1323       874.7613
       876.4246       877.4720       878.2280       880.1251       883.7591
       887.0121       888.6920       890.1014       891.3345       891.9695
       893.0402       894.9368       896.4702       896.1800       894.8574
       893.3972       893.0109       893.6111       895.2202       898.4945
       903.2953       907.4052       909.6353       910.6241       911.3219
       911.4592       910.9950       910.1976       909.1116       907.1061
       904.6729       902.6675       901.7290       901.8083       902.1340
       903.0300       904.9209       907.9125       910.6541       911.8941
       911.3610       910.0018       908.7241       907.9352       906.9357
       905.5096       904.1104       903.8004       904.8980       905.9128
       905.5942       904.4677       902.9853       900.8587       898.6166
       896.6373       895.0683       894.6038       894.7747       895.1678
       895.7014       896.4687       896.2678       894.7569       893.5190
       892.8731       891.6946       890.6088       890.2294       890.8928
       892.1050       893.7354       895.1758       895.7081
       870.4962       870.6838       872.2316       874.6760       876.9487
       878.7565       879.7297       880.1494       880.2766       881.2170
       883.0888       884.5652       884.2743       882.5812       880.7660
       879.6088       879.2555       879.5658       879.5374       879.6015
       880.1917       880.9236       880.9101       880.3568       880.3778
       880.9187       880.2360       878.2607       876.9503       877.7002
       879.9794       882.1475       883.0829       882.4864       880.9582
       879.4374       878.3438       877.1794       876.1540       875.1581
       873.7698       872.6826       872.6264       873.6083       875.4737
       877.0826       878.0344       879.2497       881.5756       885.1966
       888.3382       890.1984       891.3493       892.1566       892.8719
       894.0811       895.9559       897.1944       896.5567       894.9197
       893.8915       893.7012       894.1790       895.3282       898.3713
       902.8638       907.0612       909.7655       910.5702       910.2149
       909.8450       909.7601       909.7990       908.8375       906.6158
       903.9708       902.0643       901.4361       901.6555       902.1375
       902.7529       904.0302       906.3286       909.0419       910.7909
       911.3062       910.8976       910.1521       909.5143       908.6958
       907.1923       905.9448       906.0124       907.2319       908.3043
       908.0300       906.8607       905.3126       902.9745       900.0818
       897.8120       896.5735       896.1384       896.2438       896.4236
       897.0040       897.9796       898.3221       897.2654       896.3369
       895.8443       894.9044       894.0403       894.3271       895.0793
       896.1248       897.1793       897.6006       897.5895
       869.5616       869.3228       870.9421       873.8388       876.5020
       878.3260       879.4002       879.7078       879.8599       880.6693
       882.9965       884.7498       883.5759       881.0530       879.2694
       878.3366       878.3079       879.0374       879.3846       879.3165
       879.9729       880.4921       879.9884       879.0214       878.4072
       878.6772       878.1285       875.8820       874.9454       876.6898
       880.0013       882.8832       884.0173       883.4965       882.0941
       880.5529       879.0921       877.7882       876.9750       876.0815
       874.5287       873.3445       873.2569       874.1202       875.9444
       877.5262       878.7245       880.2937       882.7143       885.6965
       888.7202       890.8893       892.1847       892.9005       893.8083
       894.9626       896.6317       897.8742       896.8607       894.8703
       894.1615       894.6815       895.0576       895.7683       898.0880
       901.9311       906.5385       910.4727       911.5601       910.6194
       909.9458       910.1004       910.2764       909.0613       906.6902
       904.3846       902.7324       902.1153       902.1580       902.2105
       902.3688       903.6818       906.1016       908.6574       910.8448
       912.2582       912.3715       911.6499       910.8787       910.1130
       909.0306       907.9567       908.2228       909.4744       910.3959
       910.2299       908.9991       907.1844       904.4512       901.4412
       899.3097       898.0894       898.0285       898.2769       898.1489
       898.1047       898.9091       899.4985       899.1467       898.7437
       898.3398       897.6427       897.4824       898.2769       899.2698
       899.9586       900.3259       900.2825       900.0062
       868.4574       868.2863       870.2108       873.5574       876.2572
       878.1003       879.1702       879.7203       879.8185       880.5959
       883.1927       884.9525       883.5724       880.7632       878.8226
       877.9256       877.8385       878.5432       878.9567       878.9427
       879.7283       880.3978       879.7969       878.6039       877.8834
       877.5397       876.4522       874.4487       873.9277       876.3889
       880.0065       883.0822       884.4682       884.2457       883.0615
       881.7230       880.5720       879.2830       878.1337       876.9653
       875.4027       874.3956       874.2899       874.7254       876.0250
       877.8610       879.1360       880.5795       883.0930       886.2524
       889.2983       891.6437       892.8528       893.5835       894.2776
       895.3092       897.1821       898.8372       898.1213       895.6508
       894.5865       895.0566       895.6603       896.4827       898.2189
       901.2505       906.0679       911.1067       913.1561       912.4759
       911.6357       911.4438       911.2136       910.1764       907.7733
       905.1945       903.6954       902.8154       902.2603       902.0333
       902.2742       903.7709       906.7084       909.5601       911.9634
       913.6571       913.7955       912.7342       911.5884       910.9103
       910.0562       909.2681       909.6328       910.9446       911.8619
       911.7578       910.7303       908.5029       905.3091       902.5615
       900.6767       899.6329       899.4921       899.4902       898.9989
       898.6735       899.3654       900.3219       900.5788       900.2574
       899.9630       899.9281       900.4790       901.7826       902.5425
       902.5177       902.5988       902.5356       902.2973
