!     RMS - Reservoir Modelling System GRID TO ZYCOR GRID
!     RMS - Reservoir Modelling System VERSION : 10.1
!     GRID FILE NAME   : Base_Reflector7
!     CREATION DATE    : 2018.12.21
!     CREATION TIME    : 08:25:07
@Base_Reflector7 HEADER                     ,      GRID, 5
      15,    -99999.0000,       ,      4,      1
     119,     65,    436910.1562,    440110.1562,   6469154.5000,   6475054.5000
         0.0000,         0.0000,         0.0000
@
+ Grid data starts after this line
       852.3218       852.2656       852.1608       851.5183       850.6628
       851.1360       851.9092       851.8074       851.2242       851.2150
       851.2877       850.9659       851.0733       851.5786       852.6292
       853.5029       853.7658       853.7329       853.6578       853.8148
       853.7689       853.4470       853.0639       852.8282       852.3676
       851.7010       850.9790       850.2531       849.5571       848.6074
       847.5958       846.6953       845.7306       844.7695       844.1987
       844.5396       845.4414       846.1281       846.8252       848.0369
       849.4000       849.9061       849.3110       848.8535       847.7424
       846.0724       844.9348       844.0714       843.7851       844.4438
       846.1810       847.7731       849.2542       850.3217       850.4992
       850.5186       850.6295       850.2130       850.1349       850.7847
       851.7081       852.1178       852.5864       853.6829       854.2287
       853.9775       854.0743       854.5234       854.9520       855.4107
       856.5718       858.7100       860.7657       861.8274       862.6209
       864.0977       865.9119       866.8411       867.3037       867.3625
       867.7230       868.5860       870.0001       872.1760       874.1896
       874.8149       875.0215       875.5645       875.3094       874.5801
       873.5332       872.2639       871.3368       870.1051       868.2615
       866.3204       864.6096       862.2222       859.6805       859.0383
       860.3217       861.7637       862.8027       863.8564       865.1064
       866.7200       868.3445       868.9917       869.2099       868.7646
       866.4712       862.8604       860.1630       859.2766       858.8825
       859.0420       858.7228       857.2302       856.2103
       852.6032       851.9426       851.3344       850.2926       849.0722
       849.1513       850.1366       850.5639       850.3776       850.4380
       850.4147       850.3378       850.3293       851.3739       852.4999
       853.4879       854.1042       854.2814       854.4177       854.4308
       854.2808       853.8464       853.2645       852.5500       851.9557
       851.3808       850.6802       849.6433       848.6703       847.7571
       846.5522       845.5750       844.7007       843.6884       843.0516
       843.4199       844.4182       845.7462       847.5057       849.2179
       850.4143       850.7348       850.1518       849.2468       847.9357
       846.2703       844.9150       843.9587       843.3135       843.9608
       845.5756       847.4783       849.0765       850.2389       850.5157
       850.3325       850.1876       849.9057       849.4966       849.9091
       850.4355       850.8176       851.4664       852.4397       853.2222
       853.4672       853.5347       853.8716       854.5085       855.4330
       856.9478       859.3470       861.6838       862.5424       863.1989
       864.8795       866.4325       867.2750       867.3269       867.4456
       867.9856       869.6412       871.5087       872.5528       873.3797
       874.0579       874.8882       875.6161       876.0145       875.7772
       875.0894       874.4127       873.1466       871.1730       868.7719
       866.2948       863.8131       861.3768       858.8386       857.9029
       859.1414       860.9293       862.0532       863.0845       864.6029
       866.8068       868.8797       870.1069       870.0930       868.7059
       865.7010       861.9754       859.6328       858.5125       857.7333
       857.9316       858.3733       857.9338       857.0231
       852.4396       851.3610       850.0363       848.6401       847.6455
       847.7465       849.0680       849.6984       849.9309       849.8357
       849.7705       849.8052       850.0992       850.6409       851.8407
       852.8019       853.8174       854.5092       854.9410       854.9479
       854.8917       854.4850       853.3437       852.1541       851.3091
       850.7947       849.8658       848.5970       847.5048       846.3400
       845.2329       844.2064       843.6676       842.9640       842.3774
       842.5963       843.2587       845.0211       847.8758       850.4311
       852.0792       852.1951       851.0172       849.4429       848.0172
       845.7961       844.0620       843.0181       842.3439       842.6445
       844.4412       846.9077       848.7236       849.6566       849.8709
       849.7681       849.4969       849.0216       848.5298       848.5677
       848.8757       849.1380       849.9670       851.2036       852.2485
       852.9159       853.2488       853.3527       854.0347       855.4785
       857.0443       859.1446       861.7299       863.3285       864.4072
       865.8228       867.3884       867.8203       867.8845       867.8913
       868.1428       870.0405       872.0953       873.3791       873.4234
       873.8653       874.9530       876.1408       877.0743       876.9426
       876.2811       875.6401       874.0189       871.3796       868.7087
       866.1606       863.8098       861.4728       859.7541       859.0820
       859.8392       861.0748       861.7785       862.7256       864.3767
       866.7999       869.2119       870.4999       870.1592       868.1488
       865.3243       862.2466       859.9196       858.4279       857.7794
       858.1953       858.8769       858.5558       857.6192
       851.6205       850.6796       848.7233       847.3342       847.1943
       847.9603       848.6727       849.4283       849.6467       849.4015
       849.2817       849.5277       849.9257       850.6947       851.1948
       851.6547       852.5521       853.5912       854.0264       854.3758
       854.6826       854.3528       853.1399       851.6893       850.5413
       849.9101       849.1042       847.6443       846.0726       844.8456
       843.7869       843.1214       842.7102       842.6536       842.6563
       842.5485       843.0628       845.0251       847.8271       850.5306
       852.3102       852.3687       850.8835       849.0442       846.9388
       844.8725       842.8958       841.3996       840.7933       841.2448
       843.3885       845.9794       847.7125       848.4703       848.6783
       848.8299       849.0610       848.8524       848.2369       847.8082
       847.5844       847.8286       848.6075       849.7386       851.0260
       851.7747       851.7646       851.8994       852.7084       854.0837
       855.6089       857.7955       860.5907       862.9472       864.2164
       865.0623       866.3540       867.2960       867.6058       868.0743
       868.0497       869.1591       871.6834       873.5863       874.0905
       874.3361       875.3409       876.6922       876.7795       875.9872
       875.1077       874.4457       873.4484       871.7897       869.1024
       867.0040       865.4046       863.6129       862.4552       861.7507
       861.8631       862.3041       862.9067       863.8023       865.3320
       866.5030       867.7856       868.9760       868.4244       866.3092
       863.6933       861.2161       859.2983       858.1515       857.9837
       858.8813       859.6552       858.9943       857.9938
       850.2372       849.2579       847.8318       846.6855       846.9423
       848.0917       848.9016       849.4506       849.3034       848.8676
       848.8231       849.0909       849.9645       850.7794       850.8615
       850.4677       850.7157       851.5856       852.3976       853.1294
       853.5793       853.2542       852.0078       850.6013       849.7717
       849.2151       848.5528       846.9431       845.1663       843.8857
       842.8289       842.3545       842.5754       842.9292       843.0664
       843.0256       843.4336       844.8584       847.1014       849.3720
       850.6171       850.5674       849.0924       846.8502       844.7706
       842.9336       841.0660       839.6148       838.9796       839.5864
       841.6965       844.8512       847.1312       848.3280       848.8630
       849.0916       849.3620       849.2733       848.7497       847.7187
       847.0748       846.7543       847.0812       847.7191       848.3214
       848.7106       848.6772       848.8330       849.9576       851.4742
       853.2573       855.7209       858.2406       860.1757       860.8612
       861.5254       863.0319       865.0634       865.9600       866.2233
       867.0865       868.3807       870.1984       871.7690       873.7801
       875.2343       876.1033       876.3162       875.6476       874.2161
       873.3644       873.1500       873.2969       872.0464       869.8622
       868.4655       867.6911       866.2681       864.7117       863.9289
       863.4836       864.0709       865.0737       865.8245       865.9324
       865.8516       866.4561       866.9301       865.9573       863.4305
       860.8026       858.7049       857.5242       857.0966       857.4648
       858.4097       859.2391       859.0731       858.1093
       848.2155       847.8737       846.6803       845.9479       846.7594
       848.0847       849.1649       849.6494       849.3705       849.0730
       848.9473       849.0843       849.5927       850.1128       849.7172
       849.4523       849.4110       849.7504       850.6318       851.5328
       851.9716       851.7935       850.7757       849.6859       849.4174
       849.3083       848.3745       846.5168       844.4949       842.8367
       841.8784       841.8851       842.6824       843.3932       843.5292
       843.1562       842.7547       843.3957       845.2484       847.1832
       848.2227       847.7538       846.0767       844.0142       842.0312
       840.0687       838.2981       837.1797       836.8061       837.3755
       839.8519       843.8889       847.8276       850.1395       850.4744
       850.1453       849.9122       849.6672       849.2263       848.1677
       846.9164       845.9146       845.1470       844.8242       844.1108
       843.9905       844.6439       845.6180       847.1439       849.1399
       851.1066       853.1024       854.8506       855.8238       856.6219
       857.7916       859.9793       862.0927       863.4771       863.9024
       864.6479       866.7077       868.4490       870.1237       872.7784
       875.0695       876.0970       875.5021       874.4471       873.9477
       873.7347       873.3016       872.8561       871.7449       870.1283
       869.2220       868.7240       867.6941       866.2591       865.2584
       865.2766       866.1670       867.0699       866.8099       865.9536
       865.5358       865.8632       865.4392       863.2866       861.0980
       858.9655       857.6024       856.4646       856.0531       856.5276
       857.6594       858.9403       858.8776       858.2318
       846.5949       846.4326       846.0843       846.0137       846.7997
       847.7465       848.4772       849.0428       849.5663       849.5353
       849.2271       848.7726       848.6452       848.8008       848.6144
       848.0141       848.1223       848.3426       848.7070       849.3786
       849.9973       850.4919       850.4250       850.0297       849.9761
       849.4374       847.6357       845.2536       842.9149       841.2752
       840.7965       841.4796       842.3543       843.0471       843.1026
       842.2352       841.2813       841.5713       843.2316       844.8292
       845.6307       845.0643       843.3632       841.3945       839.3781
       837.3212       835.2583       833.7711       833.6649       835.1124
       838.6127       843.5961       848.1902       851.3504       852.0031
       851.3708       850.8792       850.5864       849.9103       848.6088
       846.7731       844.9328       843.1068       841.2401       839.8254
       839.3926       840.3707       842.6122       844.7709       846.7311
       848.7300       850.3577       851.4666       852.0760       853.2221
       855.4573       857.6155       859.5367       860.9510       861.8117
       863.2315       865.0480       866.8280       869.3423       871.6832
       873.5550       874.5139       874.5226       874.3209       874.4681
       874.1963       873.5357       872.1262       871.0827       870.6115
       870.2477       869.6088       868.2777       867.1992       866.2347
       865.9603       866.8486       867.1791       866.7941       866.0309
       865.8445       865.7618       864.3990       862.6047       860.8354
       858.8680       856.9064       855.8702       854.8514       855.3616
       857.2367       858.8384       859.2065       858.6982
       845.4573       845.7472       846.0812       846.4403       846.7764
       846.8942       847.2178       848.0551       849.0152       849.6413
       849.4360       848.6523       847.7924       847.3973       846.8780
       846.3690       846.1399       846.3362       846.7994       847.4432
       848.4197       849.6739       850.5327       850.4233       850.0066
       848.4672       845.7115       842.9227       840.7996       839.6569
       839.8825       840.6571       841.6640       842.1425       841.7398
       841.0035       840.6017       841.2026       842.4433       843.4113
       843.6772       843.1205       841.5704       839.7223       837.8524
       835.5688       832.9002       831.0422       831.4539       833.9895
       837.9441       843.0988       848.3954       851.6652       853.2549
       853.1869       852.5533       851.8875       850.9236       849.2303
       847.0306       844.5536       842.0531       839.5875       837.4647
       836.7890       838.1548       840.5331       842.6285       844.2104
       845.6631       847.3729       848.6361       849.7163       851.3685
       853.5765       855.9229       857.5050       859.2565       861.1523
       863.2643       865.7834       867.7455       870.0498       871.8039
       872.7045       873.1965       873.5411       874.4290       874.6700
       874.0793       873.0731       872.0426       871.2502       871.3199
       871.7501       870.7628       868.9393       867.3110       866.3449
       865.9292       865.6128       865.4936       865.4915       865.7683
       866.2365       866.0839       865.3394       864.0351       862.3380
       859.6284       857.0283       855.0239       854.3090       855.2197
       857.2621       858.8824       859.2154       858.7928
       845.0674       845.8295       846.5872       847.0592       847.0767
       846.9344       847.2650       848.1164       849.3509       850.1189
       849.8541       848.7914       847.3376       845.8898       845.1510
       844.7644       844.5337       844.8040       845.4400       846.5587
       847.9685       849.3932       850.1566       850.0858       848.9852
       846.6745       843.5755       840.8911       839.2411       838.5768
       838.7509       839.7512       840.8665       841.3095       840.7834
       840.6682       841.4182       842.5460       843.4083       843.6942
       843.4612       842.5215       841.0679       839.5435       837.8109
       835.5191       833.0549       832.0771       832.7226       834.8603
       838.7592       843.6087       848.3983       852.0758       853.5881
       853.8916       853.7391       853.1959       851.8655       850.3087
       848.3676       845.7222       842.9226       840.4310       838.3176
       837.4497       838.2890       839.8546       841.2361       842.1904
       843.2617       844.8882       846.9321       848.9578       850.9539
       853.1223       855.2562       857.3888       859.6668       862.1409
       865.0515       868.0083       870.7601       872.5133       873.2664
       873.0027       872.5651       872.9403       874.0005       874.9257
       874.6948       873.5527       872.5636       872.4248       872.4943
       872.0486       870.6296       868.6013       866.9352       865.9501
       865.3099       864.4864       864.0145       864.2876       865.1076
       866.0743       866.6781       866.6409       865.9714       864.0782
       861.0839       857.6658       855.1682       854.2734       855.1725
       856.8466       858.0127       858.2642       857.9984
       846.1476       846.8941       847.8466       848.4176       848.2755
       847.9182       848.1736       849.3881       850.5436       850.6974
       849.9722       848.2360       846.1684       844.3377       843.3064
       843.2330       843.7115       844.3084       845.0874       846.1766
       847.5562       848.6484       849.0573       848.7008       847.3770
       844.9670       842.0190       839.8385       838.7084       838.3154
       838.6433       839.6412       840.8095       841.1819       841.0411
       841.3984       842.7497       844.4113       845.3214       845.4086
       844.6169       843.2454       841.8635       840.4078       838.8106
       837.1597       835.8311       835.0048       835.1812       837.0281
       840.5176       844.7117       848.4534       850.9127       852.1543
       853.2665       854.2228       853.7830       852.8122       851.7099
       850.1622       847.6014       844.7032       842.1423       840.1870
       839.2867       839.5745       839.9594       840.2532       840.7966
       842.1609       844.3371       846.9578       849.6046       852.1687
       854.5330       856.6778       859.0269       861.4008       863.9246
       866.4866       869.3768       871.5776       872.5781       872.6285
       871.8482       871.5239       872.2358       873.5650       874.9124
       874.8941       873.6996       872.8193       872.7346       872.5695
       871.3766       869.4030       867.7105       866.6058       865.8704
       865.2362       864.3632       863.9033       864.2228       865.0520
       866.2760       867.4084       867.9865       867.6264       865.7175
       862.1615       858.1459       855.0724       853.8832       854.3376
       855.5170       856.4749       856.6234       856.4476
       847.4753       848.1827       849.0632       849.5814       849.2530
       848.7336       848.7726       849.8235       850.7932       850.7368
       849.1201       846.6993       844.1901       842.3703       841.6346
       842.0380       843.0956       844.3442       845.1392       845.9236
       846.7783       847.4620       847.5146       846.8622       845.6373
       843.5281       841.0351       839.3032       838.7273       838.7076
       839.5062       841.0956       842.2473       842.3919       842.4806
       843.1708       844.3959       845.9905       847.2608       847.3932
       846.4751       844.9968       843.6318       842.0225       840.5552
       839.3156       838.1058       836.9702       836.7037       838.3160
       841.5880       845.2026       847.8395       849.1475       850.3417
       852.5922       854.1854       854.6337       853.9855       853.0902
       851.7678       849.3209       846.2958       843.5855       841.7005
       840.7874       840.5103       840.2822       839.7885       840.3552
       842.2798       845.0223       847.9634       850.9774       854.2792
       857.0144       859.1371       861.2040       863.2622       865.0146
       867.1530       869.0801       870.0688       870.1340       869.8798
       869.6077       869.8317       870.9284       872.2936       873.3292
       873.5000       872.6432       872.0352       871.6788       871.1092
       869.7810       867.9241       866.7455       866.5065       866.4337
       866.0554       865.6856       865.2447       865.2497       865.6423
       866.5906       868.0275       868.9594       868.6697       866.7024
       862.8420       857.8986       854.4321       853.2111       853.4145
       854.2685       854.7549       854.5115       854.0440
       848.1102       848.7659       849.4389       849.6559       849.1081
       848.5469       848.8571       849.6732       850.1249       849.6002
       847.8498       845.1712       842.8243       841.6741       841.5598
       842.0220       843.1849       844.4126       845.5068       846.1831
       846.7642       846.9522       846.1781       844.9211       843.7855
       842.1204       840.2464       839.1108       838.7158       839.2269
       840.5844       842.4067       843.7999       844.2974       844.6073
       845.4683       846.5928       847.7843       848.8276       848.9575
       848.2316       847.1648       845.4879       843.5176       841.8062
       840.5704       839.2687       838.1875       838.0488       839.6704
       842.4841       845.1388       846.8705       847.9642       849.6272
       851.9875       854.1100       854.7872       854.4082       853.6417
       852.3652       850.3809       847.4120       844.6793       842.7885
       841.5876       841.0478       840.6286       840.2760       841.1108
       843.2263       845.9862       848.9937       852.2534       855.7461
       858.8790       860.9461       862.5916       864.2103       865.6462
       866.9589       867.8431       867.9682       867.6706       867.2294
       867.2545       867.9331       868.8949       869.5779       869.9111
       869.8935       870.0267       870.1860       869.8044       868.9697
       867.4254       865.8665       865.3373       866.0045       866.5367
       866.9199       866.9741       866.9135       866.3781       865.7726
       865.9889       867.3090       868.8071       868.8537       866.6655
       862.4529       857.7162       854.2411       852.8278       852.7371
       852.9250       852.6389       851.7257       850.8516
       848.4341       848.9973       849.4539       849.1303       848.4794
       848.3005       848.9211       849.6425       849.8001       848.8961
       847.2291       845.3417       843.9491       843.2962       843.3192
       843.3524       843.8416       844.7732       845.6377       846.3584
       846.7395       846.4538       845.1981       843.5590       842.2222
       840.9218       839.4296       838.4922       838.6096       839.4887
       841.0416       842.9783       844.7732       845.7430       846.2607
       847.0699       848.1872       849.0344       849.4895       849.7330
       849.4621       848.7760       846.7620       844.1375       842.1412
       840.7648       839.8735       839.5562       840.3909       841.9489
       843.8522       845.4130       846.2943       847.3712       849.2943
       851.4505       853.0999       853.8467       853.5509       852.8469
       851.9480       850.4543       848.1150       845.5348       843.3715
       842.1326       841.4784       841.0618       841.1783       842.0929
       844.1293       846.7722       849.6609       852.5637       855.7632
       858.8788       861.0026       862.6040       864.0382       865.2648
       865.8922       865.9417       865.8201       865.3410       864.9984
       865.0994       865.6309       865.9943       865.6277       865.0238
       865.2067       866.0035       867.0064       867.1464       865.8318
       864.0573       862.8874       862.9969       864.0591       865.3597
       865.8948       866.3118       866.3270       865.3856       863.9882
       863.7389       865.1517       867.2604       867.9635       865.8657
       861.9035       857.8127       854.7602       853.1447       852.2120
       851.4244       850.2503       848.8459       847.9629
       848.8651       849.3090       849.6806       849.5013       849.0144
       849.0671       849.6113       850.1708       850.2218       849.3542
       847.9724       846.9537       846.2781       846.1190       845.5568
       844.8273       844.5065       844.8692       845.3519       845.7896
       846.0275       845.8855       844.9107       843.4457       841.8492
       840.1906       838.6270       837.8494       838.0740       839.2784
       841.1755       843.2896       845.2241       846.6254       847.3679
       847.9129       848.3483       848.8649       849.5526       849.8938
       850.2715       849.6667       847.6454       844.7283       842.3594
       841.0697       840.7891       841.5528       843.0773       844.5632
       845.4262       846.0137       846.1236       846.7928       848.5596
       850.5490       851.9177       852.2618       851.9714       851.5730
       851.3480       850.6083       848.9066       846.5255       844.5398
       843.0820       842.1769       841.6019       841.6856       842.5819
       844.3994       846.7612       849.2383       851.9621       854.7026
       857.6752       860.1802       861.9485       863.4423       864.4528
       864.6874       864.5215       864.2466       863.8054       863.2559
       862.9016       862.8755       862.3282       861.1088       860.3303
       860.6306       862.0425       863.3779       863.4236       861.8929
       860.2219       859.2659       859.4058       860.6074       861.8526
       862.6470       862.7176       862.3262       861.2427       859.9863
       860.0910       862.0103       864.5205       865.8653       864.5594
       861.5598       858.3191       855.4453       853.1952       851.4614
       849.6890       848.0360       846.7344       846.3958
       849.3806       849.7819       850.4337       850.7737       850.8015
       850.8173       851.0696       851.2931       851.0558       849.9043
       848.4674       847.3870       847.1392       847.1029       846.3387
       845.3403       844.8590       844.7469       844.8024       844.9183
       845.1329       845.2250       844.7538       843.4944       841.6054
       839.8547       838.7894       838.0318       838.2896       839.7227
       841.7042       843.8560       845.8421       847.3264       847.9845
       848.0382       848.0546       848.3109       849.0233       850.0320
       850.9752       850.7330       848.7327       845.7054       843.2712
       842.1931       842.2714       843.5150       845.2371       846.2803
       846.5077       845.9762       845.8348       846.3450       847.5815
       849.0395       850.0215       850.2479       850.0510       850.4149
       850.9389       851.1125       849.9412       847.9503       846.0103
       844.4800       843.1423       842.4427       842.1989       842.8667
       844.3857       846.0093       848.2762       850.9595       853.8579
       856.8317       859.5757       861.7193       863.3267       864.4170
       864.6194       864.2657       864.0294       863.3734       862.2148
       861.3978       860.3722       858.9240       857.3730       856.5907
       857.0566       858.5785       860.0275       859.7752       858.0565
       856.4480       855.4507       855.1702       855.9907       857.0227
       857.6259       857.3349       856.6076       855.6593       855.1438
       856.2318       858.7853       861.6795       863.2029       862.9551
       861.3010       858.6590       855.5424       852.7730       850.2280
       847.9966       846.2391       845.6765       845.9135
       849.9879       850.2700       851.0700       851.8417       852.3472
       852.5333       852.5059       852.3867       851.7068       850.0162
       847.5703       845.6567       845.3589       845.7231       845.4673
       844.9052       844.6640       844.1533       843.8801       843.8942
       843.9183       843.9148       843.7556       842.8605       841.3431
       840.2528       839.7389       839.4233       839.6201       841.0074
       842.8832       844.9086       846.5748       847.4841       847.7646
       847.4117       847.4446       847.9508       848.7195       850.2601
       851.7252       851.8029       849.9780       847.1351       844.5683
       843.3642       843.8500       844.9692       845.9564       846.3436
       845.7028       845.0350       844.8621       845.2403       845.9954
       846.7461       847.3196       847.9499       848.5123       849.2614
       850.4981       851.4209       850.9429       849.2737       847.3628
       845.7123       844.5054       843.4355       842.7321       843.1232
       844.2961       845.6218       847.5111       850.3705       853.5104
       856.5759       859.3889       861.8491       863.8386       864.9310
       865.1754       864.8246       864.2840       863.4260       861.9161
       860.3521       858.6677       856.5322       854.8012       853.8962
       854.3770       855.7886       856.8655       856.1229       854.2896
       852.6656       851.1749       850.7533       851.3308       851.9493
       852.1136       852.0127       851.5783       851.1135       851.3918
       853.2836       856.3607       859.2133       861.3083       862.0349
       861.1249       858.6357       855.2699       851.9921       849.2769
       846.9391       845.4587       845.3523       845.9130
       851.0333       851.2769       851.8782       852.7581       853.2028
       853.3051       853.2528       853.1186       852.1002       849.4317
       845.7708       843.1923       842.5717       843.3026       843.9390
       843.9347       843.2136       842.4153       842.0612       842.0301
       842.0172       842.0762       842.1209       841.8546       841.4007
       841.2068       841.1658       841.1269       841.3973       842.3144
       844.0415       845.6613       847.0248       847.7585       847.4442
       847.3022       847.4436       847.9156       848.8660       850.4995
       851.9949       852.3104       850.6754       848.0211       845.6739
       844.6531       845.0408       845.7506       845.7853       845.0414
       843.8893       843.3073       843.2623       843.7411       844.3270
       844.8703       845.6481       846.4714       847.4422       848.6169
       850.2875       851.8370       851.8044       850.3887       848.4056
       846.8630       845.5488       844.1790       843.1887       843.2375
       844.1447       845.4717       847.2924       849.9405       853.0994
       856.3586       859.4733       862.1407       864.1770       865.4211
       865.7228       865.3949       864.7269       863.3994       861.5750
       859.3881       857.0576       854.7949       852.7993       851.7396
       851.8402       852.8857       853.0813       851.8953       850.4450
       848.5765       846.7751       846.0443       846.3673       846.8777
       847.3861       847.7242       847.7651       847.6871       848.7560
       850.9605       854.0309       857.4314       860.0979       861.6139
       860.8855       858.0837       854.4320       851.1357       848.6392
       846.7454       845.7687       845.7723       846.6572
       852.3862       852.7880       853.2935       853.7032       853.7635
       853.3539       853.1924       852.7690       851.7031       848.7084
       844.4918       841.0989       840.1833       840.9116       842.0194
       841.8481       840.4797       839.2740       838.9490       839.2812
       839.5718       839.8023       840.2310       840.8614       841.6726
       842.4150       842.7510       842.8847       843.1426       843.8267
       844.6814       845.7708       847.3857       848.5412       848.5607
       848.2069       848.2391       848.1940       849.0250       850.6292
       851.9462       852.1476       850.8943       848.5728       846.7009
       845.9356       845.8480       845.5316       844.6616       843.2953
       842.2458       841.6428       842.1651       843.0717       843.9208
       844.6156       845.3703       846.1503       847.1855       848.6738
       850.8179       852.4099       852.5780       851.0639       849.2174
       847.4395       845.9700       844.4727       843.4542       843.3970
       844.1351       845.3517       847.1417       849.5851       852.8885
       856.5162       859.9817       862.7317       864.5231       865.7416
       866.2077       865.7532       864.6848       863.0580       860.8775
       858.2980       855.7722       853.4674       851.4471       849.7647
       849.0618       849.0512       848.6143       847.7561       846.6531
       844.7635       842.6126       841.5869       841.6047       842.4603
       843.3041       843.8906       843.8895       844.6915       846.3126
       848.6907       851.7520       855.4121       858.8121       860.4578
       859.6807       856.9493       853.6766       850.7901       848.6609
       847.3538       846.6202       847.0474       848.1243
       854.2051       854.4293       854.4730       854.2042       853.5035
       853.0585       852.4825       851.8032       850.6143       848.1342
       844.0856       840.5421       838.9818       839.3384       839.6954
       838.9805       837.3219       835.9506       835.7409       836.3287
       837.0209       837.6763       838.8058       840.5211       842.0566
       843.2418       843.6078       843.8032       844.3371       844.9072
       845.2862       846.1143       847.9259       849.4466       849.7231
       849.4972       849.2118       848.8755       849.4483       850.7775
       852.0274       852.1962       851.3238       849.5518       847.8616
       846.9562       846.1405       844.7401       842.8230       841.4987
       840.6769       840.7800       841.5815       842.8415       844.1828
       845.0785       845.7484       846.5158       847.6418       849.5939
       851.6393       852.9804       852.9421       851.5553       849.5070
       847.7073       846.0752       844.7578       843.7811       843.6151
       844.1469       845.3630       847.1807       849.8705       853.3930
       857.5207       861.0877       863.6359       865.1099       865.9135
       866.1385       865.6114       864.1974       862.2536       859.8567
       857.2228       854.7446       852.4718       850.3404       848.3534
       846.9955       846.1180       845.3380       844.7878       843.4866
       841.4131       839.3737       838.2380       838.5725       839.2539
       840.1935       840.6793       841.1122       842.1923       844.3434
       847.0717       850.4259       854.2089       857.3102       858.5415
       857.6706       855.5047       852.9541       850.7814       849.2527
       848.0207       847.3653       847.8583       849.0085
       856.0032       855.9760       855.7476       854.4933       853.0598
       852.5569       852.2794       851.1537       849.9390       847.9462
       844.8062       841.3736       839.4672       838.8947       838.2687
       836.7965       834.9998       833.8217       833.7127       834.4617
       835.4353       836.4325       838.2365       840.3239       842.1173
       842.9644       843.7278       844.1763       844.6921       845.3081
       846.0007       847.2636       848.7935       850.0954       850.3022
       850.3544       849.9287       849.5193       850.1344       851.4844
       852.5021       852.6769       851.9000       850.6025       848.8962
       847.5519       846.1913       843.7570       841.3475       839.9435
       839.6167       840.1323       841.4021       843.0026       844.3768
       845.5188       846.5825       847.5785       848.7516       850.5375
       852.3354       853.1566       852.7766       851.3409       849.5507
       847.6385       846.1437       844.8923       844.1107       843.8328
       844.1666       845.3449       847.4582       850.3829       854.4103
       858.7196       862.3632       864.6276       865.6663       865.9917
       865.8029       864.8801       863.2122       861.0376       858.5590
       855.9708       853.5806       851.3939       849.5757       848.0760
       846.6941       845.6494       845.0269       843.7615       841.8311
       839.3931       837.4069       836.6973       837.0841       837.8180
       838.4744       838.8826       839.4562       840.9647       843.2495
       846.4092       850.2943       853.7877       856.1177       856.5750
       855.3947       853.5269       851.6376       850.0081       848.7256
       847.5782       846.7634       847.1630       848.0710
       856.1978       856.2696       855.9304       854.8643       853.4253
       852.5795       852.0437       851.2145       850.1588       848.5007
       845.8528       842.9685       841.0557       839.7939       838.2539
       836.1986       834.2485       833.1555       833.1669       834.0152
       834.9462       835.9329       837.3574       839.4952       841.4202
       842.9452       843.8863       844.7361       845.3560       846.0097
       847.1570       848.2120       849.3412       850.0348       850.3970
       850.4428       849.9396       849.6604       850.8025       852.4174
       853.3177       853.4716       852.8064       851.4897       849.8851
       848.1273       845.8304       843.1627       840.7679       839.4349
       839.2443       840.1129       841.5753       843.2079       844.6877
       846.0163       847.2852       848.4562       849.3658       850.4218
       851.7684       852.3951       851.9516       850.7560       849.1979
       847.4103       845.7158       844.6153       843.8654       843.5370
       843.9609       845.3942       847.5883       850.7661       855.0006
       859.5737       863.3535       865.6041       866.3066       866.0377
       865.0134       863.4783       861.6736       859.4357       857.1697
       854.8038       852.5763       850.9813       849.6517       848.7714
       848.0151       847.4353       846.0042       844.2139       842.1093
       839.6226       837.5178       836.6649       836.7526       837.3441
       837.8763       838.3251       839.0154       840.4482       842.9053
       846.3317       850.2982       853.3063       854.6760       854.3748
       852.9035       851.2758       849.5213       847.8630       846.5173
       845.3163       844.6057       844.8819       845.6024
       855.3892       855.6149       855.3978       854.5430       853.0823
       852.0695       851.6795       851.4905       850.9697       849.5397
       847.1501       845.0476       843.1398       841.2968       839.1097
       836.8434       834.7964       833.6608       833.7119       834.3867
       834.8919       835.2439       836.4889       838.4337       840.6860
       842.7048       844.2047       845.3908       846.1285       847.1168
       848.0250       848.7209       849.0966       849.5397       849.8713
       850.0497       850.0222       850.2095       851.5349       853.0450
       854.0709       854.5891       853.8389       852.5184       851.2391
       849.0581       846.1514       843.1573       840.8210       839.4448
       839.4354       840.3516       841.6275       843.3074       845.0096
       846.3748       847.4709       848.1865       848.3597       848.8074
       849.8997       850.9131       851.1447       850.5945       849.3442
       847.4001       845.2700       844.0523       843.2262       842.8317
       843.5350       845.0268       847.2988       850.5826       854.9091
       859.8344       864.0045       866.3298       866.6644       865.6368
       863.7966       861.8973       860.0291       858.0889       856.2093
       854.1268       852.1815       850.8685       850.2824       850.1669
       850.1869       849.0085       846.7501       844.5915       842.8511
       840.8635       838.8810       837.4454       836.9064       836.9698
       837.7859       839.1444       840.1614       841.1426       843.1194
       846.3152       849.6636       852.1368       852.8782       852.0404
       850.5895       848.9890       847.0894       845.0475       843.3304
       842.1558       841.5848       841.7341       842.2975
       855.4197       855.6207       854.8635       853.0562       851.4945
       850.7677       851.1316       851.8302       851.7887       850.4689
       848.8309       847.1282       845.1188       842.6697       840.3059
       837.8497       835.8488       834.6783       834.4229       834.6039
       834.4856       834.7001       836.1486       838.1772       840.2188
       842.1667       844.0597       845.4097       846.4777       847.3531
       848.1298       848.3340       848.3943       848.6570       849.3091
       850.0752       850.5102       851.1542       852.4069       853.8834
       854.9725       855.3831       854.7437       853.7468       852.5721
       850.5808       847.3673       843.8739       841.2037       839.8092
       839.7289       840.7339       842.2421       843.9798       845.6730
       847.0416       847.5703       847.3300       846.8953       846.9302
       848.0664       849.4384       850.2216       850.2888       849.5197
       847.4613       845.2512       843.7806       842.7549       841.9744
       842.3966       843.7747       846.1153       849.4497       853.8856
       859.1631       863.9761       866.6369       866.6895       864.9986
       862.9717       861.0231       859.1917       857.5919       855.8519
       853.6873       851.7208       850.5379       850.4147       851.0974
       851.2245       849.5413       846.7341       844.6167       843.1009
       841.6183       839.5136       837.6172       836.5490       836.5923
       838.0177       840.3609       842.0300       842.8359       844.3594
       846.5354       848.9272       850.7165       850.9637       849.9880
       848.6388       847.0400       844.9335       842.4431       840.3888
       839.3130       838.9337       839.0873       839.3359
       855.5764       855.1105       853.3212       851.1229       849.3848
       849.3751       850.3994       851.5471       851.5724       850.6201
       849.4938       847.9934       845.9963       843.6763       841.0604
       838.7797       836.6730       835.1245       834.5471       834.2568
       833.8247       834.1268       835.9360       838.1722       839.9872
       841.6306       843.1423       844.4289       845.2287       846.2965
       847.2292       847.5302       847.4661       847.9722       849.0897
       850.1156       850.8336       851.4791       852.4243       853.7256
       854.9628       855.5212       855.2221       854.0232       852.8546
       851.3448       848.0750       844.4050       842.0688       841.1425
       841.4555       842.4002       843.7117       845.3334       846.8154
       847.4725       847.5226       846.8934       846.2260       846.3354
       846.9870       848.0567       848.9652       849.3618       848.9288
       847.1539       845.0745       843.7040       842.0383       840.6592
       840.3267       841.5366       843.8662       847.3535       852.0118
       857.5185       862.6063       865.8904       866.5218       865.1553
       863.2287       861.4214       859.8083       858.1780       856.0209
       853.2863       850.9619       849.7498       849.6813       850.3295
       850.5982       849.1902       846.7421       844.6033       843.1796
       841.4374       839.3837       837.2785       836.1914       836.4582
       838.7258       841.9250       844.1238       845.4320       846.1406
       847.2225       848.7793       849.8206       849.6058       848.3323
       846.9348       845.3296       843.0925       840.5940       838.4449
       837.5961       837.6298       837.9799       838.4720
       854.5515       853.2803       851.3444       849.0908       847.7643
       848.0500       849.3688       850.3307       850.2836       849.4655
       848.1627       846.5771       844.9175       843.0630       840.9789
       838.7214       836.4988       834.5927       833.4265       833.0889
       833.0000       833.3904       835.1654       837.7545       839.5143
       840.5327       841.4219       842.4323       843.4027       844.2429
       845.4648       846.3069       846.8549       847.6277       848.6387
       849.6863       850.2864       850.4568       850.7664       851.7008
       853.0142       853.8048       853.8041       852.8661       851.8558
       850.5197       847.8728       844.7917       843.3177       843.2493
       843.8934       844.8073       845.7247       846.8220       847.3237
       847.4714       847.4211       847.1414       846.7318       846.5706
       846.8987       847.5497       848.3268       848.8532       848.5865
       847.2753       845.4412       843.3891       841.1203       838.9865
       838.0907       838.6934       840.8919       844.5383       849.4741
       855.1970       860.5581       864.4133       866.1152       865.7201
       864.1596       862.6290       861.3005       859.5976       856.8345
       853.4973       850.7640       849.3204       849.0020       849.5377
       850.0775       849.4666       847.3018       844.9535       842.8272
       841.0156       839.2763       837.6335       836.6194       837.5429
       840.4055       844.0095       846.7546       847.6110       847.3565
       847.5220       848.3481       848.9489       848.3709       846.7156
       844.9571       843.3181       841.2384       838.8705       837.2751
       836.8423       837.3180       838.0964       838.6605
       852.6985       851.5836       849.9174       848.2228       847.3507
       847.8784       848.8267       849.1503       848.3972       847.1224
       845.4803       843.5786       842.1636       841.1145       839.5233
       837.0782       834.4425       832.5087       831.6198       831.5236
       831.8531       832.6811       834.5672       836.9817       838.5374
       839.0428       839.5007       840.4145       841.4487       842.4292
       843.7577       845.0696       846.1209       847.0271       847.9755
       848.7874       848.9579       848.9976       848.9564       849.7015
       850.8391       851.5913       851.6556       851.4356       851.0857
       850.1466       848.3279       846.3165       845.2430       845.1030
       845.5402       846.2542       846.9073       846.9311       846.9691
       847.2693       847.6580       847.7004       847.6285       847.6573
       847.9044       848.5475       849.4695       850.3070       850.4545
       849.3988       846.9533       844.0132       840.9979       838.4310
       836.8271       836.3364       837.6973       841.1722       846.5898
       853.2482       859.2919       863.7268       866.0182       865.9607
       864.6533       863.4689       862.7431       861.2425       858.2948
       854.8969       852.3090       850.9631       850.4574       850.7197
       851.2101       850.4158       848.2631       845.2365       842.7594
       840.8612       839.7279       838.8977       838.3572       839.5284
       842.5397       845.8345       847.8032       847.9461       847.0128
       846.6479       847.1184       847.2304       846.4342       844.5884
       842.3818       840.5413       838.7270       836.9292       836.1210
       836.3395       837.3073       837.9727       838.1646
       851.7316       851.1265       850.0024       848.7657       848.3669
       848.7151       849.0601       848.3103       846.7359       844.6688
       842.6836       840.8329       839.5491       838.5424       836.7455
       834.0768       831.5176       830.0605       829.7885       830.3434
       831.1724       832.3975       834.2768       836.2966       837.3782
       837.9196       838.4533       839.1807       840.0922       841.3389
       842.7917       844.1732       845.5179       846.4420       847.2889
       847.8326       847.8609       847.8431       848.4974       849.4661
       850.7262       851.3522       851.4572       851.6151       851.4634
       851.1068       850.1451       848.6465       847.2837       846.7709
       846.6644       846.6946       846.4988       846.1711       846.4249
       847.1452       847.6774       847.7616       847.7935       848.5563
       849.7117       850.9921       852.8622       854.4160       854.4657
       852.6069       848.8317       844.9037       841.9833       839.6991
       837.5251       835.8922       835.6323       838.4813       844.7615
       852.2747       859.0255       863.8058       866.0757       866.0496
       864.7931       864.1548       864.2761       863.1833       860.3328
       857.5449       855.8013       854.7542       853.9847       853.4244
       852.6910       851.2304       848.5584       845.6116       842.8759
       841.0396       840.1638       839.6564       839.5704       840.7576
       843.2718       845.6005       846.7863       846.4451       845.7988
       845.6819       846.1240       845.9932       844.6394       842.5712
       840.0108       837.9485       836.5378       835.7054       835.6362
       836.4167       837.2363       837.5717       837.4410
       852.1605       851.5690       850.7140       849.7001       849.0916
       849.1974       848.7330       847.4097       845.2322       842.9732
       841.0844       839.4128       837.8829       836.0742       833.5626
       830.7401       828.6019       827.9345       828.3506       829.6169
       831.1222       832.4172       834.1247       835.7487       836.8884
       837.7996       838.8355       839.5656       840.2460       841.3634
       842.6965       843.9992       845.0453       845.6070       846.0533
       846.3539       846.5070       847.2948       848.5145       849.9854
       851.4634       852.4309       852.5616       852.3164       852.0802
       852.0392       851.4037       850.1773       849.3317       848.9894
       848.7250       848.1120       847.3999       846.8884       846.9974
       847.5494       847.9179       847.5602       847.3904       848.6048
       851.1381       854.4473       857.4646       859.1463       858.4316
       854.5038       848.8054       844.4921       842.5966       841.5769
       840.3022       838.3121       836.6264       838.1882       844.1365
       851.5014       858.2540       863.1270       865.4798       865.6396
       864.9746       865.1561       865.9005       865.2679       862.8867
       860.5193       859.2717       858.3432       857.1740       855.6921
       853.7885       851.0264       848.1916       845.0891       842.1855
       840.3649       839.3705       838.6253       838.4510       839.4988
       841.2441       843.1179       844.1792       844.5641       844.7901
       845.6292       846.5952       846.1929       844.5253       841.9290
       839.0333       836.8632       836.0427       836.0840       836.4765
       837.0912       837.3953       837.5229       837.6799
       851.8375       851.1856       850.3835       849.3491       848.2621
       847.6553       847.0608       845.7787       843.9128       842.1882
       840.6263       838.9554       836.9966       834.3160       830.9363
       827.6802       825.9689       825.9928       827.0699       828.8502
       830.8018       832.3629       833.8052       835.5422       837.2490
       838.7458       839.9490       840.7079       841.4433       842.3667
       843.2438       844.2192       844.5955       844.4643       844.1342
       844.2463       845.0051       846.4190       848.2986       849.8785
       851.3257       852.2726       852.3486       851.8577       851.6372
       851.7313       851.4927       851.2974       851.5545       852.0479
       852.1592       851.6985       850.6974       849.7612       849.1806
       849.1467       848.8449       848.1066       847.7235       849.0695
       852.5798       857.3104       861.1382       862.3860       859.9392
       853.8973       846.9420       842.6151       842.1629       843.2875
       843.5504       842.0878       839.7115       839.8986       844.3177
       850.6457       856.5376       860.9686       863.5964       864.6504
       864.9371       865.7953       866.8693       866.7872       864.8256
       862.6572       861.2734       860.3291       858.8391       856.7676
       853.8538       850.4412       847.2841       844.0581       840.8058
       838.4452       837.1565       836.3397       836.1890       836.7077
       838.0501       839.8459       841.3977       842.5720       843.8503
       845.8238       847.3244       847.4272       845.7079       842.6364
       839.4850       837.4405       836.9149       837.2496       837.7084
       837.8474       837.9868       838.4390       839.0504
       850.1295       849.5968       848.9006       847.6279       846.1058
       845.1387       844.5466       843.7762       842.8980       841.8863
       840.5398       838.7144       836.2630       832.9548       828.9171
       825.5430       824.2515       824.8587       826.5557       828.7211
       830.8779       832.5570       834.1660       836.1630       838.3590
       840.3331       841.4604       842.2909       842.9885       843.5742
       843.9791       844.1384       844.1569       843.4894       843.0103
       843.2482       844.4208       846.4561       848.4005       849.8098
       850.6337       850.9858       850.9644       850.5189       850.4039
       850.7206       851.3989       852.3030       853.5762       854.6777
       855.4014       855.3514       854.3298       852.9855       851.9602
       851.4926       851.2161       850.3203       849.8657       850.8976
       854.0245       858.5078       862.2719       862.8674       859.3009
       852.3810       845.0283       841.0316       841.7241       844.0339
       845.3366       844.5367       842.2766       841.9818       845.3303
       850.6331       855.1742       858.6591       861.4144       863.0664
       864.4246       865.9132       867.2317       867.2375       865.7090
       863.8298       862.6349       861.6088       859.6913       856.6104
       853.2419       850.0695       846.8769       843.3711       839.6088
       836.5393       834.8815       834.3889       834.4373       835.0817
       836.3674       837.9709       839.5890       840.9415       842.6791
       845.0918       847.2566       848.1176       846.9288       844.0816
       841.1157       839.2841       838.5299       838.4786       838.7599
       838.7764       838.9728       839.8438       840.7458
       847.9339       847.7864       847.1036       846.0302       844.7728
       843.6792       842.9047       842.3811       842.0356       841.4263
       840.0947       837.9706       835.2777       831.8338       827.9640
       825.0188       824.1197       825.4175       827.8934       830.8083
       833.4305       835.2725       836.8687       838.7981       840.8555
       842.4399       843.5530       844.1223       844.5222       844.6295
       844.3466       843.7929       843.3515       843.1651       843.0630
       843.6848       845.4451       847.9254       849.8511       850.7654
       850.8708       850.4435       849.9238       849.3688       849.0693
       849.7041       851.0290       852.7507       854.5319       856.0057
       856.7927       856.6429       855.8381       854.8456       854.2448
       854.3774       854.5471       854.1644       853.2348       853.3859
       855.1703       858.4738       861.4968       861.7007       857.9943
       851.6495       844.8182       841.1097       841.3532       843.3730
       845.3353       845.3947       843.7676       843.6973       846.7653
       850.9321       854.5267       857.3802       859.5833       861.3541
       863.3143       865.6592       867.3054       867.3215       866.1030
       864.9804       864.3542       863.0433       859.8759       856.0260
       853.1237       850.5467       847.1970       843.0332       838.9037
       835.8572       834.1464       833.9373       834.3022       835.1767
       836.8012       838.3218       839.6103       840.7781       842.3735
       844.7236       847.2303       848.6589       848.1840       846.0481
       843.6033       841.8538       840.6268       840.0054       839.8183
       839.7881       840.1744       840.8444       841.6342
       846.0929       846.1473       846.0883       845.8078       844.9911
       843.7963       842.6052       841.8728       841.1430       840.1161
       838.4392       836.4379       833.9773       830.9529       827.9394
       825.7426       825.5369       827.4592       830.8045       834.5808
       837.9641       840.2953       841.7389       843.0892       844.1307
       844.4678       844.5175       844.7176       844.8043       844.5862
       844.0292       843.3518       843.0834       843.2348       843.9730
       845.3611       847.4669       849.7115       851.4556       852.2025
       851.7411       850.6770       849.4750       848.5922       848.3242
       848.9673       850.5345       852.6282       854.5236       855.8687
       856.2979       856.0624       855.5330       855.3459       855.8552
       856.6050       857.2001       856.8670       855.9185       855.1371
       855.6895       857.7970       860.0211       859.9533       857.0965
       851.9390       846.1445       842.2363       841.3341       842.6829
       844.7050       845.2784       844.3769       844.7024       847.6220
       851.0911       854.0768       856.4908       858.1031       859.6721
       861.9319       864.4659       866.3983       867.1259       866.8482
       866.5630       866.0148       863.7599       859.6909       856.0751
       854.0789       851.8734       848.1729       843.6187       839.5497
       836.8353       835.5492       835.2364       835.8749       837.1849
       838.6963       840.2799       841.3894       842.3914       843.9548
       846.2029       848.7549       850.4945       850.3054       848.5258
       846.3065       844.3314       842.8470       841.7869       841.2242
       841.1348       841.3297       841.4502       841.4391
       846.0815       846.4439       846.8663       847.0206       846.3171
       844.5878       842.8674       841.3874       840.1008       838.4000
       836.4264       834.5110       832.3885       829.9991       827.7674
       826.5948       827.2426       829.8916       833.7547       837.8665
       841.6415       844.1981       845.6833       846.5060       846.1300
       844.7919       843.5381       842.9388       842.9555       842.8765
       842.7180       842.6464       842.8904       843.9193       845.4020
       847.4570       849.3500       850.7473       851.8233       852.1656
       851.3673       850.1822       849.1758       848.4847       848.2800
       848.8693       850.4116       852.2341       853.8533       854.6245
       854.8458       854.7340       854.8806       855.4293       856.2038
       857.1600       857.6522       857.2099       856.2822       855.4448
       855.2963       856.5186       858.0325       858.1236       856.3511
       852.9084       848.0992       844.0955       842.6325       843.2038
       844.2308       844.4920       844.1322       845.1646       848.0218
       851.0826       853.5791       855.7166       857.1473       858.2529
       859.8652       861.9610       864.2424       866.3246       867.6476
       867.7595       866.5074       863.5413       859.8823       857.1056
       855.6841       853.8232       850.4344       846.4670       842.6896
       839.8561       838.0869       837.6932       838.6512       840.0605
       841.4217       842.8600       844.0946       845.0176       846.4449
       848.6337       850.8865       852.4819       852.4075       850.7346
       848.4787       846.5312       845.1664       844.1130       843.3405
       843.0363       842.9155       842.4807       841.9770
       848.1688       848.7838       849.1990       848.9363       847.5580
       845.4382       843.0109       840.9738       839.4378       837.6615
       835.5378       833.3665       831.3113       829.3647       827.7237
       827.2084       828.5657       831.7316       835.7888       839.7573
       843.0004       845.5259       847.0930       847.5459       846.5201
       844.3138       841.8245       840.6519       840.4130       840.4304
       840.7918       841.2852       842.2545       844.0032       846.1876
       848.1912       849.8197       850.4237       850.5575       850.2323
       849.3818       848.6630       848.2819       847.9519       848.0425
       848.8745       850.2962       851.6594       852.6415       853.2761
       853.3248       853.4684       854.1410       854.8604       855.4508
       855.9259       855.9419       855.6863       855.1619       854.7506
       854.7355       855.2963       856.1266       856.5581       856.0609
       853.8291       850.0621       846.6218       844.9761       844.4023
       843.9983       843.7704       844.1052       845.5795       848.1467
       850.8806       853.1875       855.1052       856.3545       856.8137
       857.1119       858.1841       860.8650       864.5917       867.6212
       868.1984       866.4370       863.4562       860.7679       859.0930
       857.9474       856.5236       854.3542       851.3750       847.9753
       844.3213       841.4581       840.4932       841.2091       842.8481
       844.4268       845.8044       846.7535       847.3088       848.4598
       850.1675       851.9006       852.8752       852.5796       851.3436
       849.8170       848.5779       847.8498       847.1449       846.2843
       845.5934       845.1982       844.7165       844.2435
       849.8083       850.2477       850.6645       850.0989       848.3812
       846.1987       844.3078       842.5747       840.8066       838.7754
       836.5172       834.2159       832.0012       830.1177       828.8475
       828.5436       829.8256       832.7417       836.6377       840.4351
       843.4473       845.7077       847.1995       847.7188       846.9183
       844.5557       841.9448       840.1735       839.4413       839.1708
       839.3138       839.8667       840.6751       842.3117       844.5603
       846.7342       847.9864       848.3710       848.1006       847.4529
       846.7628       846.5151       846.3453       846.2072       846.7424
       847.9501       849.0199       850.3005       851.3365       851.7741
       852.0386       852.5149       853.1044       853.5333       853.7282
       853.5399       853.3165       853.1817       853.4098       853.9033
       854.5802       855.2892       855.5605       855.9158       855.8965
       854.5270       851.9764       849.2128       847.1653       845.3304
       843.8344       843.4792       844.2956       845.8983       847.9785
       850.2856       852.5316       854.5535       855.5353       854.9357
       853.6185       853.9161       857.2911       862.5366       866.6690
       867.9482       866.3612       864.0536       862.1465       861.2343
       860.9460       860.2922       858.9725       856.9324       853.3901
       848.8657       845.2104       843.7367       844.2217       845.8920
       847.7870       848.7607       848.9638       849.0101       849.5569
       850.6080       851.4651       851.7968       851.5052       850.9577
       850.7283       850.6051       850.3914       850.0399       849.2712
       848.3663       847.5929       847.0284       846.7460
       849.2006       849.9315       850.4467       850.3238       849.1686
       848.0236       847.2139       846.0616       844.1644       841.6177
       838.9095       836.5829       834.2941       832.2339       830.9732
       830.5094       831.1661       833.3759       836.7776       840.4580
       843.6204       845.7338       846.9880       847.4488       846.8337
       845.0449       842.8505       841.1963       840.0417       839.2597
       838.7336       838.4370       838.5831       839.5020       841.2675
       843.2809       844.6705       845.2264       845.3086       844.8045
       844.0909       843.7185       843.7202       843.8244       844.6202
       845.7614       846.9372       848.2448       849.3837       849.9861
       850.4147       850.9764       851.4804       851.6582       851.6513
       851.1943       850.7150       850.6681       851.7557       853.7011
       855.4319       856.4470       856.5375       856.0883       855.7579
       854.9786       853.4945       851.1130       847.9943       845.2120
       843.4565       842.9516       843.7414       845.3408       846.9199
       848.7368       851.2516       853.5154       854.4510       853.3449
       851.3596       851.6458       855.4604       860.7865       864.9714
       866.5827       866.0562       864.4899       863.4660       863.3007
       863.7380       863.7653       862.9397       861.1333       857.7781
       853.3527       849.7465       848.2892       848.6769       849.9948
       851.3089       851.5650       850.8940       850.3875       850.1782
       850.4058       850.6866       850.6664       850.5165       850.7358
       851.4066       851.7572       851.8442       851.6823       850.9245
       849.8242       848.7214       848.0461       847.6608
       848.7861       849.5168       850.5780       851.0085       850.6264
       850.3387       849.8810       848.8655       846.8371       843.8959
       840.9201       838.4864       836.3821       834.2747       832.8085
       832.1307       832.3232       833.8817       836.6855       840.0158
       842.9304       844.7987       845.6020       845.6550       844.9293
       843.5167       842.0850       841.0070       840.3419       839.5929
       838.5394       837.5220       837.0590       837.3074       838.5553
       840.2888       841.7379       842.4905       843.1879       843.1883
       842.1366       841.2898       841.4527       841.9362       842.7507
       843.9246       845.2257       846.5690       847.5462       848.0861
       848.3787       848.7099       849.2432       849.7748       849.8636
       849.5151       848.8588       848.9708       850.8892       854.1496
       856.9714       858.3723       858.2448       857.2695       856.3379
       855.6846       854.5281       851.9840       848.0355       844.5432
       842.6719       842.0706       842.5042       843.4308       844.7420
       846.7928       849.5307       852.0363       853.1813       852.6174
       851.3045       852.0741       855.3365       859.4313       862.8813
       864.8512       865.3190       865.1598       864.7527       864.8601
       865.3233       865.5747       865.3499       864.1050       861.4712
       858.0309       855.0586       853.5616       853.6976       854.4393
       854.6424       853.8148       852.5006       851.3362       850.6031
       850.2296       850.1940       850.1672       850.0153       850.4151
       851.0521       851.3748       851.5795       851.3524       850.6021
       849.2684       847.8930       846.9454       846.4376
       850.4134       850.9736       851.7927       852.3748       852.1936
       851.6492       851.1478       849.7662       847.3579       844.1174
       840.9728       838.7180       836.8661       835.2154       833.8885
       833.1832       833.1228       833.9103       835.9053       838.6826
       841.1847       842.6309       842.7312       842.1567       841.2253
       840.1595       839.4166       839.4805       840.0635       840.2355
       839.1891       837.5790       836.3000       836.0554       836.9211
       838.3737       839.7448       840.8693       841.8416       842.2609
       841.3803       840.5442       840.6046       841.3415       842.0800
       843.1833       844.5707       845.7451       846.6080       847.1204
       847.2278       847.2126       847.7461       848.7326       849.2110
       848.7461       847.9888       848.3831       850.6909       854.2950
       857.8104       859.6672       859.8277       859.1027       858.0287
       856.9727       855.7440       853.1050       849.0289       845.2432
       842.8194       841.8186       841.3499       841.5363       843.1248
       845.7432       848.5495       850.8469       852.2128       852.2320
       852.0429       853.0352       855.5433       858.5321       861.4899
       863.8702       865.4577       866.1661       866.0219       865.7470
       866.0161       866.7488       867.3071       866.5911       864.6065
       862.0702       859.6204       858.1537       857.9993       858.1868
       857.4985       855.8653       854.0478       852.5162       851.1703
       850.4195       850.1506       849.7991       849.5916       849.6343
       849.7822       849.9005       849.9237       849.5264       848.5568
       847.0551       845.3618       844.1172       843.3224
       852.6782       852.8770       853.3334       853.4086       852.9213
       852.0301       850.8808       849.0646       846.0947       842.5519
       839.4103       837.2382       835.9656       834.9911       834.1341
       833.6863       833.2899       833.1144       834.0352       835.9666
       837.8985       838.6347       838.3401       837.8029       837.3668
       836.9283       837.2919       838.7200       840.5393       841.2943
       840.1000       837.7921       835.8083       834.8701       834.9700
       835.9375       837.3571       838.9833       840.4667       841.3019
       841.2269       840.7325       840.7207       841.3443       842.4721
       843.5797       844.7809       845.8915       847.0226       847.7556
       847.5916       847.3243       847.8180       848.8918       849.2897
       848.5656       847.8784       848.4871       850.6880       853.6050
       856.5730       858.8265       859.9358       860.1239       859.3219
       858.0327       856.6829       854.5535       851.1069       847.5463
       844.9244       842.7076       841.2881       841.3926       843.2530
       845.9886       848.5767       850.4184       851.3622       851.7686
       852.3105       853.6995       855.9099       858.6475       861.5411
       864.2504       866.1362       866.8958       866.6263       866.2299
       866.8645       868.3284       869.3079       868.7551       867.1039
       865.1710       863.3106       862.0058       861.6164       861.4186
       860.4199       858.5084       856.5444       854.5865       852.6539
       851.3782       850.7469       850.1514       849.3976       848.8873
       848.6582       848.4111       847.8925       847.1279       845.8945
       844.1196       842.4172       840.9937       840.3112
       853.7640       853.9130       854.0764       853.8170       852.7761
       851.4094       849.8320       847.6498       844.4606       840.8699
       837.8217       835.7255       834.6463       834.1574       833.7535
       833.4411       832.8666       832.0889       832.0241       832.9617
       833.7610       833.7020       833.4811       833.8931       834.4761
       835.1432       836.4786       838.7349       841.1189       841.9202
       840.0291       837.1650       835.1068       833.5321       832.7887
       833.2009       834.8593       837.0390       839.0787       840.6164
       841.2873       841.1537       841.2728       842.1846       843.3632
       844.8900       846.1188       847.2620       848.3186       848.6735
       848.0175       847.3028       847.7202       848.6873       848.7945
       848.1605       847.6309       848.0526       849.4762       851.4379
       853.7181       856.1332       858.1423       859.2285       859.1272
       858.0679       856.8972       855.1971       852.5938       849.7306
       846.9071       844.3516       842.7500       843.1104       844.6837
       846.7672       848.5894       849.5728       850.0633       850.8604
       852.6013       854.8948       857.3243       860.0312       862.8093
       865.1818       866.4942       866.7531       866.5059       866.5154
       867.5323       869.3704       870.4703       870.0837       868.6783
       867.1646       865.9763       865.0652       864.4266       864.0346
       863.1896       861.8195       859.8097       857.5147       855.2291
       853.5604       852.6658       851.8785       850.5609       849.2993
       848.5367       847.7126       846.6251       845.5147       843.9086
       842.1753       840.7093       839.6021       839.0513
       853.8625       854.0323       854.0994       853.5801       852.3554
       850.6899       849.0811       847.0469       844.1273       840.6498
       837.7275       835.5698       834.2599       833.5704       833.3743
       833.1047       832.6373       831.9503       831.4261       831.3151
       831.0994       830.6055       830.7704       831.6172       832.7411
       834.1795       836.0219       838.2491       840.4429       841.1271
       839.3184       836.5863       834.5577       832.9105       831.9546
       832.2769       833.9250       836.3476       838.8704       840.7719
       841.6971       842.1382       842.6802       843.5285       844.9165
       846.3278       847.5963       848.6789       849.1274       848.5461
       847.2448       846.2198       846.3882       847.1348       847.3730
       846.7011       846.0784       845.9212       846.4816       847.7482
       849.7648       852.4732       855.0271       856.7215       857.3284
       857.1642       856.3242       854.6377       852.3247       849.9634
       847.6968       845.8307       845.1260       845.6008       846.6266
       847.4380       848.0355       848.2350       848.7050       850.4867
       853.4584       856.9247       859.8842       862.2488       864.4164
       866.0383       866.5015       866.3101       866.2620       866.4885
       867.4890       869.0433       870.0255       869.6570       868.6461
       867.6996       866.7512       865.9790       865.3500       865.0069
       864.9090       864.4871       863.3152       861.3578       859.2968
       857.5667       856.4147       855.2213       853.2645       851.1454
       849.5225       848.1439       846.6753       845.0281       843.4232
       841.9644       840.5272       839.4341       838.7745
       853.6201       853.6426       853.3444       852.9576       852.1282
       850.9456       849.6363       847.9227       845.1179       841.7943
       838.8056       836.4671       834.8545       834.0679       833.7131
       833.3523       832.9028       832.6436       831.9532       830.8727
       830.0178       829.6801       830.1737       831.2256       832.2399
       833.6172       835.4597       837.3353       838.8695       839.2365
       838.3796       837.0331       835.0546       833.4228       832.7518
       833.1909       834.4354       836.7152       839.1596       840.8356
       841.8288       842.7589       843.8304       845.0326       846.2773
       847.2587       848.0057       848.7405       848.5587       847.3913
       845.7313       844.4901       844.5679       845.2881       845.4047
       844.5718       843.2370       842.6241       842.6851       843.6903
       845.9949       849.0390       851.8225       853.5206       854.3841
       855.1456       854.7877       852.9609       850.7515       848.7380
       847.4526       847.0869       847.3865       848.1293       848.5294
       848.3369       848.0260       848.1584       849.2784       851.7184
       855.3991       859.3878       862.6929       864.8044       866.1358
       866.8843       866.7200       866.2437       866.0328       866.2483
       866.7980       867.6429       868.2166       867.9014       867.1651
       866.4736       865.7417       864.9828       864.4224       864.4186
       865.1203       866.1547       866.4774       865.7289       864.4211
       863.1914       861.8133       859.8062       857.0710       853.8650
       851.1740       849.0163       847.1909       845.3615       843.7353
       842.2099       840.8047       839.5020       838.6833
       852.8452       852.4675       852.0444       851.6211       851.5219
       851.2612       850.7271       849.2981       846.6556       843.2389
       840.2973       838.0863       836.4134       835.4424       834.9618
       834.3610       833.7912       833.2112       832.3085       830.7961
       829.7025       829.7234       830.6853       831.8386       832.7938
       833.8232       834.7573       835.8143       836.5903       836.9931
       837.2753       837.1663       835.9414       834.3939       833.8323
       834.0487       835.1276       836.8420       838.6551       840.1334
       841.2476       842.4016       843.9966       845.7108       846.8199
       846.9727       846.9913       847.0474       846.6806       845.4882
       843.9026       842.9477       843.0830       843.6484       843.6031
       842.5721       840.9831       839.6261       839.5144       840.8981
       843.9052       847.3453       849.5139       850.3788       851.4070
       852.7333       852.7401       851.0992       849.0077       847.3753
       847.1357       848.0723       849.2823       850.1575       850.5043
       850.2922       850.2438       851.0615       852.5422       854.7930
       858.0072       861.7538       864.9885       866.9416       867.5458
       867.6323       867.2089       866.3074       865.9056       865.9918
       866.1415       866.5153       866.6606       866.2911       865.7001
       865.0271       864.1912       863.3615       862.9432       863.2970
       864.7154       866.6973       868.3901       868.9721       868.8146
       868.0359       866.3215       863.7662       860.2407       856.2248
       852.6213       849.8068       847.2598       845.2413       843.6059
       842.3306       841.0911       839.8930       838.9694
       851.5998       851.0331       850.2536       849.9467       850.1450
       850.8538       851.2911       850.7085       848.3198       845.1060
       842.3181       840.0851       838.4019       837.4100       836.7548
       836.1171       835.1464       833.9287       832.6445       831.4737
       830.7057       830.9288       832.0392       832.9510       833.6113
       833.8843       833.7822       833.5580       834.0985       835.1004
       836.2713       836.6259       835.9376       834.9178       834.2299
       834.2766       835.2472       836.5143       837.7998       839.0787
       840.4706       842.0013       843.6646       845.2181       845.8253
       845.5282       845.0759       844.7537       844.3149       843.3192
       842.2363       841.8278       842.3110       842.8090       842.5972
       841.7181       840.3683       839.0137       838.8646       840.6367
       844.1227       847.4200       848.4708       848.4474       849.3443
       850.8594       851.0892       849.7784       847.8957       847.0459
       847.7863       849.5179       851.1562       852.4169       853.2543
       853.9156       855.0908       856.6550       857.9862       859.1670
       861.0281       863.5991       866.2584       867.8974       868.2337
       867.9871       867.3917       866.5230       865.8969       865.8218
       866.1379       866.5118       866.7109       866.2334       865.5419
       864.7153       863.6737       862.7701       862.2764       862.6821
       864.0958       866.2181       868.3297       869.7065       870.1846
       869.4950       867.6273       864.6236       860.8318       856.9178
       853.3365       849.8344       846.7629       844.2635       842.8561
       842.0826       841.1908       840.1275       839.1707
       850.7424       850.0104       849.1934       848.8807       849.3813
       850.5893       851.8423       851.8500       850.3038       847.5430
       844.7751       842.6464       840.8234       839.3856       838.5989
       837.9830       836.9440       835.4929       834.3188       833.6200
       833.3180       833.6019       833.9282       834.0533       833.8257
       833.4037       832.8341       832.5904       833.2800       834.5760
       835.5249       835.7097       835.1804       834.5798       834.2993
       834.6288       835.5568       836.7435       837.6756       838.9382
       840.2811       841.6152       842.8341       843.5858       843.6581
       843.2413       842.8702       842.8237       842.5765       841.8102
       841.1934       841.3199       842.1306       843.1177       843.0834
       842.5135       841.5148       840.6296       840.9636       842.9875
       846.1633       848.7241       849.1060       848.6030       848.7994
       849.5846       849.7575       848.6014       847.5483       847.8002
       849.3956       851.3170       853.3313       855.3323       857.0703
       858.8920       861.0720       863.0416       864.0270       864.0588
       864.1436       865.3038       866.9551       868.0368       868.4053
       868.1575       867.4352       866.6983       866.1559       865.7834
       866.0105       866.7798       867.2262       866.9439       866.0538
       864.9791       863.7247       862.7664       862.2363       862.4125
       863.3495       864.9128       866.5438       867.7167       868.2845
       867.7019       865.6763       862.7144       859.4005       856.2323
       852.9336       849.1954       845.6369       843.1271       842.0597
       841.6906       841.2231       840.2493       839.3019
       850.5224       849.7125       849.0645       849.0481       849.5806
       850.7405       852.0726       852.5165       851.5942       849.6300
       847.4557       845.5328       843.3519       841.3002       839.9335
       839.1227       838.5389       837.5952       836.7714       836.4183
       836.8176       836.8638       836.1038       834.9936       833.8825
       833.2980       833.0759       833.6494       834.4290       834.5585
       834.2986       834.0932       833.8710       833.7832       834.2595
       835.3990       836.7936       837.8001       838.7735       839.7782
       840.7467       841.3608       841.6752       841.7340       841.1458
       840.6400       840.7538       841.0654       841.2338       841.1762
       840.9357       841.0937       842.2213       843.5128       844.1063
       843.9810       843.5009       843.0430       843.8752       845.9304
       848.3317       849.8691       850.0348       849.3661       848.7896
       848.5164       848.0810       847.5317       847.3568       848.3036
       850.2671       852.6531       855.1366       858.0099       860.8734
       863.5422       866.2440       868.3379       868.9177       868.3349
       867.5414       867.3854       867.6444       868.0441       868.2144
       867.7127       867.1528       866.6951       866.2353       865.7556
       865.6326       866.2018       866.8455       866.5345       865.5710
       864.3237       863.0211       861.9808       861.4617       861.4230
       861.9178       862.8085       863.8605       864.8385       865.2349
       864.5698       862.7926       860.5865       858.0331       855.2642
       852.0554       848.4506       844.9077       842.6378       841.9405
       841.7093       841.3945       840.7304       840.0013
       849.9777       849.2335       848.9158       849.1896       849.6182
       850.3104       851.3742       851.7758       851.2576       850.1787
       848.7265       847.0455       844.8195       842.2395       840.2172
       839.4641       839.1599       838.6780       838.3353       838.8461
       839.4984       839.3044       837.9099       836.3603       835.3814
       835.0508       835.2379       835.2966       834.8821       833.6132
       832.2915       831.9622       832.4246       833.3932       834.7134
       836.2593       837.8079       839.2270       840.6151       841.4810
       841.4993       841.4995       841.3231       840.4756       839.3259
       838.7900       839.1992       839.7734       840.2640       840.8178
       841.1372       841.3718       842.1869       843.6826       844.6807
       845.0031       844.9665       845.1030       846.0949       847.9081
       849.3774       849.8257       849.4749       848.8986       848.3752
       847.5557       846.9150       846.7770       847.1776       848.1349
       850.2502       853.1323       856.2620       859.6731       863.3576
       866.8515       870.1707       872.2158       872.6204       871.7945
       870.7737       869.3926       868.2280       867.7939       867.4155
       867.0721       866.9100       866.6870       866.2360       865.6361
       865.0800       865.2526       865.3757       864.9415       863.9680
       862.8151       861.6866       860.5273       859.7862       859.4239
       859.6009       860.3185       861.2822       862.2621       862.8681
       862.1906       860.8417       859.1444       857.0058       854.3478
       851.2866       847.9667       844.8360       842.9078       842.2337
       842.1213       841.8735       841.3763       840.8881
       848.0942       847.7571       847.7422       848.1620       848.5775
       848.8068       849.2432       849.9559       849.9761       849.2538
       848.1580       846.5659       844.4606       841.9341       840.0806
       839.2834       838.7584       838.5515       839.0077       839.8897
       840.4984       840.0391       839.2128       838.3809       837.6018
       837.1407       836.7933       835.8931       834.0779       831.9520
       830.6805       830.5309       831.5882       833.3270       835.1754
       836.9282       838.7331       840.8120       842.4077       842.7108
       842.2032       841.7383       841.0211       839.6971       838.2907
       837.6847       838.0408       838.8583       839.8137       840.8149
       841.5564       842.0555       842.9953       843.9236       844.8377
       845.3279       845.3343       845.7874       847.3110       849.1361
       849.9850       849.5194       848.4500       847.9488       847.6583
       846.8975       846.2726       846.5562       847.1769       848.3788
       850.5411       853.6086       857.1937       861.1396       865.0084
       868.9470       872.5827       875.0771       875.4429       874.6497
       872.8309       870.3318       868.1979       867.1446       866.8625
       867.0147       867.3040       867.0692       866.4988       865.5870
       864.8337       864.3702       863.9942       863.3639       862.3679
       861.3644       860.1761       858.8443       857.9075       857.3336
       857.3046       858.2372       859.4328       860.6078       861.3231
       860.9576       859.7164       858.2018       856.0817       853.2527
       850.2623       847.4556       844.9070       843.0748       842.3381
       842.1849       842.0724       841.7560       841.2703
       846.1296       846.1374       846.1780       846.1135       846.2903
       846.7300       847.2576       848.1684       848.7553       848.4196
       847.2805       845.5533       843.3991       841.4583       840.1245
       839.2563       838.5135       838.3173       838.8578       839.5656
       840.0492       840.2413       839.9153       839.1962       838.0464
       836.8510       835.8431       834.7051       832.9290       831.4011
       830.8183       831.1246       831.9446       833.2958       835.0271
       837.1009       839.7722       842.0093       843.1984       843.0305
       842.2537       841.3238       840.1987       838.7003       837.3967
       836.9878       837.4348       838.6440       839.9216       841.0343
       842.2506       843.2587       843.9100       844.3713       844.6318
       845.1930       845.5972       846.2808       848.1804       849.8231
       850.2716       849.3433       847.8648       847.0881       846.8622
       846.5359       846.6187       847.2011       847.9966       849.5399
       851.9247       855.0179       858.8886       863.1404       867.1533
       870.7552       874.4363       877.1261       877.6202       876.0661
       873.3813       869.9586       867.4970       866.4878       866.3945
       866.9783       867.4473       867.3112       866.6503       865.8804
       864.9858       864.3452       863.6787       862.8594       861.6896
       860.2545       858.8306       857.4181       856.2558       855.7988
       856.2634       857.5197       858.8776       860.1796       860.8989
       860.3760       859.0835       857.3943       855.2134       852.5632
       849.4645       846.7922       844.6522       842.8066       841.7071
       841.4924       841.5283       841.3341       841.0943
       845.3804       845.2848       845.0493       844.6889       844.8922
       845.6326       846.3785       847.2091       847.9909       847.9570
       846.8431       844.6829       842.6089       841.1335       840.2736
       839.4124       838.3456       837.6306       838.0437       838.4371
       839.0853       839.8279       839.4475       838.3537       836.8330
       835.4319       833.9835       832.5836       832.2313       832.3467
       832.3575       832.5040       832.7396       833.3049       834.7493
       837.1866       840.1644       842.4827       843.5177       843.1997
       841.9856       840.5469       839.1909       838.0913       837.3393
       837.3636       838.2801       839.6185       840.5992       841.5416
       842.8381       843.9561       844.5460       844.6404       844.8657
       845.4843       846.2894       847.3171       848.6874       849.6430
       849.2590       848.1240       846.7581       846.3745       846.7560
       847.2334       847.9193       848.5770       849.6494       851.4316
       854.1782       857.6400       861.4056       865.6913       869.6579
       873.0315       876.4939       878.8896       878.7242       876.5266
       872.8842       869.0710       866.5045       865.5897       865.5042
       866.0355       866.7230       866.9152       866.7700       866.3030
       865.5915       864.8416       864.2132       863.2338       861.6996
       859.7937       858.1245       856.9150       856.0161       855.9317
       857.1165       858.5853       859.7399       860.5995       860.9927
       860.2926       858.6071       856.6195       854.5252       851.8745
       848.8771       846.1497       843.8915       841.8975       840.6694
       840.3232       840.3705       840.5801       840.9190
       844.7576       844.7432       844.5556       844.5162       845.0371
       845.6320       846.2636       846.8442       847.4620       847.4445
       846.1779       844.3618       842.4772       841.1376       840.1683
       839.0927       837.2917       836.2900       836.4280       837.0143
       837.7822       838.3847       837.9869       836.3921       835.3434
       834.3455       832.5314       831.5852       832.6320       833.5202
       833.6439       833.4226       833.2993       833.7571       835.1105
       837.9057       840.9719       843.3256       844.2845       843.7928
       842.2481       840.4570       839.0350       838.3370       838.2718
       838.7482       839.7084       840.4422       841.0517       841.8829
       842.9404       844.1815       844.8371       845.1345       845.4213
       845.9078       846.9177       847.7667       848.4080       848.3904
       847.2659       845.7484       845.3276       846.1149       847.4556
       848.4648       849.1165       850.1215       851.7375       853.8322
       856.6752       860.4933       864.5690       868.6722       872.1812
       875.2787       878.4196       880.2368       879.3668       876.2510
       872.1808       868.1967       865.5727       864.4243       864.2979
       864.9914       865.9164       866.6346       867.1029       867.0038
       866.3879       865.5031       864.6480       863.4916       861.5911
       859.4671       857.8787       857.2640       857.3821       858.0068
       859.1627       860.5231       860.8928       860.9246       860.8746
       860.1261       858.2524       855.9058       853.6372       851.0729
       848.1752       845.4173       842.7938       840.8535       839.6672
       839.0980       839.2452       840.0788       841.0024
       843.8534       843.6353       843.7025       844.2129       844.9394
       845.6338       846.0385       846.2689       846.5596       846.4949
       845.5739       844.2060       842.9119       841.4734       840.1709
       838.2769       836.2783       835.0797       835.1349       835.7377
       836.3514       836.7544       835.8353       834.7928       833.7302
       832.5856       832.1860       833.0339       834.1539       834.8860
       834.9510       834.6840       834.4861       835.2390       837.0956
       839.6831       842.6987       844.7092       845.3463       844.5811
       843.0248       841.1255       839.7200       838.9897       839.1033
       839.5750       840.1086       840.6071       841.0396       841.8652
       843.0925       844.4787       845.6381       845.8900       845.7800
       846.1157       846.9677       847.9631       847.9972       846.9587
       845.2583       844.0228       844.4432       846.3925       848.3312
       849.4891       850.4033       851.9465       854.0469       856.7338
       860.0433       863.9246       868.3282       871.9567       874.8672
       877.5823       880.1984       881.4492       879.8260       875.8392
       871.3108       867.3570       864.7108       863.3934       863.4351
       864.3357       865.6410       866.8834       867.7166       867.9761
       867.2733       865.8611       864.4305       862.8714       860.8646
       858.5995       857.4265       857.6865       858.7682       860.0488
       861.1155       861.5786       861.3071       860.5557       860.2495
       859.5524       857.6336       855.1380       852.9008       850.5438
       847.7731       844.8193       842.2440       840.2841       839.1645
       838.4684       838.6528       840.0410       841.3502
       842.3334       841.7804       841.8369       842.8277       844.0301
       844.7600       844.9148       844.8135       845.1400       845.4782
       845.0873       844.2381       843.3384       842.1399       840.3810
       838.2411       836.0156       834.8777       834.7358       834.7874
       835.2168       835.2553       834.3975       833.2655       832.6500
       832.2927       832.6819       834.1161       835.7894       836.9786
       837.5404       837.4379       837.2933       837.9045       839.4578
       841.5587       843.8867       845.7031       845.8948       845.1123
       843.5286       841.7150       840.2313       839.3372       839.0951
       839.4183       840.0750       840.6602       841.0826       841.9909
       843.4824       845.2195       846.7961       847.0721       846.6256
       846.7061       847.5599       848.2840       847.9991       846.5642
       844.6244       843.5287       844.6725       847.0761       849.2858
       850.8859       852.3643       854.3884       857.0354       860.3951
       863.9831       867.9014       871.9742       875.2104       877.5931
       879.9267       881.9321       882.1920       879.8144       875.3547
       870.3719       866.4897       864.0505       862.9305       863.1356
       864.3879       866.0213       867.3050       868.2980       868.6198
       867.6846       865.8206       863.6118       861.5354       859.3758
       857.6130       856.9733       857.8340       859.4119       860.8264
       861.6844       861.6698       860.8965       860.0709       859.4060
       858.5891       856.9733       854.7574       852.7878       850.5573
       847.6332       844.8098       842.2043       840.4332       839.1984
       838.5098       838.9709       840.5751       841.9854
       840.6262       840.0416       839.9049       840.7520       842.0856
       842.8989       843.1243       843.4031       844.2440       845.0441
       845.0226       844.4625       843.5374       842.4647       840.7169
       838.4106       836.3070       834.8415       834.3446       834.1971
       834.0909       833.7708       832.9757       831.9423       831.8024
       832.4363       833.9843       836.2163       838.2496       840.1076
       841.1900       840.8777       840.2073       840.0883       840.3406
       841.6532       843.7799       845.4330       846.0273       845.2302
       843.6346       841.7264       839.8681       838.8201       838.6201
       838.9198       839.8085       840.4836       841.2595       842.8353
       844.7070       846.7217       848.0013       848.3672       848.2497
       848.3261       848.6348       848.7993       848.2557       846.7357
       845.2184       844.7950       845.9189       848.0800       850.1567
       852.2673       854.8093       857.6328       860.8788       864.3070
       867.9042       871.3684       874.8595       877.8143       880.0056
       881.7272       882.8218       882.2681       879.4246       874.5533
       869.3321       865.7838       863.6857       863.0131       863.6457
       865.2718       866.8785       867.9977       868.7188       868.5745
       867.2606       865.2495       862.6566       860.0341       858.1827
       856.9831       856.9686       858.0932       859.4426       860.6456
       861.1674       860.7830       860.0635       859.3984       858.6860
       857.9166       856.7422       855.0084       853.0653       850.7747
       847.9659       844.9591       842.5413       840.7776       839.5901
       839.3550       840.1566       841.3964       842.3599
       839.4849       838.7926       838.3801       838.8534       840.0534
       841.3675       841.8438       842.9677       844.3699       845.1472
       845.2467       844.9512       843.9686       842.4539       840.5225
       838.0868       835.5406       834.0385       833.8698       833.6397
       833.0032       832.2523       831.3998       831.0974       831.3484
       833.5590       836.8808       839.7982       842.5814       844.1771
       844.1545       843.2026       841.6993       840.6180       840.4384
       841.2619       842.9180       844.6905       845.6940       844.9263
       843.0995       841.0319       839.1649       838.1350       837.7316
       838.0304       838.8081       839.8502       841.3939       843.7399
       846.5619       848.4036       849.1846       849.5878       849.6589
       849.3455       849.1793       849.3304       848.9553       847.9477
       847.3495       847.3191       848.1115       849.4487       851.1274
       853.7304       857.1888       860.8156       864.3472       867.8205
       870.9614       874.0291       876.7342       879.0756       880.9673
       882.1998       882.5969       881.7146       878.7482       873.6958
       868.6006       865.1939       863.9032       863.9659       865.1859
       866.8102       868.0992       869.0342       869.4512       868.4865
       866.6713       864.4046       861.6442       859.1934       857.7480
       857.3050       857.5141       858.2017       859.2061       859.9750
       860.1093       859.3724       858.6171       858.3372       858.0734
       857.4885       856.6536       855.1517       853.1808       851.0812
       848.3481       845.3787       843.1160       841.5004       840.5746
       840.7468       841.5170       842.3971       842.8122
       838.0511       837.3578       837.5494       838.4709       839.8316
       841.0156       842.0064       843.2688       845.0613       845.8825
       846.3499       845.9124       844.5406       842.6640       840.5114
       837.7370       834.8812       833.6326       833.5211       833.2763
       831.8091       830.4815       830.8904       831.8099       833.0272
       835.5542       839.3994       842.8937       845.2711       846.0760
       845.0946       842.8913       841.1991       840.5850       840.9141
       841.6505       843.0157       844.5510       845.2588       844.3163
       842.5012       840.5436       838.6870       837.6234       837.1819
       837.5490       838.3565       839.6509       841.5684       844.3883
       847.5701       849.4798       850.1096       850.5570       850.6387
       850.3947       850.3704       850.7509       851.0570       850.9451
       850.4845       850.4666       850.7579       851.4857       852.8734
       855.5951       859.3312       863.1119       866.7181       870.0508
       872.8167       875.2582       877.3708       878.9337       880.1632
       881.1292       881.3033       880.1285       877.0184       872.3719
       867.7811       864.9112       864.5842       865.9141       867.5267
       868.7363       869.3924       869.8781       869.9127       868.8034
       866.4170       863.7026       861.1290       859.1657       858.3215
       858.1824       858.1192       858.2992       858.7896       859.1331
       858.8875       858.0158       857.4593       857.5318       857.5327
       857.2701       856.3922       854.8738       852.9221       850.9004
       848.3847       845.8646       843.8548       842.5770       842.0482
       842.1027       842.8384       843.6940       844.1763
       837.0553       836.9458       837.7928       839.5941       841.1618
       841.9078       842.5670       844.0316       845.5715       846.8030
       847.1505       846.5168       844.7864       842.8279       841.3260
       839.2785       836.6519       834.4971       833.2394       832.1685
       830.8232       830.3692       831.6650       834.0518       835.6273
       837.9407       841.5328       844.3160       845.6807       845.2586
       843.0609       840.7496       839.8006       840.3591       841.5756
       842.8479       843.9495       845.1924       845.5286       844.5523
       842.7575       840.6658       838.7990       837.7330       837.8017
       838.5678       839.5930       840.6509       842.5908       845.1991
       847.9883       850.0590       851.2113       851.9276       852.5347
       852.9539       853.3904       853.8380       854.1617       853.9088
       853.7676       853.9429       853.9788       854.0231       855.0154
       857.5587       861.2332       864.9828       868.3737       871.4045
       873.7286       875.4625       876.9291       877.9030       878.5763
       879.0356       878.5067       876.9588       873.8774       870.1080
       866.8535       865.0150       865.6795       867.8292       869.5245
       870.3236       870.3325       870.0404       869.5640       868.2583
       865.9487       863.3915       861.2607       859.8360       859.3539
       859.1176       858.7126       858.4764       858.3797       858.3045
       857.7977       857.0999       856.8860       857.2598       857.4586
       856.9998       856.0814       854.3206       852.2830       850.0535
       847.8051       845.6816       844.0889       843.2343       843.0381
       843.3537       844.0922       845.1590       845.8602
       838.0835       838.3333       839.1996       840.8020       842.0067
       842.4928       843.1530       844.3910       845.6156       846.5272
       846.6628       845.8894       844.7807       844.0317       843.3313
       841.5218       838.5851       835.4604       833.0796       831.4405
       831.2101       832.2415       834.0493       836.5238       839.0005
       841.4457       843.5607       844.5809       844.3458       842.9726
       840.8065       839.2321       839.3829       840.6982       842.4465
       843.8316       845.0016       846.1030       846.3258       845.0980
       843.0821       841.0069       839.5685       839.0445       839.8392
       841.0605       841.8367       842.6855       843.7731       845.8422
       848.4395       850.6685       852.5145       854.1528       855.4432
       856.4014       856.9319       857.1646       857.0313       856.9542
       857.2340       857.6921       857.4788       856.8644       857.2227
       859.3724       862.7004       866.3973       869.6333       872.2775
       874.3287       875.5367       876.2178       876.6115       876.6914
       875.9698       874.5491       872.5652       870.2210       867.6608
       866.0012       865.6914       867.1390       869.4073       870.7699
       871.0703       870.5642       869.6938       868.8890       867.4891
       865.5677       863.4847       861.8860       860.9639       860.6337
       860.3043       859.7596       859.0890       858.2503       857.4982
       856.9230       856.5622       856.7366       857.2827       857.3051
       856.4538       855.2419       853.7983       851.7993       849.4694
       847.1639       845.1750       843.9675       843.4102       843.5357
       844.3599       845.4666       846.5885       847.1632
       840.1557       840.4090       841.0277       841.4346       841.8352
       842.4486       843.9449       844.8099       845.5109       846.1606
       846.0392       845.4960       845.0264       845.6160       845.5670
       843.1685       839.6213       836.2982       833.9413       832.5132
       832.4244       834.1349       836.1613       838.7133       841.4856
       843.6584       844.2066       843.4082       841.8895       841.0771
       840.1235       839.7581       840.7130       842.3476       843.7106
       844.8222       845.7030       846.6301       846.7762       845.2814
       843.0336       841.4735       840.8130       841.0392       842.4077
       843.8333       844.4563       844.3118       844.8746       846.6331
       849.2117       851.5957       853.9965       856.3628       858.0527
       859.1769       859.8310       860.1327       860.1335       860.1511
       860.6649       860.8275       860.2169       859.3495       859.4567
       861.0788       864.0847       867.3864       870.4184       872.8759
       874.6112       875.3126       875.4094       875.1957       874.3987
       872.6417       870.4859       868.7343       867.0190       865.8259
       865.6458       866.6125       868.5214       870.5505       871.7664
       871.7599       870.6974       869.4844       868.4564       867.3549
       865.6698       863.9581       862.8422       862.3867       862.2225
       862.0425       861.3959       860.2581       858.7543       857.3659
       856.7859       856.7454       856.9632       857.0755       856.7991
       855.9222       854.8909       853.7139       851.9767       849.8932
       847.5784       845.7304       844.6967       844.2921       844.4820
       845.4410       846.9764       848.0649       848.4672
       841.4409       842.0184       842.7020       842.6696       842.8526
       843.6022       844.5236       845.8729       846.6997       847.0543
       846.7115       845.8455       845.6002       846.1179       846.0251
       843.8259       840.0349       837.3794       835.4293       833.8898
       834.0845       835.6392       837.9221       840.1346       842.4304
       843.9116       843.6252       841.5859       840.3355       840.0901
       840.7910       841.8658       843.3158       844.6478       845.4650
       845.7572       846.2071       846.5770       846.4440       845.2915
       843.5091       842.0194       841.3851       842.2499       844.0408
       845.5621       845.5016       845.1901       845.7657       847.6713
       850.2932       853.1346       855.7376       857.8864       859.3414
       860.7176       861.9166       862.4651       862.4520       862.4893
       862.7463       862.6660       861.9738       861.1984       861.0744
       862.3600       864.9851       868.1326       870.6760       872.7990
       874.1179       874.4078       874.3002       873.7538       872.2352
       869.9838       867.9503       866.4102       865.3710       864.9668
       865.6234       867.1687       869.3835       871.5136       872.6974
       872.5672       871.2193       869.5670       868.4738       867.3843
       865.9166       864.5365       863.8856       863.8598       864.0521
       863.8392       863.0935       861.8465       860.0648       858.5072
       857.8277       857.6324       857.3730       857.0341       856.4885
       855.9887       855.3861       854.3047       852.9413       851.0693
       848.9702       847.2837       846.3147       846.0359       846.3057
       847.2335       848.5645       849.7717       850.1122
       841.8281       842.4164       843.5403       845.0201       845.9758
       845.9037       846.5312       847.4280       848.1450       848.4004
       847.5317       846.2070       845.2842       845.2383       844.6511
       842.3974       839.9090       838.1005       836.8353       836.1871
       836.4286       837.7444       839.2602       841.0065       842.6821
       843.6770       842.8473       840.9179       839.4379       839.8767
       841.5901       843.8904       845.6874       846.7355       846.7411
       846.4129       846.4562       846.5643       846.1161       845.1595
       843.9683       842.5325       841.8516       842.7073       844.4639
       845.5845       845.6757       845.4628       846.0756       848.2601
       851.4805       854.5844       857.1694       858.6832       859.6353
       860.9578       862.3646       862.8143       862.7864       863.0538
       863.3765       863.1344       862.4933       861.8038       861.8052
       862.8358       865.1863       868.0177       870.0468       871.5580
       872.4455       872.6135       872.6672       872.2807       870.8038
       868.7465       866.8971       865.5919       864.7200       864.4899
       865.2823       867.2551       869.7579       871.9740       873.2769
       873.2795       871.8409       870.0892       868.8882       867.8582
       866.4930       865.0925       864.5736       865.2275       865.8593
       865.6671       864.7080       863.4492       861.8039       860.2239
       859.2596       858.6100       857.8890       857.1349       856.3572
       856.0684       855.8007       855.1264       853.9197       852.6666
       850.9318       849.1964       848.3840       848.3235       848.8879
       849.8295       850.9679       852.0359       852.5501
       841.7541       842.1202       843.5388       845.8841       847.6292
       849.1320       849.9055       849.0746       848.6031       848.0941
       846.9342       845.5953       844.6815       844.0617       842.8318
       840.9813       839.9512       839.1730       838.6586       838.4005
       838.6983       839.2073       839.9477       840.7957       842.1190
       843.0208       842.1685       840.0719       839.0602       839.9431
       842.4487       845.1870       847.0988       847.7791       847.2650
       846.6877       846.6757       846.7487       846.1235       845.2609
       844.0139       842.7093       842.2936       843.1430       844.5566
       845.5267       845.7472       845.7627       846.6652       849.1321
       852.6822       855.6882       857.7644       858.6419       859.1893
       860.3524       861.4309       861.7168       861.8185       862.4070
       862.6926       862.4697       862.1256       861.8258       862.0100
       863.0505       865.1368       867.5302       869.1343       869.7854
       869.9445       870.1713       870.7394       871.1747       870.2574
       868.2236       866.3304       864.9935       864.3388       864.2572
       865.1063       867.1175       869.6790       871.8587       873.3602
       873.7737       872.7607       871.1393       870.0018       868.9048
       867.4156       865.8176       865.2877       866.3050       867.3952
       867.3386       866.5425       865.3312       863.6052       861.8099
       860.4910       859.4022       858.4033       857.2440       856.3878
       855.9949       855.9371       855.8052       855.3143       854.4972
       853.1233       851.4958       850.7992       851.0911       852.0580
       853.1583       854.2543       855.1443       855.7772
       841.6010       841.8384       843.2563       845.6316       848.1327
       850.5109       851.4637       850.8061       848.9313       847.5156
       846.3089       845.2947       844.4615       843.6733       842.6446
       841.5343       840.4993       840.2203       839.8829       839.3458
       839.1586       839.5627       840.0099       840.2668       840.9449
       841.5035       840.8160       839.1937       838.7744       840.5996
       843.4756       845.9677       847.5247       847.9264       847.3928
       846.7237       846.7133       846.3914       845.7528       844.7741
       843.4964       842.5298       842.4045       843.2935       844.6315
       845.5083       845.8682       846.2959       847.7506       850.5143
       853.6812       856.4623       857.9138       858.5525       859.0969
       859.9041       860.4523       860.4805       860.4213       861.1000
       861.7644       862.0600       862.2383       862.1579       862.1407
       863.2833       865.4545       867.5286       868.4049       868.2720
       867.9821       868.2311       869.5335       870.5637       869.7871
       867.6591       865.6179       864.5551       864.1246       864.3312
       865.2357       866.9183       869.2647       871.6240       873.3173
       874.3101       874.0959       872.8801       871.5643       870.3424
       868.7404       867.1377       866.5997       867.5118       868.6745
       868.9031       868.4402       867.4574       865.6026       863.2966
       861.5038       860.2777       859.0172       857.7947       856.7619
       856.4284       856.5121       856.7809       856.8093       856.2222
       854.9771       853.7231       853.3236       853.9945       854.9919
       856.2924       857.6040       858.4684       859.0682
       840.9812       841.3086       842.7792       845.4252       848.3235
       850.4597       851.4388       850.7967       849.5919       848.1301
       846.8827       846.4048       845.3831       844.2342       843.4734
       842.1915       841.2659       840.8791       840.4194       839.4986
       838.8242       839.4019       839.8073       839.8777       839.8803
       840.1507       839.7542       839.0084       839.4427       841.5145
       844.3112       846.4999       847.6519       847.8652       847.3725
       846.8621       846.5441       846.0911       845.2516       844.1277
       843.0480       842.7017       842.8387       843.4663       844.6885
       845.5902       846.2766       847.4765       849.4077       851.8834
       854.8833       857.4630       858.6870       858.8706       859.2705
       859.6344       859.8954       859.9401       859.9443       860.2651
       861.2704       862.3953       862.6187       862.0049       861.8740
       863.3486       865.7407       867.5737       868.0873       867.8801
       867.6451       867.9836       869.5336       870.5325       869.4340
       867.2327       865.5510       864.5497       864.1439       864.3077
       865.1845       866.8729       869.2253       871.6564       873.8917
       875.3888       875.5361       874.5265       873.2096       872.0487
       870.5281       868.8128       868.3965       869.3082       870.2684
       870.4984       870.0679       869.1180       867.1476       864.5770
       862.6311       861.1128       859.7902       858.4631       857.5419
       857.2047       857.4950       857.8713       857.8439       857.3254
       856.4594       855.6814       855.6552       856.3293       857.4922
       858.9448       860.2258       861.1604       861.6833
       840.1262       840.4498       842.0388       845.0969       848.2120
       850.2885       850.7831       850.1558       849.2294       848.3373
       848.3715       848.1965       846.5146       844.8623       843.5962
       842.2878       841.6603       841.4212       840.6552       839.4542
       839.0345       839.3693       839.8410       839.7292       839.6544
       839.7972       839.5822       839.3259       840.2609       842.4324
       844.7842       846.8129       847.8846       848.0096       847.5198
       847.0745       846.9131       846.3079       845.2705       844.0760
       843.1610       843.0582       843.3834       843.7520       844.7209
       846.0997       847.4111       848.9113       850.7542       853.1198
       855.9950       858.5991       859.6562       859.4495       859.1966
       859.2748       859.6972       860.2875       860.3353       860.2154
       861.1822       862.5187       862.3958       861.5366       861.9615
       863.5731       865.5583       867.3103       868.3275       868.4972
       868.4432       868.8141       870.0607       871.1843       869.9145
       867.5188       865.9157       864.6864       863.8790       864.1206
       865.1489       867.0782       869.6801       872.2916       874.7371
       876.3997       876.4962       875.3566       874.2007       873.3809
       871.8610       870.0775       869.7612       870.7454       871.5016
       871.5557       871.0609       869.9724       867.8696       865.4520
       863.5541       861.9703       860.3495       858.9199       858.0376
       857.7943       858.0588       858.4612       858.5303       858.0085
       857.3209       856.9524       857.1141       858.0497       859.3249
       860.5392       861.6780       862.5963       863.4044
