!     RMS - Reservoir Modelling System GRID TO ZYCOR GRID
!     RMS - Reservoir Modelling System VERSION : 10.1
!     GRID FILE NAME   : BaseUtsiraFm
!     CREATION DATE    : 2018.12.21
!     CREATION TIME    : 08:27:24
@BaseUtsiraFm HEADER                     ,      GRID, 5
      15,    -99999.0000,       ,      4,      1
     119,     65,    436910.1562,    440110.1562,   6469154.5000,   6475054.5000
         0.0000,         0.0000,         0.0000
@
+ Grid data starts after this line
      1041.7069      1041.9865      1042.4462      1042.8834      1044.2852
      1046.6011      1049.2864      1052.2922      1054.8411      1056.0432
      1056.8979      1057.8889      1059.4515      1062.1304      1064.9498
      1067.3447      1069.3639      1071.2986      1072.4823      1072.7336
      1072.9233      1072.7579      1071.7814      1070.5618      1068.9846
      1067.5610      1066.6572      1065.2201      1062.7587      1060.5204
      1058.6115      1057.5364      1057.4019      1057.1335      1057.0642
      1057.4097      1057.8401      1058.5990      1059.7848      1061.5233
      1063.3252      1063.9490      1063.4003      1063.7461      1064.0852
      1062.2568      1060.0594      1058.8759      1058.7715      1059.4244
      1060.2280      1060.7736      1061.6208      1062.0358      1061.9972
      1062.3982      1062.9606      1062.8132      1062.5236      1062.5966
      1062.7866      1063.1742      1064.4993      1066.4000      1067.6824
      1069.1166      1070.3445      1070.5511      1070.9906      1072.2964
      1073.4279      1074.2277      1074.5951      1073.8475      1071.8046
      1069.6042      1067.9930      1067.5803      1066.4506      1061.7317
      1052.8916      1041.7717      1030.7629      1022.5814      1019.7518
      1020.4733      1020.8344      1020.9000      1020.6589      1021.2036
      1022.4423      1022.7972      1022.6125      1022.9799      1022.5305
      1021.2335      1019.6974      1020.2097      1020.2806      1020.8998
      1023.3486      1025.3311      1026.6102      1027.5414      1028.0610
      1028.1904      1028.0219      1027.1140      1025.2603      1022.5619
      1019.9698      1018.3686      1018.2903      1018.9916      1020.2999
      1020.5909      1019.8627      1018.4291      1017.7842
      1040.8649      1041.0178      1041.1899      1041.4424      1042.0892
      1044.2434      1047.9962      1052.2567      1055.2842      1056.9681
      1057.7288      1058.4872      1059.7976      1062.0397      1064.8815
      1067.9744      1070.4453      1072.1436      1073.7361      1074.6102
      1074.9561      1074.7102      1073.5232      1071.4746      1069.6578
      1068.0067      1066.5667      1064.5289      1062.0325      1059.6675
      1057.8750      1057.0751      1056.4446      1055.8445      1055.8125
      1056.3459      1057.4302      1059.0482      1061.2760      1063.0461
      1063.8778      1063.7296      1063.6936      1064.2169      1063.5093
      1060.8883      1057.6534      1056.3011      1056.5122      1058.0463
      1059.5078      1060.6305      1061.1362      1061.1074      1060.9270
      1061.1138      1061.5891      1062.1812      1062.5151      1062.8613
      1062.7484      1062.4578      1063.5156      1065.5839      1067.9077
      1069.6508      1070.5465      1070.8354      1071.4454      1072.8495
      1074.5106      1076.2892      1077.7046      1077.6827      1076.4109
      1073.8129      1071.8986      1071.0122      1069.5566      1064.3372
      1053.3949      1038.7074      1024.8870      1017.0765      1016.0801
      1017.1991      1018.1918      1018.6303      1018.6357      1019.2727
      1020.9282      1022.2086      1022.5206      1021.9398      1020.8497
      1019.6782      1019.3478      1019.1150      1020.3815      1021.5514
      1022.8456      1024.1866      1025.1733      1025.9506      1027.0498
      1027.7582      1027.9763      1028.0109      1026.7479      1023.8501
      1020.9022      1019.4476      1018.4460      1020.7952      1022.8502
      1023.2123      1022.2178      1021.1321      1020.4330
      1038.7190      1038.5552      1038.4181      1038.4800      1038.6237
      1040.1432      1044.6901      1050.5205      1055.4340      1057.8586
      1059.0144      1060.2601      1061.7799      1063.8190      1066.7994
      1070.1213      1072.6211      1074.5907      1076.4086      1077.8198
      1078.5277      1077.8951      1075.5092      1072.9755      1070.6715
      1068.8718      1066.8926      1064.8976      1062.9622      1061.0057
      1059.3026      1058.2089      1057.9637      1057.5753      1057.1594
      1057.7549      1059.0154      1061.3082      1063.3218      1064.1573
      1064.4917      1064.5273      1064.7889      1064.9430      1063.1204
      1059.2963      1055.4763      1053.5663      1054.0782      1055.7045
      1057.8108      1059.5167      1060.2892      1060.1492      1059.7773
      1059.4725      1059.8162      1060.7012      1061.4368      1061.6184
      1061.2874      1061.4073      1062.9021      1065.3972      1067.9528
      1069.9114      1070.8289      1071.3459      1072.4088      1074.0424
      1076.8116      1080.0365      1082.6664      1084.1309      1083.1968
      1080.8770      1077.9044      1075.2297      1072.8909      1066.8816
      1054.1704      1037.2900      1021.6265      1015.0685      1013.6544
      1014.8247      1015.9167      1016.3441      1016.6298      1017.3666
      1019.4463      1021.4619      1022.0400      1020.9186      1019.0538
      1019.0963      1019.5353      1020.2282      1021.4334      1022.1042
      1022.4470      1023.0793      1023.9232      1024.8933      1025.9558
      1027.2495      1028.3317      1028.9927      1028.2870      1025.7611
      1022.8010      1021.1086      1019.7744      1022.4307      1025.8256
      1027.0261      1026.1644      1025.1213      1024.1437
      1036.2032      1035.6799      1035.2084      1035.4463      1036.1575
      1038.3899      1042.9059      1049.0516      1055.0717      1058.7474
      1060.9657      1063.1564      1065.4012      1067.6315      1070.3075
      1073.0997      1075.2531      1077.0909      1078.8254      1080.2028
      1081.2559      1080.1350      1077.3448      1074.2384      1071.6885
      1070.0043      1068.0547      1066.0483      1064.5842      1062.9866
      1061.5646      1060.9219      1060.5856      1060.0283      1059.6735
      1059.8534      1060.9138      1062.5436      1063.9606      1064.1725
      1064.4664      1064.7499      1064.7360      1063.9596      1061.3737
      1056.7100      1052.6381      1050.3984      1050.5486      1052.5304
      1055.2773      1057.7977      1059.0453      1058.9254      1058.3658
      1057.6885      1057.4442      1057.8573      1058.3784      1058.3726
      1058.7897      1060.3680      1063.0176      1065.6949      1067.9396
      1069.6366      1070.7177      1071.3588      1072.3441      1074.8265
      1078.5499      1082.7192      1086.2158      1088.0583      1088.1788
      1086.4200      1083.0205      1078.8375      1073.8945      1065.8704
      1052.3163      1035.6747      1021.4236      1015.9465      1015.3813
      1015.9525      1016.2057      1016.2740      1016.0983      1016.9441
      1018.8147      1020.5614      1021.0649      1019.9902      1018.8380
      1018.8327      1019.3484      1019.8301      1020.9531      1021.6512
      1021.9573      1022.9659      1023.9538      1024.8456      1025.8726
      1027.3149      1029.0376      1030.0428      1029.6165      1027.1936
      1024.6534      1021.8122      1020.7796      1023.0892      1027.0417
      1028.7642      1028.4225      1027.3815      1026.3887
      1032.5226      1032.2958      1032.4342      1033.7057      1035.9644
      1038.9144      1042.9037      1048.5138      1054.3208      1059.3594
      1063.1184      1066.1715      1068.8811      1071.1497      1073.3827
      1075.0293      1076.4072      1077.9619      1079.8049      1081.8689
      1082.6046      1081.0573      1078.1666      1075.1896      1072.9978
      1070.9778      1068.5878      1066.2583      1064.6118      1063.1176
      1062.0878      1061.9169      1061.7957      1061.3057      1060.6821
      1060.3724      1060.4806      1061.4026      1062.3240      1062.4302
      1062.2587      1062.2419      1061.4778      1059.9392      1056.6207
      1051.9763      1047.9729      1046.1637      1046.7889      1049.1066
      1052.2102      1055.0393      1056.5873      1056.7875      1055.8894
      1054.5272      1053.7966      1053.6617      1053.8264      1054.6626
      1056.7283      1059.9221      1063.1490      1065.9094      1067.4760
      1068.9618      1069.8575      1070.4442      1071.4850      1074.0065
      1078.3292      1082.5790      1086.2003      1088.7249      1089.1819
      1088.3461      1085.7458      1080.1267      1071.1532      1059.0273
      1044.1354      1029.7751      1019.9643      1017.3301      1019.0732
      1019.9876      1019.4247      1018.4545      1017.8316      1017.6534
      1018.5280      1019.4673      1019.6022      1018.6483      1017.9831
      1018.1772      1018.4621      1019.1149      1019.8979      1020.5140
      1021.3375      1022.9373      1024.5029      1025.2479      1026.5400
      1028.1320      1029.1415      1029.5426      1030.8292      1030.5068
      1027.9702      1024.8885      1023.2734      1024.2672      1026.5032
      1027.9015      1027.9573      1027.3516      1026.1029
      1027.5878      1028.4166      1029.9617      1032.2941      1035.0614
      1038.1442      1042.3041      1047.5410      1053.6882      1059.7999
      1064.5266      1068.3394      1071.1473      1073.3368      1075.0154
      1076.2260      1076.8667      1077.9802      1080.3751      1082.5784
      1082.9785      1081.0786      1078.3145      1076.1375      1074.1409
      1071.3734      1068.1819      1065.4276      1063.4480      1061.8103
      1060.6329      1060.3882      1060.8436      1061.0078      1060.1583
      1058.8558      1057.9685      1058.1136      1058.1672      1057.7812
      1057.6680      1056.9907      1055.4648      1052.6427      1048.8466
      1045.0831      1042.5770      1042.4622      1043.6624      1045.4070
      1047.6399      1050.2502      1052.0667      1052.2865      1050.9840
      1048.9910      1047.6808      1047.6421      1048.7535      1051.4626
      1055.3596      1059.4926      1063.1993      1065.2175      1066.1947
      1067.2051      1068.1482      1069.0425      1070.3151      1072.9242
      1076.8236      1081.0869      1084.5369      1087.3140      1088.9393
      1089.1274      1086.7373      1079.3392      1066.7449      1051.1371
      1036.1221      1025.6027      1021.1074      1021.6899      1023.8801
      1023.9560      1023.0769      1020.8859      1019.5914      1018.6822
      1018.3188      1018.1279      1017.3024      1016.5876      1016.6769
      1017.0637      1017.6344      1018.4524      1019.1898      1019.8309
      1020.8269      1022.6476      1024.5282      1025.8423      1027.3761
      1028.5721      1029.0972      1031.1643      1032.4453      1031.8563
      1029.2809      1027.2878      1026.4691      1025.8862      1025.5692
      1025.5533      1025.8550      1025.2112      1024.5330
      1026.5988      1027.7321      1029.1537      1030.5702      1032.7664
      1036.0161      1040.0928      1045.5287      1052.5121      1059.2880
      1064.9321      1069.2009      1072.7046      1075.1163      1077.2975
      1078.9880      1079.5051      1080.0618      1081.2206      1082.4510
      1082.4281      1080.8933      1079.1544      1077.4647      1075.0461
      1071.3986      1067.0513      1063.9684      1061.4352      1059.6667
      1058.7512      1058.5809      1059.1669      1059.3430      1058.0447
      1056.0601      1054.5605      1053.9749      1053.3981      1052.4523
      1051.3680      1049.8356      1046.8770      1043.3138      1040.2644
      1038.3502      1038.1260      1039.3348      1040.9354      1041.7567
      1042.4904      1043.9393      1045.1711      1045.4808      1044.2838
      1042.5110      1041.5656      1041.9269      1043.7257      1047.3187
      1052.3035      1057.4615      1060.5383      1061.6835      1062.8230
      1064.2145      1065.8400      1067.7908      1069.6208      1071.9344
      1075.6656      1079.8442      1083.7941      1087.1838      1090.0471
      1090.7211      1087.3264      1078.2064      1064.1494      1048.3032
      1035.2047      1027.6052      1026.0289      1028.4254      1030.9006
      1030.2140      1026.2867      1021.7781      1020.0431      1018.8401
      1017.4811      1015.9701      1014.4354      1014.0867      1014.8281
      1015.9193      1016.8815      1017.7700      1018.6639      1019.5521
      1020.5102      1022.1085      1023.6771      1025.1387      1026.6365
      1027.3073      1027.9932      1029.4916      1030.2865      1029.1261
      1027.1805      1026.4631      1026.4911      1025.4001      1023.9067
      1023.7456      1024.1951      1023.9614      1022.8709
      1031.7439      1031.9122      1031.0062      1029.7609      1029.8795
      1032.6067      1037.0894      1043.0674      1050.6201      1058.2795
      1065.0028      1070.5653      1074.3759      1077.6517      1080.9910
      1083.3208      1083.8075      1083.5277      1083.3303      1083.2346
      1082.6252      1081.7560      1080.5653      1078.7410      1075.8619
      1071.1060      1065.8491      1061.9146      1059.4108      1058.1479
      1058.0020      1057.8989      1058.2467      1058.0516      1056.5875
      1054.3469      1052.2668      1050.7773      1049.3087      1047.5437
      1045.5137      1042.6927      1038.5790      1035.0134      1033.6486
      1033.9902      1035.2589      1036.7303      1037.8613      1037.6959
      1037.2323      1037.9026      1038.9980      1039.2990      1038.7064
      1038.4120      1038.5560      1039.1082      1040.5242      1043.2913
      1047.6750      1052.2056      1054.8419      1056.0001      1057.6155
      1059.8445      1062.7776      1065.5297      1067.9125      1070.4023
      1073.8256      1078.8362      1083.9939      1088.5444      1091.5629
      1091.8356      1086.6670      1075.4364      1061.5916      1048.6058
      1038.2794      1032.2922      1030.5448      1031.7131      1033.0847
      1031.8956      1027.6914      1022.1880      1019.6481      1016.7723
      1014.4616      1012.3656      1011.5146      1011.8498      1012.8948
      1014.0033      1015.1569      1016.2444      1017.5883      1019.0100
      1020.1360      1021.2427      1022.2528      1022.8458      1023.4950
      1023.8308      1022.4253      1023.2078      1023.8218      1023.1232
      1022.2277      1022.0453      1022.1776      1021.5399      1021.0212
      1022.0092      1023.3107      1022.6937      1021.1583
      1038.5382      1037.7010      1034.5681      1029.9565      1027.5112
      1029.4359      1034.3767      1041.5059      1050.0747      1058.4019
      1066.1069      1072.6340      1077.3513      1080.8490      1084.4523
      1087.2224      1087.6246      1086.8809      1086.1724      1085.1289
      1083.6877      1082.5736      1081.2950      1079.0999      1075.5712
      1070.5699      1064.8076      1060.4587      1058.4078      1057.9625
      1057.8823      1058.1750      1058.6777      1058.4659      1056.9220
      1054.2261      1050.9645      1047.6130      1045.3497      1043.5155
      1041.0776      1037.4669      1033.4122      1030.4800      1029.7703
      1031.1256      1032.6643      1033.4109      1033.4177      1032.2784
      1031.6179      1032.4867      1034.3152      1035.2567      1035.5959
      1036.3430      1037.3394      1038.0956      1039.5586      1041.6368
      1044.5706      1047.9099      1050.4373      1051.8593      1053.0675
      1054.9019      1057.9581      1061.8009      1064.8817      1067.9725
      1072.1831      1077.6550      1083.6265      1088.1934      1090.7687
      1089.5845      1082.9369      1071.2678      1058.6812      1048.6449
      1041.1317      1035.8436      1033.0265      1032.0281      1031.4677
      1029.2719      1024.6227      1020.1660      1015.4065      1011.6256
      1009.6467      1008.6445      1008.7238      1009.9072      1010.7604
      1011.3655      1012.2468      1013.8428      1015.9629      1017.9871
      1019.7429      1021.1194      1021.7072      1021.3045      1020.6406
      1019.7086      1018.4597      1017.7507      1018.1521      1018.5611
      1017.6752      1017.2778      1016.6573      1016.4325      1016.9883
      1018.4845      1019.3062      1018.5854      1017.3309
      1043.4183      1042.6672      1039.4263      1033.9021      1029.6082
      1029.7889      1034.4257      1041.8815      1050.4354      1059.1346
      1067.4115      1074.5673      1079.7405      1083.2839      1086.5538
      1089.3292      1090.4645      1090.0739      1089.0420      1086.7482
      1084.1931      1082.3267      1080.6270      1078.0820      1074.4482
      1069.2946      1063.7274      1059.7909      1058.5096      1058.1805
      1058.3101      1059.3010      1060.3090      1060.0723      1058.4458
      1055.0128      1049.7455      1045.4158      1042.5858      1040.3921
      1037.3641      1033.6282      1030.3649      1028.0184      1027.0060
      1027.4327      1028.1210      1028.1716      1027.2552      1026.2263
      1025.7698      1027.3531      1029.9323      1031.9646      1033.4158
      1035.2349      1036.7302      1038.1945      1039.9619      1042.0233
      1044.0470      1046.5931      1048.6797      1049.2041      1049.2087
      1050.2448      1053.2538      1057.5110      1061.8273      1066.4150
      1071.6101      1077.3541      1082.5363      1086.0924      1086.2894
      1083.0321      1075.7469      1065.8193      1056.2975      1048.8412
      1043.2231      1038.5999      1034.6808      1031.5176      1028.5975
      1025.1366      1019.8013      1015.8765      1010.1901      1007.0208
      1006.2665      1006.3808      1006.9225      1007.8928      1008.3858
      1008.4148      1009.0229      1011.0679      1013.9034      1016.8156
      1019.6439      1021.5679      1022.2549      1021.7269      1020.6277
      1019.3889      1017.9296      1016.8411      1016.7377      1016.8647
      1015.9062      1015.5521      1014.6509      1013.9626      1013.8544
      1014.1038      1014.0292      1012.8109      1011.4113
      1045.7855      1045.7216      1043.1420      1037.7217      1032.4678
      1031.3779      1035.3158      1042.7280      1051.0004      1059.5168
      1068.1415      1075.6045      1080.9165      1084.3243      1087.4645
      1090.5188      1092.4679      1092.8582      1091.0403      1087.4202
      1083.2201      1080.0587      1077.4796      1075.1782      1071.5604
      1066.3026      1061.4243      1058.9908      1058.0710      1058.2112
      1059.1420      1060.9098      1062.2399      1062.0497      1060.1084
      1055.5819      1049.5344      1044.1992      1040.5419      1037.4789
      1034.1072      1030.6038      1027.7992      1025.4218      1023.2709
      1022.2450      1021.8712      1021.1931      1020.5665      1019.8036
      1020.3595      1022.5961      1025.6252      1028.0024      1031.1337
      1034.6157      1037.1779      1039.0985      1041.0112      1042.5067
      1043.8911      1045.4659      1046.2540      1045.8422      1045.2908
      1046.0793      1049.3813      1054.1079      1059.4777      1065.6337
      1071.8828      1077.4323      1081.5432      1081.8986      1078.8247
      1072.7206      1065.4510      1058.6636      1052.9565      1048.0649
      1044.1071      1040.0345      1035.6425      1031.2714      1027.2062
      1023.0176      1018.1339      1015.4133      1010.5922      1007.7217
      1007.0096      1006.7488      1006.9542      1006.7899      1006.1693
      1005.2050      1005.7271      1007.8749      1011.1573      1014.9556
      1018.4143      1021.3237      1022.7548      1022.9335      1022.2290
      1023.0281      1022.7234      1021.2066      1019.4335      1018.0970
      1017.5765      1016.9763      1015.9194      1014.8602      1013.5011
      1012.1331      1010.4213      1007.8510      1006.0414
      1044.8817      1043.2195      1038.5002      1031.6228      1027.3790
      1028.6213      1034.6785      1043.4292      1051.9866      1060.4180
      1069.3127      1076.9691      1081.9452      1085.1718      1087.7274
      1090.7705      1092.8848      1092.8333      1090.0554      1084.4839
      1078.0977      1072.7924      1069.2958      1066.4949      1064.0671
      1060.2634      1057.5032      1056.7437      1056.6433      1057.7919
      1059.8291      1061.9258      1063.7195      1063.0665      1059.7494
      1054.0648      1047.1615      1041.2678      1037.1183      1033.8516
      1030.8638      1027.9382      1024.9197      1021.3868      1017.9423
      1016.1746      1015.4876      1014.9999      1014.4444      1014.4283
      1015.4129      1018.2003      1021.0126      1023.9786      1027.9171
      1032.5308      1035.9579      1037.8456      1038.9204      1040.1456
      1041.3658      1042.4564      1042.3823      1041.9419      1042.1466
      1043.3427      1046.8027      1051.8585      1057.9187      1064.5942
      1070.9187      1075.4552      1076.6152      1074.2018      1067.8591
      1060.0120      1053.4840      1049.8083      1047.0750      1044.4485
      1042.0343      1039.3519      1036.2781      1032.8817      1029.0157
      1025.3055      1021.2805      1019.0757      1015.5834      1012.3453
      1009.9936      1008.5139      1007.7068      1006.5896      1004.3033
      1002.2613      1002.2314      1004.4537      1007.7983      1011.6210
      1015.8962      1019.4316      1022.0374      1023.8951      1025.9137
      1029.7185      1031.8353      1031.4564      1028.1086      1023.4689
      1019.8378      1017.2468      1015.2307      1013.9401      1013.0291
      1011.4656      1008.4247      1004.7264      1002.5126
      1039.8611      1035.5688      1027.6837      1020.8073      1019.8276
      1025.7881      1035.4343      1045.7314      1055.6115      1064.3689
      1073.0928      1079.8175      1083.7473      1085.8556      1087.2570
      1088.3156      1088.5299      1086.6923      1082.2029      1075.3357
      1067.5347      1061.6144      1057.8291      1055.3583      1053.4208
      1052.3309      1052.1312      1052.6615      1053.7413      1055.5219
      1058.0875      1060.3364      1061.5145      1060.0188      1055.2091
      1048.8878      1042.0458      1036.4004      1032.5208      1029.8062
      1027.1818      1024.5884      1021.2386      1016.9830      1013.1481
      1010.9130      1010.3516      1010.0309      1009.7523      1010.0483
      1011.6899      1014.0430      1016.5892      1019.1818      1023.1245
      1027.4056      1030.6746      1032.2502      1033.3843      1034.5321
      1035.8425      1037.1654      1038.0234      1038.5643      1039.5994
      1042.5698      1046.5161      1051.0010      1056.2747      1061.4253
      1065.5699      1066.8799      1064.7772      1060.0276      1053.2144
      1046.3922      1042.2299      1040.5671      1039.7191      1038.9164
      1038.1407      1036.9520      1035.8607      1034.3782      1032.1835
      1029.5107      1026.9988      1023.6841      1019.2397      1016.0972
      1012.5858      1009.5939      1008.5391      1007.3233      1004.4850
      1001.5792      1000.5062      1001.6824      1004.4968      1008.4646
      1012.6305      1015.9639      1018.7477      1021.1392      1023.1239
      1028.1866      1033.3417      1035.4640      1033.0709      1026.8663
      1020.2151      1014.8879      1011.5368      1010.5917      1010.7386
      1009.8961      1006.2361      1001.9198       999.4619
      1031.6149      1027.3682      1021.1303      1017.2184      1019.8471
      1028.8684      1040.3832      1052.1154      1062.7687      1071.4294
      1078.1024      1082.5870      1084.5254      1085.2020      1084.1387
      1081.4188      1077.5571      1072.9449      1067.6777      1061.5547
      1056.3235      1053.1323      1050.7146      1048.3837      1046.4220
      1045.5277      1045.9950      1046.8243      1047.9734      1050.1027
      1052.3745      1054.1846      1054.4010      1052.3651      1047.9918
      1042.0408      1036.3324      1031.8042      1029.1592      1026.9873
      1024.4733      1021.3023      1017.7005      1013.2620      1009.5041
      1007.6395      1006.7289      1005.9402      1005.6093      1006.1656
      1007.7473      1009.4271      1011.3607      1014.0819      1017.5019
      1021.2067      1023.7195      1025.3751      1026.7740      1028.1318
      1029.8457      1032.1477      1034.1290      1035.5316      1038.1100
      1042.3218      1046.9056      1050.6755      1053.2560      1054.8147
      1055.0134      1052.7393      1048.0160      1042.8488      1038.0217
      1034.5382      1033.1307      1032.4708      1032.2047      1032.2402
      1032.4022      1032.7784      1033.4196      1034.2445      1034.2030
      1033.4264      1032.1418      1029.5613      1025.0731      1019.2281
      1013.5696      1011.6086      1010.9072      1010.2012      1007.8218
      1004.7705      1002.2718      1001.6652      1003.3618      1006.8785
      1009.7917      1011.4532      1012.9617      1014.6028      1016.8304
      1020.2217      1026.1134      1030.3878      1030.1300      1025.4905
      1018.8045      1012.4984      1008.6686      1007.6924      1008.2156
      1006.8423      1003.2051       998.8615       996.2628
      1021.4068      1020.0288      1018.8279      1020.0692      1026.0359
      1036.2064      1048.5375      1060.4078      1069.8323      1076.1741
      1079.8922      1081.7255      1082.3617      1081.6782      1078.5875
      1072.4978      1065.3224      1058.9570      1053.8749      1050.6007
      1049.0950      1048.6165      1047.4034      1044.9761      1042.3846
      1040.8270      1040.3864      1040.4169      1041.3319      1043.3209
      1045.3070      1046.1602      1046.1458      1044.4951      1040.9946
      1036.4260      1032.0143      1028.8594      1026.8517      1025.0421
      1022.1960      1018.5829      1014.3242      1010.0402      1006.7726
      1004.9547      1003.6776      1002.4138      1001.5439      1001.9865
      1003.0414      1004.3701      1006.3561      1009.2609      1012.6518
      1015.6986      1018.2114      1020.0031      1021.4315      1023.2128
      1025.7169      1028.6335      1031.2867      1033.8317      1037.2589
      1042.0250      1046.3766      1048.7970      1048.2195      1045.6543
      1041.9896      1037.2952      1032.8732      1029.2340      1027.1815
      1026.5116      1026.7916      1027.0353      1025.9260      1025.2837
      1026.1611      1028.1259      1030.6831      1033.5424      1036.0166
      1037.3489      1037.1187      1035.4950      1032.0244      1027.4824
      1022.8151      1019.2175      1017.4235      1015.6824      1012.1863
      1008.4773      1006.4939      1005.0411      1006.3733      1008.3218
      1009.2189      1009.0599      1008.9224      1009.4266      1011.3834
      1014.8702      1018.8806      1021.9678      1023.3274      1020.5394
      1015.4576      1010.4387      1007.5081      1007.1063      1006.8164
      1004.3900       999.5028       994.6035       992.3685
      1013.1736      1014.0078      1017.0580      1022.9296      1032.0239
      1043.4188      1055.5746      1066.4122      1073.4268      1076.9457
      1078.5331      1078.7946      1079.0482      1078.6388      1075.2451
      1068.7009      1060.3965      1052.7992      1047.7133      1045.3497
      1045.1577      1045.0696      1044.0841      1041.3588      1038.1917
      1036.1456      1035.1226      1034.6790      1034.8412      1036.2849
      1037.8801      1038.6797      1038.8639      1037.7842      1035.2128
      1032.2078      1029.2311      1026.8751      1024.7010      1022.3121
      1019.4031      1016.0443      1012.3018      1008.4421      1005.0427
      1002.6232      1001.0598       999.8423       998.6379       998.4016
       999.2043      1000.2699      1001.8626      1004.6508      1008.0353
      1011.4794      1014.4620      1016.5491      1018.0027      1020.1964
      1023.1609      1026.4116      1029.6110      1032.8809      1036.7819
      1041.1848      1044.7704      1044.8387      1041.2349      1035.5409
      1029.8397      1025.3250      1022.4183      1021.0601      1020.8737
      1021.8699      1023.1615      1023.3884      1022.5336      1021.4512
      1022.4390      1025.5186      1029.6350      1033.8895      1037.6951
      1040.6023      1042.1909      1041.9999      1040.1735      1037.2509
      1034.0375      1031.0795      1028.7380      1025.5615      1021.5355
      1018.1159      1015.0566      1012.6906      1011.6561      1011.6747
      1011.1268      1009.9711      1009.2977      1009.3824      1010.1161
      1012.0533      1015.1713      1018.3053      1019.6988      1017.7155
      1013.4681      1009.8245      1008.5788      1009.9698      1011.0309
      1007.8740      1000.7474       993.9402       990.7451
      1010.9151      1012.9496      1017.5035      1025.6393      1036.0901
      1048.0446      1060.1475      1069.9747      1075.3431      1077.2477
      1077.6655      1077.5675      1077.9022      1078.0385      1075.8110
      1069.8979      1061.3251      1052.4637      1045.7003      1042.4944
      1041.4924      1040.9116      1039.6931      1037.0006      1033.9777
      1031.7030      1030.1573      1028.4966      1027.8568      1028.6803
      1029.9039      1031.3037      1032.2217      1031.6768      1030.3495
      1028.4873      1026.5444      1024.4714      1022.2910      1019.6340
      1016.8810      1014.5074      1011.9937      1008.6395      1005.3408
      1002.3358      1000.2766       998.8698       997.6429       996.9284
       996.9521       997.4237       998.3495      1000.5043      1003.8926
      1007.5678      1011.1178      1013.7836      1016.1653      1018.9043
      1021.8948      1025.1179      1028.6270      1032.1327      1035.4937
      1039.0294      1040.9674      1039.2600      1034.0101      1027.4725
      1022.2551      1019.3718      1017.6343      1016.9175      1017.2402
      1018.5327      1020.2799      1021.3873      1021.2900      1021.1599
      1022.1904      1025.2688      1029.8721      1034.4290      1038.6422
      1042.2812      1044.9673      1046.2695      1045.6243      1043.7001
      1041.3281      1039.2120      1037.0333      1033.8577      1030.4254
      1027.4799      1024.9240      1022.2314      1020.3636      1019.5577
      1019.0224      1018.4215      1018.4048      1018.5300      1018.8926
      1019.8111      1021.8778      1024.3567      1024.7333      1022.3690
      1017.8265      1013.8550      1013.2247      1016.2431      1019.4515
      1018.1225      1011.2308      1003.1143       999.0305
      1013.8439      1016.2784      1021.5322      1029.5453      1039.9707
      1051.7133      1063.7211      1072.6207      1077.2721      1078.3624
      1077.6678      1076.7981      1076.2662      1076.0215      1074.0099
      1068.3806      1059.0784      1049.0532      1041.8387      1038.3433
      1037.3381      1036.5820      1034.9871      1032.9019      1030.0571
      1028.0062      1025.3917      1022.8693      1021.5952      1021.7418
      1023.0156      1024.9681      1026.4304      1026.8792      1026.2883
      1025.2665      1023.5485      1021.7350      1019.7717      1017.7576
      1015.7161      1014.1103      1012.2855      1009.6722      1006.8443
      1004.1538      1001.6277       999.4255       997.7216       996.7093
       996.0710       995.6523       995.9915       997.8547      1000.8796
      1004.4058      1008.1177      1011.6908      1015.4877      1019.3140
      1022.6926      1025.7802      1028.8436      1031.7344      1034.5249
      1036.5277      1037.0806      1034.0510      1028.6060      1023.5285
      1019.9064      1017.6517      1016.4813      1015.8184      1015.8761
      1016.9798      1019.3188      1021.4349      1022.4073      1022.6691
      1023.4689      1025.9922      1029.7289      1034.0455      1038.5581
      1042.4288      1045.6539      1047.5164      1047.8125      1046.4969
      1044.3341      1042.2758      1040.3766      1038.4388      1035.9836
      1033.9108      1031.9659      1030.2520      1028.5660      1027.9258
      1027.8367      1028.1439      1028.4451      1029.0653      1029.7518
      1031.1147      1033.3807      1035.4049      1035.6854      1032.8669
      1027.6990      1022.9141      1021.2338      1022.7673      1025.7358
      1026.1196      1021.8265      1015.9374      1012.3376
      1018.4673      1021.2066      1026.6893      1034.5688      1044.1858
      1055.3113      1065.8054      1073.4493      1077.2633      1077.5376
      1075.5687      1072.8816      1069.8517      1067.1118      1064.1653
      1058.5358      1049.6376      1041.1112      1035.6836      1033.3958
      1033.2095      1032.5021      1030.9078      1028.2629      1025.9034
      1023.7461      1021.5209      1019.2956      1017.6471      1017.1897
      1018.3600      1020.2944      1022.5462      1023.6127      1023.2236
      1022.1956      1020.8474      1018.9799      1017.7195      1016.3398
      1015.1716      1014.1687      1012.7013      1010.4713      1008.3912
      1006.5604      1004.1108      1001.1509       998.4516       996.8317
       995.7954       994.9807       995.2541       996.6003       999.0270
      1002.6553      1006.8740      1011.5023      1016.5641      1021.8087
      1026.3145      1029.2351      1031.4751      1033.6794      1035.3821
      1036.7468      1036.1967      1032.7531      1027.9412      1023.8110
      1020.8737      1018.2496      1016.6859      1016.4669      1016.5764
      1018.0140      1020.5826      1023.0704      1024.3232      1024.2959
      1024.2366      1025.5128      1028.5293      1032.5800      1037.0835
      1041.5881      1045.1248      1047.7026      1049.0774      1048.4003
      1046.1759      1043.7175      1042.3049      1041.4114      1040.1289
      1038.6456      1038.1946      1038.0981      1037.7480      1037.3821
      1037.4266      1037.1641      1036.8495      1036.6375      1037.5353
      1039.4099      1042.2587      1044.9878      1045.6523      1043.3119
      1038.1792      1032.9827      1029.5752      1028.6177      1029.2805
      1028.3458      1024.6812      1019.9987      1016.8598
      1022.0007      1025.1680      1031.2617      1038.4779      1046.8774
      1056.0607      1064.3887      1070.3774      1073.1344      1072.2944
      1068.8612      1063.8656      1058.7145      1054.1304      1050.3512
      1045.7469      1040.0190      1034.8317      1031.5190      1030.4769
      1030.2286      1029.3989      1027.5059      1024.7958      1022.4683
      1020.8255      1019.7292      1018.1616      1016.5782      1015.8945
      1016.5219      1018.3814      1020.2762      1021.5471      1021.2509
      1020.1872      1018.3811      1016.9053      1016.2327      1015.5035
      1014.6727      1014.0401      1012.7817      1011.0267      1009.7133
      1008.8890      1007.2392      1004.1913      1000.7512       998.4178
       997.0007       996.0680       996.1017       997.2695       999.4063
      1002.7438      1007.3011      1012.9967      1019.3635      1025.9020
      1030.6855      1033.6345      1035.2631      1036.5302      1037.8676
      1038.6108      1037.6157      1034.7473      1030.9473      1027.3293
      1024.1719      1020.8329      1018.2168      1017.3218      1017.8990
      1019.9174      1022.6484      1024.6637      1025.4135      1024.9944
      1024.2697      1024.4138      1026.4507      1030.0493      1034.8849
      1040.0437      1044.2557      1047.6022      1049.8280      1050.4417
      1049.2620      1047.8781      1047.5844      1047.8234      1047.8580
      1047.6862      1048.6936      1050.0511      1050.8823      1050.8590
      1049.9578      1048.5950      1046.7377      1045.3755      1044.9404
      1045.8828      1048.3806      1050.9008      1051.8997      1050.1678
      1045.8901      1040.5439      1036.4093      1034.2208      1032.7312
      1030.0906      1024.4989      1017.6826      1013.4237
      1024.4869      1027.6667      1033.0742      1039.5157      1046.2533
      1053.2516      1059.3099      1063.3419      1064.6652      1062.9889
      1058.1725      1053.0028      1048.8414      1044.9375      1041.6222
      1038.5532      1035.3690      1032.3400      1030.1223      1029.3610
      1028.9507      1027.7166      1025.6226      1023.4901      1021.6121
      1020.7891      1020.2764      1019.4608      1018.1402      1017.4755
      1018.0754      1019.2199      1020.2498      1020.4915      1020.4073
      1018.7947      1016.5272      1015.1259      1014.7559      1014.6385
      1014.4548      1014.0386      1012.9631      1011.9030      1011.5258
      1011.4335      1010.7526      1008.4886      1005.2179      1002.3698
      1000.4600       999.4517       999.2661       999.8769      1001.7884
      1004.6048      1009.0383      1015.3212      1022.4105      1028.5487
      1033.3070      1035.8062      1036.8790      1037.6240      1038.5411
      1038.9088      1038.2557      1036.3983      1033.6823      1030.9561
      1028.1906      1024.6246      1020.8809      1019.0408      1019.8366
      1022.3512      1025.0779      1026.5201      1026.2203      1025.2965
      1024.2767      1023.9320      1025.4971      1029.3306      1034.2845
      1039.8286      1044.7468      1048.4794      1051.4342      1053.6233
      1054.6566      1055.6954      1057.2671      1059.1533      1060.2148
      1060.9919      1062.0983      1063.1691      1063.8896      1064.1433
      1063.0767      1061.1002      1058.8619      1056.5897      1055.0649
      1054.9474      1055.7822      1056.8082      1056.3285      1054.0963
      1050.3292      1046.0077      1042.2596      1040.0928      1038.6868
      1035.6344      1029.6697      1022.2680      1016.9586
      1028.6888      1030.8912      1034.3806      1039.2217      1044.3329
      1049.1045      1052.6577      1054.6718      1054.9498      1052.6514
      1048.9326      1045.4789      1042.8280      1040.6107      1037.8981
      1035.4656      1033.2988      1030.7611      1029.0870      1028.7485
      1028.2961      1026.8418      1024.8662      1022.7180      1021.2533
      1021.0486      1021.2156      1020.8884      1020.5339      1020.4324
      1020.8522      1021.5573      1021.3939      1020.9601      1019.7065
      1017.5911      1015.3046      1013.8548      1013.6161      1013.9870
      1014.2478      1014.3995      1014.2836      1014.2278      1014.4973
      1014.9588      1014.4268      1012.5312      1009.4842      1006.3514
      1004.3393      1003.2585      1002.9888      1003.2628      1004.1653
      1006.7857      1011.2028      1017.3670      1023.7224      1029.5386
      1033.4718      1035.2687      1035.8405      1036.3928      1037.2706
      1038.0129      1038.1698      1037.7615      1036.3792      1034.4033
      1032.1547      1028.8157      1024.7168      1022.4881      1023.0082
      1025.5692      1028.0240      1028.7269      1027.7002      1026.2271
      1025.1896      1025.4821      1027.9497      1032.0515      1037.4003
      1042.4296      1046.8185      1050.8263      1054.7915      1058.4915
      1061.7344      1064.6516      1067.4392      1069.7637      1070.8241
      1070.8424      1070.7230      1070.9161      1070.9933      1070.8396
      1070.1212      1068.7864      1067.1334      1065.3639      1064.7740
      1064.9735      1064.8948      1063.9028      1061.7729      1058.7064
      1055.3527      1051.9463      1049.4310      1048.7469      1048.5289
      1046.7865      1043.1770      1037.9697      1033.9910
      1034.5497      1035.3151      1037.1284      1039.9966      1042.9519
      1044.5466      1045.2251      1045.4099      1045.8820      1046.0419
      1044.7450      1042.1472      1039.7922      1037.5907      1035.2089
      1033.0581      1030.9467      1029.1125      1028.2538      1028.2546
      1027.7950      1026.1084      1023.9568      1022.0615      1020.6880
      1020.2490      1020.5075      1020.8532      1021.5204      1022.0964
      1022.4708      1022.7101      1022.5566      1021.3866      1019.4411
      1017.3987      1015.4465      1013.8932      1013.9835      1014.6965
      1014.9445      1015.5666      1016.6942      1017.5465      1017.9464
      1017.9196      1016.7180      1014.4847      1011.5939      1008.7700
      1006.6969      1005.7893      1005.4861      1005.3815      1006.0033
      1008.0916      1012.3416      1017.6508      1023.7311      1029.3915
      1032.8618      1034.1294      1034.4806      1035.0013      1036.7385
      1038.5884      1039.8444      1040.6370      1040.1926      1038.4609
      1036.5735      1033.2987      1029.0591      1026.6191      1026.7828
      1028.5817      1030.4550      1031.0181      1029.9996      1028.5680
      1028.6166      1030.4495      1033.3356      1037.3684      1042.0553
      1046.3979      1050.0779      1053.8953      1058.2014      1062.9495
      1067.7567      1071.4906      1074.1318      1075.4856      1075.3503
      1074.3531      1073.5692      1073.9169      1073.7845      1072.9467
      1072.0269      1071.1748      1070.3396      1069.8348      1070.2585
      1070.6335      1070.1466      1068.6541      1066.2246      1063.8228
      1061.4668      1059.0409      1057.5170      1057.7499      1058.4358
      1058.6326      1057.5011      1055.1140      1052.8094
      1038.9331      1039.0045      1039.6963      1040.8206      1041.1541
      1040.2930      1038.5282      1038.1239      1040.1310      1043.8281
      1045.5369      1043.8260      1040.1000      1035.8855      1031.9880
      1029.5133      1027.8871      1026.4869      1026.0959      1026.1323
      1025.5160      1024.0679      1022.5325      1021.5060      1020.6221
      1019.9226      1019.6192      1020.2160      1021.1935      1021.8460
      1021.8732      1022.0506      1022.2147      1021.8086      1020.6163
      1018.7379      1016.4426      1014.6330      1014.1984      1015.0541
      1016.1611      1017.0753      1018.5332      1019.1861      1019.0294
      1018.1376      1016.2195      1013.9789      1011.5535      1009.3656
      1008.0030      1006.8668      1006.2522      1006.3250      1006.9130
      1008.8217      1012.6219      1017.9762      1023.9794      1029.5286
      1033.1205      1034.7472      1035.6071      1036.7896      1038.7699
      1040.7760      1042.4988      1043.6136      1042.9279      1041.1503
      1039.1565      1036.2183      1032.9457      1030.8922      1030.5261
      1030.8711      1031.7687      1032.9136      1033.4058      1033.3807
      1034.4296      1037.0133      1039.9767      1043.1421      1047.1132
      1050.5665      1053.7095      1057.1038      1060.6598      1065.1643
      1070.0914      1073.9546      1076.1611      1076.5519      1075.5724
      1074.0710      1073.8304      1074.1923      1074.4960      1073.8156
      1072.9003      1072.3175      1071.6539      1071.5526      1071.7488
      1071.5813      1070.6189      1069.0209      1067.9254      1067.0078
      1066.1785      1064.7865      1063.4769      1063.6498      1064.5881
      1065.5558      1065.5496      1064.5470      1063.6123
      1042.4602      1042.6014      1042.6525      1042.3165      1041.0320
      1038.8340      1036.7966      1036.2709      1039.0758      1043.9249
      1046.8464      1045.4899      1040.6863      1033.7867      1027.8651
      1024.3912      1022.4906      1021.5115      1020.8821      1021.0226
      1021.2552      1020.9552      1020.5986      1020.2850      1020.0990
      1019.6319      1019.4034      1019.9623      1020.6071      1020.7122
      1020.6163      1020.4681      1021.5208      1022.5695      1022.4949
      1020.8214      1017.6748      1014.8268      1013.5389      1013.9524
      1015.0621      1016.2286      1017.2834      1017.4927      1016.9998
      1015.8644      1013.8834      1010.9407      1008.6318      1007.7032
      1006.9291      1006.0304      1005.6260      1005.9521      1006.8530
      1009.4290      1013.5934      1019.1564      1026.0062      1032.4519
      1036.8013      1039.3806      1041.1417      1042.1392      1042.7734
      1043.9624      1045.2548      1045.7328      1044.6274      1042.3405
      1040.3062      1038.3352      1036.4606      1035.4424      1034.4542
      1033.7260      1034.3827      1036.3396      1038.4515      1039.8955
      1041.2921      1043.2581      1045.7340      1048.9684      1052.5950
      1056.0005      1058.6283      1060.6198      1062.6356      1066.0460
      1070.3209      1073.9979      1075.4512      1075.0994      1073.8030
      1072.7045      1072.5396      1073.0337      1073.0952      1072.8511
      1072.4248      1072.1661      1071.9664      1071.8553      1071.4408
      1070.6532      1068.8794      1067.3463      1067.2196      1068.0604
      1068.2874      1067.7341      1066.6227      1066.4382      1067.4633
      1068.2346      1068.5367      1068.3237      1067.8378
      1047.4409      1048.0515      1048.1825      1047.3268      1044.9293
      1041.6866      1039.0847      1038.1936      1039.7554      1042.8303
      1043.5414      1040.9187      1036.2910      1030.1011      1023.5509
      1018.3544      1015.7062      1014.9171      1015.1288      1015.8527
      1017.0810      1018.2412      1018.5188      1018.6191      1018.6659
      1018.9550      1019.6157      1020.4679      1020.8272      1020.5529
      1020.1299      1020.2640      1021.4370      1023.0573      1023.6863
      1022.1963      1018.9160      1015.6932      1013.7255      1013.4011
      1013.5805      1013.6237      1014.2490      1014.6981      1014.0374
      1012.9368      1010.8149      1007.8533      1005.9963      1005.1334
      1004.3256      1003.6845      1003.9572      1004.7397      1006.5073
      1009.9619      1014.7743      1021.3452      1029.8628      1038.4418
      1044.8184      1048.2576      1049.9440      1049.8678      1048.9644
      1049.4004      1050.0786      1050.1610      1048.9230      1046.9517
      1045.6682      1045.0006      1044.0217      1042.5502      1040.8341
      1039.9729      1040.9214      1043.3256      1045.4872      1046.9346
      1047.9324      1049.0811      1051.4447      1055.3595      1059.9811
      1064.0170      1066.3057      1066.6411      1066.5331      1068.1420
      1071.6207      1074.2325      1074.8051      1073.7362      1072.3345
      1071.1256      1070.8615      1071.0004      1070.1473      1068.8356
      1068.3892      1069.0183      1069.9958      1070.3439      1069.7531
      1068.1683      1066.3662      1065.2245      1065.9604      1066.9625
      1067.4238      1067.0852      1066.1813      1066.0741      1066.9852
      1067.8308      1068.6752      1068.5842      1068.1121
      1055.0149      1055.6091      1055.8201      1054.5138      1051.2280
      1046.6240      1042.8898      1040.4327      1040.5521      1041.5146
      1040.0283      1036.9182      1033.9110      1029.8541      1023.3032
      1016.5280      1012.2474      1010.7458      1011.2385      1013.2198
      1015.4144      1016.8624      1017.6144      1018.0772      1018.3477
      1019.2264      1020.7542      1022.3239      1023.0890      1022.8605
      1022.2266      1022.2457      1022.9453      1023.8550      1024.1708
      1023.0908      1020.5407      1018.1141      1016.5836      1015.6747
      1014.8948      1013.9918      1014.2247      1014.6578      1013.9997
      1012.7437      1010.6191      1008.1976      1006.4059      1005.0059
      1003.6230      1002.8584      1002.7275      1003.5391      1005.9125
      1010.0632      1015.9877      1024.4395      1035.3110      1046.5206
      1054.9069      1059.3373      1060.9598      1060.4718      1059.1853
      1059.0980      1059.7900      1059.8301      1058.8258      1057.6366
      1057.7891      1058.3142      1057.2220      1054.0957      1050.9718
      1049.1672      1049.6511      1051.7544      1053.4875      1054.0725
      1054.1415      1055.0477      1057.8922      1062.6558      1068.3646
      1073.2744      1075.5568      1074.9373      1073.2377      1073.1296
      1074.4940      1075.2827      1074.8981      1073.7659      1071.9043
      1070.0400      1068.7332      1067.6627      1065.8687      1063.2555
      1062.3906      1063.4448      1065.6091      1066.9833      1066.5050
      1065.1353      1064.1227      1064.2129      1065.2288      1066.2310
      1066.0922      1064.9412      1063.7844      1063.8922      1064.6044
      1065.8745      1066.5612      1066.5525      1065.9998
      1063.9354      1064.3639      1063.8331      1061.4639      1056.8607
      1051.3033      1045.4098      1041.5944      1041.3042      1042.7467
      1042.8396      1041.9204      1040.6587      1036.5287      1028.9240
      1020.7625      1014.5728      1011.8067      1012.0568      1014.0689
      1016.4279      1017.9316      1019.1019      1019.9056      1020.3757
      1021.6514      1024.0554      1026.1533      1027.3872      1027.6743
      1027.4719      1027.0895      1026.6129      1025.7241      1025.1152
      1024.0427      1022.4664      1021.1553      1020.1514      1019.3060
      1018.3871      1018.0017      1018.1100      1018.1739      1017.6998
      1016.6017      1014.4789      1012.0486      1010.1592      1008.7123
      1007.4990      1006.1138      1004.4847      1003.9560      1005.5609
      1009.8555      1017.1746      1027.5900      1040.7750      1054.2113
      1064.3920      1070.2988      1072.7216      1072.9368      1072.5144
      1072.1824      1071.5844      1070.9639      1070.1602      1069.9851
      1070.7888      1071.2852      1069.2603      1064.9740      1059.9010
      1056.5610      1056.1730      1057.7815      1059.6121      1059.9406
      1059.9141      1061.1582      1064.6644      1070.3242      1076.7660
      1081.7571      1083.7919      1082.4437      1079.6731      1077.8638
      1077.2848      1076.2522      1075.2236      1073.4436      1070.9884
      1068.4698      1065.8508      1063.7516      1061.2429      1058.4497
      1056.8147      1057.9435      1060.7061      1063.2533      1064.1787
      1064.1381      1064.4854      1065.3800      1066.6672      1067.2457
      1066.2399      1064.4775      1063.0492      1062.5796      1063.0063
      1063.4172      1063.9456      1064.3218      1064.2128
      1071.7828      1071.8612      1071.0204      1067.3489      1061.0479
      1053.8331      1046.9242      1042.0857      1041.9097      1045.0458
      1048.2200      1049.4774      1047.5098      1041.1454      1032.3828
      1024.0784      1018.6760      1016.7195      1016.7858      1018.3134
      1019.9675      1020.9286      1022.1082      1023.5333      1024.9551
      1026.9840      1029.6326      1031.9260      1033.2250      1034.0884
      1034.3267      1034.0492      1032.6591      1030.3606      1027.7877
      1025.2327      1023.2779      1022.4663      1021.8796      1021.5428
      1021.6398      1022.2343      1022.7972      1022.4283      1022.1046
      1021.0526      1018.9113      1016.6846      1015.3224      1014.9940
      1014.6653      1012.7350      1009.3412      1006.5425      1006.5750
      1010.3851      1018.1824      1030.1938      1045.1888      1060.0010
      1071.2552      1078.2666      1082.0164      1083.4324      1083.3821
      1081.6816      1079.0359      1076.4923      1075.8209      1076.2782
      1077.3287      1077.6085      1075.9471      1072.0199      1066.8639
      1062.8455      1061.7914      1063.0457      1064.3177      1064.9860
      1065.3071      1067.4622      1072.1699      1078.9259      1085.2568
      1088.9111      1089.4038      1087.2156      1083.7294      1080.9246
      1078.2390      1075.9181      1073.8400      1071.1013      1067.6503
      1064.4919      1062.2992      1060.3754      1057.7316      1054.7334
      1053.1257      1053.6599      1056.3932      1059.7258      1062.3132
      1064.4625      1066.3673      1068.0607      1069.0894      1068.4302
      1066.7314      1065.1288      1063.8899      1062.7133      1061.9282
      1061.7112      1062.4934      1063.1653      1063.6637
      1076.8199      1076.7965      1075.7913      1071.6561      1064.1108
      1055.5592      1048.3777      1043.8661      1043.3446      1046.5388
      1050.1786      1051.0547      1046.4955      1037.9631      1028.6544
      1021.7709      1019.2189      1019.6973      1021.6982      1023.9169
      1025.2903      1026.0487      1027.0786      1028.6874      1031.2249
      1033.7451      1036.2830      1038.6711      1040.1945      1040.8864
      1041.3450      1041.3253      1040.3563      1037.6672      1033.7216
      1029.1727      1025.6432      1024.0000      1023.5456      1023.6870
      1024.5361      1025.6074      1026.0605      1025.6741      1024.6467
      1023.3649      1021.5826      1019.6974      1019.3242      1020.0926
      1020.4180      1018.6044      1014.1669      1009.6177      1008.5345
      1012.3774      1020.7775      1033.6901      1049.9833      1065.1925
      1076.2683      1083.4727      1087.5979      1089.1691      1087.8735
      1084.5197      1080.4384      1077.4854      1076.9104      1077.9180
      1079.4431      1080.6605      1080.2268      1077.9285      1074.7206
      1072.2987      1071.3740      1071.7889      1072.3837      1071.8684
      1071.9783      1074.1232      1079.2677      1085.5972      1090.5979
      1092.9042      1092.1520      1089.7263      1086.0558      1081.6100
      1077.6178      1074.0902      1070.7375      1066.6433      1062.1428
      1059.3809      1058.3270      1057.2605      1055.1168      1052.4730
      1050.5959      1050.3436      1051.8962      1054.7366      1058.1104
      1061.6395      1064.8539      1067.0605      1067.1555      1066.1646
      1065.3738      1065.1041      1064.6375      1063.3263      1062.2520
      1061.8223      1061.8970      1062.8037      1063.2139
      1078.5961      1079.1617      1077.9059      1073.4735      1066.3530
      1058.1807      1051.2366      1047.1339      1046.0653      1047.1970
      1049.1033      1047.7343      1041.7235      1033.0575      1024.7501
      1019.6432      1018.9606      1021.8085      1025.9912      1030.0822
      1032.9188      1034.4906      1035.1846      1036.4978      1038.5991
      1041.1493      1043.4719      1045.4435      1046.4924      1046.9492
      1047.6218      1048.2723      1047.9697      1046.4824      1043.4890
      1039.3267      1034.9856      1032.0615      1031.0240      1031.0913
      1031.4457      1031.7806      1032.0931      1031.3723      1029.5754
      1027.3597      1024.7526      1022.4319      1021.4293      1022.0468
      1022.2801      1020.3500      1015.6801      1011.1509      1010.8582
      1016.2617      1025.9581      1039.4490      1055.7026      1070.6398
      1080.9973      1087.1283      1090.6204      1091.4712      1088.9540
      1084.6560      1080.6797      1078.3643      1077.6986      1078.7666
      1081.2612      1083.1842      1083.1074      1081.6483      1080.7739
      1080.5060      1080.7084      1081.0298      1081.0457      1080.2207
      1079.3600      1080.6514      1084.1227      1088.6864      1091.9089
      1093.4078      1093.0757      1090.2297      1085.2756      1080.0707
      1076.0198      1072.2960      1067.4620      1061.8401      1057.3365
      1055.2594      1054.6265      1054.3655      1053.3835      1050.7217
      1048.5654      1047.7415      1047.8339      1049.5654      1052.6779
      1056.2714      1059.3821      1061.0001      1060.8649      1060.5555
      1061.8828      1064.5015      1065.7427      1065.2120      1063.8824
      1062.9202      1062.5634      1062.5988      1063.0527
      1076.9275      1077.7236      1076.7705      1072.8268      1067.5220
      1060.8772      1054.9885      1051.4480      1049.3833      1048.5756
      1047.6012      1044.7539      1039.5052      1032.8176      1026.7764
      1023.2281      1023.6490      1026.9934      1032.2087      1037.5518
      1041.9700      1044.2598      1044.9233      1045.5031      1047.1519
      1049.1849      1050.6887      1051.4843      1051.6882      1052.1246
      1053.3699      1055.0251      1056.3219      1056.7803      1056.6664
      1055.3959      1051.9901      1048.1555      1046.2788      1045.3995
      1044.4785      1043.7458      1043.3826      1043.0507      1041.1204
      1038.0876      1034.1522      1029.3381      1024.9661      1022.2666
      1020.4968      1018.1075      1014.7454      1011.8393      1013.4269
      1020.4039      1031.0492      1045.1549      1061.2570      1075.6406
      1084.7554      1089.4683      1092.3879      1092.3989      1089.6654
      1085.6162      1081.9788      1079.2804      1078.1914      1078.9896
      1081.3850      1082.8812      1082.0758      1080.7284      1080.9524
      1082.2222      1083.5841      1084.5275      1084.7277      1084.5713
      1084.2668      1084.4601      1086.7850      1089.5475      1091.3226
      1091.9618      1090.8148      1087.1481      1081.8555      1077.2340
      1074.3484      1070.8972      1065.3942      1058.7716      1053.8005
      1051.7625      1051.5062      1051.5372      1051.1271      1049.5383
      1047.8342      1047.2812      1047.1929      1048.1766      1050.7638
      1053.7369      1056.7168      1058.5287      1058.7687      1059.3352
      1061.6991      1065.3323      1068.0632      1068.1089      1066.6289
      1065.0087      1063.9117      1063.5511      1063.3051
      1073.0787      1073.7415      1072.5920      1069.6796      1065.8832
      1061.2574      1056.8298      1053.9861      1052.1338      1050.4709
      1048.6356      1045.9501      1041.7844      1036.9800      1032.4546
      1029.9775      1030.7784      1034.2338      1039.2894      1044.6392
      1049.0125      1051.5179      1052.4963      1053.5292      1054.9619
      1056.6047      1057.6693      1057.3541      1056.9611      1057.0638
      1058.4437      1061.0948      1064.3815      1067.5282      1069.9585
      1071.0333      1068.6052      1064.7169      1061.5012      1059.0585
      1056.8796      1055.4320      1054.9236      1054.7496      1054.1461
      1052.3636      1048.8263      1042.0988      1033.1135      1024.1486
      1017.7572      1014.2166      1012.7566      1013.4417      1017.4377
      1025.1012      1035.8776      1049.5295      1065.0812      1078.9462
      1087.0542      1090.8027      1092.7638      1092.8815      1090.5444
      1087.1407      1083.0497      1080.0741      1078.4374      1078.3469
      1079.1892      1079.3949      1077.4761      1076.1113      1077.0948
      1079.5187      1081.7866      1083.2540      1084.1837      1084.6273
      1084.4940      1084.7378      1085.9731      1087.5116      1088.3771
      1087.9741      1085.8584      1082.1425      1077.7321      1074.0315
      1071.7390      1069.2805      1064.4211      1057.9083      1052.3778
      1049.5005      1048.6836      1048.9458      1049.4681      1049.8315
      1049.8593      1049.5273      1049.7349      1050.4480      1051.7556
      1054.2158      1057.5636      1060.6403      1062.7323      1063.9758
      1065.4697      1068.5131      1071.2646      1071.7977      1070.2675
      1067.8423      1066.1371      1064.9872      1064.1051
      1070.9939      1070.4879      1068.8719      1066.2155      1062.9657
      1059.9619      1057.7386      1056.0902      1054.8903      1053.7324
      1052.2230      1050.1132      1046.6401      1042.2467      1038.4402
      1036.5487      1037.1245      1040.1998      1044.4222      1048.7349
      1052.3757      1055.1412      1057.3551      1060.4281      1063.7056
      1066.1084      1066.7035      1065.7623      1064.0448      1062.8793
      1063.2214      1065.5267      1069.6945      1073.8525      1077.4884
      1078.9973      1077.5956      1073.8894      1070.0254      1066.4843
      1063.6300      1061.9174      1061.4397      1061.5507      1062.3076
      1063.2965      1062.4680      1056.9091      1045.2449      1030.6501
      1018.6815      1013.1052      1013.9086      1019.0789      1026.8004
      1035.7379      1044.8560      1055.7484      1068.9270      1080.7567
      1087.9187      1090.7787      1092.4899      1092.7036      1091.5565
      1088.6549      1084.9513      1081.6896      1079.1777      1077.0779
      1075.9801      1074.9927      1073.2793      1072.3601      1073.7738
      1076.7527      1079.6224      1081.8020      1083.1663      1083.3585
      1082.7561      1082.2585      1082.7549      1083.5753      1084.0065
      1083.1963      1080.8820      1077.4805      1073.9589      1070.8931
      1069.1298      1067.4196      1064.2328      1059.5768      1054.2021
      1050.3026      1048.5615      1048.2322      1048.8411      1049.7898
      1050.7079      1052.1382      1052.9399      1052.8174      1052.8569
      1054.0273      1057.2352      1061.5055      1065.1948      1067.5653
      1069.4773      1071.9017      1074.6909      1075.7379      1074.3859
      1071.6622      1069.0747      1067.1313      1066.1038
      1071.1868      1070.2119      1068.3519      1066.0262      1063.6108
      1062.1252      1061.7032      1061.7245      1061.1534      1059.5811
      1057.4182      1055.0902      1051.9979      1048.0469      1044.9480
      1043.2328      1042.9622      1044.4480      1047.2333      1050.4249
      1053.4574      1056.2990      1060.5095      1066.8730      1073.0063
      1076.2351      1076.2971      1073.9434      1071.4717      1069.1243
      1067.6886      1068.5216      1070.8850      1074.2294      1077.5212
      1079.6492      1078.8479      1076.0264      1072.9479      1070.0702
      1067.2186      1065.4392      1064.5834      1064.7704      1066.2072
      1068.9670      1070.4983      1067.8949      1058.4215      1043.0684
      1028.6787      1021.3580      1022.3920      1029.7605      1039.7952
      1049.0859      1056.7963      1064.4915      1073.9581      1082.6271
      1088.0739      1090.9618      1091.8353      1092.1339      1091.8042
      1090.2582      1087.2234      1083.8444      1080.0981      1076.4763
      1074.0063      1072.9568      1072.5167      1072.6570      1073.7423
      1076.0071      1079.0359      1081.4355      1082.7001      1082.5984
      1081.0355      1079.4080      1078.9207      1079.3535      1079.5793
      1078.9213      1076.7228      1073.4103      1070.1542      1068.2336
      1067.5205      1066.5547      1065.1931      1062.7855      1058.7087
      1054.2400      1050.9895      1048.2290      1044.7571      1041.4406
      1041.5593      1045.4332      1049.6685      1051.6746      1051.8468
      1052.8329      1055.3618      1059.4679      1064.3201      1068.2003
      1070.9791      1073.4641      1076.2957      1078.1620      1077.5428
      1075.3289      1072.3468      1070.2233      1069.2732
      1073.7561      1073.5656      1072.1998      1070.4464      1068.7057
      1067.7063      1068.2468      1069.1389      1069.0437      1067.2787
      1064.5552      1061.6145      1058.3141      1054.5665      1051.7416
      1049.9161      1048.4656      1048.1127      1049.5295      1052.0933
      1054.9885      1058.9611      1064.4125      1071.2998      1077.1869
      1079.6459      1078.4180      1076.1667      1074.0146      1072.1770
      1070.6565      1069.7107      1069.8721      1071.4071      1074.2213
      1076.5494      1076.9927      1075.8068      1074.2113      1072.1388
      1069.9137      1068.1218      1067.0266      1066.6337      1067.7772
      1070.2739      1072.5989      1072.1176      1067.7629      1058.9176
      1048.0085      1040.3475      1038.6539      1042.3900      1049.5942
      1056.8828      1063.6013      1070.5448      1077.9503      1084.9668
      1089.2832      1091.0123      1091.1162      1090.6090      1090.5237
      1089.9459      1088.0969      1084.9620      1081.1517      1077.6340
      1075.4773      1074.8381      1075.3024      1075.9902      1076.1141
      1076.9691      1079.0171      1081.3650      1083.0005      1082.8944
      1080.4193      1077.8293      1076.0610      1074.9357      1074.5453
      1074.2780      1072.6200      1069.7650      1067.6389      1066.8702
      1066.5051      1066.3792      1066.0031      1065.2444      1062.5100
      1057.5793      1052.1387      1045.5984      1035.5768      1024.2576
      1020.1915      1026.2018      1036.3917      1044.8777      1049.3440
      1051.1240      1053.4323      1057.5585      1062.6776      1067.1697
      1069.5265      1071.1575      1073.6819      1075.9814      1076.8618
      1076.1309      1074.6887      1073.2000      1072.3110
      1081.1688      1081.7186      1081.6301      1080.0585      1077.3364
      1075.1188      1073.7180      1073.4869      1073.6416      1073.4355
      1072.1436      1069.2079      1065.1123      1060.7008      1057.2295
      1055.0703      1053.4393      1052.9623      1054.5278      1057.0698
      1060.6732      1065.3673      1070.0884      1073.6130      1075.9744
      1076.1316      1074.8920      1072.9933      1071.9270      1071.5072
      1070.5441      1069.4137      1068.8069      1069.2472      1070.9237
      1073.3762      1075.2772      1075.5907      1075.0314      1073.9896
      1072.5145      1071.1023      1070.2960      1069.6068      1069.6787
      1071.0876      1072.3228      1072.7603      1072.1492      1069.5361
      1064.4302      1059.2186      1055.9055      1055.5824      1057.5234
      1061.2015      1066.1212      1072.5220      1079.7756      1085.9263
      1089.7358      1090.6816      1089.7889      1088.7571      1088.0815
      1087.5032      1086.4354      1084.2573      1081.5848      1079.8351
      1079.2249      1079.0636      1079.2439      1079.0066      1078.3527
      1078.2144      1079.2727      1081.1927      1083.0652      1082.7114
      1079.7683      1076.1932      1073.3622      1070.5836      1069.3013
      1069.3319      1068.9592      1067.9100      1066.6965      1065.7053
      1064.5629      1062.9047      1061.6527      1060.7689      1057.7581
      1050.4905      1040.5089      1029.8434      1017.3646      1004.8541
       999.6452      1006.6008      1022.3934      1038.6234      1048.3485
      1051.4250      1052.9017      1056.8013      1061.8317      1065.6422
      1066.8923      1066.8153      1067.4454      1068.7947      1070.6584
      1072.6173      1073.4635      1073.1898      1072.4821
      1089.5718      1090.7394      1091.2092      1089.8160      1086.2356
      1081.3295      1076.9198      1073.7390      1072.8784      1074.1052
      1075.0402      1073.5667      1069.8331      1065.3489      1061.1716
      1058.3063      1057.0736      1057.9828      1060.8900      1064.3567
      1067.6307      1070.5538      1072.1471      1072.4550      1071.8687
      1070.6635      1069.3069      1068.6814      1068.8511      1069.4226
      1069.3542      1068.5341      1067.4028      1067.0878      1068.0818
      1070.2419      1072.9503      1074.4490      1074.4558      1074.3269
      1074.2167      1074.2006      1074.3301      1074.1772      1073.6173
      1073.4441      1073.6030      1073.5677      1073.2981      1072.4930
      1070.4948      1067.9580      1066.0978      1065.0850      1064.9014
      1065.5959      1068.2943      1073.1400      1079.0961      1084.4292
      1087.7084      1088.6263      1088.0419      1087.1847      1086.0970
      1084.6741      1083.6001      1082.4281      1081.6432      1082.1813
      1082.8943      1082.8994      1081.5610      1080.0724      1079.2489
      1079.4526      1080.2086      1081.2830      1082.1771      1080.2067
      1075.3158      1070.8945      1067.9786      1066.0193      1065.0710
      1065.6801      1066.7966      1066.3875      1064.2107      1061.6660
      1058.2819      1053.3901      1048.7700      1045.2418      1039.4268
      1027.7104      1013.5673      1002.2230       994.4627       989.1452
       988.5847       997.5119      1016.7814      1038.1300      1050.3400
      1052.3248      1051.6473      1053.6256      1058.5229      1063.0203
      1064.2859      1063.1353      1062.1096      1061.8508      1062.8446
      1065.1356      1067.0499      1067.7206      1067.5585
      1090.1594      1091.3716      1092.2963      1091.1110      1087.2383
      1082.0134      1076.0674      1070.6981      1067.9463      1068.2080
      1069.4598      1069.9097      1069.4474      1067.5128      1064.4524
      1061.7484      1060.3507      1060.8798      1063.4216      1065.9360
      1067.4868      1067.9528      1067.5162      1066.7477      1065.8047
      1064.9683      1064.7537      1065.2260      1066.6279      1067.7688
      1068.0194      1067.1282      1065.2825      1063.8025      1063.9448
      1065.7421      1068.7336      1071.2391      1072.3342      1072.2603
      1072.8009      1074.2526      1075.8984      1077.0198      1077.1428
      1076.1078      1075.1860      1074.0687      1073.5610      1072.7493
      1071.6753      1070.6804      1070.1829      1070.1407      1069.4659
      1068.9806      1070.3134      1073.7360      1078.2294      1081.6887
      1083.4442      1084.5135      1085.6765      1086.1111      1084.8055
      1082.6985      1081.4479      1081.4312      1081.8850      1083.4070
      1085.3444      1084.9784      1082.6737      1080.3594      1079.7407
      1080.4220      1081.1438      1081.5610      1080.4608      1075.8304
      1068.8997      1063.6874      1061.8284      1061.8197      1062.4670
      1063.1654      1063.0740      1060.5444      1055.5258      1050.3301
      1045.3363      1039.3308      1033.0677      1027.2639      1019.0315
      1007.1836       995.3315       988.2016       985.7841       985.5716
       987.5759       996.5410      1015.8099      1036.8481      1047.0934
      1046.3019      1043.2374      1044.5077      1050.9325      1058.4109
      1061.9430      1061.6699      1060.1976      1058.6957      1057.5228
      1057.4711      1058.2035      1059.4635      1060.8767
      1081.3673      1082.4653      1083.5438      1082.8936      1080.3885
      1076.3815      1071.4568      1066.2400      1062.2629      1060.2701
      1059.8542      1061.3202      1064.4551      1066.8439      1067.1614
      1066.2148      1064.0771      1062.3459      1061.9518      1061.8842
      1061.2937      1060.3892      1059.4888      1059.4349      1059.8434
      1061.0145      1062.8019      1064.7731      1066.4001      1067.7013
      1067.1185      1065.5364      1063.4626      1061.3864      1060.5443
      1061.6749      1064.3958      1067.8412      1069.6876      1069.4585
      1068.9990      1070.5145      1073.4220      1076.4640      1077.6691
      1076.8672      1075.1250      1074.0034      1073.4253      1073.3604
      1072.5457      1072.0079      1072.2583      1072.4391      1071.6652
      1070.8706      1071.7642      1074.4154      1077.4182      1078.9978
      1079.4226      1080.7936      1083.1670      1084.6790      1083.5287
      1081.4666      1080.7990      1080.7295      1081.4695      1083.4646
      1085.5366      1085.5803      1083.3105      1081.2822      1080.0784
      1079.7710      1079.4977      1078.2809      1075.0952      1069.3713
      1063.1527      1058.8994      1057.4418      1057.8290      1058.6603
      1058.1920      1054.6954      1048.2683      1040.5393      1033.6146
      1028.7916      1025.1199      1021.5166      1017.2005      1010.9221
      1003.1351       996.6115       992.8742       991.3941       990.3927
       990.5737       995.9367      1008.8021      1023.1481      1029.3783
      1028.0275      1027.0328      1032.2295      1043.3737      1054.5316
      1060.6946      1061.8636      1060.4147      1058.1635      1055.6735
      1054.0679      1054.4438      1056.3813      1058.7484
      1071.1766      1071.7513      1072.9874      1073.5183      1072.4335
      1070.0406      1066.6616      1062.8333      1059.0359      1055.8726
      1054.2075      1055.1122      1058.7401      1063.1139      1066.2948
      1066.9563      1065.2617      1062.5829      1060.2240      1057.8425
      1056.2037      1055.0863      1054.5962      1054.9518      1056.5099
      1059.1608      1062.9755      1066.2474      1068.2151      1068.6394
      1067.4969      1065.3108      1063.3500      1061.2716      1060.0182
      1060.1907      1062.5419      1065.7800      1067.6390      1066.7124
      1065.2242      1065.8219      1068.9701      1073.2621      1075.9218
      1075.7772      1074.3556      1073.4066      1073.2944      1073.0247
      1072.1899      1071.7610      1072.1879      1072.6293      1072.2317
      1071.4250      1071.9271      1073.8752      1076.0790      1076.9290
      1077.2949      1078.6515      1080.9377      1082.2208      1081.4799
      1080.3643      1080.2781      1080.4734      1080.7882      1082.3682
      1084.4034      1085.2344      1083.6156      1080.8538      1078.6390
      1076.4954      1073.5476      1069.4550      1064.8319      1060.5275
      1057.6035      1055.3387      1052.7185      1051.0194      1050.2964
      1048.0901      1042.5374      1034.5662      1026.2719      1019.7142
      1016.2422      1015.4192      1015.1789      1013.5750      1010.1445
      1005.8623      1002.0777       999.0825       996.6927       994.2498
       992.0655       993.1541       998.3190      1004.3270      1007.6698
      1008.9036      1013.4479      1024.4258      1039.3909      1052.7948
      1060.3530      1061.9806      1060.6633      1058.6824      1057.2400
      1057.1072      1058.4684      1060.7786      1062.2903
      1067.2809      1067.6979      1068.6361      1069.3269      1068.9099
      1067.2021      1064.3652      1061.2186      1058.1151      1055.1149
      1052.8165      1052.1025      1053.8188      1057.0607      1060.5970
      1062.8257      1062.8220      1061.5779      1058.9720      1056.0702
      1054.4264      1053.9252      1053.6919      1054.3796      1056.0586
      1059.4496      1063.9944      1068.0817      1070.0365      1069.6997
      1067.9989      1065.7997      1063.5992      1061.7646      1060.1338
      1060.0912      1061.7092      1064.3182      1065.6879      1064.5646
      1062.4763      1061.7360      1064.1791      1068.8232      1073.1128
      1074.1556      1073.0942      1072.1757      1072.1406      1071.9014
      1070.8462      1070.3134      1070.8605      1070.8295      1070.4669
      1070.0399      1070.0969      1071.8378      1073.7985      1075.1334
      1076.1898      1077.1973      1078.3560      1078.9327      1078.7379
      1079.0375      1079.9792      1080.2385      1080.3463      1081.6282
      1083.4500      1083.8831      1081.0791      1076.9926      1073.8005
      1070.2603      1065.4198      1060.4534      1056.7582      1054.7971
      1053.4268      1050.6737      1045.7340      1041.3037      1038.4069
      1035.2218      1030.2997      1023.6404      1016.8584      1011.9283
      1009.7051      1010.0699      1010.9626      1010.3148      1008.2285
      1005.9659      1003.5791      1001.1121       998.5639       995.6406
       993.3551       993.6091       996.0230       998.9630      1001.4996
      1004.7540      1011.4400      1023.3040      1038.6631      1052.2637
      1060.1359      1061.8925      1060.7904      1059.4563      1059.8992
      1061.6771      1064.0800      1065.6793      1066.0042
      1067.5540      1067.7360      1068.1605      1068.1410      1067.4022
      1065.9110      1063.4486      1060.7441      1057.9418      1055.2987
      1052.7487      1050.6466      1049.6809      1050.6559      1053.7448
      1056.8231      1058.7720      1059.2452      1057.7817      1055.1282
      1053.8391      1053.6486      1054.4629      1055.4636      1057.6394
      1061.3014      1065.5646      1069.3916      1070.9514      1070.0269
      1067.9302      1065.3025      1062.6221      1060.4825      1058.9995
      1058.6613      1060.1162      1062.4424      1063.5922      1062.6022
      1059.9624      1058.0292      1059.2379      1064.3208      1070.1617
      1072.7185      1072.1423      1071.2881      1071.2277      1070.9247
      1070.1119      1069.5935      1069.0454      1067.9071      1066.9558
      1066.7144      1067.4988      1069.2368      1071.4287      1073.2578
      1074.6033      1075.6945      1076.0986      1076.1610      1076.4012
      1077.9121      1079.8463      1080.2898      1080.4347      1081.4164
      1082.4252      1080.6660      1075.9460      1070.6564      1066.6396
      1063.1272      1058.6653      1054.7040      1053.2092      1052.2476
      1049.1974      1043.1544      1035.7827      1029.4459      1025.1827
      1022.3370      1019.3401      1015.2255      1011.2362      1008.2819
      1006.9284      1007.0663      1007.2512      1006.1940      1005.1068
      1004.4031      1003.6476      1002.3411      1000.3979       998.2836
       998.0188      1000.1042      1003.2953      1006.2695      1008.5799
      1010.9854      1015.6708      1025.3571      1039.2063      1052.0299
      1059.0597      1060.7887      1059.3309      1058.0536      1058.4946
      1061.3357      1065.0609      1067.3864      1067.7654
      1065.4366      1065.5200      1065.5635      1065.2699      1064.7268
      1063.5518      1062.2729      1060.9457      1058.7516      1056.0673
      1053.1702      1049.6156      1046.9530      1046.5594      1048.4131
      1051.3593      1054.1180      1055.9498      1055.5409      1053.8407
      1052.6512      1053.2278      1054.8953      1057.4718      1060.6874
      1064.4163      1067.8116      1070.5105      1071.5342      1070.2245
      1067.4923      1064.5190      1061.5095      1058.9308      1057.5303
      1057.2063      1058.2782      1060.3098      1061.4839      1060.1465
      1057.4287      1055.2474      1055.6920      1060.7368      1067.1543
      1070.8239      1071.6049      1071.6010      1071.4961      1071.2332
      1070.7278      1070.0426      1068.4811      1066.5385      1064.8459
      1065.0519      1066.7417      1068.8081      1070.8560      1072.8080
      1074.6609      1075.6241      1075.3369      1074.9463      1075.7249
      1078.0352      1080.4183      1081.2806      1081.1227      1082.1655
      1082.1426      1078.7100      1072.8995      1066.9570      1061.7303
      1056.8477      1051.9471      1048.1028      1047.0203      1045.4460
      1039.3860      1030.3671      1022.0639      1015.7155      1011.7255
      1010.1598      1009.5751      1008.8718      1007.7455      1006.8332
      1006.1594      1005.6384      1004.9244      1003.9565      1003.5082
      1003.8890      1004.1377      1004.1976      1003.7916      1003.7948
      1005.3954      1008.7690      1012.1848      1014.4778      1015.9312
      1016.8123      1019.1027      1026.1501      1037.9591      1049.4766
      1056.5271      1058.0463      1056.3878      1054.1587      1053.9608
      1057.2441      1062.5337      1066.7933      1068.4192
      1062.0342      1062.0880      1061.9390      1061.8480      1062.2400
      1062.5244      1062.3312      1062.0088      1060.4530      1057.2749
      1053.1287      1048.9495      1045.8850      1044.7158      1045.2637
      1046.9761      1049.4880      1051.7372      1052.6410      1052.4905
      1052.5389      1053.4894      1056.0565      1060.2279      1064.8118
      1068.7194      1071.1476      1072.1062      1072.0181      1069.9550
      1067.0640      1064.2909      1061.2512      1058.8784      1057.6625
      1057.4760      1058.2394      1059.0044      1059.0520      1057.8029
      1055.3696      1052.9102      1053.1907      1057.6243      1063.7314
      1067.8269      1070.0483      1071.4541      1072.5187      1072.6658
      1072.1667      1071.0333      1069.4015      1067.5177      1066.2507
      1066.8462      1068.9286      1071.0291      1073.0408      1075.3649
      1077.3912      1077.7889      1076.9728      1076.5319      1076.9731
      1078.8340      1081.4305      1082.7870      1083.4764      1084.1687
      1083.5110      1079.1572      1072.4240      1065.2999      1057.6796
      1050.0543      1043.4897      1038.7212      1035.6680      1031.5405
      1023.5667      1014.5431      1007.9689      1003.8837      1001.7166
      1002.1207      1003.9006      1005.5089      1006.3030      1005.9494
      1005.4314      1004.8029      1004.1877      1004.1535      1004.4415
      1004.7679      1004.9357      1005.5779      1006.7336      1008.6087
      1011.3118      1014.5980      1017.3773      1018.9633      1020.0941
      1020.8434      1022.3587      1027.7869      1037.3370      1047.5408
      1054.7690      1056.8817      1055.3777      1053.6342      1053.9274
      1057.3251      1062.3307      1066.4723      1068.5153
      1059.8011      1059.6354      1059.5919      1060.5491      1062.0193
      1063.1017      1063.3661      1062.4840      1060.8402      1057.8926
      1053.1605      1048.8501      1045.9249      1043.8369      1042.8926
      1042.7485      1043.9263      1046.2972      1048.5239      1050.6664
      1053.3064      1055.8961      1059.4508      1064.4634      1069.4288
      1073.1440      1074.1415      1073.1462      1071.2324      1068.2111
      1065.0834      1062.8391      1061.0242      1059.6134      1058.7107
      1058.7139      1058.8496      1058.1890      1056.4344      1054.1335
      1051.5455      1049.7617      1049.8800      1053.7078      1059.5099
      1064.3799      1068.1906      1070.6039      1072.3260      1073.1465
      1072.5457      1071.0349      1069.8547      1068.9382      1068.2407
      1069.2393      1071.6754      1074.2351      1076.5687      1079.0299
      1081.0936      1081.3568      1080.5022      1079.4989      1079.1459
      1080.2113      1082.3276      1084.4141      1085.7410      1085.9143
      1083.9751      1078.3518      1070.1031      1061.2756      1052.0245
      1043.2622      1036.2712      1030.4108      1024.7867      1017.7800
      1009.3839      1001.9742       998.3151       997.6791       998.9123
      1000.8542      1003.3566      1005.4128      1006.1055      1005.5990
      1005.0485      1004.6830      1005.0086      1005.5254      1006.1279
      1006.3622      1006.2714      1006.6615      1008.2369      1010.4005
      1013.3554      1017.0616      1020.8854      1024.1062      1026.2672
      1027.7581      1030.3324      1035.7190      1043.6577      1051.7557
      1057.3185      1059.4244      1059.0667      1059.3566      1061.4352
      1064.0471      1067.0040      1069.0820      1069.6282
      1058.0571      1057.8068      1058.6660      1060.1915      1061.7275
      1062.3486      1062.0497      1060.9539      1059.0735      1056.6372
      1053.1279      1049.1536      1046.2333      1044.0045      1041.2882
      1039.0502      1038.7943      1040.4108      1043.7996      1048.7697
      1054.3219      1059.0042      1063.4156      1068.3250      1072.8146
      1074.9504      1074.4615      1071.9573      1068.7427      1064.7217
      1061.5178      1060.0857      1059.7317      1059.5510      1059.1243
      1058.7948      1058.1934      1055.9757      1052.6141      1049.1761
      1046.7874      1045.3512      1045.8752      1049.4152      1055.1047
      1061.5751      1066.7471      1069.2891      1069.9941      1070.5397
      1070.8192      1070.2986      1069.4055      1068.4619      1067.8109
      1069.0674      1072.2898      1076.2522      1079.8333      1082.7175
      1084.5917      1084.7753      1083.5573      1082.0338      1081.3040
      1081.9758      1083.5160      1085.2751      1086.2478      1085.2489
      1081.8517      1075.2585      1066.1198      1056.1425      1046.4327
      1038.3063      1032.2046      1026.2678      1019.3220      1010.9729
      1002.5426       996.1453       993.9786       996.0577       998.9051
      1001.5884      1004.0433      1005.7689      1006.1105      1005.4715
      1005.1313      1006.0873      1007.2083      1007.9959      1008.7411
      1009.5810      1010.0593      1010.2222      1010.6429      1011.9689
      1015.0076      1020.4624      1027.6360      1034.5186      1038.7979
      1040.9113      1044.3071      1049.2557      1054.4888      1058.7783
      1061.7249      1063.4254      1064.6018      1066.3899      1068.8281
      1071.1084      1072.2888      1071.9655      1071.0098
      1056.2040      1056.5300      1057.4618      1058.9337      1060.0698
      1060.2461      1059.5337      1058.6790      1057.3707      1055.1393
      1052.0636      1048.8521      1046.3000      1043.8223      1040.4480
      1037.4440      1036.4530      1037.9788      1041.9910      1048.4581
      1055.2594      1060.3535      1064.2020      1068.0652      1071.0430
      1072.2273      1071.3557      1068.7354      1064.7578      1060.8984
      1058.5470      1057.8403      1058.3949      1058.8811      1058.8593
      1058.1949      1056.6295      1054.0800      1050.8514      1048.4126
      1047.0653      1045.9561      1045.6422      1048.1301      1053.3805
      1060.0883      1065.3265      1067.2496      1067.4191      1068.1359
      1069.1483      1069.3258      1068.1078      1065.5393      1064.2661
      1065.8949      1069.9540      1075.2722      1080.5847      1084.1847
      1086.1753      1086.6279      1085.5717      1083.6913      1082.3545
      1082.2751      1083.4528      1085.0226      1085.1165      1083.2594
      1079.1088      1072.4624      1063.1029      1052.6998      1042.9651
      1034.8395      1028.7163      1023.3711      1016.1737      1007.7815
       999.8420       994.3249       992.4544       994.2644       997.9089
      1001.1937      1003.7086      1005.0602      1004.9086      1004.5554
      1005.4359      1007.7979      1010.5096      1012.9067      1015.1899
      1017.0624      1017.9251      1017.8103      1017.2430      1017.5063
      1020.8176      1028.1586      1037.9872      1046.8674      1052.4333
      1055.2892      1057.4338      1060.0939      1062.3533      1063.8201
      1064.9902      1066.4181      1067.8599      1069.7054      1071.7704
      1073.5796      1074.0098      1072.4537      1070.6592
      1054.0822      1053.9274      1054.5875      1056.1285      1057.7993
      1058.8502      1058.6945      1058.1749      1057.3314      1054.9553
      1051.4496      1048.0902      1045.3633      1042.5708      1039.5509
      1037.1985      1036.6338      1038.2617      1042.1782      1048.3484
      1054.6489      1059.1318      1062.1107      1064.2297      1065.7728
      1066.6327      1065.8894      1063.9559      1061.0139      1058.3035
      1057.3018      1057.6663      1058.4545      1059.0540      1058.9180
      1058.2638      1056.8530      1055.3892      1054.5151      1055.0349
      1056.4078      1056.4335      1055.2472      1054.5551      1056.2366
      1060.3176      1064.2349      1066.5286      1067.8627      1068.8212
      1069.3942      1068.5309      1064.9979      1060.2103      1058.0312
      1059.8188      1064.7784      1071.4294      1078.0679      1083.2717
      1086.4255      1088.3394      1088.6525      1086.6785      1083.5728
      1081.6229      1082.3533      1084.1732      1084.2094      1082.0259
      1077.6204      1070.8794      1062.1674      1052.5350      1042.5814
      1033.0681      1025.7661      1019.7510      1012.4291      1004.0758
       997.3853       993.1951       991.7053       993.1484       996.3519
      1000.0150      1002.5032      1003.2909      1003.3842      1004.6966
      1007.8917      1012.2202      1016.7835      1021.6135      1026.1683
      1029.6483      1031.3856      1031.5732      1030.6960      1030.1464
      1032.6389      1039.1486      1047.4216      1055.2664      1060.6670
      1063.4370      1065.0626      1065.9504      1066.9811      1068.2179
      1068.9094      1069.3582      1069.7599      1069.9333      1070.8376
      1072.2102      1072.2791      1070.5228      1068.7891
      1055.0310      1053.9938      1054.2094      1055.4658      1056.9841
      1058.4963      1059.0675      1058.7926      1057.5215      1054.6372
      1050.9376      1047.4287      1044.5111      1041.7635      1039.6042
      1038.2462      1037.6384      1038.5721      1042.1541      1047.3514
      1053.0474      1057.2583      1059.7211      1061.1860      1062.0024
      1061.5382      1060.4689      1059.5110      1058.4725      1057.8992
      1058.2124      1058.8970      1059.6436      1060.0026      1060.1300
      1059.8101      1059.0875      1059.0115      1060.9033      1064.7177
      1069.1022      1070.8920      1068.8326      1064.3857      1060.8771
      1061.2435      1064.1074      1067.1486      1069.4928      1070.7653
      1070.2623      1067.6969      1062.2919      1055.8979      1052.3726
      1054.1149      1059.7799      1067.4259      1075.3661      1082.0043
      1086.8970      1090.6543      1092.2638      1090.0789      1085.2167
      1081.5254      1081.8823      1083.9971      1084.5494      1082.2101
      1077.8656      1071.4333      1063.4915      1055.0393      1045.4189
      1035.0514      1026.2570      1018.8010      1010.6501      1002.4373
       995.7335       991.9012       990.8179       991.6597       994.4520
       997.7534       999.8948      1000.7581      1003.1611      1008.8696
      1016.7850      1023.0920      1027.5544      1032.7714      1038.7694
      1043.6801      1047.0436      1048.4703      1047.7263      1046.8999
      1048.1029      1051.2343      1055.9032      1060.9312      1064.6545
      1066.7568      1068.6704      1070.6648      1072.5007      1074.0363
      1074.1843      1073.3090      1071.1332      1068.9052      1068.4503
      1068.9056      1068.5339      1066.9263      1065.9034
      1062.5581      1062.1718      1061.3936      1060.9261      1060.5983
      1060.3125      1059.8689      1058.4756      1055.9674      1052.9186
      1049.7036      1046.9705      1044.8828      1042.8616      1040.9932
      1039.7429      1038.8768      1039.5903      1042.2217      1046.9902
      1051.8253      1056.2944      1058.6486      1059.6990      1060.2061
      1059.1476      1057.6274      1057.1150      1057.4192      1058.3651
      1059.3633      1060.1957      1061.1543      1061.8516      1062.0171
      1061.9655      1061.6108      1062.8149      1066.1304      1071.5789
      1076.7351      1078.4343      1075.2137      1068.4576      1062.7070
      1061.1564      1063.3209      1066.5854      1069.5286      1071.5343
      1071.2639      1068.1754      1062.2695      1055.4288      1051.3813
      1052.1910      1057.4438      1064.7427      1071.8623      1077.8743
      1083.0016      1087.5806      1090.3995      1089.0667      1084.4957
      1081.4419      1081.8361      1084.2941      1085.4386      1083.6769
      1079.5726      1074.0266      1067.1635      1059.4409      1050.1268
      1039.4952      1029.9120      1021.0330      1012.2252      1003.2982
       996.0699       991.4794       989.4066       989.8403       992.0911
       994.9639       997.1501       999.7785      1005.6002      1017.2238
      1030.7435      1038.6368      1040.9467      1043.5826      1048.2391
      1053.1442      1057.0398      1059.3229      1059.5948      1059.0458
      1060.0659      1061.7579      1063.6028      1066.7098      1069.2505
      1070.9865      1073.2733      1075.7489      1077.8353      1078.6855
      1077.8250      1075.1487      1070.9149      1067.5502      1066.1362
      1065.6919      1064.9722      1064.0470      1063.7036
      1070.7156      1070.4924      1069.8634      1068.3806      1066.7308
      1064.8090      1061.7794      1057.6128      1053.6807      1050.9850
      1048.6390      1046.9348      1046.3539      1045.1025      1043.3251
      1041.6229      1040.6765      1040.8269      1043.4930      1047.4930
      1052.0583      1055.9009      1058.0970      1058.9397      1059.4689
      1059.1088      1057.7377      1057.3712      1057.7286      1058.5721
      1060.0544      1061.4486      1062.7003      1063.4543      1063.1831
      1062.6533      1063.1920      1064.8384      1068.5999      1073.5165
      1077.0376      1076.8896      1072.5398      1065.5525      1060.6281
      1059.4832      1061.4553      1065.0500      1068.6599      1071.2496
      1072.0573      1070.1455      1065.2216      1058.9381      1054.1849
      1053.5864      1056.9263      1061.8406      1065.7722      1068.8358
      1072.9517      1078.7025      1084.2606      1086.1345      1083.8198
      1081.4421      1081.9675      1084.1866      1085.2440      1084.2174
      1081.4802      1077.2615      1072.1012      1065.0093      1055.4451
      1044.7170      1034.0339      1024.2471      1014.5922      1005.4640
       997.9497       992.7305       989.7974       989.1126       990.5735
       993.1647       996.7020      1002.0657      1011.9254      1027.7507
      1044.2783      1052.0872      1051.7700      1051.2510      1053.7003
      1057.4091      1060.6406      1063.1300      1064.2341      1064.8405
      1066.2728      1067.7856      1069.5199      1071.7727      1074.3313
      1076.9039      1079.0905      1080.7725      1081.3698      1080.5759
      1078.3676      1074.5803      1070.0793      1066.5343      1064.5894
      1063.2257      1062.3972      1061.8828      1061.5209
      1072.8267      1072.8076      1072.4518      1071.8572      1070.9258
      1068.6484      1063.8823      1057.5264      1052.7610      1050.0508
      1048.4381      1047.6956      1047.8901      1047.6194      1046.0219
      1044.2407      1042.7460      1042.9806      1045.5696      1049.6365
      1053.4092      1056.2073      1057.8384      1058.8264      1059.9998
      1060.4684      1060.0065      1059.6765      1059.6317      1060.3494
      1061.5327      1063.2693      1064.4001      1064.0426      1062.7000
      1062.1757      1063.5050      1066.3424      1069.9889      1073.8478
      1074.6692      1070.8044      1064.0010      1058.0378      1055.5428
      1056.6005      1059.8450      1063.9600      1067.9719      1070.6793
      1071.9725      1071.4906      1068.6456      1063.4841      1058.6021
      1056.0822      1057.0840      1059.1887      1059.9442      1060.8142
      1064.3473      1070.9972      1078.6429      1082.7416      1081.8151
      1080.0261      1080.7574      1082.7426      1083.5195      1083.2516
      1082.4187      1080.4213      1077.2562      1071.7913      1062.8649
      1051.4875      1039.7896      1028.3313      1017.5434      1007.9006
      1000.3013       994.8986       991.3184       990.3036       991.2578
       993.9487       999.3184      1007.7557      1020.7022      1037.8247
      1053.2107      1059.2385      1057.4774      1055.4758      1056.5983
      1059.4487      1062.0599      1063.9469      1065.1973      1066.0851
      1067.0310      1068.3401      1069.9484      1072.0242      1074.9661
      1078.7358      1082.3087      1083.9839      1083.3049      1081.1990
      1078.0919      1073.5951      1068.6437      1065.2341      1063.1575
      1061.2837      1059.7928      1059.0300      1058.4203
      1071.3102      1071.1871      1071.1230      1071.3333      1071.5967
      1070.3579      1065.6932      1059.2357      1054.0682      1051.1522
      1049.5463      1049.4073      1049.9551      1049.6697      1048.5778
      1047.1542      1045.9829      1046.5155      1049.3263      1052.8735
      1055.7583      1057.3809      1058.1587      1059.2946      1060.6520
      1061.8904      1062.9075      1063.2599      1063.5112      1063.7522
      1064.6981      1065.4392      1065.4723      1064.0228      1062.1481
      1061.9613      1064.1237      1067.5978      1071.6227      1073.9982
      1072.0862      1064.4335      1054.8630      1049.5605      1049.7788
      1053.6101      1058.4146      1063.4078      1067.2954      1069.7832
      1071.1261      1071.5000      1069.5575      1065.6058      1060.8152
      1057.7765      1057.5587      1058.1831      1057.6594      1057.0609
      1058.7384      1063.4214      1069.6649      1073.6366      1073.9756
      1073.8790      1075.8375      1078.4664      1080.2699      1081.4705
      1082.7354      1083.2769      1082.3552      1079.2784      1071.5289
      1059.4573      1045.8699      1033.2419      1021.7133      1011.2999
      1003.1552       997.6669       994.4564       993.6611       994.6157
       997.8331      1004.7159      1015.4621      1029.7874      1045.7699
      1058.2756      1062.6837      1060.1271      1057.5621      1057.9906
      1060.1379      1062.2769      1063.7705      1064.4708      1064.4851
      1064.3418      1064.2307      1064.6237      1066.5496      1070.0760
      1075.4845      1081.3414      1084.2289      1083.4385      1080.6832
      1076.8026      1071.5294      1066.3591      1063.1953      1061.3209
      1059.5775      1057.9811      1056.6483      1055.5735
      1069.0714      1069.1039      1069.1575      1070.2897      1071.8912
      1071.6768      1068.5477      1063.7190      1058.7855      1054.7657
      1052.4536      1051.9695      1051.9764      1051.8303      1051.6276
      1051.1404      1050.8746      1052.1244      1054.5721      1056.5752
      1057.8038      1058.3572      1058.6486      1059.7993      1061.6804
      1063.4814      1064.9498      1066.4249      1067.5210      1068.0089
      1067.6246      1066.8574      1065.3234      1063.2731      1061.6110
      1061.5240      1063.3651      1067.0869      1070.6555      1071.3031
      1067.4241      1059.1606      1050.5796      1046.6290      1048.1202
      1052.9950      1058.7029      1063.1666      1066.4807      1068.5386
      1070.3816      1071.0405      1069.2686      1065.0823      1060.5497
      1057.4891      1056.7795      1057.2881      1056.7971      1054.9823
      1054.1251      1055.6250      1059.4427      1063.4642      1065.4246
      1066.8704      1069.2798      1072.7206      1076.1984      1079.6409
      1082.9515      1085.3818      1086.3965      1084.5272      1077.3931
      1065.0566      1050.6757      1037.4446      1025.7946      1015.6358
      1007.8580      1002.7390      1000.4619       999.9941      1000.8311
      1004.3864      1011.5833      1022.8950      1036.8904      1051.1895
      1061.5928      1064.4797      1061.8822      1059.2343      1059.1869
      1060.4041      1061.7037      1062.7264      1063.4301      1063.3220
      1062.6053      1061.7151      1061.0477      1062.0736      1065.4811
      1071.1406      1076.9674      1080.0305      1079.4432      1076.7789
      1072.6510      1067.8730      1063.8977      1061.1025      1059.3385
      1057.9558      1056.7150      1055.1895      1053.4038
      1067.3688      1067.5334      1068.4863      1070.6378      1072.9458
      1073.4583      1071.5917      1068.5796      1064.9962      1060.9006
      1057.4592      1055.5100      1054.5890      1055.0044      1056.0841
      1056.7736      1057.4908      1058.5074      1059.5419      1059.8452
      1059.5227      1059.1824      1059.4475      1061.0079      1063.6135
      1065.6290      1067.1594      1068.6302      1070.0503      1070.3921
      1069.0400      1066.8621      1064.5254      1062.4214      1061.1307
      1060.4369      1061.3264      1063.5787      1065.3071      1064.2140
      1059.8729      1054.5165      1050.5234      1049.6398      1051.9471
      1056.4873      1061.0822      1064.5386      1066.7638      1068.7284
      1070.9288      1072.1000      1069.9812      1065.1851      1060.0970
      1056.9260      1055.4298      1055.3906      1055.2183      1053.8967
      1052.1954      1052.3843      1055.1963      1058.8676      1061.8125
      1063.8008      1066.1869      1069.6960      1074.2518      1078.7408
      1082.7649      1086.2395      1088.0991      1086.6775      1079.9706
      1068.0140      1053.9563      1040.2783      1028.5663      1019.6231
      1013.4487      1010.0534      1008.6382      1008.4909      1009.5557
      1012.2181      1018.6513      1028.4712      1040.8639      1053.9613
      1062.8373      1065.0696      1063.0461      1060.2758      1058.4639
      1057.0775      1056.7566      1058.2845      1060.7263      1062.2694
      1062.6709      1061.9170      1061.1271      1061.2922      1063.4618
      1067.6166      1071.3116      1072.0575      1070.2815      1067.5269
      1064.6215      1062.0959      1060.1154      1058.0917      1056.0101
      1054.7438      1053.8630      1052.4700      1051.2339
      1066.6704      1067.3339      1069.0173      1071.3472      1073.3096
      1074.0211      1073.0325      1071.4944      1070.0984      1067.5913
      1064.1227      1061.1830      1059.7322      1059.7554      1061.1802
      1062.9120      1063.5249      1063.6063      1063.5753      1062.7596
      1061.9053      1061.3054      1061.4193      1063.5569      1066.3538
      1068.6101      1069.8810      1070.7222      1071.3429      1070.9484
      1069.2551      1066.5906      1064.0596      1062.0857      1060.9030
      1060.1567      1059.6995      1059.7888      1059.1979      1057.1129
      1054.0981      1051.8129      1051.6809      1053.1462      1056.5197
      1060.8164      1064.4192      1066.8964      1068.8987      1070.8831
      1073.1570      1074.3694      1072.4506      1067.3372      1061.9174
      1058.0151      1055.7623      1054.8062      1054.5050      1053.4308
      1052.4941      1052.6636      1055.0079      1058.5939      1061.5835
      1063.5627      1065.4744      1069.1941      1074.1344      1078.9956
      1082.7170      1085.4554      1087.1885      1086.1929      1080.0908
      1068.8323      1054.4124      1040.1581      1028.4764      1021.0796
      1017.8452      1016.8231      1016.7827      1017.0021      1017.4468
      1019.6375      1024.8608      1033.3704      1044.4359      1055.7886
      1062.7003      1063.7167      1061.1340      1057.5148      1052.1821
      1045.4833      1042.7017      1047.0109      1053.9940      1059.2456
      1061.8735      1062.1805      1061.0951      1060.9565      1063.0276
      1065.9532      1066.6051      1063.9987      1060.3870      1057.1582
      1054.8658      1053.7516      1053.6042      1052.4995      1051.0125
      1050.1683      1049.6552      1049.2979      1049.0026
      1068.2130      1068.7059      1070.2404      1071.9188      1073.3683
      1074.1331      1074.0626      1073.7021      1073.4092      1072.4946
      1070.1166      1067.4977      1066.0892      1066.1027      1067.1497
      1068.0302      1068.1465      1067.7465      1067.2208      1066.3077
      1064.9840      1064.4087      1064.9923      1066.9181      1069.7262
      1071.8119      1072.4187      1072.4253      1072.2120      1071.1770
      1069.2953      1066.7257      1064.2770      1062.3894      1061.3369
      1060.7350      1059.7915      1058.5983      1057.1062      1054.9072
      1052.6472      1051.9282      1053.1747      1056.2386      1060.5303
      1064.6776      1067.5515      1069.5763      1071.4047      1073.4685
      1075.8800      1077.3799      1076.2552      1071.6636      1065.7273
      1061.1196      1058.1470      1056.7124      1056.1204      1055.9365
      1055.3104      1055.4353      1057.0453      1059.8311      1062.4625
      1063.7382      1065.3939      1069.0208      1073.9860      1078.4917
      1081.3367      1082.7535      1083.7063      1082.3341      1076.0656
      1064.3387      1049.6719      1035.1448      1024.6903      1019.6888
      1019.6166      1021.4667      1022.9214      1023.5588      1023.2155
      1024.0814      1028.5812      1036.9788      1047.8065      1056.7561
      1060.6105      1058.6028      1053.0970      1046.8221      1039.2051
      1030.2797      1026.7377      1032.0951      1042.0261      1051.3649
      1057.8259      1060.3536      1059.9451      1060.4125      1063.1630
      1065.4319      1063.4817      1058.7183      1053.9255      1050.0245
      1047.1617      1046.0006      1046.1141      1046.2812      1046.3889
      1047.1381      1047.8881      1048.5955      1048.9673
      1071.4296      1071.0989      1071.6160      1073.0933      1074.8691
      1075.9105      1076.0961      1075.8169      1075.6249      1074.9668
      1073.9697      1072.6967      1071.8162      1071.9615      1072.6724
      1072.9451      1072.4032      1071.8020      1071.1982      1069.8031
      1068.1617      1067.2936      1068.2570      1070.1594      1072.0743
      1073.3544      1073.6299      1073.3070      1072.3142      1071.2162
      1069.7159      1067.9613      1065.9019      1064.4512      1063.8740
      1062.9889      1061.5863      1060.2272      1058.2853      1055.8445
      1053.9326      1053.5243      1055.1128      1058.6544      1062.9551
      1066.9556      1069.7240      1071.4172      1073.6958      1076.7501
      1079.3521      1080.6788      1079.1093      1074.5739      1068.8031
      1063.5773      1060.5420      1059.5818      1060.0740      1060.7616
      1061.1140      1060.8844      1061.0154      1062.2645      1063.2694
      1063.8879      1065.3881      1068.3508      1072.5304      1075.8715
      1077.3070      1078.2070      1078.5133      1075.9305      1067.9216
      1055.1957      1041.0132      1029.0713      1021.2495      1019.0519
      1021.1758      1024.4630      1026.8438      1027.2867      1025.9309
      1024.9066      1027.2408      1034.7600      1045.0266      1053.1113
      1055.1654      1050.0662      1041.1812      1032.8655      1026.3458
      1021.3081      1019.1903      1021.9688      1029.3309      1039.7026
      1049.6791      1055.5142      1057.8025      1059.2301      1061.9708
      1063.3707      1060.7560      1055.4670      1050.5050      1046.7080
      1044.2877      1043.2753      1043.2891      1043.8036      1044.9330
      1046.9346      1049.1316      1050.9126      1052.2286
      1073.8956      1073.3756      1073.3307      1075.4792      1078.0830
      1079.4436      1078.8064      1077.3350      1076.4108      1076.2811
      1076.4978      1076.4894      1076.0219      1075.7397      1075.7649
      1075.7997      1075.2986      1074.5582      1073.6923      1072.2716
      1070.4110      1069.6171      1070.3613      1071.7455      1072.6353
      1073.2107      1073.2180      1072.4983      1071.9600      1070.9695
      1070.0941      1069.6963      1068.8887      1068.0332      1067.5341
      1066.4852      1064.6871      1062.7836      1060.1965      1057.2648
      1055.2227      1054.6797      1056.1549      1058.5161      1061.2635
      1064.2871      1066.6617      1069.5872      1073.7981      1077.5244
      1079.6547      1079.4346      1076.5682      1071.7467      1066.1956
      1062.4293      1060.8491      1061.2030      1062.4817      1063.9728
      1065.0988      1065.1394      1064.3788      1064.1722      1064.0513
      1063.6267      1064.1646      1066.3906      1069.2281      1071.5076
      1072.7478      1073.5516      1073.6541      1070.8879      1062.8632
      1050.8615      1039.7258      1032.3656      1028.6559      1027.3019
      1027.3318      1028.0256      1028.5511      1027.7709      1025.6554
      1023.0640      1022.3882      1027.0762      1035.7261      1043.6691
      1046.2325      1041.4456      1032.7092      1025.8632      1022.6909
      1021.5515      1020.4938      1020.4778      1023.3303      1030.3402
      1039.9692      1048.6818      1053.8270      1056.2751      1058.2272
      1058.0897      1054.3624      1049.6000      1045.9657      1044.1949
      1044.0240      1044.5858      1045.3289      1046.0153      1047.0817
      1048.9070      1051.3109      1053.8893      1055.4111
      1074.8794      1074.9458      1075.6921      1077.8696      1080.6876
      1081.8755      1080.4380      1078.1067      1077.0481      1077.0879
      1078.2152      1079.2944      1079.0522      1077.7897      1076.6544
      1075.9070      1075.3634      1074.7275      1073.9796      1072.8447
      1071.6455      1071.2631      1071.8992      1072.5925      1072.8936
      1072.8969      1071.9396      1070.5591      1069.7013      1069.6775
      1069.7498      1070.5061      1071.3448      1071.0708      1070.1360
      1068.7566      1066.9255      1064.2330      1060.9862      1057.8049
      1055.1055      1053.9465      1054.3733      1055.0947      1055.9520
      1057.1300      1059.3203      1063.1333      1068.0195      1071.5787
      1072.6969      1071.6200      1068.8395      1064.6279      1060.6283
      1058.3158      1058.4442      1059.7683      1061.3104      1063.3695
      1065.0404      1065.3475      1064.6997      1063.7704      1062.8026
      1062.0392      1062.0209      1062.9180      1064.6185      1066.3406
      1067.7371      1069.0889      1070.2887      1069.3542      1064.1182
      1056.0238      1049.4530      1046.5519      1045.3330      1042.5690
      1037.4271      1032.2271      1028.8319      1026.2214      1023.4377
      1019.9785      1017.4491      1018.8459      1024.4115      1030.5198
      1033.5037      1031.4127      1026.1738      1023.2723      1023.6279
      1024.0565      1023.3429      1022.2598      1022.4028      1024.8317
      1031.2511      1039.9602      1047.0057      1050.6870      1050.8752
      1047.8569      1041.9446      1037.3268      1036.7163      1039.4004
      1042.8107      1045.8660      1048.2745      1049.3658      1049.6578
      1050.5049      1052.0046      1053.8405      1055.3729
      1074.5604      1075.2676      1076.9141      1079.1802      1081.0673
      1081.6638      1080.0458      1078.5648      1078.1461      1078.2876
      1079.6304      1081.1064      1080.9277      1078.8434      1076.0618
      1074.2126      1073.4451      1072.9541      1073.0298      1073.1541
      1072.9255      1072.7181      1073.1556      1073.6838      1073.5706
      1072.1534      1069.6954      1067.3093      1066.2572      1066.6661
      1068.1757      1069.7748      1071.1154      1071.4730      1070.6244
      1069.3218      1067.0895      1063.7372      1060.0100      1056.6061
      1053.1888      1050.7924      1049.9380      1050.1083      1050.3997
      1051.2351      1052.7935      1055.8235      1059.3389      1062.0005
      1063.0902      1062.6682      1061.2808      1059.3795      1057.5624
      1056.7177      1056.9276      1057.3246      1057.9325      1059.4332
      1061.3589      1062.1790      1062.0991      1061.6984      1060.9164
      1060.2585      1060.0885      1060.1538      1060.6743      1061.3264
      1062.3871      1064.7402      1067.3550      1068.1876      1065.9176
      1061.3689      1057.8218      1056.7002      1055.1206      1050.4382
      1041.9553      1033.0948      1027.4645      1024.1852      1020.6245
      1016.6306      1013.6688      1013.1086      1015.0792      1017.5894
      1019.2468      1018.8809      1017.7155      1018.4403      1020.9736
      1022.5791      1022.6199      1021.8113      1020.6122      1020.5910
      1023.7562      1030.3427      1037.3806      1041.0422      1040.0055
      1034.5210      1027.6639      1023.9438      1026.3549      1033.4459
      1041.1566      1047.2313      1051.0054      1052.3136      1051.9938
      1051.3130      1051.4092      1051.6654      1052.3846
      1073.2396      1073.9849      1076.1023      1078.7518      1080.3868
      1080.4105      1079.1428      1078.7637      1078.7543      1079.1638
      1080.6619      1081.7777      1081.0508      1078.4861      1074.6713
      1071.9258      1070.9783      1071.4747      1072.6060      1073.6267
      1074.0256      1074.2928      1074.5067      1074.1936      1072.7191
      1069.9639      1066.1951      1063.0959      1062.4897      1063.3497
      1064.6526      1066.3295      1068.1855      1069.1927      1069.2483
      1068.3724      1066.0695      1062.2783      1058.1576      1054.1693
      1050.4705      1047.3333      1045.6439      1045.6700      1046.6625
      1047.9015      1049.2039      1050.6617      1052.4232      1054.3560
      1056.0588      1056.9017      1056.9823      1057.0840      1057.8596
      1058.8507      1058.3104      1056.5488      1055.5070      1056.1162
      1057.4795      1058.7804      1059.7849      1060.5057      1060.3662
      1059.9600      1059.8676      1059.8861      1059.2362      1058.2554
      1058.6219      1061.0226      1063.8978      1065.5060      1064.4412
      1061.0222      1058.2965      1056.5320      1053.8354      1048.2383
      1039.0935      1029.7194      1024.4552      1022.0229      1018.8878
      1015.2243      1012.2288      1010.6878      1010.2125      1010.2396
      1010.6531      1010.8538      1011.3408      1013.5422      1016.6920
      1019.0448      1020.1327      1019.9520      1018.4460      1017.0221
      1017.8904      1022.1465      1027.0179      1029.9750      1028.8226
      1024.3499      1019.1487      1016.7180      1020.3531      1028.8265
      1038.9438      1047.2765      1052.1930      1054.1437      1053.7150
      1052.4718      1051.4117      1050.8590      1050.8813
      1071.5447      1071.8862      1074.1069      1077.2649      1079.3179
      1079.1666      1078.7495      1078.6417      1078.8368      1079.2120
      1080.4235      1081.2151      1079.7986      1076.7771      1073.2501
      1070.2435      1069.8016      1071.0393      1072.3914      1073.4928
      1074.2693      1074.6309      1074.2926      1073.0159      1070.4487
      1066.9786      1063.0292      1060.0690      1059.2329      1059.8994
      1061.1952      1063.3518      1064.9982      1066.0106      1066.8516
      1066.4391      1064.1224      1060.7075      1056.7496      1052.5322
      1048.5970      1045.5898      1043.6682      1043.2046      1044.7090
      1046.3954      1047.1224      1047.7645      1048.8287      1050.7297
      1053.1797      1054.8978      1055.9332      1056.8756      1058.6333
      1059.8926      1059.3345      1057.2461      1055.7723      1055.7324
      1056.5520      1057.6316      1058.7893      1059.4318      1059.5413
      1059.9127      1060.2534      1060.2590      1059.2405      1057.4117
      1056.9425      1058.3787      1060.7216      1062.3014      1061.3416
      1058.2672      1055.0933      1052.2277      1048.8821      1043.5083
      1035.3719      1027.5811      1023.3024      1021.6876      1019.9483
      1017.4084      1014.6132      1012.3100      1010.8632      1010.1212
      1010.0956      1009.9470      1010.7595      1013.0114      1015.4982
      1017.8802      1019.1889      1018.9684      1017.2073      1015.4075
      1015.5928      1017.5558      1020.7431      1022.9844      1023.1071
      1021.2371      1018.6472      1018.0247      1020.9308      1027.9270
      1036.8805      1044.9274      1050.5139      1053.1294      1053.4409
      1052.8051      1052.1876      1052.0375      1052.4602
      1070.0839      1070.3390      1072.4166      1075.8458      1077.9722
      1078.4437      1078.3746      1078.5554      1078.5801      1078.9264
      1079.7859      1080.0455      1078.5675      1075.2365      1071.7565
      1069.6422      1069.1696      1070.5579      1071.9150      1072.5690
      1073.5780      1073.8992      1072.8315      1070.9885      1068.5768
      1065.3657      1061.8384      1058.9285      1057.6029      1058.3171
      1060.4137      1062.7645      1064.0762      1064.2932      1064.7019
      1064.8109      1063.0764      1059.6740      1056.2184      1052.3080
      1047.9292      1045.0547      1043.6830      1043.4054      1044.6868
      1046.2469      1046.4302      1046.2433      1047.6531      1050.3828
      1053.2966      1055.3505      1056.6982      1058.0685      1058.7277
      1059.0073      1058.5878      1057.2878      1056.3284      1056.3815
      1056.9351      1057.4933      1057.9810      1058.2012      1058.5280
      1059.2421      1059.9058      1059.8220      1059.0942      1058.0641
      1056.9822      1057.0665      1058.8936      1060.5883      1059.3998
      1055.8690      1052.3569      1049.0114      1045.2972      1040.3011
      1033.9369      1028.3737      1024.9196      1023.3087      1022.5931
      1020.9133      1018.4941      1016.2108      1014.1796      1013.1207
      1012.3193      1011.8864      1013.1440      1015.4179      1017.3595
      1019.0992      1019.8458      1018.4586      1016.5084      1015.7281
      1015.8913      1016.8073      1018.9163      1021.2131      1022.5043
      1022.3661      1021.7606      1022.2645      1025.0312      1029.6914
      1035.8884      1042.5784      1048.0704      1051.1356      1052.1478
      1052.5907      1052.8069      1053.3070      1054.2465
