!     RMS - Reservoir Modelling System GRID TO ZYCOR GRID
!     RMS - Reservoir Modelling System VERSION : 10.1
!     GRID FILE NAME   : Base_Reflector2
!     CREATION DATE    : 2018.12.21
!     CREATION TIME    : 08:26:55
@Base_Reflector2 HEADER                     ,      GRID, 5
      15,    -99999.0000,       ,      4,      1
     119,     65,    436910.1562,    440110.1562,   6469154.5000,   6475054.5000
         0.0000,         0.0000,         0.0000
@
+ Grid data starts after this line
       956.4177       957.4448       957.8100       957.1046       956.1950
       955.6443       955.4986       955.6141       955.5327       956.4542
       957.3142       957.4833       956.9528       958.4028       960.7849
       961.3941       961.2098       961.1660       962.4988       964.3008
       966.4320       969.7346       972.6400       973.9970       972.9990
       971.0374       969.0063       968.0984       968.3063       968.6033
       969.6094       970.4098       970.3267       970.1224       969.9584
       970.7161       971.4175       971.3524       970.2016       968.0133
       967.5728       966.9537       964.2564       961.6769       961.1507
       961.5074       960.2186       956.8849       953.5099       952.3994
       951.6612       951.2236       952.3156       953.5458       953.0370
       951.6367       950.7115       949.9553       950.0287       950.7795
       951.2482       952.6921       955.4586       957.4756       956.8428
       954.9739       953.4899       951.9407       952.1295       954.1549
       956.6556       958.7324       960.1497       962.0141       965.4705
       968.6718       969.1833       968.7132       968.8775       970.1013
       971.8967       973.8035       975.5422       977.1793       978.9872
       981.0217       982.4621       983.4774       983.7714       983.3065
       982.8632       982.3326       982.3257       982.4076       981.3806
       979.9395       977.7937       976.0329       976.5630       978.4089
       979.6060       981.1324       982.7881       983.7542       984.6633
       985.3074       985.3953       984.6552       982.5604       980.1792
       978.3712       976.1387       974.4965       974.0495       973.8836
       973.8292       973.9164       973.3920       972.3447
       957.2953       957.0579       956.5922       955.1854       953.9957
       953.5300       953.7875       953.3287       953.3875       954.1039
       954.0815       953.8960       954.8678       957.2148       960.1597
       962.0867       962.4487       962.9723       964.0897       965.4646
       967.9688       970.3227       971.8409       971.9709       971.3452
       969.7204       968.0125       968.0014       968.6364       968.8588
       969.3624       969.6507       969.6498       968.8760       968.3911
       969.3979       970.4467       970.8128       970.2450       968.8343
       968.3793       967.5070       964.1799       961.9442       961.4808
       960.7322       959.1733       955.9171       952.5246       951.1946
       951.1237       951.2756       952.3494       953.4739       953.3841
       952.3420       950.9769       949.4827       949.3805       949.8015
       951.0480       953.0162       954.5423       955.4964       955.2310
       953.7185       951.7847       951.0033       951.8992       954.2413
       956.5499       958.2870       959.7161       961.9820       965.3374
       968.6749       970.0313       969.7292       969.0829       969.6409
       971.8864       973.6847       975.0574       976.7745       979.4944
       982.1569       984.2864       985.2101       985.1993       985.1701
       984.5173       983.4299       982.9355       981.9595       980.3283
       978.6556       977.4685       977.3351       978.2111       978.8376
       979.6423       980.6592       981.9424       982.9470       984.1945
       985.1650       985.6588       986.5596       985.6623       982.4594
       978.7845       975.4870       973.5333       972.4741       972.0807
       972.2866       972.5435       972.2925       971.2343
       956.7707       955.4204       953.8408       952.6524       951.4683
       950.9633       950.9618       951.0568       951.2047       951.2352
       951.0171       951.3817       952.9540       955.4216       958.8777
       962.5333       964.1501       964.7252       966.1248       968.5444
       970.9493       972.1068       971.4200       970.5514       969.7426
       968.8069       967.8779       968.0950       969.1422       969.7808
       969.2002       968.7400       968.3707       967.2993       966.5832
       967.7727       969.2344       969.8798       969.5861       968.9565
       969.1172       967.9816       965.1299       962.2924       961.5488
       960.8870       957.9724       954.2364       951.4300       949.8584
       949.7628       950.4517       951.0598       951.7941       951.6230
       950.9886       950.0184       948.9319       948.2947       948.7847
       949.8208       951.2936       952.2946       952.6731       952.8641
       951.7643       949.6790       948.9640       950.4135       952.6199
       955.1623       956.9932       958.7081       961.2278       964.4794
       967.7139       970.1946       970.6483       970.2390       970.3104
       972.0371       974.0424       975.5372       977.4496       980.2559
       983.6298       986.0190       986.9420       986.7897       986.5573
       986.0405       984.5023       982.8395       981.5572       979.9291
       979.4191       979.1944       979.2056       980.1044       980.5513
       980.4580       980.9240       981.9006       983.0790       984.9200
       986.2114       986.8718       988.2338       988.2632       984.1140
       979.3840       976.3232       973.9833       971.9553       970.6383
       970.6433       970.5342       970.4796       970.1525
       954.4807       953.6599       951.6213       950.1649       949.5092
       949.0338       948.7715       949.5262       949.6579       949.6667
       949.8189       950.3077       952.1165       954.6976       958.3015
       962.2683       964.1738       965.2823       968.0610       971.5227
       974.0279       974.0182       971.7855       969.2344       968.9501
       968.5620       967.9778       968.5563       969.5664       969.6113
       968.3484       967.0414       966.6518       966.2520       965.1740
       965.7073       967.6007       968.6055       968.9987       969.1578
       969.2010       968.4244       965.1895       961.8499       960.6656
       959.8585       956.0570       951.3426       949.1152       948.5844
       948.2090       948.7224       949.8901       950.0901       948.7518
       947.7699       947.6474       947.2481       947.0964       947.1770
       947.9531       948.6846       949.4200       949.6717       950.2012
       949.7109       947.5175       946.2678       946.9811       948.8902
       951.5143       954.3869       956.8599       959.8745       963.1941
       966.4407       968.6818       970.4020       970.6429       971.2191
       973.0057       975.4921       978.0099       980.1165       982.5202
       984.5020       986.2505       987.1066       987.4164       986.6964
       986.0744       984.7378       983.2731       982.2264       981.9207
       982.1750       981.9884       982.3245       982.6693       982.4894
       981.4344       981.1794       981.4055       982.5830       984.6966
       986.4781       987.5122       988.8121       987.4370       983.0894
       978.8742       976.8206       974.7781       972.2799       971.0420
       970.4375       969.4922       969.5649       969.5583
       951.7431       950.7981       949.1985       947.9815       948.2788
       948.5027       948.3604       948.7083       948.7610       948.7639
       949.4971       950.3182       952.2595       954.5438       958.0417
       961.3823       963.1133       965.2327       968.5876       972.1301
       974.7302       974.5212       971.0268       968.6097       968.5737
       968.0010       967.2490       968.0018       968.7542       967.9033
       966.2401       964.8763       965.3149       965.6019       964.6844
       964.3354       965.5215       966.4498       967.0399       967.9684
       967.8516       965.8527       962.7889       959.5590       958.3120
       956.7842       953.0154       949.0978       946.8076       946.7341
       947.4755       947.9813       948.6465       948.7317       947.0563
       945.0950       944.6940       944.8197       945.0611       945.5558
       946.4205       947.2195       947.3364       947.5510       947.3286
       947.1978       945.5450       944.0120       944.2708       945.4963
       947.8091       951.1273       954.7018       958.2894       961.1634
       963.8685       966.6526       969.0453       969.9384       970.8087
       973.5767       977.1268       979.8576       982.2646       984.3816
       986.1797       986.8774       986.8736       986.5812       985.6138
       984.3209       983.9366       984.1223       984.9797       985.0850
       984.0906       983.9885       984.6116       985.1152       983.6387
       981.9967       981.3127       981.2686       981.1463       982.7315
       984.8525       986.3790       986.6680       984.6022       980.4987
       978.0097       977.1270       975.9424       974.0207       972.3317
       971.1021       970.4388       969.8773       968.8519
       947.2816       946.5414       945.7108       945.7127       946.2315
       947.0739       948.1051       947.7303       947.0287       947.1453
       948.5461       950.4662       952.2264       954.6232       957.5307
       960.1854       962.0659       964.1044       966.9043       970.0909
       972.5889       972.3777       970.4111       969.2968       969.2007
       968.2372       966.9111       966.6357       967.0601       966.7949
       964.9417       963.8489       964.5308       965.4584       964.5150
       963.0417       962.9624       962.9111       963.3445       964.3258
       963.9014       961.9980       958.8896       956.2885       955.0023
       953.0965       950.4711       947.7197       945.9895       945.4134
       946.2011       947.1958       947.9095       947.0991       945.3535
       943.9387       943.0650       942.4842       942.7946       944.0604
       945.3163       946.2747       947.0715       946.7756       945.7962
       945.0109       943.9365       942.2867       942.7682       944.4590
       946.6975       949.6332       953.2499       956.3144       958.7505
       961.1340       964.6190       967.6241       968.7008       969.4912
       972.7764       977.1970       980.1760       982.3787       984.9202
       987.1217       987.5527       986.3016       984.8707       983.3604
       982.2948       982.2817       984.2741       986.8669       987.8154
       986.5126       984.9244       985.6300       985.7432       984.6714
       983.2889       981.8447       981.0177       981.0590       981.7570
       982.6237       983.1702       982.9409       981.6870       979.2520
       978.5288       978.8865       977.8513       975.9147       974.1198
       972.6586       971.6765       969.6968       968.1008
       943.1664       942.9381       942.7473       943.1658       943.9908
       944.8734       946.0710       946.1674       944.9918       945.4800
       946.8461       948.9078       951.5442       953.8741       955.9346
       957.5416       959.2728       961.5255       963.6453       966.1422
       968.5263       969.7411       970.0445       970.6415       970.9810
       969.9576       967.5761       965.6496       964.5797       964.8201
       964.3113       963.3816       964.0158       964.4449       962.8581
       960.6689       959.3507       958.7977       959.5404       960.5123
       960.3194       959.1043       956.9996       954.5057       952.4952
       950.4111       948.5723       947.2370       946.0651       945.0804
       945.2346       946.6575       946.8237       945.4910       944.0045
       943.7248       943.1954       941.9003       941.6019       943.1996
       945.0225       946.3389       946.9088       946.1290       944.8213
       943.5561       942.0710       941.2800       941.8226       944.2258
       946.8873       949.4854       952.3412       954.6043       956.9857
       960.0322       963.3664       966.4875       968.2562       969.4861
       972.4251       976.9524       980.6441       982.8846       984.7536
       987.1873       987.5155       985.5428       983.6888       982.8062
       981.7791       981.7277       984.2029       988.3129       990.4034
       989.5013       987.3598       986.2552       985.9040       985.3693
       984.1192       981.9835       980.0446       980.2762       981.0156
       980.9720       980.3914       980.0450       980.3016       979.7299
       979.2729       979.2736       977.8652       975.7301       973.9014
       972.8762       971.7026       969.0801       966.3109
       942.0502       941.1717       941.0682       941.8211       943.2027
       943.6903       944.2083       944.8104       944.2559       944.6700
       946.0262       947.4156       949.4124       951.0165       952.1665
       953.1433       955.4404       958.5909       960.8420       962.6537
       965.1251       967.4443       969.6907       971.2488       972.4637
       970.9122       967.5167       964.2628       962.4858       962.2803
       962.7067       962.5850       962.8406       962.7363       961.3342
       959.1919       957.5473       956.9095       957.2936       958.2775
       957.9305       956.5847       955.0705       953.8217       952.0173
       949.9064       948.1561       947.6220       946.4057       945.5411
       946.0168       946.5170       945.8370       944.4199       944.2047
       944.3950       944.3638       943.7324       943.4382       944.4094
       946.1304       946.9818       946.3552       944.8859       943.6248
       942.1010       941.1794       941.0679       941.5955       943.6030
       946.1343       948.8762       950.5640       952.5234       955.6812
       959.1503       962.9976       966.4694       968.9742       970.8200
       973.8837       978.4013       981.9039       983.3151       984.9655
       986.7621       987.4388       986.5884       986.0867       986.0156
       984.7653       983.9855       986.5856       990.2130       992.3068
       991.7044       989.4524       987.4420       986.3607       985.1559
       983.5663       981.8842       979.6517       978.9536       979.9972
       980.4994       979.1400       978.5692       979.4844       980.0716
       979.2312       978.3408       976.6898       974.0706       972.3336
       971.6027       969.8493       966.9162       963.9935
       942.6260       942.0334       942.0057       942.7241       943.2737
       943.6854       944.2966       944.7341       945.1094       945.1240
       945.7960       947.1169       947.8012       947.7626       948.2195
       949.8721       952.3734       955.3966       958.0783       960.3309
       962.6935       965.8912       968.5462       970.9036       971.7125
       970.0021       966.2590       963.2281       962.1363       961.8505
       961.6953       961.7684       962.2626       962.0919       961.3462
       960.6432       959.6547       958.7477       957.9183       957.6322
       956.4223       954.2251       953.3416       953.4026       952.5665
       950.5391       949.1428       948.1569       946.3030       945.2366
       946.0717       946.0394       944.5754       943.7202       943.9549
       945.0249       945.5639       945.9835       946.5723       947.3227
       948.4380       948.7598       946.7038       944.4451       942.7806
       941.1845       940.8226       941.1204       941.4031       942.6537
       944.5389       946.8077       948.8577       950.7189       953.9949
       958.1973       963.1116       967.3990       969.6680       972.1423
       975.6795       979.8812       982.4019       983.1072       984.1417
       986.0670       987.5088       988.5657       990.3089       991.1907
       989.4420       988.3558       989.7123       991.7769       992.7781
       991.6312       989.4299       987.3153       985.7642       984.9366
       984.2430       982.1906       980.1225       978.8978       978.4958
       979.0382       978.7468       978.5831       979.1395       979.3873
       978.6393       977.2101       975.5381       973.2336       971.5149
       970.5623       967.9825       964.2006       961.2532
       945.6448       944.8455       945.0748       945.1683       944.6929
       944.8814       945.0593       945.2944       945.8300       946.0671
       946.2446       946.7236       946.6048       946.1534       946.6183
       948.4751       950.9459       952.9719       954.2665       956.9247
       960.3481       963.5101       966.2372       968.2684       968.9479
       967.5121       965.0063       962.6609       962.0225       962.5779
       961.9426       962.1986       962.6476       962.8806       963.2214
       963.4151       963.5635       962.7912       960.6072       958.6426
       956.4137       954.6448       954.2604       954.0516       953.6082
       952.1833       950.5505       948.6621       946.1761       944.7928
       945.5261       945.5768       943.8652       942.7194       943.3363
       945.0090       946.1735       947.3300       948.5062       949.1630
       950.2198       950.1667       948.0049       944.8872       942.7820
       941.2963       940.5740       940.8430       940.9909       941.1923
       942.8062       945.1245       947.5864       950.0054       952.9993
       958.2722       964.0090       967.8453       970.6805       973.4980
       976.6952       979.8526       981.1723       981.2771       982.1780
       984.4393       987.0742       989.6134       992.8294       994.3071
       993.2728       991.8897       991.2551       991.5974       992.2404
       990.8005       988.1144       986.0829       985.4132       985.8244
       985.8049       983.8726       981.3238       978.4156       976.6958
       976.9109       978.1244       978.5643       978.7499       978.1347
       976.5338       974.7361       973.6585       972.4955       971.1964
       968.8364       965.5423       961.9786       959.2987
       950.4089       948.6801       947.9677       947.8331       946.7274
       945.6633       945.3467       945.4030       945.7320       946.4590
       946.6847       946.6272       946.3047       946.0366       946.5078
       947.9705       950.1243       951.2557       951.3444       953.4691
       957.1637       960.1325       962.4706       963.9431       964.3241
       964.1525       963.2455       961.9701       961.9703       962.5511
       962.7930       963.1213       964.4914       965.6285       966.7469
       967.1965       967.6650       966.3602       963.9485       960.7098
       958.4658       957.0674       956.1456       955.6413       955.1785
       954.3721       952.4777       949.8733       947.3863       946.1685
       946.5733       946.5527       944.8181       943.1201       943.6058
       945.0549       946.5641       948.2037       949.7328       950.5986
       950.5936       949.8784       947.8273       945.2788       943.1408
       941.6876       940.7771       940.5077       940.9789       941.5880
       942.1571       944.0301       946.8723       949.5854       953.3363
       958.6564       964.7908       969.2877       971.6929       974.3251
       977.5320       979.2497       979.3268       978.9938       979.8120
       982.4335       986.0318       989.6460       992.5261       994.7708
       994.5941       992.2706       990.1939       990.5714       991.7966
       990.6642       987.3411       985.6266       986.1403       987.7234
       988.0820       986.2617       982.3954       978.0662       975.6650
       976.0353       977.0417       977.8032       977.7668       976.7131
       974.2366       971.8224       970.3809       969.8412       968.8109
       965.3432       960.9505       958.4542       956.9775
       954.7697       951.5208       950.0870       949.9288       947.9533
       945.6972       945.8012       946.2090       945.7031       946.1266
       947.5033       948.0291       947.2565       946.5203       946.4875
       947.1891       948.6657       949.4019       949.6586       950.8278
       954.0777       957.0757       959.3318       959.8557       960.1091
       960.9836       961.1451       961.2150       961.3189       962.5131
       964.2723       965.3318       967.0508       968.7277       970.1990
       971.6323       970.9414       969.8641       967.3950       964.7064
       962.2691       959.8480       957.8801       957.5271       957.1888
       955.9362       954.0147       951.4089       948.7998       947.0452
       947.5904       948.4764       947.0069       945.3332       945.2191
       946.1632       947.3949       949.1088       950.5656       951.3292
       950.8102       948.9986       946.8354       945.0540       943.4292
       941.7749       939.9108       938.9917       940.2803       940.9824
       940.8551       942.7816       945.7005       949.1572       953.8326
       959.1970       964.9413       969.2837       971.7334       974.4056
       977.1925       978.2759       977.9421       977.2305       977.4877
       980.4393       984.6693       987.2584       989.3141       991.1169
       991.4972       988.7620       986.9193       988.1468       989.5939
       988.3956       985.7016       984.4432       985.7739       987.7315
       988.1396       986.1985       982.4288       978.7236       976.3873
       976.1062       977.2966       978.1971       977.7477       974.8307
       972.0600       969.2618       966.1830       964.6490       962.2975
       958.1250       954.6108       953.3397       953.6841
       956.6656       953.5004       951.3982       950.3046       947.7758
       945.9397       946.4919       947.0232       946.0810       945.9990
       947.9208       949.1378       948.5030       947.0443       946.2161
       946.6446       947.5573       947.9850       948.2449       949.5483
       952.0146       955.2206       957.0303       957.4410       957.7979
       958.7136       959.2100       959.2650       959.5854       962.5607
       966.2536       968.0310       968.6902       970.1630       972.5541
       973.7722       972.5444       971.7288       970.8638       967.9993
       966.1284       963.7889       960.7527       959.7193       959.2940
       958.1328       954.8217       951.2730       949.1401       947.1889
       947.9451       949.3967       949.5619       948.3905       947.6069
       948.0663       948.6794       949.3228       950.2007       951.2618
       950.8251       949.1581       947.6061       945.3619       942.9945
       940.8219       938.2789       936.9445       937.4282       937.5609
       938.2183       940.9734       943.6906       947.6518       953.0851
       958.4647       962.9983       966.5502       969.4371       972.6508
       974.9792       975.4230       975.3558       974.7829       974.6807
       976.7197       980.6177       983.1145       982.9890       984.0583
       984.7936       982.9671       981.8118       983.2678       984.2392
       983.4397       981.7816       981.1744       982.4975       984.0832
       984.7791       983.5227       981.1427       979.2000       977.9197
       977.7335       978.9138       979.6393       977.7838       973.4656
       969.9310       966.8903       963.4993       959.8301       954.9299
       949.7083       948.0206       949.5262       950.9437
       955.8326       953.5435       951.1459       949.5204       947.6760
       946.1710       946.6715       947.6287       946.9061       946.5343
       947.7112       948.8911       948.0805       946.8555       945.6286
       945.8884       946.9297       947.2313       947.4464       948.7975
       951.2147       953.9206       955.7850       956.5488       956.7771
       957.1901       957.5074       957.2825       958.1520       961.5989
       965.6240       967.3473       967.9670       969.6018       972.9487
       974.3953       972.7828       971.7159       971.3309       969.6646
       969.1715       967.8077       964.5735       962.0934       961.5701
       959.8105       955.6965       951.8699       950.0271       948.9194
       948.4351       949.8257       950.3193       949.3433       948.5385
       948.9470       949.4639       949.1448       949.5977       950.8864
       951.6415       950.5210       948.9816       946.6172       943.1650
       940.2974       937.8608       936.4409       935.8486       935.2731
       936.0734       938.4470       941.4393       945.3884       950.6774
       956.0642       960.0409       962.7138       965.7334       969.2858
       970.7889       971.2444       971.4944       971.6129       971.3174
       972.0040       974.9260       976.4247       976.4782       977.3605
       978.1825       977.3707       976.9037       977.7727       978.8068
       978.5828       977.7399       977.2622       977.9242       979.2928
       980.6119       980.5401       979.2938       978.1664       977.7219
       978.1626       979.6322       980.5065       977.7999       972.8253
       968.6093       965.8320       962.9875       958.1994       951.3229
       945.4190       944.6112       947.0000       949.0139
       954.0330       952.9373       951.3265       949.7587       948.5350
       947.3178       947.1722       947.9318       948.4738       947.3577
       947.1909       947.1850       946.5498       945.3586       944.5533
       944.5814       945.7265       946.6665       947.6194       948.9754
       951.4145       953.9785       955.4117       956.1371       956.2143
       956.1813       955.8676       955.8458       957.5731       960.0349
       961.8513       963.3372       965.0199       967.7903       971.0790
       973.2000       972.8285       971.6058       970.6209       970.8663
       971.9722       970.5329       966.9615       964.3995       962.4005
       959.8939       956.4722       953.5694       951.7464       950.1985
       949.2575       948.9042       948.7120       947.9880       948.1326
       949.3793       950.1704       949.5868       949.2039       950.8260
       952.0162       951.7201       950.0698       947.5350       944.5636
       942.0706       939.9490       937.5906       935.8674       935.0021
       935.3778       936.4937       939.0892       942.9498       947.8728
       953.7866       958.5959       960.5391       963.2218       966.4201
       967.4736       968.7647       969.4941       969.2482       968.6617
       969.0673       969.6586       969.7286       969.9792       971.4088
       972.5655       972.5633       972.3785       973.0416       973.9716
       974.2744       973.9064       973.2184       973.1844       974.2623
       976.0732       977.1845       977.0168       976.0530       975.6115
       976.6307       978.2862       979.2928       977.0641       972.4650
       968.3242       966.2071       963.2432       958.3569       951.0607
       945.7427       944.3445       946.2839       948.3292
       954.4440       953.1508       951.8904       951.2322       950.2991
       948.7369       948.2123       948.9154       949.1802       948.4943
       946.9721       946.0198       945.1514       943.9773       943.9006
       944.6978       945.3778       946.5030       948.3810       950.4521
       952.7562       954.6712       955.4901       955.4803       955.2102
       954.9064       954.8802       955.4382       956.8762       958.0797
       958.9803       960.0421       961.7303       964.8654       968.1834
       970.0738       970.9471       970.7181       970.8141       972.5773
       973.5500       971.5677       967.9818       965.0014       961.4019
       958.1844       956.3127       954.9206       952.5112       950.2294
       948.0200       946.2903       945.8075       946.3066       947.3869
       949.5890       950.7670       949.8802       949.6096       951.1620
       952.5983       952.5739       951.3658       949.1434       947.2482
       945.4819       943.0352       940.0232       937.1748       935.8404
       935.5184       936.5320       938.3849       941.9251       946.9735
       953.3991       958.3722       960.6650       963.0879       965.4140
       966.6252       967.6401       968.3389       967.9470       967.4630
       966.5634       965.5732       964.3295       964.6685       966.1188
       966.9387       967.2396       966.9841       967.5516       968.1085
       968.5725       968.3480       967.8084       967.5779       968.8250
       970.8304       972.7584       973.6483       973.4639       972.9023
       973.9016       975.6190       976.3438       975.2990       972.4316
       969.2112       966.6650       963.6357       958.1860       952.1317
       947.5298       945.9020       947.1138       949.3273
       956.1273       953.9020       952.3705       952.1588       951.6430
       950.5779       949.5984       949.4124       949.8021       948.9365
       946.4971       945.3759       944.5089       943.4555       943.9547
       945.0861       945.6285       946.6990       948.4425       950.8812
       953.1098       954.2139       954.7994       954.2009       953.6486
       954.1047       954.2733       954.7643       956.4893       957.4348
       957.4058       957.1246       958.9874       962.4459       965.5842
       966.9469       967.3085       968.1776       970.7468       973.7348
       973.7047       970.9899       967.9687       964.3524       959.6478
       956.0101       955.3271       954.4176       952.2966       949.3033
       946.2510       944.5004       944.2853       945.6333       947.4031
       949.5018       950.5268       950.0031       950.2448       951.6521
       953.6631       954.0009       953.1011       951.5298       950.3160
       949.0472       946.4519       942.6555       939.3280       937.2371
       936.7545       937.7047       939.7401       943.0780       948.4670
       954.0590       957.5948       960.7422       963.2840       964.8494
       966.0457       966.4586       966.2515       966.5225       965.6750
       963.6883       961.5439       960.7059       960.8129       960.6636
       961.2342       961.7711       961.6884       961.2651       960.9418
       960.6417       960.6276       960.3045       961.0573       963.2021
       965.4976       967.6035       969.0190       969.0046       968.9836
       969.7457       971.3676       972.4512       972.9934       972.0785
       968.8524       964.8526       961.4087       957.3074       952.6913
       949.1082       948.1891       949.7177       952.0187
       956.6506       955.3145       953.9980       953.3082       952.9467
       952.5941       951.0704       949.6520       949.7632       948.2586
       945.4784       943.8621       942.5562       941.9181       943.2354
       943.8172       944.0393       945.4155       947.6644       949.8903
       951.3260       952.3264       952.6688       952.0822       952.4432
       954.0154       954.2822       954.2398       956.3642       958.3176
       957.1907       955.3726       956.2512       960.6819       964.6722
       965.8245       965.4863       966.4341       969.7073       972.3912
       971.5918       969.0991       966.6198       962.6955       957.9490
       954.9329       954.0016       953.2904       951.5431       948.3234
       944.6901       942.8719       943.5785       945.6480       948.2606
       950.1498       951.0228       951.7069       951.7648       952.7013
       954.8237       955.7687       954.4052       952.7800       951.7617
       950.5200       947.8381       944.2923       941.3938       939.5334
       938.7889       939.1907       941.3180       944.4200       949.5445
       954.0336       956.9879       959.7236       962.1768       963.6293
       964.7090       965.1355       964.6979       963.8596       962.9858
       960.9326       958.9581       957.7980       956.9721       956.5107
       956.6528       956.5553       955.8090       954.2456       952.5442
       951.8557       952.6490       953.7634       955.4739       958.4691
       960.8992       962.7675       963.5114       963.1200       963.6976
       965.2452       966.9554       968.3348       969.9082       970.0320
       966.4351       961.2146       958.2589       955.8210       952.6371
       950.3847       950.4653       952.7957       955.5894
       956.3034       955.7290       955.5668       954.9778       954.3878
       954.0948       952.1883       950.2698       949.2378       946.5345
       943.7000       941.5373       939.3502       939.1917       940.2161
       940.8990       940.9029       942.3288       945.6558       948.0284
       949.4616       950.7805       951.0309       951.1133       952.3773
       954.2984       954.7354       955.4623       956.8347       958.3590
       958.4914       956.5135       956.3133       960.0174       964.6478
       966.3806       966.0519       966.4756       967.9849       969.1876
       969.0555       967.0025       965.6642       963.3851       959.0732
       956.2072       954.5610       952.8781       951.0821       947.3203
       943.1494       941.7575       942.7269       945.0563       947.8602
       949.9114       952.1287       954.0608       954.5994       954.9290
       956.3002       955.8975       954.4241       953.2689       951.2236
       949.1412       946.4886       944.1174       942.1790       940.9615
       940.2622       941.0679       942.6269       945.3659       949.4514
       953.7454       956.7989       959.1049       961.2208       962.4022
       962.9098       963.4044       962.5083       960.6551       958.9976
       958.3019       957.1285       955.4454       954.4399       954.1390
       953.3394       951.8195       949.5163       946.8573       944.1032
       943.6859       946.3661       949.6845       952.5643       954.8901
       956.8872       958.7982       959.4265       958.5521       959.6520
       962.4412       964.0015       965.9406       967.6046       967.3755
       964.3901       960.1624       956.8358       954.5725       952.9191
       951.8156       952.3935       954.9932       957.7313
       957.1141       957.1447       956.8944       956.4280       955.2877
       953.5554       952.1286       950.2858       947.3978       944.4702
       941.9357       939.0460       937.3364       936.6950       936.7141
       936.9584       937.7534       939.9064       942.7722       945.7841
       948.2824       949.9570       950.9780       951.5213       953.6840
       954.7322       955.4847       956.6722       957.6664       958.1448
       958.9501       958.8131       958.4498       961.4506       964.7109
       966.1414       966.2498       965.8600       966.3898       966.9652
       967.1783       967.2880       967.9579       967.6048       964.2962
       959.9246       956.3373       953.5984       950.9756       947.2794
       943.9329       942.9102       943.8705       945.2429       945.8283
       948.4804       952.9518       956.4465       958.0269       957.8422
       956.7346       955.5109       954.0375       952.0714       949.5424
       946.8716       944.8605       942.8632       942.0122       941.1064
       941.1646       942.4949       944.4997       946.3734       949.4017
       953.7037       957.0327       959.3692       961.0794       961.6070
       961.4837       960.7399       959.2283       956.8777       955.2177
       954.3856       953.8348       952.4591       951.8179       951.3690
       949.8677       947.5668       945.3381       943.3813       940.1628
       938.9189       942.2022       945.9553       949.2282       951.7535
       953.5193       955.3133       955.7629       956.0394       957.7745
       960.1921       962.7029       965.2690       966.2552       965.1713
       962.2697       958.9750       955.6400       953.7752       953.3026
       953.1454       953.6358       955.2100       957.6817
       960.6901       960.2031       959.6458       958.2664       955.5188
       953.1417       951.6143       949.5233       946.8244       944.1760
       941.6763       938.9256       936.2750       935.4270       934.6954
       934.4531       935.8499       938.1953       940.8443       943.3516
       946.2386       949.1436       950.3050       951.8864       953.8951
       955.7820       956.7683       957.6226       957.6999       957.8259
       958.7678       959.8724       960.7949       962.5982       964.7493
       965.1224       964.6071       964.5304       964.6056       965.4724
       966.4786       968.1390       969.8035       970.3270       967.6625
       963.1542       958.4678       954.0137       950.8166       948.9058
       946.8937       946.0443       946.7377       946.4647       945.2648
       947.0884       952.6264       957.6859       959.7493       958.5321
       956.1641       954.5783       952.6469       949.7165       947.1359
       945.5319       943.5363       942.6445       942.2111       941.1177
       940.9615       942.8818       945.6358       947.7241       949.8574
       953.4023       957.3250       960.0671       960.9449       960.1514
       958.5348       957.0168       954.9559       952.4005       950.6100
       949.6722       948.5085       947.6976       947.3952       947.3013
       946.7646       945.8672       945.6288       944.8333       941.9185
       940.2592       941.6816       944.0613       946.1080       948.9186
       950.9031       951.7582       952.8713       954.0871       955.8279
       958.2583       961.5363       964.4837       965.0453       962.7082
       959.2754       954.9976       952.5665       952.6118       953.2912
       953.1359       952.2823       953.2646       954.9616
       964.9081       963.3521       961.4457       959.3972       956.3630
       953.8596       952.1514       950.8708       948.6237       946.2289
       943.4357       939.8539       937.5812       935.5585       934.2192
       934.2296       935.4582       937.3242       938.7578       941.4042
       944.4562       947.1572       949.2562       950.8199       953.4330
       955.5252       956.6680       957.2814       956.8425       957.1616
       958.7698       960.3716       960.9268       961.6724       962.9765
       963.5001       963.2394       962.9663       963.5620       964.4152
       965.5772       967.5775       969.4598       970.0155       968.1902
       964.1005       958.8588       953.7865       950.7134       949.3984
       949.0359       949.1548       948.9753       948.4038       947.1564
       947.8036       952.1472       956.7404       958.1854       957.1133
       955.1470       952.7884       950.0854       947.1020       944.8364
       943.3003       942.5868       942.7526       942.4602       941.3633
       940.7369       942.0525       944.7977       946.9272       948.7755
       951.5677       955.8405       959.0280       958.9053       957.1783
       954.3312       952.4935       949.7604       946.8002       945.2890
       944.3024       943.4673       942.6160       943.1400       944.4308
       945.4829       946.3641       946.7894       946.4579       944.9897
       944.4049       945.8387       946.8382       947.6135       947.9721
       948.2551       949.4992       950.9038       952.5035       954.2997
       956.6822       959.8922       962.7684       962.4641       959.7640
       955.9548       951.9380       950.1000       951.1938       951.7631
       950.7776       949.4272       949.0801       950.2228
       967.6365       964.6882       961.7347       959.4097       956.5354
       954.5264       953.6534       952.6876       951.2794       948.5778
       944.9334       941.6796       939.4534       937.4415       935.0867
       934.5007       935.2391       936.2097       937.7133       939.9589
       942.8245       945.2224       947.9221       950.4535       952.2702
       953.6265       954.8289       955.1055       955.3308       955.9879
       957.7515       959.1790       959.2102       959.3795       960.0903
       961.1010       961.7836       961.5322       962.2471       963.9668
       964.9481       966.4223       968.2699       968.4532       966.9090
       963.6561       959.0016       954.2166       950.6212       948.6169
       948.7492       949.4863       950.0646       950.9715       950.6108
       951.4516       954.3832       956.4110       956.6776       956.3762
       954.4968       951.5745       948.8546       945.7776       942.6481
       940.9620       940.9435       941.8304       941.9565       941.2241
       940.0846       940.4631       942.0546       943.4318       945.0304
       948.0598       952.2164       955.1130       954.8250       952.9012
       950.6049       947.5140       944.2733       941.7191       940.1878
       939.5637       939.1332       939.2614       941.1128       943.7170
       945.1279       945.1945       944.8377       945.8932       947.8620
       949.4685       951.1129       951.7129       951.1580       949.4346
       947.1930       946.9778       949.0656       951.5950       953.4713
       954.8351       956.8005       958.7419       958.5280       956.1847
       953.3749       950.5944       949.2421       949.1222       948.3214
       946.9272       946.0668       945.3210       944.5906
       968.3678       964.7711       961.3318       958.9772       956.8512
       954.9445       954.4739       954.4074       953.0339       949.8287
       946.1705       943.0529       941.0133       939.1483       937.3004
       935.5936       934.6857       934.4371       936.1546       938.7462
       941.0460       943.4500       946.6328       949.8899       951.0198
       952.0427       952.8002       953.6496       953.8527       954.3513
       955.3068       956.0324       956.7197       958.0410       959.1900
       959.7660       959.8503       959.4744       960.5272       963.1295
       964.8835       965.4733       965.7332       965.0813       964.3834
       962.4937       958.8184       954.9510       951.2314       949.1458
       949.1243       949.8975       952.0092       953.7869       954.1367
       954.3837       956.0590       956.5711       956.5485       956.6553
       954.8060       951.3645       948.8439       945.7864       942.0555
       939.9869       939.7893       939.7443       939.5094       939.0638
       938.2491       937.8777       938.3928       939.4382       941.4756
       944.9975       948.4094       949.9902       949.8902       948.6828
       946.0800       943.1213       940.4672       938.6677       937.4799
       936.7628       937.1660       938.9828       941.1074       943.8343
       945.0591       944.5209       944.1608       946.1997       949.9848
       952.6785       953.5042       953.0809       951.9181       949.6693
       946.7819       945.1402       947.0506       950.9709       952.7274
       953.0862       953.4568       953.8657       953.5856       951.8623
       950.0860       948.6458       947.2870       946.0743       944.2979
       943.3467       943.1169       942.6404       942.0319
       967.2687       964.5012       961.3730       959.0676       956.6478
       955.2146       954.6260       954.5861       953.4620       950.4756
       947.1003       944.3184       941.7650       939.7241       938.2204
       936.3959       934.0798       933.0230       933.7962       936.4032
       939.2582       941.8363       945.3972       948.3031       949.5255
       950.4974       951.5148       951.9711       952.4641       952.5695
       952.8574       952.9330       954.0962       956.3985       958.6603
       959.2549       958.2314       957.8375       958.8007       960.7289
       963.2281       963.4758       962.5746       961.8202       961.2631
       959.9457       958.0463       955.7325       953.7399       952.1407
       951.0205       951.4888       953.5109       955.7392       955.9891
       955.6051       955.3492       955.7621       956.7041       956.8646
       955.2991       951.9263       948.9755       946.8467       943.6114
       941.7914       939.8887       938.1784       937.5807       936.1229
       935.4984       935.7147       935.7678       936.3987       939.3352
       942.9501       945.4722       946.1361       946.0001       945.1450
       943.0640       940.6575       938.8509       938.4521       938.1376
       937.9997       939.0081       940.2116       942.0515       943.9952
       945.7099       946.6816       947.4987       948.3802       949.6105
       950.6168       951.0634       951.4125       950.0757       947.7791
       945.3908       944.3256       946.7917       950.4570       951.6911
       951.1298       950.2404       949.6506       948.7143       947.6871
       946.5021       945.3047       944.1566       942.2872       941.2059
       941.5690       941.6715       941.6348       941.8256
       965.0789       963.3098       961.1639       959.0073       957.0703
       955.2319       953.9537       952.9535       951.9432       949.6574
       947.1543       944.2308       941.4174       938.9293       936.4212
       934.0731       932.1826       931.6200       932.5758       934.0267
       936.5545       940.7130       944.4307       946.5489       947.8665
       949.2732       950.2109       950.1219       950.2224       950.6710
       950.4307       950.7334       952.4335       954.5392       955.9330
       956.9714       957.1944       956.9426       956.9188       958.1731
       959.9429       960.6735       960.3219       960.5396       960.3474
       958.9281       957.6002       957.4100       956.7836       955.1788
       953.2607       951.6755       952.9733       954.8264       955.6329
       955.0550       954.0540       954.3641       954.8959       955.7569
       955.1368       952.7709       951.0847       949.9813       948.0859
       945.4053       942.4323       940.6654       939.7183       936.8919
       934.2208       934.1198       934.1780       934.6959       937.5908
       942.5331       945.0240       945.5988       945.0233       943.3735
       941.6797       939.7231       939.7717       940.9557       941.2703
       941.7845       942.2780       942.2227       942.6044       944.0484
       946.0535       948.8889       950.8970       949.4709       947.7186
       947.1702       948.0512       949.5493       949.8057       947.6199
       945.1497       945.2259       947.5105       949.6842       949.2056
       947.3765       946.3881       945.6854       945.6078       944.6570
       943.1756       941.6999       940.8735       939.6028       939.2007
       940.3601       941.6270       941.7424       941.7568
       964.3035       963.1846       961.1763       959.5412       957.7895
       955.7473       953.2151       951.5377       950.9078       949.0082
       946.1222       943.5466       940.8691       937.9883       935.1149
       931.4404       929.9273       930.5776       931.7844       932.8107
       935.3891       939.9934       943.7766       945.4106       946.4551
       947.8302       948.0549       948.0905       949.0986       950.3227
       950.3430       950.2428       950.8724       951.8461       953.3358
       954.8770       956.3143       956.9994       956.6813       956.5981
       958.2960       959.4618       960.5804       961.2296       960.8146
       960.1268       959.1142       959.2897       958.7209       957.3967
       954.2835       951.5178       950.7812       951.3549       952.8687
       952.9096       951.9037       950.8438       951.3409       952.9915
       955.6415       956.4348       956.1351       955.1328       952.8990
       949.3409       945.9845       944.3813       943.0950       939.7040
       935.0486       931.9325       930.9487       932.2980       936.4944
       942.2218       946.7333       948.6562       947.9899       945.3076
       942.4996       941.7462       942.4451       943.5291       943.8966
       943.8700       944.0203       943.2147       942.8818       943.9136
       946.3960       949.9308       951.2484       949.1324       947.1727
       946.3366       946.9154       948.9921       949.6283       947.9307
       946.1806       946.5260       948.0424       947.3335       945.6693
       944.5598       944.1104       944.6922       945.2560       943.7780
       941.2990       939.5544       938.9300       939.1492       939.6259
       941.2100       942.1248       942.1381       941.6626
       967.0497       965.4714       963.2111       961.0997       958.8026
       956.2047       953.1550       951.1887       950.7877       949.4551
       946.7454       944.5247       941.8092       938.7720       934.6937
       930.7111       928.6636       929.6721       931.5800       932.9815
       935.6263       939.3942       942.4438       943.8981       944.7609
       945.8011       946.9151       948.2145       950.1747       951.8337
       951.7915       950.4356       949.8824       950.7072       952.1662
       953.7748       955.3014       956.5046       955.9946       956.4495
       958.2678       960.0825       961.4811       961.7399       962.4371
       962.9550       962.8804       961.8263       961.4807       959.5119
       955.6171       951.7108       949.1824       948.2742       949.0186
       949.8041       948.2623       947.0502       947.1854       949.4486
       953.9385       958.1128       959.9800       958.9227       955.3468
       950.0168       944.7146       941.0809       940.1068       938.2812
       934.8310       931.2442       929.4608       930.3807       934.3233
       939.9219       945.4849       949.2065       950.1937       948.0321
       945.0777       943.4708       943.7309       943.8046       942.7535
       942.2041       941.6780       940.9910       941.4571       943.4374
       946.1947       948.9026       949.1516       947.8743       947.0156
       946.6479       946.5549       947.0586       946.7847       945.6846
       945.5074       946.3925       946.8762       945.0106       944.1385
       945.5904       947.3420       948.8904       949.1520       947.0781
       943.0496       940.2557       939.6960       940.5771       942.9142
       944.5762       943.8422       942.3525       940.9780
       968.9597       967.0333       965.6703       962.3961       958.0787
       954.3168       951.4290       950.1367       950.4170       949.8496
       948.1757       946.2770       944.0927       940.0662       934.4904
       929.4135       926.9563       928.2715       931.2393       933.6777
       935.5316       938.3393       940.6945       942.0112       943.4323
       945.5543       948.0400       949.9382       951.4654       952.9103
       952.3092       950.6192       950.5648       951.2343       951.7117
       952.3745       953.4669       954.5519       955.1512       955.9674
       958.0633       959.8192       961.3516       962.3176       963.5304
       966.1736       966.6835       965.8501       964.6491       962.1038
       957.4837       952.7009       949.6943       948.1997       947.4427
       946.3674       944.7130       943.5658       942.9948       944.3895
       947.8806       953.4540       957.5479       957.4124       952.9024
       946.0532       938.4085       933.9127       933.4458       934.7858
       934.6684       933.2637       931.4175       930.1958       932.4377
       936.7487       940.6606       943.9636       945.7664       944.9184
       942.2017       940.6652       941.4125       941.7775       941.3702
       940.4887       939.4523       939.5291       940.9182       942.0287
       943.1255       944.6822       945.0009       945.1031       944.3786
       944.0460       943.9565       943.4952       942.8486       942.9343
       944.2604       945.8599       945.8947       945.3439       945.9489
       948.6509       952.2076       955.1619       955.4073       952.0526
       946.8826       943.1544       942.5098       943.9612       945.9553
       947.1239       945.0793       942.0637       940.8259
       966.6902       966.0109       965.2353       961.0528       955.2005
       950.2771       948.0197       947.9862       949.3744       949.6919
       948.3173       947.4134       945.6691       941.2349       934.7896
       928.8253       926.3773       928.0619       931.4879       934.4433
       936.7115       938.9733       940.6182       941.4476       943.6243
       946.2239       948.2292       949.9628       952.2356       953.0233
       951.7617       950.3435       950.4219       951.0753       951.1246
       951.1095       951.9824       952.8694       954.1434       955.7476
       957.4640       959.3392       960.3431       960.9055       962.9173
       966.3095       968.4760       968.1703       966.5394       963.0167
       958.7961       953.9043       950.2955       949.0767       948.4250
       946.5919       944.5600       942.6919       941.4326       940.5908
       942.0975       947.6105       952.8375       953.5308       949.2354
       941.8407       933.9744       929.1244       930.1936       933.6534
       935.9866       935.7882       932.9119       931.3313       932.2061
       935.2476       937.6888       938.8849       938.8969       938.3492
       937.4787       937.4632       939.3400       941.0735       941.0416
       940.7334       941.0372       942.1871       942.5406       940.9113
       939.3564       939.1409       940.3184       940.1312       938.1362
       936.9752       937.5801       938.4044       939.2321       940.5159
       943.0713       944.9052       945.5311       946.6207       948.4548
       951.7529       956.1360       959.2156       959.2446       956.1879
       951.3011       947.7369       946.4216       947.0005       948.6275
       948.9141       946.8948       944.1840       942.8717
       963.2761       964.0915       962.9137       959.2105       953.5646
       948.5045       946.1510       947.0712       948.3869       948.6553
       948.1199       947.0068       945.2741       941.1666       935.4161
       930.3549       928.5787       930.4820       934.2465       938.0761
       941.7155       943.2959       943.1794       944.3209       945.9756
       947.7603       948.5119       950.2739       952.0740       952.7040
       951.4479       950.2018       950.3992       951.0321       951.1937
       951.2090       951.6054       952.8817       954.1172       955.9916
       957.5842       958.6542       958.7642       958.5592       960.2069
       963.9326       967.1221       967.7475       965.7546       962.5523
       958.5680       954.4910       950.9550       950.5627       950.5637
       949.5510       947.6636       945.3767       942.8993       940.0826
       940.6890       945.7326       951.2182       952.2626       947.8912
       940.4274       932.4606       927.7057       929.5553       934.4091
       937.3115       935.8701       933.1700       932.0969       933.4803
       935.5720       937.2009       937.1603       935.8517       935.1547
       936.0740       938.0380       940.5165       942.8762       942.8901
       942.5580       943.6130       944.4850       943.7935       942.2264
       939.3908       937.2887       936.2413       934.0988       931.5947
       930.0997       930.5355       933.2924       935.2873       937.4924
       941.4318       944.4570       946.2170       948.2305       951.2600
       955.3253       959.2819       961.1990       961.4388       959.1722
       955.9489       952.7838       950.7933       950.9538       951.8075
       951.5945       950.3356       948.7422       947.3172
       961.0007       962.1539       962.8235       960.8168       956.1258
       951.3359       948.8702       948.9689       949.4512       948.9029
       947.3456       945.7069       943.2108       939.9551       936.6401
       933.4424       931.9887       933.9336       938.2281       944.2067
       948.4974       949.3276       949.2588       949.0547       949.5829
       950.3693       951.1633       951.7315       952.3401       952.9746
       952.6553       951.7668       951.7495       952.1809       952.2065
       952.2803       952.7860       953.7416       954.9169       956.5585
       957.7118       958.4012       958.0170       956.3526       956.5012
       960.0829       964.3224       966.0867       964.2882       960.5914
       957.7963       954.5548       952.1821       951.7718       952.3937
       951.7528       950.4844       947.9828       943.9683       940.8749
       941.2337       946.3196       951.0693       951.6909       947.6203
       941.0822       933.7994       928.8615       929.7066       934.3683
       935.3348       934.9001       933.2714       932.4433       934.3836
       936.2136       936.6191       935.7363       934.5393       934.5302
       936.6363       940.5640       944.1776       946.4584       946.7339
       945.7366       945.1833       944.4136       944.1996       944.8790
       943.1507       939.4102       935.1061       930.9011       927.9835
       927.0827       928.3559       930.8483       933.9275       936.6467
       940.6548       945.9442       948.7559       951.6720       955.4090
       958.8647       961.1812       962.1254       962.2489       961.5065
       959.0734       956.6927       955.3627       954.9863       955.1995
       954.4694       953.5906       952.2488       951.2874
       961.1541       962.5603       964.4571       964.5149       961.4958
       956.7378       953.6348       952.7825       952.1716       949.9084
       946.9976       944.4417       941.5096       939.2440       937.6215
       936.0321       935.5120       937.4575       942.3516       949.0558
       953.8641       954.7922       954.7062       953.1910       952.2394
       952.6208       952.5262       952.3534       953.0408       954.2136
       954.5510       953.9199       953.6345       953.8553       953.2091
       953.2747       953.7029       953.9714       955.3096       955.5999
       955.6771       956.8291       957.0220       954.6903       953.4506
       957.3070       962.6135       964.3481       961.6858       958.2679
       956.4577       954.7803       952.7663       952.4761       952.5557
       952.2828       950.9075       948.6272       945.3201       941.8455
       942.0064       945.9629       949.9878       950.7753       948.0382
       942.8121       936.8024       932.2542       932.1274       933.5855
       934.5132       934.1605       932.6273       932.2512       934.6513
       936.3558       935.9528       934.6390       933.3119       934.3291
       937.8702       943.2304       948.0389       949.6530       949.4514
       947.9418       946.1974       945.0069       944.7440       945.6230
       946.6496       943.2874       937.7391       932.0925       928.5511
       928.2493       929.9518       932.6785       936.3486       939.1888
       943.0961       948.2364       952.3737       955.3567       958.2285
       960.4775       961.9876       963.4816       963.9265       963.4542
       961.6996       960.2402       959.2165       958.5237       957.6399
       956.8886       956.4639       955.9006       954.9647
       962.6405       964.3940       966.3779       967.5067       966.1358
       961.3095       956.3440       953.9561       952.6627       949.9412
       946.9261       943.7769       940.7762       938.5399       937.6017
       937.1866       938.2321       941.0670       946.8386       953.3890
       957.1776       958.0682       957.0654       956.0889       955.0820
       954.0397       953.3157       952.8607       953.3989       954.9801
       955.7809       955.3476       956.0139       955.3868       954.1406
       953.3932       953.1614       952.9223       952.2740       951.6537
       951.9220       953.0402       953.1428       952.1296       952.0749
       955.1056       959.5876       960.5554       957.7787       955.1862
       954.3232       954.5053       953.8843       952.8886       951.9769
       950.7401       949.4707       947.8054       945.1268       942.6610
       943.0343       945.6817       948.5589       949.4435       948.1013
       943.7525       938.5623       936.0583       935.4696       935.7862
       935.2377       934.0259       932.1408       932.2723       934.5251
       935.2831       934.3332       932.8558       932.9619       934.3864
       937.4857       941.9389       946.0526       948.5153       949.6694
       949.8608       948.6967       947.9232       947.6531       948.4558
       949.5411       948.7255       943.9957       937.7064       933.5394
       932.6199       933.4622       936.2292       940.2592       943.5623
       946.9529       951.5245       955.4617       957.6246       959.8806
       961.7537       963.0192       964.5492       966.7180       967.0661
       965.4608       964.2958       963.4943       961.7395       959.8779
       958.8474       959.5577       959.7971       958.8810
       964.0901       965.7552       967.5588       969.3822       968.6083
       963.8511       957.6068       953.8088       952.1042       949.9930
       946.8667       943.7654       940.4729       938.1268       938.1254
       938.9730       940.9241       944.8298       950.9645       957.4273
       960.3902       960.2440       959.6143       959.4291       958.7110
       957.5780       956.5272       955.3353       955.1761       956.3811
       956.5527       956.7510       956.8609       955.6870       954.1558
       952.2023       950.3936       948.4000       946.7525       947.0872
       948.1888       948.8369       947.8690       946.8486       948.5022
       951.0989       953.3986       955.1185       954.3559       952.2716
       952.4063       954.0223       954.8279       953.2870       950.7073
       947.8940       946.2090       945.1392       943.2648       941.9370
       943.0078       945.8927       947.7173       948.4504       947.4584
       943.5659       939.7040       937.6633       937.5606       937.3842
       936.8724       934.6699       932.9017       933.6148       934.6909
       934.0224       931.4936       931.5789       933.4786       934.1802
       933.6714       935.8221       939.7242       944.1926       948.7524
       951.4006       952.1403       952.1746       951.9913       953.1272
       954.4673       954.3356       951.5306       946.7213       942.4400
       940.3072       939.3010       940.8627       944.5415       947.9772
       951.0219       954.7625       957.6360       959.5827       961.7349
       963.2241       963.7717       965.3112       968.1248       969.1362
       968.3248       967.2388       966.5493       965.0105       963.1667
       962.3136       962.1185       962.1523       961.5529
       965.2369       965.8201       967.6219       969.2234       968.7706
       965.3771       960.1012       956.2939       954.0323       952.4321
       949.7095       945.8610       942.4915       940.5889       940.8519
       942.4937       944.6818       948.2762       953.6492       959.5148
       962.3214       962.3486       962.0908       961.9749       961.5009
       961.0215       959.6194       957.2558       956.4265       956.8459
       956.6931       955.9243       954.8569       953.9730       952.2178
       949.7642       947.0356       945.7371       944.9895       945.1782
       946.0883       945.9846       944.1366       942.9426       944.0406
       945.9214       948.2756       951.2786       952.0824       951.3657
       950.9575       952.8965       954.5192       953.0569       949.5904
       945.5626       942.8672       941.6710       940.4556       940.5681
       943.2614       946.7518       948.0266       948.2853       947.1599
       945.0956       943.0129       940.9436       939.6332       938.4543
       937.9857       936.5311       935.2119       934.9568       935.7737
       934.1514       931.4861       932.4367       936.8937       936.2850
       933.4613       933.0383       936.6356       942.0263       947.0793
       950.7213       952.7280       953.3658       954.5679       956.4408
       957.9727       957.9358       957.1237       954.2441       951.0303
       948.9731       947.0167       947.4960       949.8969       952.4280
       955.3983       957.9464       959.5584       960.9969       962.4729
       963.8550       964.1832       965.6498       968.5232       969.8599
       969.5368       968.8201       967.2754       967.2767       967.0739
       965.6644       964.1888       963.3063       962.4587
       965.5919       965.8735       967.9147       969.1790       968.1480
       966.5739       963.9462       960.1490       957.5574       956.5960
       954.4682       950.4319       946.7394       944.2678       943.7421
       946.0972       948.1329       950.2814       954.1766       958.2686
       960.6527       961.4359       961.5387       960.8533       960.2007
       959.4561       957.4597       955.0240       953.6306       953.3932
       952.6113       950.7648       950.0551       949.7995       949.0173
       946.7128       945.8942       946.6343       947.2119       946.7273
       946.5289       945.9291       944.1041       942.6617       942.9496
       943.7928       945.6638       948.5710       950.3707       949.8013
       949.3604       950.5637       951.9501       951.6654       949.1967
       945.1111       941.2579       939.7149       939.5696       941.2062
       945.7007       949.0897       949.8659       948.9950       948.1478
       948.0728       947.2443       945.2140       941.4858       938.3716
       936.7402       937.1714       936.9030       935.8614       935.8580
       934.7509       932.9019       936.1145       939.7675       939.9526
       937.4237       936.5737       938.3182       942.2784       945.8360
       949.1514       951.5188       953.1960       954.4197       956.4894
       958.4460       959.0007       959.2637       958.2067       956.3804
       955.0314       954.5379       954.8893       956.8028       958.6157
       960.2306       961.2147       961.2964       961.2049       961.4655
       961.9275       963.2422       965.7791       968.5138       970.2020
       970.3451       968.8540       968.0219       968.1341       968.2189
       967.0425       964.7966       963.2509       962.4366
       967.5286       968.7841       969.9038       970.0577       969.1105
       968.3083       966.7442       962.9948       959.9367       958.9568
       957.0170       953.1193       949.6243       946.3873       945.6459
       947.1383       948.1609       948.7211       950.7639       953.4346
       955.9488       957.7252       957.6951       956.0538       954.6699
       953.4575       951.8586       949.8964       947.9107       947.2242
       945.6815       944.1201       943.7997       944.3783       944.5690
       943.7549       944.4046       946.8259       948.3337       948.0838
       947.3925       946.9087       945.1267       943.5851       943.6768
       944.0985       944.4888       946.8004       948.5016       948.3358
       948.2303       948.4255       949.1182       949.9818       949.3516
       945.8073       942.0855       941.1746       941.9468       943.8413
       948.6226       952.0048       952.1758       952.2007       951.5103
       950.1993       948.8762       946.6546       941.8599       936.9670
       935.4655       936.9832       937.1247       936.3542       936.3772
       936.6768       937.9872       939.4493       941.2053       941.7377
       940.9146       939.1475       940.4945       942.9352       945.8715
       948.9777       952.7344       955.1518       954.8592       955.0219
       956.5717       958.8896       960.9099       960.9991       959.7971
       959.4246       959.4720       960.6505       962.8389       964.5719
       965.2201       964.8179       963.4616       961.9406       960.0555
       960.2796       962.8235       965.2437       967.7984       969.4630
       969.3554       968.9888       968.7621       968.2344       966.9285
       965.6669       963.7324       961.8359       960.9475
       970.5318       970.9545       970.7783       970.7938       970.4675
       969.3042       967.4982       964.2710       960.6926       958.5789
       955.8580       952.2582       949.2949       947.6464       947.4913
       947.3978       946.2217       945.3706       946.0177       948.1799
       950.7709       953.1621       953.4491       951.3613       949.0024
       947.8159       948.0599       947.0414       944.2564       942.5829
       941.2354       939.5914       939.1576       939.9702       940.4067
       940.7975       941.9963       945.5521       948.4172       948.3204
       947.5245       946.1429       945.3504       944.9193       945.5916
       945.0732       944.5515       945.6431       947.1654       947.5932
       947.5742       947.9941       948.6488       949.4381       949.2408
       946.6986       943.8619       943.5093       944.9730       947.2299
       950.6768       954.4975       956.0756       956.3442       955.2924
       952.3661       949.5962       947.0875       942.6345       938.8859
       938.4846       938.4460       937.8420       938.0413       939.8546
       942.6569       943.6195       942.9438       942.1386       942.2114
       941.3578       940.5814       942.4099       945.1053       947.6755
       951.2555       954.9598       956.8650       955.7556       954.4851
       955.6278       958.9125       963.0823       964.4150       963.3472
       963.1257       963.0799       964.0646       966.1711       967.8226
       968.7822       968.1339       966.5510       964.2666       962.2925
       962.6777       964.2239       965.8866       966.6799       966.9963
       968.0117       968.9567       969.5772       968.1324       965.4297
       962.8961       961.5146       959.4810       958.9926
       971.9686       970.8841       969.2109       969.3974       969.2758
       967.4033       965.4586       963.5701       960.3619       956.8676
       953.1106       949.5630       947.9628       948.3597       948.7416
       948.4041       946.4362       944.4769       944.1411       945.5671
       947.8663       950.6360       951.2233       949.0073       945.8760
       944.3161       945.1154       945.3612       943.3927       940.8846
       939.2938       937.9711       937.1787       937.0776       937.4548
       937.9328       940.5410       944.7586       948.0034       948.8627
       947.7739       946.5023       945.9028       946.9252       947.6850
       947.1825       945.5007       946.0547       947.4252       947.3033
       946.2778       947.0687       948.3819       948.3450       947.3964
       945.9578       944.7366       944.6552       945.8165       948.6836
       952.8823       956.8779       959.7207       960.2363       958.4511
       955.1720       952.0925       949.0876       946.3812       944.5359
       944.4164       945.4185       945.8560       946.0221       947.3355
       948.6550       946.4404       941.9195       940.3292       941.3651
       942.2861       943.6564       946.4177       949.4163       951.1483
       953.5630       956.3787       957.0288       955.6098       954.3146
       955.6611       959.5593       963.5848       965.5208       965.7302
       965.6556       965.9626       966.3667       967.4695       969.2579
       970.5788       970.8223       970.1565       969.0318       967.5460
       966.8721       967.4796       967.5945       966.4235       965.6123
       966.8470       969.0782       968.9719       966.8416       963.7149
       961.5067       959.6844       958.5228       957.9811
       971.6652       970.0132       967.0518       965.9280       965.7856
       964.3412       962.7034       961.2590       959.5331       955.9861
       951.8778       949.2681       948.8615       948.5753       948.9860
       948.6133       947.5131       946.2606       945.5027       945.9833
       947.8571       950.2567       951.3669       948.7046       944.6310
       941.8712       942.0987       942.3067       941.2524       939.4199
       938.1853       938.0354       937.3573       936.1779       935.8780
       936.5415       938.9050       943.3301       946.7532       948.2977
       948.1477       947.3412       947.6442       948.6534       949.2247
       949.2882       948.5242       948.4750       948.7320       947.5487
       946.2223       946.0715       946.3270       945.8475       945.1161
       944.5815       944.0428       943.7543       944.9016       948.4434
       953.5577       958.1351       962.0524       962.6295       959.7361
       957.1514       955.3283       952.6255       948.8587       946.1671
       948.4141       955.6358       958.4150       954.9724       951.9207
       949.6981       945.1597       940.1362       938.4949       941.4847
       946.1066       949.6232       951.6636       953.4951       955.0214
       955.6068       956.2289       956.4429       954.7761       954.1610
       956.3785       959.7723       962.7955       964.5015       965.6391
       966.4308       966.3928       966.4433       967.5645       969.3472
       972.1301       974.0401       974.4315       974.4468       974.1513
       973.1395       972.4414       971.5063       968.7690       966.6924
       967.5630       968.8503       967.5973       965.1651       962.9164
       961.0453       959.4852       958.1732       957.2977
       969.0839       967.9557       965.7447       964.0064       963.0697
       962.8832       961.5864       960.3936       959.6570       957.0190
       953.9814       952.1271       950.9356       949.8763       948.5986
       948.5934       948.2983       947.8138       947.9104       948.7778
       949.4485       950.6762       951.1960       948.9361       944.3389
       940.9845       939.8875       940.5690       940.2302       938.9908
       938.5219       938.7635       937.8369       936.6260       935.8886
       935.6949       937.9159       941.8271       944.7469       946.2574
       947.0721       947.6212       949.0775       950.6477       951.5913
       951.9847       951.4672       951.0748       950.0704       947.9323
       946.5632       946.0428       945.5283       945.5126       945.5206
       944.8127       944.4402       944.1219       945.0926       948.1368
       952.9379       957.4835       961.1235       961.2076       958.4182
       957.0372       955.7750       953.4319       949.4988       945.7810
       947.4427       954.4294       957.7910       954.7686       950.9391
       947.2794       943.4894       940.8939       941.7017       945.5024
       952.0424       956.1407       956.9365       958.4007       958.6647
       957.6446       956.8497       956.0860       955.3073       955.8921
       957.7391       960.1837       962.4497       964.0198       964.5950
       965.0813       965.2578       965.3760       966.1428       968.5991
       972.5515       976.4727       978.6809       980.0016       981.2490
       981.0562       979.7155       976.9629       973.1945       970.0409
       969.3317       968.6573       967.0704       964.3400       962.6724
       960.8904       959.2338       957.7117       956.0551
       965.5980       965.0024       963.9907       962.5679       962.1472
       962.0463       961.3513       960.9071       960.4368       958.7090
       956.3972       954.9929       953.0666       950.9402       950.0930
       949.7979       949.3618       948.8807       949.9774       951.2142
       951.4543       951.4338       951.2584       949.1891       945.1938
       941.1144       939.0207       939.1544       939.7034       939.7556
       940.5708       939.9727       938.2013       937.0281       935.7007
       935.8395       938.5670       941.7786       943.8229       945.1882
       946.5919       948.0573       950.2426       952.4434       954.4459
       954.0859       952.7579       951.4185       950.0431       948.3624
       946.6843       946.3082       946.7827       947.6844       947.7571
       947.4736       947.1215       947.1316       947.7248       949.6459
       951.8632       954.9404       957.0621       956.7327       955.7781
       955.3306       954.4230       952.3716       949.9202       946.7712
       946.4586       949.7281       951.7113       950.8317       949.5706
       946.9169       944.2717       944.3665       946.7903       951.0618
       956.2008       960.5269       962.2863       962.4622       961.1608
       958.9658       957.4116       956.3269       956.0877       957.2805
       959.1240       960.7766       962.6608       964.1816       964.2465
       963.9224       964.5596       964.8619       964.9325       966.8149
       971.4152       976.7482       980.6120       983.3958       985.5439
       986.8126       985.1381       980.9481       976.1376       973.0127
       970.4366       968.4037       966.4990       964.1199       961.9439
       960.4508       959.3994       957.6137       955.4114
       963.0385       961.8538       960.9224       960.4403       960.5097
       961.4833       961.0941       960.5319       960.3383       959.6055
       957.8137       956.1793       954.2217       952.1573       951.6469
       951.7414       951.2336       950.6711       950.7681       952.0580
       952.7176       952.5262       951.9913       950.4465       946.5399
       941.6338       938.6918       938.0915       938.7598       940.1224
       941.3601       940.6483       938.7663       937.5135       935.9336
       935.1562       937.4844       941.3912       943.8492       945.6171
       947.4270       948.6762       950.2980       952.6915       954.2216
       954.0826       952.3010       950.7501       950.5001       949.5519
       948.2193       948.0093       949.4630       950.6036       950.4941
       949.8859       949.6971       949.9117       951.9189       952.4443
       953.0523       954.7391       954.8339       954.2872       954.4231
       954.7227       954.2075       952.7184       950.0511       947.7201
       946.9739       948.6529       949.6098       950.2446       951.4989
       951.7387       950.6530       951.0692       953.1216       955.4897
       958.7284       961.7691       963.4440       963.0824       960.2382
       957.7369       956.5396       955.3144       955.1097       956.9750
       959.8244       961.4468       962.9637       964.1315       964.8572
       965.3853       965.4060       965.0762       964.3002       965.7867
       970.4642       975.7635       979.6074       982.6811       985.5504
       986.6301       984.6104       980.3654       976.2366       972.6039
       969.5469       967.1181       965.0144       962.7846       960.9420
       959.6318       958.9596       957.5269       955.1289
       961.8052       959.3918       958.5290       959.2023       960.2402
       961.4517       961.3891       959.9894       959.9311       960.1422
       958.8352       957.3768       955.7899       953.8829       953.3502
       953.6136       952.9831       952.3926       952.5624       953.1838
       954.7194       954.4398       953.1293       951.3259       947.5436
       942.9424       940.1617       939.1645       939.1221       939.6842
       939.9275       939.5324       938.6929       938.7939       938.0959
       936.4013       937.3944       940.8290       943.3790       945.8730
       947.7590       948.0235       948.5579       949.5230       950.6430
       951.3853       951.0627       951.4194       952.8336       953.0258
       951.8010       951.1973       952.7207       953.8688       953.1835
       952.6559       951.8616       952.7074       955.0144       957.4432
       959.2335       959.5822       957.7527       955.6723       954.8087
       954.6409       954.3049       952.4905       950.2716       948.4598
       948.3046       948.6227       949.6547       951.5585       955.5609
       958.8527       959.8485       960.3694       960.7625       960.9759
       960.9242       961.7301       962.2161       960.5364       957.7548
       955.9304       955.1550       954.3339       954.7496       956.4861
       959.2306       961.5602       963.0742       964.1840       965.0755
       966.5505       967.0900       965.3757       964.3914       966.1392
       970.0564       973.8301       977.0594       979.2566       981.2068
       981.6295       979.3677       976.3538       973.4703       970.0731
       966.6241       964.0308       962.2643       960.3384       958.9590
       958.6084       957.9347       956.6996       954.2803
       960.9453       958.6522       958.1689       960.0013       961.5455
       962.3424       961.6720       960.3222       960.4750       960.7422
       959.7092       959.1695       958.1703       956.5294       955.8855
       955.1948       954.2551       954.4957       955.3853       956.4171
       957.4296       957.3491       955.2296       952.6693       949.5751
       946.5306       943.5115       940.8656       938.8226       937.4667
       937.6172       938.1656       939.6308       941.1633       942.6418
       942.4529       942.3616       943.5755       945.2236       946.9380
       947.8550       946.6036       945.1143       945.3302       946.7188
       948.6702       950.2324       952.5126       955.2913       956.4113
       955.2380       954.3131       955.0186       955.7822       955.2910
       954.5174       954.7191       955.6360       957.6346       961.1492
       964.9119       965.2183       962.1179       959.0782       956.3175
       954.9153       953.9493       952.4003       950.2180       949.5417
       950.1388       950.7172       952.2350       955.3773       959.9730
       964.3702       966.5717       966.7376       966.8929       966.5557
       964.7488       963.3301       962.6403       959.9433       956.9846
       955.0399       954.1318       954.2991       954.8217       956.5653
       958.8633       961.6689       963.6531       964.0961       964.0297
       964.8038       965.4885       965.4337       964.4636       965.5402
       968.2392       971.0553       973.4060       975.0487       975.4892
       975.0262       973.5198       971.6028       969.5130       966.7155
       962.9334       960.6641       959.6155       958.0824       957.3602
       957.1108       956.9697       956.1241       954.7983
       959.7876       958.5648       958.7729       960.8046       962.4631
       962.5923       961.2230       959.6133       960.2004       961.2158
       960.8443       960.1655       959.0653       957.7995       956.9358
       956.0555       955.2298       955.9437       957.5865       959.2639
       960.2910       959.5503       957.2553       955.0659       952.8241
       950.1939       947.1383       942.5828       938.0374       935.5009
       936.1821       938.7723       942.0117       945.2725       947.1465
       947.6599       947.5580       948.0309       948.8287       949.5560
       948.4207       946.0492       943.8533       943.3513       944.7368
       946.9168       949.9356       953.2998       956.3895       957.4802
       956.4579       956.0325       956.2064       956.2727       955.7786
       954.7537       955.0031       956.2302       958.0309       961.6783
       965.2379       965.8638       963.1903       960.0811       957.9842
       955.6515       954.2274       952.1796       950.5590       950.8837
       952.2780       954.5193       956.9025       960.3848       963.9767
       967.5557       970.4679       971.5443       971.4325       970.5536
       968.1640       965.0842       963.0119       960.4456       957.2533
       954.9656       954.1943       954.6986       956.0588       957.5046
       959.1316       961.6411       964.1920       964.1564       962.5438
       962.1514       963.0020       963.2762       963.7968       963.8991
       965.5715       968.0956       969.9560       971.1921       970.8238
       969.5229       968.5185       967.0441       965.5878       962.5146
       959.2666       958.3120       957.5574       956.9134       956.7487
       956.0793       955.6266       956.0287       957.0030
       957.3929       957.8220       958.2657       959.7142       961.2601
       961.1151       958.8555       957.1001       958.3036       960.9947
       961.5492       960.0610       958.4908       957.0020       955.9589
       955.0535       955.4891       956.2905       958.4970       960.3927
       961.4785       960.8329       959.0661       957.2202       955.0668
       952.1415       948.5986       944.6442       939.3476       936.2202
       937.2465       940.8490       945.2055       948.4583       950.1335
       950.6182       950.3371       950.4589       950.5903       950.2880
       949.1047       946.8523       944.8395       943.7886       943.7043
       945.9348       949.5688       953.2895       956.2925       956.9643
       956.6343       956.1616       955.6655       955.6914       955.2820
       954.5037       954.0444       954.2275       956.6578       960.4842
       963.0930       962.9431       961.0396       959.1508       957.6868
       955.7574       953.7129       951.7002       950.9122       952.2131
       955.0215       958.3326       961.9200       964.4943       966.7803
       969.9682       973.8702       976.0648       975.1080       972.6033
       968.9412       965.3525       962.3068       959.7031       957.7545
       956.1060       955.7068       956.3354       957.8269       959.0829
       959.4095       961.0389       963.9821       964.5729       962.2425
       960.5650       960.5267       961.6708       962.6210       962.8027
       963.3640       965.4804       967.1664       967.4468       966.6943
       965.6177       963.9174       962.5068       961.1196       958.6038
       956.3181       955.2973       954.9439       955.5400       956.1419
       955.2872       954.7362       955.5332       957.0071
       956.0387       956.5255       957.3565       958.2988       959.3498
       958.6479       956.4274       955.3867       957.0825       959.9971
       960.8978       959.0811       957.6206       956.5994       955.2251
       954.3318       954.1506       955.6607       957.9349       960.0632
       960.8961       960.6855       959.8024       958.4438       956.5209
       952.7257       948.6890       945.7807       941.7085       938.4722
       939.9503       944.0793       947.4961       949.7935       951.5681
       952.6010       952.3040       951.0206       950.0201       949.0543
       948.5358       947.8215       946.5812       944.7372       944.1422
       946.2543       949.5520       952.7941       955.3570       956.4725
       956.6189       955.5306       954.6815       954.4520       954.5769
       954.5996       954.0845       954.3911       956.3364       958.9675
       960.0104       959.5717       958.6922       957.8580       957.1537
       955.6581       953.1223       951.1436       951.5072       954.3215
       958.4311       962.2955       965.6265       968.0112       969.4507
       971.9649       975.8314       978.1091       976.5341       973.1776
       969.2654       965.6587       962.6002       959.9667       958.6318
       958.4073       958.0607       958.5028       959.5318       960.0011
       959.7111       960.7338       963.4569       964.6407       962.7512
       960.2020       959.3527       960.2601       961.3101       961.8972
       962.3239       963.8066       965.0444       964.3777       963.2548
       961.9929       960.5787       958.6027       956.9440       956.0005
       954.8422       953.8170       952.8152       953.1027       954.0473
       954.6652       954.0757       954.0245       954.0218
       957.0545       957.1548       957.5101       958.0010       958.6119
       958.5688       957.3240       955.9689       956.8212       959.8259
       960.2665       957.9402       956.3121       956.6959       955.6838
       953.6959       953.2051       954.3141       956.5629       958.4933
       958.8354       958.4679       958.4664       958.1218       956.4673
       953.3664       950.3807       948.0751       944.8429       941.5342
       943.1346       946.9307       948.9355       950.5480       952.4304
       953.2996       953.4023       952.4045       950.4653       948.8789
       948.3293       948.4038       947.6155       946.2756       946.4294
       948.0090       950.5033       952.8239       954.0943       956.0192
       956.7738       955.2673       953.7993       953.8252       954.7331
       954.8680       954.5229       955.2956       956.7864       957.3282
       957.0722       956.6926       956.3176       956.4477       957.1046
       956.3821       954.5358       953.2009       953.9520       957.8248
       961.9659       965.7797       968.9865       971.2189       972.8166
       974.3972       976.8065       977.9319       976.5222       973.8343
       969.9956       965.9343       962.9663       960.8981       959.9703
       959.6818       959.9178       960.2794       960.8025       960.6074
       959.7137       960.1738       962.2620       963.6102       962.3766
       960.3102       959.1338       959.4150       960.0447       960.6533
       961.7025       963.1393       963.6055       962.5289       961.1292
       959.7629       958.5092       956.8324       955.4485       955.2955
       954.9720       953.8350       952.2719       951.4873       952.4965
       953.3582       952.8981       951.8445       951.9069
       958.4564       958.5254       958.1136       957.6220       958.3601
       959.2599       958.5462       956.9604       957.2029       959.2362
       958.6962       956.0616       955.1310       956.1112       956.0549
       954.1707       953.1237       953.9076       955.1240       956.0173
       956.4316       956.0807       956.1777       955.9954       954.2713
       953.0664       952.8433       951.9957       948.6651       945.3448
       945.7170       948.1873       950.0185       951.4819       953.2503
       954.6395       955.6130       955.7244       954.1610       952.0232
       950.0337       948.8404       947.8899       947.8350       948.4862
       949.5751       951.2983       952.6918       953.9487       956.0579
       956.6207       955.1089       953.3483       952.9094       954.3737
       955.2924       954.9404       954.7705       955.2551       955.6243
       955.1596       954.5609       954.5317       955.6091       956.6821
       957.0883       957.2307       957.3856       958.5849       961.2822
       965.3049       969.2103       972.3974       974.7593       976.4501
       978.0833       978.8539       978.0247       976.0060       973.0168
       969.7530       966.2462       963.3669       961.7332       960.6685
       960.3542       960.9795       961.7509       961.8764       961.0739
       959.2939       958.8451       960.3137       961.1334       961.2595
       960.1517       958.9708       958.7148       959.0359       959.8669
       961.7169       962.7781       962.6193       961.3618       959.5583
       958.6068       957.8274       956.7040       955.6899       955.4552
       955.1506       954.2034       951.7800       950.8884       952.1193
       951.7746       950.6985       950.4962       951.5854
       959.0279       958.9557       957.9110       956.8478       957.0366
       958.4362       958.5796       957.2944       957.2153       957.4876
       955.9958       954.3604       954.9091       956.4327       956.5987
       955.6194       954.7728       954.7895       954.4731       954.3339
       954.2361       953.7728       954.0222       953.2091       951.3647
       951.8093       954.0604       954.2215       950.4795       946.9775
       946.9003       948.1744       950.0716       952.5552       954.5275
       956.6229       957.8416       958.4404       958.1054       955.8199
       952.5736       949.6378       948.4540       948.1855       948.8501
       949.9196       951.2289       952.8929       954.8760       956.1469
       956.0084       954.3051       952.1898       951.4096       953.0510
       954.7347       954.9598       954.5519       954.4160       954.7720
       954.4752       954.2393       955.1531       956.5557       957.1664
       957.9194       960.2651       962.3144       963.6755       965.7460
       969.0161       972.6077       976.2930       978.6871       980.4284
       981.8287       981.3586       978.8862       974.8843       971.3859
       968.8326       966.3647       963.8724       961.8812       960.7061
       960.6932       961.7397       963.0357       963.1007       961.4186
       959.3774       958.5897       958.3477       958.7224       959.4527
       959.4602       958.5786       957.9764       958.7068       960.4661
       962.1667       962.9635       962.2832       960.5997       958.9824
       958.3152       957.9941       956.2847       955.4345       955.4067
       955.5465       953.8840       951.3052       950.4200       950.8945
       949.8693       948.4382       949.3199       950.9264
       958.4346       958.1106       956.7389       955.2227       955.5328
       958.2463       958.5781       956.8776       956.8124       957.3736
       956.1682       954.8036       955.4965       956.6094       956.9604
       956.7269       956.1639       955.5384       954.5532       953.1652
       951.4149       950.6274       950.8116       950.4879       950.0475
       952.2484       955.0820       955.2365       951.3734       947.7470
       948.1511       949.3592       951.1276       953.5369       955.3434
       956.8623       957.8886       959.1335       958.9748       957.2651
       953.9832       950.8459       948.9931       947.7109       947.3342
       948.6050       951.0020       953.6652       955.0473       955.3359
       954.3540       952.6744       951.3539       951.6141       952.9100
       954.2598       955.2456       955.5916       955.7914       956.6121
       956.9724       957.1767       958.8621       959.9562       960.0001
       961.0164       963.6711       966.8194       968.9332       970.6974
       973.5444       976.8398       979.5892       981.7047       983.3536
       984.5795       983.0976       978.8375       974.5865       971.0304
       969.0123       966.9966       964.2821       962.0079       960.8710
       960.0612       961.3283       963.5767       963.8773       961.9944
       960.8971       959.9476       957.7717       956.9285       957.2663
       957.9257       958.4905       959.1573       960.3852       961.5767
       962.2321       962.1618       961.1130       959.9399       959.3955
       959.7084       959.0469       956.7728       955.2182       955.5309
       954.5703       952.9193       950.7209       949.3987       948.9345
       947.6682       946.0067       946.9543       949.8521
       956.3008       956.3130       954.8942       953.0526       954.0849
       956.6919       957.2506       955.6738       956.8605       958.5601
       958.3288       956.8037       955.9741       956.4791       957.2019
       956.8972       956.0355       955.0410       954.3016       951.5974
       948.6962       947.3036       948.1373       948.9623       950.3397
       953.8179       956.2512       956.1270       954.1378       952.3695
       952.6265       952.9844       953.5528       955.0120       955.8317
       955.8705       957.0098       957.7723       957.3129       955.7963
       954.1505       952.1915       949.5466       946.8936       945.5331
       946.9330       950.1514       952.7305       953.8399       953.3253
       952.8300       952.7514       953.6532       954.9907       955.4119
       954.8254       955.8728       958.2402       959.5131       959.9166
       960.3558       961.1607       962.5042       963.5744       963.5850
       964.4770       967.1754       970.7111       973.8917       976.2635
       977.9170       979.7045       981.3192       982.7416       984.1949
       985.2103       983.7574       979.4666       975.3784       972.4673
       970.3530       968.5539       965.8532       963.9780       961.9373
       960.5018       961.3928       964.0052       964.2440       962.7667
       962.2597       961.0563       958.7788       956.9408       956.6804
       958.0988       960.0363       962.2102       963.0978       962.8945
       961.9207       960.6879       959.5803       959.1761       959.9421
       961.4236       960.9757       958.8173       956.8962       955.3835
       953.9998       952.0622       949.8429       947.7856       947.4113
       947.3524       945.6117       945.6620       948.4611
       951.7866       952.6163       952.9125       952.3190       952.4131
       953.7558       954.7650       956.0355       957.6456       959.7717
       959.2352       957.4477       956.0684       956.4805       957.7432
       956.9855       955.0934       954.4886       953.2168       950.9707
       947.7766       946.0699       946.3098       948.7438       952.3554
       955.3624       957.5012       957.8607       958.0341       958.3652
       957.5968       956.2493       955.5226       955.7354       956.1399
       956.3570       956.1910       955.3045       954.2812       953.4088
       952.9620       952.2513       950.4545       947.3339       945.8018
       947.3184       949.9771       952.2815       952.8058       952.8254
       954.0071       955.8257       957.8328       958.6393       957.7421
       956.0654       957.4695       961.2733       964.1003       964.3790
       963.3624       963.4771       964.7143       965.7706       966.3665
       967.4930       969.7816       974.2365       978.6741       981.1107
       981.2435       981.0182       982.4688       983.5719       984.3381
       985.0411       984.2167       980.9569       976.9380       973.7008
       971.7818       970.0524       968.0191       965.8203       963.7753
       962.1452       962.7471       964.3270       964.3801       963.1880
       962.9584       962.2697       960.2346       958.4063       958.7750
       960.6414       963.3372       965.1584       965.4200       963.7329
       961.6381       959.6473       958.5367       958.7280       960.5326
       961.5111       961.3005       959.8519       957.6805       956.5796
       955.0692       952.4014       949.3246       947.0334       946.9061
       948.0575       947.6584       946.9333       947.7200
       947.9915       949.2294       951.1682       952.0019       951.7536
       951.7124       953.6682       956.2869       958.9648       960.0551
       959.3506       957.6686       956.2648       956.5225       957.7988
       957.3179       955.3394       953.9627       952.6762       950.8146
       948.6477       946.6833       946.5316       949.8373       953.8218
       957.5040       959.6566       960.6074       960.7021       960.3893
       959.2792       956.8562       955.1135       955.7613       956.7217
       957.0963       956.0900       954.1712       951.8853       950.8434
       951.0735       950.8236       949.8433       948.3657       947.6760
       949.8008       952.6526       953.6786       953.7703       954.7159
       956.2563       958.8770       960.3862       960.4569       959.1786
       958.7578       960.2180       964.2268       967.8896       968.1472
       966.8769       966.5664       967.1774       967.9074       968.9389
       970.0481       972.3764       976.8066       981.3693       983.5066
       982.9990       982.8380       984.1759       985.0404       985.4332
       985.6276       984.4977       982.0700       977.8580       973.8119
       971.2558       970.0406       968.7681       966.9711       965.0203
       964.0718       964.0499       965.0063       965.0317       964.2260
       964.0092       962.9153       960.9694       960.3719       961.5182
       963.7509       965.3799       966.5859       966.2542       964.3467
       961.6906       959.3993       957.8627       958.3674       960.1584
       960.6287       959.5650       958.4676       957.5609       957.1376
       955.6121       952.3710       949.6215       947.6041       947.3105
       948.6165       949.6022       949.2097       948.9736
       947.4456       948.8926       949.8470       950.1241       950.2651
       950.9476       952.9424       956.4160       958.9477       959.5018
       959.5422       959.5607       958.4318       957.9216       958.5538
       957.8984       956.3875       954.1159       952.4545       951.5270
       950.1353       948.2545       948.3370       950.8898       955.1628
       958.4104       961.0557       962.2484       962.0953       960.5043
       958.4581       955.4770       953.6871       954.3708       956.1394
       956.8966       955.9446       953.4561       951.2574       950.0367
       949.4943       949.0134       948.4901       947.7168       947.8185
       950.7888       954.4634       955.3024       955.6641       956.5321
       957.8694       959.1708       960.7676       961.0817       960.9716
       962.4662       964.6117       967.5748       970.5080       970.8538
       970.6537       970.9263       971.0656       971.6324       972.3228
       973.0975       975.0512       978.4568       982.3993       983.9583
       983.5310       983.2596       983.8979       984.8028       985.7224
       985.5027       983.5753       981.5790       977.5298       972.5323
       969.8472       969.2526       969.6178       968.5130       966.5510
       965.8267       965.6099       965.8882       965.9139       965.8355
       964.9814       962.7248       961.1487       961.6477       963.3275
       964.1023       964.6487       965.2029       965.2213       963.7206
       961.3509       959.3082       957.9056       958.1195       959.0146
       959.1715       958.4111       956.5380       955.8307       955.9006
       954.4679       951.9161       949.6652       948.2900       947.8401
       949.1837       950.8212       951.5093       951.1786
       947.7212       948.4651       948.3240       947.5355       947.8936
       950.3265       953.5679       956.7109       959.2438       960.2312
       961.1541       961.7993       961.5878       960.8563       959.6572
       958.0845       956.4534       954.5645       952.4817       951.4677
       950.4450       949.4718       949.5359       951.9226       955.3497
       959.4386       962.4191       963.0569       961.7515       959.9419
       957.2256       953.9607       952.1147       952.1387       954.1377
       955.6582       955.2480       953.9232       952.2947       950.7739
       949.5299       948.0329       947.2058       946.2623       946.6485
       949.1789       952.6765       955.0868       955.8885       957.0350
       958.4598       960.1428       961.8502       962.9065       963.5726
       965.6323       968.7131       971.5526       973.0784       973.1868
       973.6033       974.3773       974.9392       975.5797       975.6899
       975.8133       977.0593       980.1581       982.8314       983.9765
       983.7148       982.2457       981.7689       982.5760       983.2198
       982.7581       980.6381       978.0092       975.0187       971.2938
       969.1174       969.4916       971.3180       971.0186       968.9772
       967.3082       967.0575       966.8214       966.2514       965.5107
       964.9014       963.2900       962.3197       962.5491       963.2361
       963.3409       963.1675       963.4680       962.7805       961.4756
       960.3113       958.8365       957.3829       956.8492       957.7946
       957.9343       957.0065       955.6525       954.1799       953.4225
       952.5337       950.3572       948.7415       948.2391       948.7182
       950.3387       952.0071       953.1638       953.4526
       947.5632       947.6230       947.8215       947.4704       948.1416
       950.8610       954.6660       957.8269       959.9136       961.1937
       963.0123       963.6571       963.1941       962.9107       960.8204
       958.1998       956.3615       954.7299       953.1805       951.4519
       950.0117       949.2697       950.2596       952.4417       955.5619
       960.1599       963.6852       963.5156       960.7922       958.6346
       956.4575       954.1630       952.4477       952.0817       953.4620
       954.5526       954.8640       955.5358       954.4059       952.1062
       949.6429       948.0541       946.7701       946.5168       947.3137
       948.7060       950.1968       952.1553       953.7897       956.5903
       960.3555       963.3170       964.7383       965.9609       966.6764
       968.3536       971.6105       974.7845       975.8929       975.3589
       975.1647       975.8847       977.2277       978.0940       977.9469
       977.7227       979.0864       981.5322       983.8074       984.7874
       984.0747       981.7900       980.1158       979.6824       979.1447
       977.7322       976.2249       974.6183       972.9525       971.4698
       970.5964       971.3836       972.6800       973.2366       971.5836
       969.1179       967.3253       966.8084       965.3904       964.6976
       964.6086       964.1810       963.7907       963.5526       963.7066
       963.6862       963.4803       962.8696       961.3823       960.1174
       959.4540       957.8407       955.7192       954.8700       955.8683
       956.5155       956.3340       955.4632       954.1490       952.6792
       950.6501       948.6471       947.7200       948.2408       949.7479
       952.0100       954.1561       955.2760       955.7277
       947.1006       947.6423       948.3522       949.5847       950.8218
       952.7578       955.2424       957.9766       959.4318       961.3585
       963.1475       964.0163       964.8979       964.2238       961.6078
       958.7172       957.2317       955.8417       954.7225       952.9138
       950.7925       950.5135       951.6297       953.4634       956.2593
       960.1716       962.9624       962.5136       959.9501       957.0594
       955.9139       955.3756       954.6234       953.8539       953.0721
       953.4765       954.4974       955.0948       954.3388       951.9276
       949.8275       948.2960       947.7112       948.1731       949.6270
       950.1165       949.6801       949.9063       952.6694       957.0236
       962.1536       965.4075       967.4556       968.6060       969.3083
       970.8842       974.2706       977.5598       979.0344       977.6940
       976.7979       977.1929       978.5002       979.3771       979.4569
       980.0705       981.2548       983.6408       985.2926       985.5137
       984.1051       981.7084       979.0678       977.1111       974.9392
       973.0380       972.5582       973.1453       973.0524       972.7980
       972.6924       972.6332       974.0148       975.5840       974.5237
       970.9944       967.9694       965.8501       964.5936       964.3607
       964.8134       964.7477       964.4559       965.0121       965.5397
       965.3436       964.4392       963.6104       962.1202       961.0921
       959.8638       957.6323       955.1985       954.3884       955.2516
       956.3036       956.6191       956.5092       955.6571       954.2301
       952.0093       950.1044       949.0848       949.3399       951.3623
       954.5540       956.8763       958.0798       957.9268
       945.8629       946.7631       948.5111       950.1885       952.0391
       953.5494       955.2911       957.0853       959.1973       960.8536
       962.4437       963.9445       965.2769       964.7786       961.2975
       958.5176       957.1892       957.0811       956.5990       954.2738
       952.6989       952.8648       953.6340       955.6502       957.8525
       959.5345       960.2440       959.4567       956.7962       954.2787
       954.3611       955.5823       955.8039       954.4407       952.5248
       952.2286       953.3131       953.6511       952.9901       951.5399
       949.8810       948.6671       948.8743       950.0353       950.4014
       950.4108       949.8677       950.5736       953.1316       958.0224
       963.0242       966.4744       968.5900       970.4275       971.1935
       972.8116       976.9194       981.0396       982.1415       980.9893
       979.0756       977.9890       978.5638       978.7709       979.3197
       980.9877       983.7033       985.5395       985.9502       984.6987
       983.0628       980.9927       978.5563       976.0823       973.0854
       970.1219       969.9095       971.1834       971.9935       971.6047
       971.3377       972.9066       975.4730       977.5081       976.8989
       973.6494       969.8008       966.5678       964.8207       964.6482
       964.8001       964.9002       964.9219       966.3860       967.4083
       966.7788       966.1547       965.4719       964.4548       963.4584
       961.6829       959.0836       957.2728       956.8359       957.3505
       958.0702       958.1990       958.3062       958.0960       958.3180
       957.8950       956.2055       954.4883       953.2815       954.5744
       957.1537       959.3635       960.2076       960.7117
       944.4866       945.3203       946.6757       948.7228       951.1971
       953.3065       954.9406       956.5345       958.5880       960.3690
       961.4688       962.8455       963.7106       962.5789       959.3404
       956.8682       956.2556       956.6636       955.6327       954.2371
       954.2853       953.8592       954.6418       956.3466       957.7668
       958.2297       957.6390       955.8307       953.2456       951.7762
       952.0815       954.5730       955.8834       954.9687       952.9214
       952.1156       952.6212       953.3381       952.7886       951.7375
       949.7923       948.4127       949.1714       950.1595       949.8795
       949.0606       949.3571       951.0223       954.2664       959.5198
       964.9922       968.0842       970.1229       971.3276       972.3420
       974.9306       979.4459       983.2435       984.3116       983.0209
       979.9769       978.1764       977.2798       976.6868       977.9942
       981.2505       984.2765       986.2453       985.2999       982.9266
       981.0800       979.7461       978.1520       976.0099       972.5663
       969.7341       969.1330       969.6236       970.5533       970.7543
       971.3192       973.0704       975.8616       977.6650       978.0876
       975.5577       971.4495       968.0043       966.5626       966.1737
       965.8643       965.2906       966.1658       967.8514       968.8462
       968.5980       968.3021       967.8314       967.3606       965.7836
       963.3802       961.2828       960.2779       960.5036       961.5433
       961.4794       961.2148       961.1988       961.9135       963.2940
       963.7805       963.3677       961.3893       959.3754       959.2258
       959.9651       961.3145       962.3118       963.1727
       943.9081       943.8965       945.2563       947.8912       950.6315
       953.2850       954.8107       956.2634       957.7229       959.1849
       960.5850       961.7441       961.8536       959.5486       956.7195
       955.1030       955.1827       955.4921       955.0245       954.6555
       954.9806       955.1911       954.6973       954.3407       954.7225
       955.8068       955.8934       953.3329       951.0015       950.7259
       952.3334       955.1689       957.1076       955.8449       953.9848
       952.8715       953.2794       953.3871       952.8401       951.4162
       948.8167       946.8024       947.6765       948.9145       948.8907
       948.8301       949.5743       952.0109       955.9612       961.7595
       967.3878       971.0059       972.4180       972.7233       973.5956
       976.4526       980.8376       983.7310       983.7105       982.0570
       979.9101       978.0190       976.3912       975.1840       977.0679
       981.1629       984.3996       986.0344       984.7732       981.4136
       979.9088       979.2964       978.7514       976.1729       972.6261
       970.6909       970.7863       971.0457       971.7189       973.2737
       973.6005       973.8643       975.2078       977.4922       977.8228
       975.6574       972.2103       969.5813       968.9073       969.0850
       968.2925       967.6462       968.6003       970.1620       971.0166
       971.0787       970.9261       971.0515       969.7960       966.8958
       964.5852       963.5061       963.3325       964.0109       964.6251
       965.0059       965.0590       965.1983       966.1198       967.3656
       968.3442       967.8064       966.2674       964.8652       963.7412
       963.6749       963.9915       964.7665       965.4917
       943.5336       943.3206       944.0956       946.4084       949.3394
       951.9391       954.7635       956.4103       957.3763       958.3518
       960.4003       961.9510       960.3826       957.3331       955.0135
       953.9979       954.4702       955.6433       955.7702       955.6880
       956.6014       956.7512       955.2401       952.6318       951.7026
       953.2475       954.0870       951.3403       948.9979       950.9264
       954.3068       957.3364       958.4058       957.4891       955.5740
       954.4841       954.6772       954.5843       953.5730       951.5374
       948.5610       946.3212       946.8622       948.2598       948.8416
       949.6072       951.2788       954.3798       958.5916       963.7787
       969.2579       973.2509       974.9091       974.5763       975.5036
       978.3484       982.3837       985.0266       984.0822       980.9910
       979.3854       978.8504       976.8032       975.1788       977.2991
       981.3730       984.9788       987.3509       986.3111       982.8849
       980.6122       981.2958       980.7225       977.6429       973.9880
       972.9124       973.3544       973.8597       974.2141       975.1263
       975.5565       975.4787       975.6882       977.0672       977.5162
       976.1319       974.1157       972.0992       971.5147       971.8300
       971.3374       970.8521       971.6229       973.4557       974.1958
       973.7103       973.7673       973.1369       970.5602       967.5134
       966.3319       966.5514       966.8058       967.0620       966.9496
       967.2161       967.7587       968.3460       969.3926       970.6255
       971.3187       970.5516       969.5162       968.6930       967.6772
       967.0616       967.0607       968.2593       969.4777
       942.5671       942.0061       942.5710       944.4586       946.5965
       949.6752       953.4446       956.2845       957.1792       957.6642
       960.1479       962.0623       959.3801       955.4449       953.8450
       953.8570       954.4542       955.1752       955.6039       955.9490
       956.9148       957.5074       955.8970       952.9991       951.2581
       951.9528       951.6840       949.0804       948.0394       951.1956
       955.2517       957.5489       958.9491       958.9171       957.4485
       956.5261       956.9751       956.6061       954.3493       951.8520
       949.3851       947.5540       947.4791       948.1279       948.9886
       950.6577       952.6955       955.6810       960.3062       965.0328
       970.5651       975.4445       976.3368       976.0762       977.3529
       980.2576       984.2290       986.9000       985.3645       981.4755
       979.6394       979.3166       977.7891       976.6052       978.3878
       982.0491       986.1180       989.0126       988.4045       985.9016
       984.5341       983.9015       982.2642       979.4438       977.0126
       975.2816       975.1230       975.4039       975.4048       975.7143
       976.5639       976.9687       977.0673       977.2846       977.8036
       977.2720       976.1736       974.7722       973.4590       973.7340
       973.7311       973.4863       974.5809       976.1647       976.5567
       975.7845       975.0596       973.5680       970.5417       968.2734
       968.4709       970.0184       970.6089       969.3530       968.3917
       968.3071       968.6456       970.2806       972.0660       972.6790
       972.1332       971.5456       971.4215       971.4214       970.5691
       968.8857       968.9924       971.3799       973.1616
