!     RMS - Reservoir Modelling System GRID TO ZYCOR GRID
!     RMS - Reservoir Modelling System VERSION : 10.1
!     GRID FILE NAME   : Base_Reflector3
!     CREATION DATE    : 2018.12.21
!     CREATION TIME    : 08:26:37
@Base_Reflector3 HEADER                     ,      GRID, 5
      15,    -99999.0000,       ,      4,      1
     119,     65,    436910.1562,    440110.1562,   6469154.5000,   6475054.5000
         0.0000,         0.0000,         0.0000
@
+ Grid data starts after this line
       932.0327       933.5206       934.5129       934.5593       934.4965
       934.7084       935.0003       935.6501       935.9865       936.4741
       936.4572       935.8578       935.2091       936.7894       939.0239
       938.9718       938.1375       938.0837       939.5108       941.4639
       943.5475       946.5223       949.0170       949.9424       949.2939
       948.3027       947.0440       946.1431       945.9366       945.9618
       946.2317       946.3136       946.4782       946.0272       944.8879
       944.7783       945.0944       945.0015       944.7870       944.1808
       944.3846       943.8318       941.6386       939.7828       939.3998
       939.2480       937.9260       935.7019       933.6838       932.8909
       932.1760       931.7651       932.7192       934.0247       934.0017
       933.0506       932.3392       932.2987       933.2631       934.4639
       935.1644       936.7134       939.6924       941.9572       941.9664
       941.0258       940.7635       940.8643       942.0767       944.5146
       947.3091       949.8734       952.0531       954.5687       957.6776
       960.0399       960.3039       960.2244       960.6434       961.4859
       962.7296       963.9371       965.0309       966.1223       967.8910
       970.0738       971.4459       972.7034       973.3981       972.6313
       970.8680       969.1960       968.1528       967.2960       965.8668
       964.2806       962.0750       960.2781       960.1790       960.7996
       960.8722       961.5121       962.5961       963.3410       964.3929
       965.4402       965.9777       965.7766       963.8504       961.2935
       959.3567       958.2012       957.9744       957.5681       957.2751
       957.1711       956.6361       955.4142       954.1527
       932.6998       932.8487       932.7234       931.9724       931.6557
       932.0837       932.9105       932.9223       933.4609       934.1683
       934.0611       933.8706       934.5872       936.2377       938.2680
       939.2013       939.0472       939.4663       940.8137       942.6526
       945.2034       947.3425       948.5865       948.8282       948.4791
       947.2897       945.8119       945.5900       945.8353       945.7106
       945.5790       945.4479       945.6071       944.9124       943.7020
       943.8372       944.4659       945.2219       945.6249       945.2607
       945.1467       944.2370       941.5115       939.7675       939.2550
       938.1148       936.1217       933.4437       931.1951       930.6516
       930.9412       931.4512       932.4740       933.9905       934.6469
       933.8649       932.8737       932.1918       932.5759       933.4241
       934.6957       936.8768       939.0618       940.6909       941.3056
       940.8627       940.3892       940.9514       942.3122       944.6710
       947.5433       950.0983       952.1246       954.8715       958.1528
       960.8430       961.9586       962.0499       961.9924       962.2558
       963.3777       964.4229       965.2226       966.4152       968.7208
       971.0585       973.1666       974.6341       975.0804       974.4418
       972.6736       970.7462       969.3395       967.7565       966.1467
       964.3568       962.3793       961.3833       961.3171       960.9541
       960.8263       961.0753       961.7876       962.2870       963.3618
       964.5735       965.4579       966.8381       965.7515       962.0952
       958.8914       956.6675       955.7308       955.2347       955.1763
       955.4966       955.1567       954.1891       952.9075
       932.1854       931.1841       929.9645       929.0649       928.6143
       929.1693       930.0432       930.4792       931.0621       931.4709
       931.5707       932.0510       933.3547       934.9481       936.8344
       939.2256       940.6392       941.4788       943.0714       945.5850
       947.8580       948.9476       948.6609       948.0782       947.4817
       946.5345       945.3522       945.0435       945.3518       945.5865
       945.0831       944.3679       944.1165       943.5220       942.6472
       943.0460       943.9221       945.1336       946.1330       946.2034
       946.3073       944.8577       942.1321       939.7163       938.8579
       937.2927       933.8591       930.6265       928.7321       928.0868
       928.9011       930.3557       931.7051       933.0906       933.5776
       932.9678       932.2778       931.6611       931.4127       932.2278
       933.6013       935.5541       937.4816       938.7338       939.5865
       939.7219       939.3146       939.7726       941.4172       943.7186
       946.8608       949.4905       952.1288       955.0429       957.8921
       960.9006       963.2390       964.0775       964.1596       964.0056
       964.5015       965.3945       966.0940       967.4320       969.5787
       972.4503       974.9484       976.2526       976.4222       975.7014
       974.5998       972.7322       970.4161       968.3905       966.6729
       965.5863       964.3958       963.2682       962.6813       961.8012
       961.0947       961.4764       961.9243       962.3740       963.6872
       964.8680       965.9289       967.6849       967.4191       963.1692
       958.9167       956.5449       954.9771       953.7816       953.3423
       953.7635       953.2685       952.5394       952.0734
       929.9795       929.3929       928.0457       927.0198       926.7868
       927.5106       928.0618       928.9965       929.2576       929.5357
       929.8911       930.5063       932.1934       933.9156       936.1433
       939.0544       941.1380       942.6539       945.3441       948.2791
       950.1940       950.4185       948.9373       946.9933       946.5248
       945.8704       945.0344       944.8528       945.1546       945.0442
       943.9255       942.6069       942.3331       942.4518       941.9105
       942.0805       943.4539       945.1647       946.3381       946.8446
       946.5974       945.2289       941.5931       938.6274       937.3507
       935.6279       931.4271       927.7211       926.1929       925.8937
       926.6738       928.4517       930.4816       931.4069       930.6310
       929.9638       929.9799       929.7120       929.9279       930.7719
       932.0773       933.7902       935.5632       936.3781       937.3004
       937.7992       937.1637       937.2602       938.7548       940.9382
       944.1588       947.8860       951.1419       954.2295       957.3525
       960.2018       962.6961       964.7294       965.2993       965.2729
       965.7635       966.9610       968.6199       969.9866       971.7220
       973.8300       975.6678       976.4081       976.4128       975.8553
       975.3497       973.9115       971.7269       969.7930       968.4671
       967.8400       966.9042       965.8563       964.6379       963.3199
       962.0142       961.7911       962.0971       962.7540       964.1862
       965.7463       966.6322       967.6860       966.5219       962.4694
       958.3885       956.4814       954.9902       953.7054       953.3483
       953.2700       952.2274       951.8887       951.8995
       927.2301       926.6709       926.0137       925.1581       925.7540
       927.1366       928.0097       928.3361       928.2695       928.3271
       928.9525       929.9313       931.4872       933.0620       935.6075
       938.4477       940.4879       942.6694       945.7357       948.6916
       950.4017       950.4172       948.0848       946.1782       945.7241
       945.0038       943.9246       944.1403       944.6353       944.0031
       942.4210       940.9421       941.4181       942.0670       941.6143
       941.4911       942.7302       944.1042       944.7687       945.2206
       944.7681       942.4650       939.0704       935.8386       934.6039
       932.3192       928.5873       925.7331       923.9537       923.8203
       925.0690       926.8627       928.4938       929.0507       928.2285
       926.9943       926.8182       927.1402       928.0873       929.4153
       930.9094       932.5020       933.6343       934.2816       934.5775
       935.3176       935.0856       934.9995       936.1474       938.0255
       941.2487       945.4633       949.4791       953.1121       955.8767
       958.6412       961.3849       963.9679       965.0273       965.1022
       966.2971       968.6227       970.6973       972.3883       974.2267
       976.0284       976.5316       976.3096       976.0264       975.4570
       974.3227       973.2416       972.6045       972.1115       971.0621
       969.5266       968.6892       967.8950       966.5427       964.3871
       962.7025       961.8317       961.9207       962.1208       963.6104
       965.2704       966.2170       966.0726       964.2673       960.6184
       957.9008       956.5729       955.7310       954.7126       954.0524
       953.3857       952.6204       952.1708       951.6664
       923.0284       922.9392       923.0060       923.2776       924.3245
       926.2463       927.8128       927.5770       926.8927       926.9546
       928.1977       929.6475       930.8656       932.5259       935.0546
       937.5253       939.4081       941.4007       944.1432       946.8895
       948.5576       948.3157       947.0857       946.3949       946.0242
       945.0504       943.9130       943.3000       943.6647       943.3983
       941.8130       940.9811       941.6125       942.5655       941.5775
       940.4856       941.0895       941.2975       941.3510       941.6969
       941.0414       938.6801       935.3221       932.9261       931.4818
       929.0711       926.1443       923.9841       923.0690       922.9139
       924.0438       925.5177       926.7772       926.9001       925.7173
       924.8458       924.6649       925.0817       926.1095       927.9929
       929.9766       931.3386       932.4391       932.6213       932.5289
       933.1335       933.6835       933.9204       935.2075       937.3235
       940.5782       944.4357       948.2396       951.6725       954.4735
       957.0226       960.2272       962.7574       963.8400       964.1307
       966.0600       969.0944       971.2727       973.0533       975.4585
       977.3003       977.3721       976.0150       974.6640       973.3248
       971.9703       971.1682       972.1988       973.5400       973.5369
       971.8197       969.6540       968.5696       966.8105       965.1084
       963.5034       962.0878       961.6122       961.8552       962.6046
       963.6946       964.0482       963.4492       962.1487       959.9065
       958.5325       957.9051       956.9739       955.9616       955.0358
       954.0250       953.2231       952.0433       951.3004
       919.4166       920.1376       920.9894       922.1277       923.4835
       924.8140       925.8879       926.1664       925.3575       925.7288
       926.8394       928.0457       929.5320       931.8123       933.9697
       935.6993       937.2908       939.1258       941.1767       943.5082
       945.2233       945.8832       946.2173       946.8630       947.3027
       946.6317       944.7944       942.9923       941.7389       941.9393
       941.7125       941.4105       942.4356       942.6943       940.8178
       938.9263       938.2592       937.8077       937.9927       938.3111
       937.7774       935.7277       933.2352       931.3334       929.6313
       927.1964       924.6030       923.2847       922.9601       923.0053
       923.7496       925.2282       925.7806       924.9517       923.7172
       923.6663       924.1830       924.3668       925.0327       927.1807
       929.3573       930.7297       931.1264       930.8385       930.7913
       931.4344       932.2607       933.5505       935.2903       937.9601
       941.1475       944.6509       948.1187       950.6904       953.6106
       956.9695       959.8040       962.0341       963.2953       964.1394
       966.0839       969.4365       972.2621       973.8099       975.3425
       977.3882       977.2953       975.2717       972.9392       971.5212
       970.4192       970.0229       971.7993       975.1080       976.5158
       974.9517       971.6729       968.9402       967.2261       965.8963
       964.2540       962.1362       960.7094       961.0438       961.6031
       961.9543       961.7471       961.1691       961.0519       960.1454
       959.0385       957.9791       956.6805       955.5452       954.4391
       953.6525       952.9047       951.4601       949.8109
       918.9327       919.1870       920.4495       922.0652       923.7091
       924.2374       924.6165       925.0228       924.8594       925.3807
       926.3030       926.7113       927.6672       929.4458       931.3073
       932.5773       934.2075       936.4628       938.4025       940.2762
       942.3072       944.0264       945.8941       947.3365       948.4077
       947.3645       944.9086       942.0821       940.2791       940.0593
       940.9753       941.6418       942.3593       942.2069       940.5386
       938.5862       937.0252       936.2008       935.7715       935.7776
       934.8573       933.0426       931.4940       930.6768       929.3139
       927.1025       924.8104       923.8463       923.4058       923.6672
       924.6517       925.5907       925.4081       924.2527       923.9707
       924.4389       925.2749       925.8276       926.4985       927.9282
       929.6899       930.2096       929.7097       929.2597       929.5910
       929.8909       931.0822       933.0217       934.9966       937.5665
       940.7463       944.4768       947.0543       949.8012       952.8859
       956.2233       959.8409       962.3157       964.0178       965.3045
       967.4594       971.0090       973.7609       974.6198       975.4737
       976.5821       976.7766       975.5350       974.4005       973.6715
       972.2592       971.4682       973.8521       977.0214       978.7129
       977.1779       973.4188       970.2303       968.2068       966.2963
       964.0782       961.8572       959.8148       959.5754       960.5148
       960.9384       960.1425       959.6214       960.1384       960.2327
       958.7434       957.3203       955.8043       954.0221       952.9167
       952.4130       951.2912       949.6629       947.8827
       920.5471       920.8151       922.0771       923.7034       924.2933
       924.5900       925.1590       925.3231       925.5999       926.0090
       926.6251       927.1378       927.5999       927.6075       928.4311
       929.8467       931.4200       933.5234       935.9639       938.1549
       940.3461       943.2890       945.7102       947.6678       948.1000
       946.4702       943.5494       941.2992       940.3613       940.0964
       940.6447       941.5426       942.2132       941.9230       941.0399
       940.1414       938.9214       937.3693       935.6762       934.5677
       933.0078       931.0959       930.7102       930.7344       929.8838
       927.9185       926.1660       924.9197       924.0022       923.9499
       925.0184       925.4145       924.7616       924.1944       924.6143
       926.0159       927.2178       928.0462       928.7828       929.7073
       930.5991       930.5731       929.4703       929.1359       929.1804
       929.0165       930.1667       932.1445       934.0236       936.5001
       939.5018       942.7852       946.0094       948.2907       950.9874
       954.7116       959.2390       963.1605       964.8168       966.3636
       969.0178       972.2510       974.4658       975.0549       975.0753
       975.8187       976.5159       976.9292       977.9689       978.3324
       976.5047       975.1640       976.2488       978.2452       978.6920
       976.7136       973.1172       969.8544       967.6866       966.1602
       964.5251       961.8390       959.6736       958.9105       958.9438
       959.5032       959.3942       959.5798       959.6091       959.0221
       957.7568       956.1395       954.9683       953.5969       952.2711
       951.5238       949.7719       947.1946       945.5956
       924.7283       924.6027       925.8948       926.4924       925.9020
       925.7350       925.8630       926.3651       927.0031       927.4028
       927.7371       928.2714       928.3762       927.9415       927.9606
       928.9014       930.2083       931.5964       932.9441       935.6257
       938.9637       942.2280       944.7610       946.2456       946.2662
       944.3513       941.7073       940.1948       940.5402       941.4689
       941.4842       942.2396       942.7120       942.5323       942.2806
       941.9780       941.5552       939.9895       937.4835       935.2566
       933.0112       931.7237       931.6198       931.5896       931.1370
       929.7869       927.8693       926.1569       924.6361       923.9111
       924.6793       925.2379       924.4641       923.7125       924.4194
       926.2659       927.8925       929.2219       930.2598       930.8750
       931.5551       931.3066       930.4235       929.5543       929.1473
       928.9986       929.6718       931.3936       933.3195       935.0765
       937.8842       941.3806       944.5320       947.0624       949.4262
       954.0003       959.4767       963.0269       964.9426       966.7139
       969.8944       972.9305       974.1009       974.2599       974.4301
       975.1980       976.2891       977.6372       980.1044       981.3361
       980.1528       978.2935       977.4385       977.8442       977.8670
       975.2415       971.5008       968.4027       967.0314       966.7147
       965.9093       963.3700       960.6890       958.5555       957.6767
       957.9407       959.0428       959.4544       959.0341       957.4347
       955.3906       953.6618       953.2923       953.0115       952.0435
       950.1102       947.5643       944.8228       943.2395
       929.9789       929.2740       929.2572       929.1434       928.0182
       926.5460       926.2880       927.1731       927.7276       928.3948
       928.7461       929.2050       929.3412       929.1776       929.2210
       929.4349       930.1635       930.7078       931.1331       933.3519
       936.9277       940.0533       942.3201       943.2104       942.6938
       941.5285       939.9858       939.3113       940.5667       942.1071
       942.9130       943.5049       944.2195       944.5295       944.7029
       944.2592       943.9044       942.5425       940.2497       937.2147
       934.9708       933.5880       933.0131       932.9655       933.1896
       932.3165       930.2332       928.1735       926.2012       925.0323
       925.5810       926.3652       925.5398       924.1127       924.2485
       925.7842       927.6717       929.3924       930.9340       932.0406
       932.2527       931.6050       930.4387       929.4733       928.7511
       928.5358       929.2128       930.6544       932.9563       935.2007
       937.0150       939.7523       942.9397       945.7076       949.0866
       953.6215       959.1615       963.1957       964.8273       967.0005
       970.5390       972.7596       973.1912       973.0079       973.1580
       974.3275       975.6947       977.3862       979.6175       981.4656
       981.0630       978.3896       976.1434       976.4760       976.8557
       974.3053       970.1345       967.9871       967.9995       968.8805
       968.3357       965.9136       962.3546       958.9529       957.2736
       957.5424       958.2885       958.7165       957.8657       956.1975
       953.3030       950.8447       950.0225       950.3647       949.4838
       946.5927       943.0689       941.1302       939.9656
       934.0605       932.2871       931.3446       931.2625       929.3712
       927.0010       927.0781       928.0394       927.9695       928.2767
       929.6516       930.4554       930.2604       929.7341       929.5098
       929.4611       929.5380       929.5982       930.0999       931.6016
       934.8074       937.7375       939.7161       939.7020       939.1453
       938.8191       938.6722       939.1375       940.0901       941.9857
       944.0200       944.9355       946.0347       946.8350       947.3870
       947.2869       946.0208       945.3020       943.4554       941.0002
       938.6472       936.5696       935.0312       935.3317       935.7936
       934.5687       932.2698       930.1337       928.0187       926.3120
       926.9816       928.3176       927.2227       925.5713       925.2783
       926.4244       927.9252       929.4266       930.5291       931.7996
       931.9437       930.7573       929.4494       928.6790       927.9138
       927.4453       927.2004       927.9359       931.0057       933.6697
       934.9955       937.5080       940.7389       944.2731       948.5290
       953.4028       958.3303       962.0291       964.3416       967.0065
       970.0429       971.6659       971.7521       971.1738       970.8938
       972.4376       974.8058       975.7695       976.7117       977.8799
       977.5243       974.7202       972.6593       973.1816       973.7747
       971.6774       968.1235       966.4624       967.5056       968.7070
       968.1730       965.8911       962.7849       959.9080       958.0474
       957.7705       958.5331       958.8002       957.7150       954.5115
       951.0857       947.9086       945.4521       944.7189       942.7096
       938.7655       935.9944       935.2504       935.4014
       935.9427       934.1717       932.7434       931.8159       929.4662
       927.4471       927.9849       928.8262       928.1482       928.0377
       929.9888       931.1680       930.8031       929.5441       928.6725
       928.6533       928.6390       928.5374       928.8505       930.2201
       933.0374       936.0853       937.3391       937.3920       937.0782
       937.0317       937.2504       937.5909       938.3816       941.6037
       944.9158       946.5345       947.1549       948.1826       949.1384
       949.0988       947.5052       946.7681       946.4878       944.4424
       942.8773       940.8948       938.6080       938.0951       938.0751
       936.7905       933.2043       930.0472       928.6548       927.1637
       927.8970       929.0091       929.1805       927.9841       926.9754
       927.4112       928.1755       928.4601       929.1599       930.2999
       930.5096       929.5866       928.7993       928.0371       926.9070
       925.9116       924.7595       924.6503       926.5987       928.8033
       931.1183       934.3611       937.6327       941.5060       946.6066
       951.7637       955.7746       958.8096       961.5045       964.5799
       967.2935       968.5173       968.6036       967.7711       967.1883
       968.2977       970.9596       972.1233       971.1919       971.1461
       970.8398       968.6527       967.3182       967.9387       968.0182
       966.5274       963.8744       962.6576       963.1771       963.7897
       963.6606       962.5170       961.0231       959.7494       958.9540
       958.7568       959.3793       959.5890       957.3918       952.8198
       948.4576       944.9397       942.0674       939.1522       934.5836
       929.4963       928.0576       929.6545       931.1665
       935.8613       934.4225       932.7593       931.2343       929.3318
       927.8261       928.4334       929.2322       928.2410       928.0231
       929.3374       930.8297       930.0845       928.7764       927.4058
       927.2115       927.6605       927.6761       927.8049       929.3147
       931.9080       934.3908       935.7877       936.0776       935.8450
       935.4260       935.1622       935.0479       936.4344       940.1003
       943.9247       945.5888       946.2656       947.4167       949.4795
       949.7366       947.9333       946.8945       946.7717       945.8872
       945.9523       945.0347       942.5060       940.5386       939.9731
       938.0413       933.9815       930.7078       929.4797       928.9695
       928.3547       929.2357       929.7742       928.7402       927.3979
       927.4733       927.7413       927.3640       927.9670       929.3394
       930.3638       929.6474       928.9567       928.1368       926.6889
       925.2989       924.0114       923.3159       923.7008       925.1405
       927.5642       930.7809       934.0899       937.9333       942.5532
       947.6371       951.5914       954.1130       956.7750       960.2382
       962.4401       963.6928       963.9351       963.3427       962.6340
       962.9382       964.6132       964.8436       964.0905       964.0645
       963.7557       962.2668       961.5716       961.8376       961.9845
       960.6584       958.6854       957.5874       957.5174       957.8249
       958.2848       958.5297       958.1940       957.6224       957.6185
       958.0701       958.9888       959.5164       956.9775       951.6110
       946.7504       943.3840       940.5283       936.4595       930.3173
       924.3582       923.1958       925.6357       928.0546
       934.4819       933.8852       932.8751       931.2598       929.9497
       928.9420       928.7750       929.0652       928.9913       928.1857
       928.7373       929.0056       928.1868       926.4833       925.1702
       924.7914       925.5453       926.3746       927.3587       929.1680
       931.5715       933.7695       934.7744       935.0812       934.4843
       933.5800       932.7428       932.9636       934.9574       937.6879
       939.9503       941.5009       942.9590       945.2720       947.7755
       948.6408       947.6142       946.3912       945.7935       946.8705
       948.5891       947.9341       945.0141       942.9550       941.0032
       938.1804       934.7686       932.4250       931.2578       930.1051
       929.0865       928.3786       928.2739       927.6687       926.8911
       927.3997       927.8146       927.4086       927.5197       929.3068
       930.6140       930.8729       929.9948       928.8248       927.6306
       926.8202       925.4454       923.5207       922.6628       923.3721
       925.1544       927.6295       930.7224       934.0566       938.3309
       943.5707       948.2749       950.2866       952.6520       956.0954
       958.0381       961.3330       961.7547       959.8757       958.6852
       958.5952       958.0847       956.7422       956.0414       956.6470
       956.8780       956.1758       955.2973       955.3533       955.5684
       954.8131       953.1771       951.6569       951.5154       952.1017
       953.3522       954.6124       954.7356       954.2502       954.2819
       955.3577       956.6140       957.4454       955.4536       950.6325
       945.7863       943.1269       940.0637       935.7247       929.2542
       924.2424       922.4625       924.0242       926.3725
       934.7280       934.0141       933.2924       932.5546       931.7056
       930.3325       929.7060       929.8761       929.6483       929.2046
       928.4060       927.4291       926.0380       924.1043       923.2520
       923.5023       924.2426       925.3774       927.4982       929.9866
       932.1953       933.4418       933.9537       933.6611       932.8034
       931.8706       931.5884       932.2303       933.8490       935.2069
       936.4078       938.1135       939.6869       942.4700       944.7875
       945.2225       945.2031       945.1269       946.1167       948.4871
       950.2355       949.2775       946.6933       944.2221       940.7756
       937.2058       934.9929       933.7415       932.2448       930.3138
       928.2833       926.6063       926.2400       926.3644       926.5281
       927.6340       928.2643       927.6238       927.9358       929.3881
       931.0855       931.9147       931.7546       930.6679       929.9399
       929.1076       927.3435       924.7573       922.7777       922.5895
       923.8749       926.2640       928.8369       932.1996       936.6497
       942.3355       946.6282       948.5299       950.6016       952.6131
       954.3596       957.7982       959.1309       956.7455       955.2815
       953.8905       952.0878       949.7143       949.0182       949.7513
       949.8997       949.2860       948.4009       948.0048       947.9246
       947.5402       946.1618       944.9835       944.6262       945.9047
       947.9952       949.7268       950.1904       949.9867       950.1480
       951.3375       953.0671       953.7316       952.6906       949.5483
       945.8969       943.0385       940.0881       935.2593       929.8695
       925.3179       923.5463       924.7435       926.6151
       936.3783       935.1568       934.0379       934.1189       933.6767
       932.5868       931.4246       930.9424       930.6371       929.7053
       927.9150       926.4490       924.8146       923.2115       922.8855
       923.5222       923.7858       924.9805       927.0831       929.8583
       931.6721       932.2757       932.3801       931.7451       930.8964
       931.1943       931.6026       931.9099       933.4246       934.3677
       934.8814       935.4674       937.2500       939.9146       941.9317
       942.0938       941.9102       943.1301       946.2438       949.5547
       950.3406       948.8793       947.1726       944.6827       940.0328
       936.1102       934.9896       934.0656       932.4011       929.9496
       927.1176       925.6875       925.3322       925.9560       927.0070
       928.1335       928.5505       928.0696       928.0704       929.3174
       931.8074       933.4383       933.5140       932.8538       932.2729
       931.1675       928.9392       926.0201       923.6731       923.0837
       924.2268       926.5480       929.2198       932.3305       937.1091
       942.2081       945.2194       947.4301       948.7806       949.2951
       950.4121       952.0238       952.7305       952.4780       950.5963
       948.2482       945.5694       943.7734       943.4442       943.2222
       942.8748       942.4109       941.9846       941.1177       940.0765
       939.0817       938.0307       937.0818       937.4765       939.4073
       941.9080       943.5524       944.1509       944.0332       944.3440
       945.9194       947.9316       949.1355       949.5302       948.3063
       944.9473       941.0693       937.7626       934.2444       930.2517
       926.4855       925.1882       926.6362       928.5867
       937.7209       937.0149       936.3529       936.1134       935.7325
       934.9289       933.5467       931.9331       931.0938       929.4785
       927.0349       925.0879       923.0322       921.8414       922.3083
       922.4285       922.4899       923.5197       925.8213       927.8220
       929.2475       930.2239       930.2465       929.4023       929.5889
       931.3751       932.0759       932.1242       933.6448       935.2599
       934.8656       933.6178       934.3398       937.8427       941.0278
       941.6028       940.9379       941.9531       945.3588       948.4985
       948.5452       946.9823       945.9703       943.2321       938.7951
       935.5092       934.5618       933.8842       932.0099       929.0377
       925.7932       924.0536       924.6880       926.1808       927.8918
       929.0377       929.5554       929.8368       929.4722       930.4150
       933.2075       934.8647       934.4773       933.6389       932.9326
       931.5471       929.1859       926.4082       924.6193       924.5790
       925.5925       927.0952       929.3425       932.2666       936.9107
       940.9594       943.4481       945.3786       946.2104       946.1993
       946.9149       947.6477       947.9133       947.0178       945.4391
       943.0013       940.5880       938.6855       937.8616       937.6707
       937.0068       936.2438       935.5274       933.9009       932.1009
       931.0491       930.6870       930.5943       931.6252       934.0347
       936.2108       937.6678       937.8411       937.4551       938.2051
       940.2380       942.5782       944.6066       945.9866       945.5296
       941.9977       937.3051       934.3049       932.0052       929.3961
       927.3803       926.9795       928.7408       931.4119
       938.5475       938.3493       938.5445       938.3297       937.6828
       937.0844       935.1889       933.1054       931.4630       928.5131
       925.7896       923.2142       920.4343       919.3764       919.5508
       919.8257       919.9833       921.0336       923.2855       925.1338
       926.7943       928.3027       928.4431       928.1085       929.3419
       931.3021       932.5138       933.7171       934.4219       935.6146
       935.9761       934.0480       933.5363       937.0870       941.0712
       942.1761       941.4892       941.6600       943.5959       945.4922
       945.9817       944.8338       944.5549       943.2705       939.3240
       936.3013       934.8088       933.4788       931.4659       927.5390
       923.6008       922.4833       923.4370       925.4078       927.4052
       928.7147       930.5229       932.1403       932.6995       933.3708
       934.9741       934.9209       933.8643       933.4255       931.7535
       929.7531       927.4597       925.3672       924.4841       925.0060
       925.8734       927.1428       928.8903       931.7065       935.6843
       939.4613       941.9976       943.4485       943.7768       943.3265
       942.7595       943.0742       942.7105       941.4572       940.0054
       938.6708       936.7963       934.6790       933.8688       933.8194
       932.9461       931.3886       929.2092       926.7145       924.0612
       923.4603       925.0858       927.0433       928.6945       930.4200
       932.2292       933.6197       934.0142       933.1764       933.8813
       936.4928       939.1625       941.7246       943.4924       942.7604
       939.4089       935.5788       932.2239       929.7198       928.6460
       927.8812       928.0330       930.0959       933.2274
       940.1712       940.2160       940.0649       939.9309       939.1663
       937.6664       935.9847       933.6514       930.5214       927.5562
       924.8859       921.9489       919.2525       917.4935       916.9846
       916.9117       917.5094       918.8976       920.5132       922.7907
       925.3081       926.8649       927.4036       927.8181       929.8730
       931.2844       933.2460       934.8693       935.3556       935.6686
       936.1971       935.6575       935.0356       937.7917       940.5845
       941.4438       940.9076       940.5469       941.6668       942.9927
       944.0931       945.2273       946.7739       947.2897       944.2322
       939.7538       936.2989       934.0328       931.1132       927.0953
       923.5371       922.7109       923.7070       924.9907       925.4937
       927.3156       931.1561       934.4306       936.2108       936.4659
       935.4991       934.3417       933.0560       931.3751       929.3891
       927.0089       925.1175       923.4565       923.4785       923.9067
       924.8699       926.6356       928.4897       930.8014       934.2734
       938.2890       941.1398       942.1453       942.1031       940.6435
       939.7467       937.9132       936.9008       935.5482       934.4277
       933.4558       932.1738       930.6110       930.2792       930.1812
       929.0966       927.1047       925.0775       922.7321       919.5744
       918.5169       921.0933       923.7640       926.0292       927.9481
       929.3955       930.6783       930.7532       930.7899       931.5515
       933.7808       936.9693       940.2076       941.4388       940.4600
       937.3539       933.8381       930.7789       928.9647       928.6117
       928.5458       928.2726       929.7294       932.7388
       943.3666       942.8408       942.3105       941.6428       939.7651
       937.7374       935.9175       933.2545       930.3712       927.5623
       925.2672       922.7136       919.4305       917.4443       916.1698
       915.5494       916.0019       917.7102       919.4521       921.2372
       923.6685       925.7531       926.2752       927.6063       929.6053
       932.2090       934.4714       935.7834       935.7000       935.5953
       936.2930       936.6565       936.8702       938.2549       940.3093
       940.4424       939.5178       939.3928       940.1087       941.7331
       943.8099       946.4531       949.1702       950.5083       948.2136
       943.3959       938.7401       934.4304       930.9442       928.4023
       925.8158       924.7479       925.7712       926.0068       924.5132
       925.9142       930.9186       935.3334       937.3976       936.6423
       934.5950       933.1758       931.3661       928.8800       926.4028
       924.6752       922.7734       922.2559       922.6299       922.4666
       922.8678       924.9573       927.3639       929.7639       932.8403
       936.8243       939.8608       941.1490       940.4340       938.2235
       935.8177       933.4652       931.1517       929.4000       928.1200
       927.2876       926.1937       925.3862       925.0786       925.2750
       924.9381       924.2350       923.8246       922.8315       920.5214
       919.3101       920.2560       921.7568       923.2719       925.4969
       926.7874       927.0851       927.7169       928.4778       929.2933
       931.1182       934.9522       938.2250       938.9916       937.0528
       933.8170       930.0515       927.8466       927.6229       928.0861
       927.7778       927.0292       928.0240       930.0259
       946.6665       945.3447       944.0302       942.5216       940.2313
       937.9337       935.9019       934.1460       931.7413       929.3023
       926.7958       923.6061       920.9183       918.1927       916.4655
       915.7082       915.5989       916.7999       918.3292       920.4852
       922.6429       924.2662       925.6035       926.9201       929.3595
       932.3622       934.8608       936.1107       935.5603       935.7575
       936.7923       937.5466       937.4001       938.1171       939.3690
       939.5749       939.1273       938.8683       939.7717       941.4155
       943.6277       946.7630       949.3945       950.4156       948.8925
       944.8528       939.4310       934.1562       930.7667       928.6120
       927.3587       926.9702       927.2792       926.8560       925.2408
       925.7974       930.0766       934.3163       935.5187       935.0168
       933.6544       931.1901       928.7012       926.4113       924.2725
       922.0952       920.7056       921.0259       921.7339       921.1389
       920.7679       921.9902       924.4409       926.8699       929.8388
       933.2709       936.9266       938.6044       937.1984       934.3546
       930.8968       928.0460       925.4880       923.3274       922.0425
       921.2692       920.5898       919.8129       919.9940       921.0648
       922.0964       922.8057       923.0688       923.2784       922.8703
       922.4969       923.2809       923.8117       924.1289       923.9651
       923.8948       924.2449       925.0574       926.0744       927.2853
       929.5275       932.7067       935.4332       935.4564       933.3334
       929.7147       926.2449       924.7587       925.2370       925.3699
       925.0311       924.4576       924.7059       926.1882
       948.7732       946.7874       944.7087       942.6970       940.1227
       938.0696       936.7191       935.3536       933.8596       931.2283
       928.1124       924.9684       922.1280       919.6543       917.1310
       915.8806       915.3922       915.9706       917.8173       919.6941
       921.7697       923.2821       925.5061       927.7032       929.6771
       931.8883       934.2923       935.4828       935.6591       935.4479
       936.5002       937.1070       936.9976       937.3669       937.9657
       938.5531       939.1151       938.6443       939.5391       941.9039
       943.8998       946.4652       949.0891       949.6494       947.9651
       944.5962       939.8273       934.8723       930.8964       927.9389
       927.0052       927.1580       927.4978       928.1332       927.6826
       928.6567       931.6323       933.7590       934.3149       934.5356
       932.9795       929.6844       927.0954       924.9930       922.2278
       919.7448       918.6910       919.1290       919.8953       919.4300
       918.4064       918.9619       920.3946       922.0704       924.5707
       928.1328       932.0104       934.0628       932.7556       929.7463
       927.2307       924.1147       920.8570       918.4561       917.1226
       916.3367       915.9980       915.8380       916.8026       918.9000
       920.4114       920.4378       920.1730       921.7262       924.1902
       925.8090       926.8421       926.8597       925.6149       923.7596
       921.5477       921.0733       922.4276       924.2974       926.1058
       927.7914       929.6584       931.2341       931.3737       929.5911
       926.8460       924.2267       923.1295       922.5637       921.8131
       921.0718       920.9639       921.4791       921.9335
       949.2091       947.0648       944.3771       942.3159       940.2763
       938.4732       937.5173       937.1401       935.5070       932.5261
       929.3792       926.2719       923.3360       920.6257       918.3921
       916.7112       915.6623       915.4651       917.0924       918.9878
       920.5993       922.6953       925.5309       928.7693       930.3362
       931.9330       933.6875       935.4237       935.5174       935.0461
       935.3750       935.5161       935.8424       937.0904       937.9761
       938.6815       938.7015       937.9083       938.7483       941.8068
       944.4968       946.2496       947.3776       946.9904       946.1088
       944.0239       940.2982       936.1669       931.8658       928.7164
       927.7181       928.0567       929.6650       931.0229       931.2222
       931.7310       933.2431       933.6490       933.7969       934.5919
       932.8031       928.8372       926.1968       924.1448       920.9704
       918.3035       917.0270       916.4929       916.4443       916.3296
       915.6221       915.6053       916.2532       917.6804       920.6537
       924.4299       927.5775       929.1663       928.3278       926.4248
       924.0145       921.4832       918.6248       916.2159       914.3432
       912.9712       913.1198       914.3599       915.6607       917.7258
       919.1165       918.8143       918.5221       920.7236       924.4189
       926.9462       927.4152       926.1315       924.4540       921.9984
       919.4464       918.1748       919.8394       923.3497       925.2925
       926.0211       926.6046       926.9346       926.8118       925.5525
       924.0111       922.5731       921.4326       920.2920       918.6257
       917.9020       918.2321       919.2038       919.8135
       948.0039       946.1855       943.5239       941.4754       939.9330
       938.8665       938.4852       938.0369       936.5371       933.4532
       930.1927       927.1496       923.8544       921.0557       919.3251
       917.4499       915.6605       914.9590       915.2310       917.1592
       919.3453       921.6301       925.0201       928.3036       930.0846
       931.4537       933.1425       934.3259       934.8254       934.3105
       933.9885       933.6360       934.2310       936.1400       938.2285
       939.0541       938.1425       937.1400       937.7756       940.2947
       943.6130       944.6239       944.3130       943.7144       943.3660
       942.3119       940.0011       937.0803       934.4164       931.6967
       929.9978       930.3806       932.1008       933.6694       933.5072
       933.2265       932.9615       932.6241       933.4704       934.1116
       932.5854       928.3287       925.0798       923.2075       920.4718
       918.3873       916.1649       914.3551       913.4221       912.3335
       911.8044       912.0088       912.6967       914.4706       918.3476
       922.0200       924.4042       925.2098       924.7330       923.4559
       922.1089       920.2175       917.9870       916.4674       914.2971
       912.6549       912.8110       913.9936       915.3868       916.8272
       918.4636       919.8569       920.7267       921.6519       922.7267
       923.7551       923.9310       923.4672       921.6047       919.2001
       917.3812       917.2436       919.4372       922.6000       924.1428
       924.2217       923.6490       923.0622       922.3222       921.5118
       920.4710       919.5092       918.8685       917.5432       916.3864
       916.5425       917.1046       918.1469       919.1637
       945.8122       944.6161       942.6191       940.8203       939.9243
       939.2225       938.5329       937.5304       935.7459       933.0292
       929.9959       926.3265       923.1021       920.8953       918.3531
       916.2119       914.5201       913.6536       913.9361       915.0551
       917.2930       920.8417       924.5662       927.3903       929.2480
       931.0730       932.5285       933.0764       933.1206       933.0480
       932.1545       931.7397       932.8283       934.6899       936.3172
       937.4569       937.4622       936.8837       936.6885       938.6075
       941.1889       942.5154       942.2001       942.3011       942.4736
       941.2404       939.4398       938.5641       937.2303       934.9791
       932.8091       931.3748       932.3704       933.4547       933.7172
       933.2645       931.9937       931.6119       932.1914       933.0227
       931.3888       927.6223       925.0193       923.9138       922.2275
       919.9395       917.2470       914.4527       912.6208       910.2985
       908.5506       908.5333       909.3732       911.5475       915.3834
       919.8290       922.0732       923.0190       922.6536       921.3026
       920.4413       919.1465       918.1804       917.3405       915.9063
       914.5652       914.1605       914.2448       914.7680       915.7222
       917.8587       921.1692       923.4366       921.9528       920.5516
       920.0131       920.7555       921.9350       921.3797       919.0621
       917.7169       918.8209       920.8026       922.1594       921.7852
       920.5870       919.8511       919.2029       918.9775       918.1266
       916.7682       915.8657       915.8146       914.8384       914.2635
       915.4497       917.0995       917.9103       918.5258
       945.4698       944.8060       943.3790       942.0284       940.7054
       939.7070       937.9265       936.2672       934.8138       932.2395
       928.9205       925.2946       922.5065       920.2262       917.6525
       914.5396       912.9233       912.8676       913.5994       914.5276
       917.0907       921.0317       924.7799       927.1679       929.1103
       931.1776       931.9870       932.1318       932.9745       933.3998
       932.4282       931.5250       931.8398       932.9923       934.4646
       935.9269       937.0317       937.3260       937.3572       937.9091
       940.1870       941.8200       942.9037       943.2376       942.7585
       941.7897       940.3923       939.9681       939.1973       937.5891
       934.4478       932.0357       930.9387       930.9448       931.9471
       931.9764       930.6450       929.4155       929.9036       930.7681
       931.2239       929.4756       928.4973       928.2180       926.7798
       923.2383       918.8177       915.5934       913.4630       911.1339
       908.2361       906.2897       906.1535       908.3237       912.4108
       916.7429       920.0457       921.9480       921.7247       919.4115
       917.4787       916.7355       916.4484       916.2023       915.5519
       915.0281       914.8770       914.1395       913.8474       914.7402
       917.2702       921.1470       922.8024       921.2336       919.5388
       919.0905       919.9391       921.7613       921.9267       920.2588
       919.2811       920.2556       921.6448       920.6478       918.7642
       917.5719       917.0573       917.7307       918.4947       917.2657
       914.9150       913.8432       913.7856       913.8605       914.1422
       915.8788       917.3621       917.9643       917.8276
       948.2816       947.5773       946.3355       944.5373       942.5692
       940.2476       937.5218       935.2452       934.0217       931.9312
       928.7964       926.0840       923.4484       921.0076       917.4403
       913.8720       911.7058       912.1649       914.0051       915.5388
       918.0647       921.5854       924.5161       926.7646       928.6712
       930.7534       932.2108       933.5289       935.1118       935.5603
       934.3520       932.4456       931.8066       932.6530       934.2419
       935.7015       936.6729       937.7019       937.6878       938.4437
       940.4721       942.6151       943.7073       943.6185       943.8590
       943.8636       943.3091       942.0357       941.6402       939.8465
       936.4172       932.8780       930.2720       929.1298       929.6248
       929.9231       928.5038       927.3902       927.2935       928.5678
       930.7416       932.5741       933.8477       933.8404       930.9464
       925.2435       918.8630       914.7981       913.5886       912.0797
       909.4666       906.8118       905.6779       906.7625       909.7411
       913.2052       916.6960       919.3257       919.0251       916.2416
       915.0248       915.1960       915.5649       914.4789       912.6310
       911.8907       911.8497       911.3674       912.1371       914.1481
       916.6990       919.3115       919.7104       918.7550       918.5112
       918.9583       919.4980       919.9684       919.4766       918.5374
       918.4666       919.2988       919.9216       918.4133       917.3260
       918.1895       919.5659       921.1526       922.2007       920.6025
       916.8367       914.3970       914.0575       914.6697       916.5731
       918.6874       918.7075       917.9722       916.9810
       950.1119       949.3658       948.8094       946.3517       942.5889
       938.8461       935.4941       933.3272       932.5241       931.2487
       929.0752       927.0031       925.2964       922.2646       917.6995
       912.8966       910.1667       911.3766       914.4525       916.6996
       918.5507       921.1677       923.6901       925.7922       928.2483
       930.8649       933.5341       935.5864       936.8367       937.0199
       935.4498       933.4487       933.0197       933.5505       934.4476
       935.2253       935.6688       936.2892       937.0237       937.9265
       940.0604       942.0016       943.1431       943.3152       943.9359
       946.1873       946.4773       945.5425       944.3165       942.0871
       938.5521       934.3383       931.2994       930.0614       929.5653
       928.5150       927.0214       925.7535       924.9572       925.8483
       928.5619       932.9337       936.2480       936.2175       931.7211
       924.2938       916.2617       911.9231       911.5234       911.9296
       910.7518       908.9528       907.8162       907.4254       909.0927
       911.4393       913.6677       914.9555       914.6436       913.0806
       912.5711       913.0754       913.9138       913.6074       912.4470
       911.2387       909.0569       909.7670       911.6245       913.3818
       914.6262       915.3497       915.3475       915.2741       914.9037
       915.4248       916.0403       915.7946       915.2576       915.6565
       916.8628       918.0208       918.3528       918.0568       918.6386
       920.8694       923.8579       926.6391       927.6924       925.3458
       920.4928       917.0189       916.1176       917.0736       919.3128
       920.9860       920.5092       918.5940       917.6000
       948.3350       948.1312       948.3540       945.2836       939.7839
       934.6781       931.4866       930.2751       930.6783       930.2743
       928.4199       927.3407       926.3970       923.3001       917.8643
       912.4575       910.0951       911.9033       915.6166       918.5104
       920.4891       922.5402       924.2156       925.7911       928.6700
       931.8125       933.7872       935.1271       936.8106       936.8859
       935.3597       933.5829       933.1591       933.8481       934.3414
       934.3289       934.2450       934.5213       935.6479       937.1441
       939.0666       940.7764       941.4500       941.3781       942.6539
       945.7330       947.9667       947.6821       945.7755       942.5839
       939.3139       935.3112       931.8390       931.2773       931.5640
       930.2598       928.5693       926.7931       925.1584       924.1515
       925.7931       931.0497       935.5060       935.3420       930.1271
       921.8934       913.7429       908.8182       909.0992       910.7211
       911.3151       910.6108       909.3913       909.3350       910.1343
       912.1315       912.8372       912.0553       910.5970       909.4036
       909.8937       911.0281       912.9777       913.4536       912.6376
       912.1720       911.3990       912.5261       913.7602       913.1216
       911.8847       910.9180       911.0827       910.5463       908.8134
       907.8839       908.4252       909.5342       911.0121       912.8306
       915.3007       917.0048       917.7822       918.8221       920.4160
       923.2992       926.8510       929.9404       931.0361       928.8993
       924.4809       921.0078       919.4262       919.7908       921.7580
       923.1657       922.9430       921.5940       920.5906
       944.7640       945.8155       945.7599       943.1117       937.7274
       931.9400       928.5109       928.6243       929.4791       929.1926
       927.8742       926.6306       925.8987       923.1141       918.1293
       913.2546       911.7710       914.5866       919.1763       923.1009
       926.0684       927.2042       927.2692       928.8831       931.2466
       933.3820       934.0716       934.8433       935.5433       936.0819
       934.8340       933.1129       933.0889       934.0030       934.5707
       934.2829       933.7001       934.3688       935.4800       937.2671
       938.8122       939.7794       939.4447       938.9410       940.0540
       943.1047       946.2592       946.7338       944.4149       941.3910
       938.2930       934.8486       931.8685       932.5735       933.8970
       933.6990       932.5262       930.5539       927.6398       924.5358
       925.1856       929.6908       933.9029       933.6074       928.6146
       920.8640       912.6755       907.7460       907.2157       908.8011
       910.7889       910.9794       909.8276       909.8290       911.4566
       913.1362       913.2926       911.5317       909.2952       907.2982
       907.2727       909.9781       912.4352       913.3403       913.0350
       913.2014       914.5861       915.7582       915.8118       915.0366
       912.4962       909.7531       907.7018       905.6084       903.3495
       901.8149       901.8170       904.2774       906.9280       909.4630
       913.5649       916.3350       917.9172       919.8101       922.4598
       926.0554       929.3923       931.3209       932.3574       931.1391
       928.4286       925.3672       923.1899       923.5220       924.9405
       925.9095       926.2183       926.1562       925.3481
       941.4204       943.1238       944.6687       943.5941       938.9241
       933.2096       929.9704       929.7294       930.0801       929.3436
       927.2410       925.5145       924.1726       922.1583       918.9283
       915.7135       914.8440       918.1905       923.4230       928.7994
       932.5267       933.3202       933.2080       933.6553       934.8913
       935.8853       936.0096       935.4979       935.4038       935.7092
       935.4336       934.5831       934.6528       935.3489       935.4145
       935.0806       934.9327       935.4867       936.7006       938.1917
       939.3829       940.0712       938.8542       936.5943       936.2725
       939.1922       942.8187       944.3911       942.2414       938.5710
       936.0637       933.8041       932.6717       933.4576       935.2611
       935.6516       935.1372       933.1083       928.9283       925.5168
       925.6595       929.2286       931.9680       931.5522       927.5226
       920.9442       913.8588       908.6077       906.4547       907.3716
       909.5905       910.5566       909.3038       909.4242       911.9611
       913.6966       913.9108       912.7184       910.6320       909.1464
       909.4335       911.7554       913.9930       915.8979       916.8294
       917.5246       917.9877       917.3876       917.0807       917.7698
       915.8477       911.7866       907.5358       903.7455       901.3632
       900.3256       901.1262       903.0937       905.8668       908.9555
       912.7399       917.4654       919.8338       922.2022       925.8597
       929.2612       931.2854       931.9910       932.4802       932.5036
       930.8168       928.5601       927.1829       927.0239       928.0916
       928.5520       929.0420       929.0475       929.2612
       940.3981       942.5270       945.2869       945.9307       942.7364
       937.3383       933.4984       932.3615       931.9268       929.9517
       926.9734       924.6340       922.8491       921.4615       919.8399
       918.2589       918.5205       921.7026       927.1324       933.1035
       937.3093       938.0754       938.1276       937.4952       937.5087
       937.9487       936.8821       935.5184       935.6221       936.5057
       937.2012       936.9581       936.9597       937.3007       936.5939
       936.1226       936.0909       936.2156       937.2988       937.7160
       938.1681       938.9450       938.0779       934.9382       933.2878
       936.5358       941.1238       942.2235       939.3054       935.6401
       934.1492       933.7059       933.5086       934.2428       934.9827
       935.2524       934.4372       932.5916       929.1917       925.8808
       925.6742       927.7582       929.5487       929.3931       926.7864
       921.7104       915.5647       910.3952       908.0804       908.3578
       909.4203       909.4961       908.2924       908.7729       911.8958
       914.2596       914.4456       913.7137       912.2960       911.9566
       913.5549       915.6929       918.3608       920.3510       921.5135
       921.6284       920.7756       919.1409       918.2126       918.2120
       918.5175       915.3599       910.4211       905.7127       902.9530
       902.7584       903.9702       905.9658       909.2069       911.9742
       915.3162       919.8932       923.3995       925.7285       928.5342
       931.0614       932.5505       933.7381       934.1872       934.2266
       933.0422       931.6591       930.4641       930.1486       930.1805
       930.8057       931.5089       932.0094       932.1442
       941.5958       943.6126       946.6396       948.1927       946.7027
       941.4696       935.8168       932.9689       931.7806       929.5088
       926.9250       924.1755       922.2976       921.0439       919.9292
       919.6426       921.2303       925.0052       930.9921       936.9260
       940.1440       940.7490       939.9640       939.9537       939.8535
       939.0573       937.1512       935.4355       935.4772       937.0751
       938.2948       938.5487       939.1961       938.9868       937.7047
       936.5728       936.0170       935.3270       934.3644       933.6962
       934.0883       934.7164       934.0559       932.4243       932.1573
       934.7457       938.4060       938.5203       935.5125       933.0785
       932.5113       933.6609       934.6270       934.9143       934.2421
       933.2695       932.4180       930.6752       928.0379       925.6387
       925.1428       925.9716       927.1530       927.5880       926.2077
       921.8790       916.4258       912.7737       911.4020       911.8824
       911.1640       909.0068       907.5734       908.6442       911.6148
       913.0095       912.3751       911.1763       911.5129       912.9647
       914.2274       915.3273       917.5263       920.6956       923.4437
       924.6218       923.7641       922.5853       921.1657       920.8306
       921.3817       920.4563       916.3712       911.2491       908.1370
       907.6373       908.4384       910.5787       913.8782       916.7378
       919.6149       923.4348       926.8044       928.4977       930.6565
       932.6689       934.1572       935.5066       937.5400       938.1644
       936.6863       935.2928       934.1588       933.0336       932.3107
       932.5316       934.2761       935.5444       935.8308
       943.2793       944.8875       947.5219       949.7953       948.9371
       943.8648       937.2397       933.1696       931.4080       929.7112
       927.2788       924.6180       922.3742       921.1238       920.7565
       921.0601       923.3647       927.9620       934.3342       940.2925
       942.9191       942.4850       941.9464       942.5985       942.9605
       941.5764       939.2322       936.9994       936.7846       937.9934
       938.4386       939.3215       940.0903       939.2192       937.5872
       935.4364       933.0122       930.5500       928.5435       928.6732
       929.4979       929.9254       928.6855       927.2569       928.4430
       930.7198       932.5185       933.6349       932.8342       931.2416
       931.3829       933.2811       935.2195       934.7918       933.2021
       931.0445       929.6885       928.4584       926.1116       924.2548
       923.8788       925.1019       926.0890       926.4313       925.3836
       921.4759       916.9868       914.2684       914.0654       914.9257
       913.8256       909.7383       907.5358       909.1052       910.9292
       909.9356       906.5125       906.7417       909.4430       912.1198
       911.4962       911.2371       913.7813       918.4888       923.6439
       926.4980       927.2118       926.9368       925.9747       926.1191
       926.6048       926.0452       923.6588       920.0959       916.8970
       915.2762       914.7753       916.0067       918.6180       921.4607
       923.9500       927.2132       929.5862       931.1368       933.0756
       934.6720       935.4670       936.8285       939.2047       940.1786
       939.2048       937.5236       936.5939       935.8569       935.4811
       935.7288       936.6188       937.7190       938.3983
       944.5513       945.3034       947.5618       949.4872       949.0051
       945.5566       940.0057       935.6824       933.5644       932.5976
       930.5500       927.4346       924.6971       923.2961       923.2779
       924.3962       926.6144       930.2748       935.8461       941.6912
       944.3951       944.3142       944.1725       944.7296       944.9185
       943.9403       941.2752       938.3256       937.5488       937.9366
       938.1303       938.2051       937.9288       937.0808       935.2085
       932.3821       929.0029       926.7335       925.7435       925.8253
       926.5912       926.7764       925.1648       923.6486       924.0988
       925.7606       927.8373       930.4274       931.4330       930.9827
       930.8497       932.9202       934.8199       934.3618       932.0847
       928.9844       926.4540       925.0225       923.7403       922.8752
       923.6868       925.5699       926.4877       926.1024       924.5276
       922.2343       919.3912       916.3941       915.0664       915.3604
       914.5922       911.1129       908.3326       908.3297       909.7626
       907.6610       903.2184       904.0853       911.1412       913.5029
       911.6257       910.6464       913.3881       918.4584       923.4098
       926.6252       928.1675       928.8243       929.4290       930.2943
       930.6612       929.9750       929.7022       927.8752       925.4455
       923.6079       921.9864       922.1605       924.0880       926.2415
       928.7599       930.9570       932.4617       933.6934       935.0577
       936.2495       936.3204       937.5193       939.7328       940.4884
       939.9043       938.5515       937.1164       938.0066       938.9270
       938.8358       938.4142       938.4646       938.5633
       944.8412       945.7780       948.0864       949.5640       949.0618
       947.3445       943.8882       939.4525       937.0156       936.6755
       935.7414       932.7488       929.3892       926.9088       926.2626
       928.3340       930.2607       931.9689       935.5818       939.9758
       942.6183       943.6010       943.8705       943.2186       942.4323
       941.3223       938.8545       936.1412       934.5398       934.4737
       933.8991       932.6916       932.4655       932.3646       931.3411
       928.6172       926.8567       926.3862       926.6337       926.2888
       926.1955       926.2638       925.0901       923.6354       923.5848
       924.0526       925.7448       928.4373       929.9687       929.7965
       930.0498       931.4016       932.8661       933.2672       931.3422
       927.7317       924.1802       922.3625       921.9785       922.9258
       925.5932       927.6766       927.8639       926.5316       924.9964
       924.1380       922.3657       919.3973       916.1352       913.7397
       911.9620       910.7313       908.9432       907.5543       908.2775
       907.7153       905.8432       909.5269       915.2281       917.5491
       915.9239       915.1473       916.8256       920.4159       923.4620
       926.0107       927.8579       929.1694       930.3116       931.0472
       931.6471       931.8644       932.6353       932.3840       930.7410
       929.4259       928.4656       928.5649       930.2339       932.2018
       933.7677       934.5279       934.9089       935.2580       935.7020
       935.9253       936.4020       938.0617       940.0726       940.9980
       940.4625       938.7275       938.0461       938.5129       939.4206
       939.5486       938.6602       937.8162       937.5040
       947.1182       948.7552       950.1581       950.5949       949.9344
       949.0144       946.8909       942.8016       939.8500       939.3937
       938.4817       935.8627       932.7496       929.5507       928.6259
       929.8063       930.5729       930.8752       932.5227       935.3157
       938.1465       939.8430       939.3171       937.4683       935.6360
       934.3782       932.9188       931.0275       929.3491       928.6038
       926.9835       925.3952       925.7685       926.8370       926.5428
       925.0021       924.6202       925.8035       926.7412       926.9377
       926.7247       926.8905       925.8159       925.0294       924.9598
       924.9150       925.3129       926.7507       927.9489       928.4878
       929.3193       929.8165       930.4432       931.2769       930.9664
       927.8187       924.3344       923.1088       923.0438       924.3528
       927.6932       929.8569       929.7755       929.0949       928.0750
       926.3370       923.7220       920.6960       916.8506       912.6665
       910.2244       910.4908       909.2123       907.8301       908.6187
       910.3215       913.1163       915.7581       918.5776       920.1492
       919.7256       918.3604       919.8374       922.0787       924.2283
       926.5962       929.5701       931.7026       931.3956       930.5988
       930.6409       932.5618       934.8967       935.2715       933.9927
       933.2258       932.8749       933.4976       935.5452       937.7926
       938.9149       938.3986       937.4516       936.5947       935.3970
       935.4163       936.8719       938.1077       939.8728       940.8127
       940.0652       939.1677       938.6379       938.2531       937.4905
       937.5012       936.8893       935.6230       935.1018
       950.4457       950.9036       950.9642       951.0703       950.6050
       949.2825       947.6080       944.7189       941.3790       939.5276
       937.5561       934.9600       932.6770       930.9911       930.2866
       929.8660       928.5361       927.3099       928.0415       930.3913
       933.1019       934.9056       934.3268       931.8816       929.5194
       928.1987       928.6469       928.0436       925.7975       924.1715
       922.7831       921.4213       921.3580       922.4067       922.4844
       921.5609       921.5766       923.6868       926.0792       926.8044
       927.0530       926.3978       926.3899       926.8731       927.5175
       926.5933       925.4818       925.5330       926.4740       927.5906
       928.6833       929.4100       929.7823       930.5710       930.5309
       928.2689       925.7468       925.4301       925.6161       925.9675
       927.6356       930.4043       932.0207       932.5589       931.5403
       928.6127       924.9326       921.4230       918.0648       914.4327
       912.8578       911.8371       910.4583       910.0372       911.9746
       915.8472       918.5567       919.3370       919.6189       920.5121
       920.0569       919.8292       922.0599       924.5797       926.9538
       929.8782       932.7861       934.3625       932.8286       930.7713
       930.6387       933.5229       937.6979       938.7106       937.0680
       936.0128       935.7033       936.6053       938.8632       941.4925
       943.0630       942.4751       940.7824       939.0779       937.4606
       937.6180       938.3596       938.9554       938.9865       939.0742
       939.5192       939.6202       939.4393       937.8581       935.9517
       934.6130       933.9651       932.7670       932.6532
       951.2167       950.3354       948.7183       948.7096       948.5649
       947.1066       945.5452       944.1458       941.4755       938.0795
       934.8578       932.1334       931.3389       931.6213       931.1114
       930.1428       927.8029       925.7317       925.5754       927.6107
       930.0795       932.0848       931.9800       929.7590       926.5097
       925.0278       925.8419       925.9368       924.0961       922.0738
       921.0212       920.0175       919.3585       919.5711       919.2519
       918.5870       919.4925       922.3896       925.3701       927.1043
       927.3881       926.9608       927.1102       928.8701       929.7482
       928.4125       925.7933       925.5912       926.2878       926.5402
       926.5969       927.8613       929.2587       929.5841       928.8444
       927.0955       926.0909       925.9851       925.5546       925.3334
       927.2191       930.6791       933.9626       934.8069       933.4570
       930.8564       927.4720       924.0421       921.3158       918.7380
       917.7949       918.6089       918.9581       918.7258       919.5817
       921.6588       921.2023       918.2635       917.3683       919.0214
       920.8790       922.8279       925.7828       929.0872       931.3126
       933.5783       935.6356       935.4085       933.0609       930.7629
       931.4479       935.0708       939.0507       940.3347       939.2163
       937.8576       937.7184       938.5959       940.4686       943.3750
       945.6036       945.6241       944.4502       943.4049       942.4677
       941.6406       941.5729       940.8534       939.1754       938.1910
       939.0690       940.5128       939.6192       937.2675       934.9314
       933.4519       932.1323       931.5312       931.3513
       949.8229       948.4308       945.5691       944.4471       944.5984
       943.8855       942.7339       941.7854       940.4951       937.1067
       933.3506       931.4588       931.5640       931.3037       931.1912
       930.2697       928.5605       926.9153       926.5238       927.4109
       929.3760       931.0173       931.7294       929.3124       925.4594
       922.6816       922.5613       922.2933       921.3045       919.9334
       919.5389       919.8079       919.1442       918.1503       917.3432
       916.8034       918.4469       922.0150       925.2101       927.1445
       927.7443       927.7037       928.2142       929.6794       930.3507
       929.3950       927.6981       927.1462       927.2470       925.8398
       924.9882       925.6973       926.8869       927.1813       926.5781
       925.5789       924.7626       924.0833       923.2822       923.5758
       926.6011       931.1850       935.1586       935.8626       933.9498
       932.3624       930.7208       928.1667       924.2497       920.6696
       922.1563       929.2327       932.1385       928.8644       925.8223
       924.1959       921.1403       916.7175       915.7123       919.5856
       924.9336       928.8026       930.9577       933.5061       936.0050
       936.8315       936.5466       935.5194       932.8211       931.0961
       932.7764       936.0264       938.6735       939.6373       939.4308
       939.0692       938.5672       938.9226       940.8465       943.7598
       946.8867       948.4557       948.3612       948.4933       948.4871
       947.6245       946.3389       944.7382       941.6084       939.1756
       939.6004       940.7105       939.5309       937.0336       934.9618
       933.4572       932.2368       931.4557       931.2219
       947.2579       946.1080       943.9314       942.6652       942.2655
       942.2277       941.2980       940.4962       940.0472       937.6580
       935.0239       933.7015       932.8315       932.0968       931.1445
       930.6729       929.6342       928.8211       928.5281       929.0185
       929.3064       930.4327       930.9675       929.1471       924.8738
       921.2960       919.6737       919.9665       919.7538       919.4119
       919.8334       920.3715       919.6276       918.3505       916.7066
       916.0307       918.3149       922.1752       924.9172       926.4597
       927.2887       927.7771       928.9400       930.2007       931.0057
       930.8450       929.7728       929.2385       928.2429       926.0937
       924.4745       924.5660       925.3166       926.1345       926.2397
       925.3575       924.3192       923.1888       921.9282       922.0098
       925.4566       930.1569       933.8459       934.4895       933.1218
       933.0513       932.5736       930.4736       926.5057       922.0267
       922.8170       929.3423       932.8210       930.4557       926.9887
       923.4199       920.0248       918.0375       919.4790       924.5624
       931.6785       935.7740       937.0728       939.4018       940.2279
       939.1937       937.6604       935.9948       934.0475       933.4018
       934.6040       936.6728       938.4120       939.1711       939.0702
       938.9142       938.4983       938.5894       940.0094       942.9877
       947.0504       950.5215       952.5543       953.9280       955.1701
       954.7684       952.9360       949.5687       945.2574       941.9357
       940.9633       940.6133       939.7048       937.4124       935.6370
       933.7316       932.2687       931.5992       930.9312
       944.4001       943.5929       942.6018       941.6733       941.5858
       941.7427       941.0190       940.5843       940.3431       939.0743
       937.2462       936.0673       934.5799       933.0540       932.3724
       931.5132       930.4914       929.7139       929.8544       930.0267
       929.9159       930.0208       930.5170       929.1771       925.5507
       921.2889       918.9147       918.7790       919.4816       920.2054
       921.8685       921.9623       920.3704       918.6395       916.6577
       916.3589       919.5193       923.2635       925.2189       926.1359
       927.0727       927.9553       929.4691       931.0001       932.1992
       931.6237       930.2897       929.4354       928.2744       926.2689
       924.5451       924.6608       925.9703       927.0566       926.9962
       926.2041       925.0764       923.7900       922.5246       922.8062
       924.5648       927.8176       930.3179       931.0057       931.8091
       932.9268       933.1846       931.0724       927.9271       924.4214
       923.6176       926.4323       928.2645       927.8375       926.7255
       924.1237       921.5516       922.0697       925.7629       931.2300
       936.5065       940.8845       943.5944       944.4066       943.2061
       940.8391       938.7884       936.8928       935.4893       935.3849
       936.3804       937.6453       938.8903       939.4530       938.9042
       938.0016       938.0120       938.4403       939.2328       941.5300
       946.0891       951.0057       954.9494       957.8620       959.8527
       960.4664       958.1314       953.2662       948.1469       944.9183
       942.6870       940.8391       939.2024       937.2288       935.3203
       933.7412       932.8983       931.9865       930.6078
       942.1031       941.0704       940.1152       939.8697       940.4310
       941.4129       941.1675       940.6822       940.5062       940.1755
       938.6431       937.0447       935.4682       934.1014       933.4133
       932.6076       931.2698       930.0652       929.5555       930.1414
       930.5673       930.9336       931.0999       930.0117       926.7029
       922.0161       918.9099       918.1407       918.6008       920.6084
       922.8601       923.2639       921.5574       919.4111       917.1853
       916.4329       919.0065       923.2394       925.4223       926.5679
       927.6404       928.2016       929.1699       930.7229       931.4014
       930.7933       929.2625       928.2707       928.2430       926.8848
       925.6946       926.1710       927.9485       928.7947       928.0834
       927.1691       926.1299       924.9555       925.3542       925.4507
       926.3472       928.2511       928.7582       929.2999       931.2488
       933.0425       932.8644       930.9448       928.2981       926.2061
       925.4841       926.7689       927.4670       927.9689       929.4012
       929.9373       929.0482       929.7377       932.6395       936.1690
       939.9296       943.2791       945.6663       945.7211       943.1737
       940.6401       939.0735       937.1832       935.6819       936.0698
       937.7946       938.9547       939.7066       939.6062       939.2405
       938.8032       938.3842       938.5923       938.6936       940.7546
       945.3541       950.7468       954.8555       958.0072       960.3317
       960.8785       958.4056       953.7086       949.0832       945.5430
       942.6725       939.8608       937.4910       935.5146       934.0455
       933.4421       933.2075       932.3251       930.6382
       941.3145       939.4269       938.4218       939.0356       940.2810
       941.6357       941.9036       940.8619       940.7350       940.7730
       939.4946       937.7917       936.5853       935.3856       934.8176
       934.1003       932.3126       930.5843       930.3217       931.0734
       932.6188       932.9074       932.2614       931.0302       927.7600
       923.3599       920.2275       918.7800       918.8309       920.1456
       921.8633       922.6634       922.0690       921.2047       919.8737
       917.9655       918.8907       922.0519       924.4381       926.5389
       927.6360       927.3276       927.4296       927.6217       928.1507
       928.3533       927.6459       927.8757       929.0895       929.3478
       928.4598       928.4882       930.2935       931.1443       930.1730
       929.4582       928.1688       927.8857       928.9918       930.7776
       932.7893       933.7700       932.4525       931.2307       931.5254
       932.1802       931.4755       929.6112       927.9434       927.0302
       927.2969       927.7729       928.6687       930.5980       934.6769
       938.1026       939.0729       939.3349       940.1940       941.6795
       942.8753       944.6351       945.4753       943.9276       941.4314
       939.8757       938.9344       937.3129       936.4213       936.7181
       938.2165       939.5138       940.1335       940.0419       939.7316
       940.1884       940.1487       938.9912       938.8404       940.9221
       945.1586       949.4683       953.1215       955.1077       956.5355
       956.4424       954.2901       950.9537       947.5330       944.0553
       940.3447       937.2994       935.1450       933.2081       932.4120
       932.6487       932.6389       932.0901       930.5580
       941.1462       939.2285       938.4117       939.8092       941.4409
       942.0293       941.9809       941.3073       941.1532       941.2021
       940.1517       939.3536       938.5107       937.4170       936.6469
       935.3569       933.4042       932.4464       932.7475       933.8400
       935.3207       935.7422       934.5580       932.9296       930.1898
       927.0188       923.7881       920.7117       919.0207       918.6085
       919.6312       921.1896       922.7800       923.8447       924.3576
       923.6207       922.9130       923.8041       925.1658       926.8817
       927.7142       926.2538       924.5669       924.3441       924.8235
       925.8749       926.7749       928.1841       930.4800       931.8360
       931.2687       930.9350       932.1465       932.7758       932.1293
       931.2995       931.2283       931.4847       932.8547       935.8775
       939.2760       939.9995       937.9081       935.1390       932.7755
       931.2399       929.8444       928.4129       927.3359       927.5405
       928.9329       930.1859       932.0355       935.6351       940.6651
       945.0081       946.4850       946.1751       946.6146       947.2712
       947.0672       946.9995       946.6385       944.1594       941.4835
       939.5766       938.2421       937.3998       936.7523       937.1421
       937.9161       939.6205       940.5521       940.2990       939.2624
       939.0391       939.3870       939.4161       939.0247       940.2141
       943.3923       946.9559       949.5480       951.0984       951.2070
       950.4926       948.9948       947.1542       944.6104       941.2828
       937.4042       934.9667       933.5821       932.1550       931.6438
       931.5016       931.8419       931.8818       931.5062
       939.9586       938.9569       938.9221       940.4357       941.7706
       941.8472       941.0003       940.1941       940.8385       941.6485
       941.0985       940.1744       939.2341       938.2106       936.9596
       935.2305       934.0275       933.8348       934.4561       936.0066
       937.6708       938.0731       936.9225       935.6173       933.8123
       931.0177       927.8756       923.5308       919.2107       917.0652
       918.1686       921.1277       924.5527       927.1606       928.1154
       928.1857       927.9035       927.8657       928.0760       928.7488
       928.0055       925.8571       923.8460       923.0516       923.4026
       924.6335       926.6898       929.0892       931.3941       932.4667
       932.2371       932.4714       932.7365       932.6981       932.2034
       931.6301       931.8861       932.9037       934.5800       937.9918
       941.0958       941.5765       939.6249       936.8319       933.9533
       931.1229       929.4912       927.8159       927.1365       928.3904
       930.9393       933.8372       936.7294       941.0184       945.3971
       948.9677       951.5696       951.9805       951.8852       951.8284
       950.8368       949.0474       947.3796       945.1309       942.2059
       939.7885       937.9992       937.2560       937.6891       937.5453
       937.6655       939.2222       940.8110       940.1266       938.0601
       936.9007       937.4255       937.8476       938.3832       938.9017
       941.1198       944.1340       946.3328       947.4898       947.0704
       945.7501       944.8892       943.3386       941.3856       937.9241
       934.3112       932.9973       932.5472       932.1879       931.7184
       930.9289       930.7120       931.8192       932.9443
       937.5728       937.8126       938.2668       939.4709       940.3961
       940.1418       938.7468       937.9807       939.4488       941.6307
       941.2616       939.4655       938.2814       937.0415       935.3865
       933.7032       933.4237       933.8401       935.1295       936.8255
       938.6767       939.1827       938.3494       937.5345       935.8757
       932.8964       929.5209       925.7809       920.6606       917.4257
       918.7684       922.9027       927.1555       929.7112       930.8533
       931.3394       931.3480       930.8555       930.0109       929.0965
       927.7024       925.9297       924.2806       923.0161       922.4344
       923.6245       926.3887       929.4704       931.7946       932.3505
       932.7012       932.7427       932.1368       931.7813       931.6863
       931.2440       931.1882       931.8465       934.3349       937.8677
       940.1727       939.7420       937.9560       936.1217       933.4342
       930.6167       928.5369       927.5573       927.7554       929.7307
       933.2668       937.0714       941.0830       944.5914       947.7086
       951.3231       955.1589       957.3212       956.5042       954.8449
       952.4104       949.5486       946.9904       944.7269       942.7604
       940.6180       939.1069       938.8140       938.9884       938.7955
       937.7375       938.2468       940.5157       940.4808       937.8688
       935.9341       935.5529       936.6204       937.7253       938.5447
       939.8281       942.3292       944.4737       945.2056       944.3772
       943.0918       941.5991       940.2115       938.1568       935.0581
       932.0950       930.7020       930.6752       931.4397       931.6342
       930.6165       930.2504       931.0595       932.4531
       936.1694       936.7308       937.1379       937.6465       938.3818
       937.8859       936.6359       936.7138       938.8509       941.1740
       940.5549       938.0565       936.8561       936.0772       934.3762
       932.8786       932.3016       933.2483       934.9882       936.7620
       938.2131       938.9045       938.3606       937.6483       936.3054
       932.9431       929.2137       926.3051       922.2127       919.2446
       921.2056       925.6454       929.2089       931.6016       933.0920
       934.1703       933.8819       932.0323       929.9622       927.8297
       926.7113       925.9731       924.9803       923.2133       922.3602
       923.7894       926.5286       929.7641       932.2070       933.2561
       933.6014       932.9995       931.8165       931.1912       931.4045
       931.3824       931.1644       932.0881       934.4951       937.1831
       937.9058       936.9878       935.6941       934.2100       932.5938
       930.1253       927.8523       927.2482       928.7454       932.1310
       936.4113       940.4130       943.9029       946.8367       949.1240
       952.5186       956.8600       959.4006       958.5931       956.4497
       953.4901       950.2720       947.5119       945.4766       943.8864
       942.6678       941.6003       941.0465       940.8086       939.8657
       938.3445       938.2893       940.0276       940.7311       938.3980
       935.9052       935.1313       935.8488       937.1823       938.3983
       939.6169       941.7995       943.6189       943.6456       942.6292
       941.2502       940.0212       938.1249       935.9511       934.0663
       931.9419       930.3566       929.6151       930.0767       930.6924
       930.8339       930.1443       929.8891       929.9783
       936.4649       937.0235       937.2101       936.9987       937.2906
       937.6906       937.1839       936.9749       938.7310       941.2976
       940.6099       937.2756       935.7967       936.0292       934.8149
       932.6937       931.6243       932.3333       934.0935       935.4432
       936.0405       936.2257       936.4804       936.1898       935.1794
       932.8014       930.1606       927.8126       925.0119       922.4742
       924.5281       928.5941       931.0700       932.9506       934.8770
       935.6939       935.4179       933.7623       930.8844       928.1702
       926.6663       926.2261       925.5886       924.5318       924.5564
       925.8766       928.3474       931.3598       933.0795       934.3985
       934.8184       933.6888       932.1034       931.3558       931.6181
       931.8155       931.6332       932.6357       934.8381       936.1346
       935.7001       934.7938       933.5854       932.5308       932.1767
       930.9171       929.2559       928.9425       931.0524       935.5499
       939.7694       943.5253       946.7353       949.0322       951.1366
       953.6787       957.3571       959.2844       958.8521       957.4600
       954.7274       951.0844       948.2856       946.5596       945.5157
       944.4075       943.7880       943.2407       942.4926       941.1368
       939.5717       938.7313       939.5202       939.9146       938.4717
       936.5421       935.4991       935.9332       936.9086       938.0314
       939.7206       942.0889       943.2957       942.7227       941.8521
       940.6877       939.5564       938.2240       936.2993       934.9479
       933.5844       931.5284       930.3004       930.1487       930.7709
       930.8046       929.6653       928.4363       928.6229
       937.2422       937.8937       937.8525       936.7598       936.8795
       937.6594       937.5080       937.1169       938.6303       940.9495
       939.7712       936.3921       934.9781       935.7370       934.9490
       932.5629       931.3587       931.8282       932.7822       933.1028
       933.2151       933.1759       933.3127       933.3348       932.2129
       931.9700       932.1865       931.7142       929.2332       926.9529
       927.9312       930.7094       932.5426       934.0870       935.8819
       937.2150       937.7429       937.2581       935.0154       931.8849
       928.9514       927.1899       926.2263       926.3769       926.9756
       927.9999       929.9066       932.0225       933.9050       935.2388
       935.3478       934.2969       932.5712       931.3420       931.9041
       932.4446       932.0232       932.1081       933.2822       934.5578
       934.1466       933.2661       932.5578       932.2208       932.1639
       931.6370       931.4718       932.6121       935.1002       938.3737
       942.1794       946.0093       949.6884       952.1307       953.7919
       956.2426       958.9059       959.7385       958.6964       956.8727
       954.4347       951.2665       948.5981       947.3781       946.2256
       945.3374       945.1239       945.1221       944.1955       942.3903
       940.1997       938.8511       938.7890       938.7036       938.2217
       937.1617       936.1942       936.2399       936.9653       938.1637
       940.5547       942.6091       943.2720       942.4818       941.3557
       940.7168       939.9900       939.0905       937.8259       936.4634
       934.8377       933.1000       931.0443       930.9175       931.9120
       930.7447       928.6776       927.9122       929.0897
       937.8563       938.3326       937.6200       936.1332       935.8146
       936.8421       937.0589       937.0370       938.5002       939.3554
       937.4622       934.9467       934.5065       935.1153       934.5356
       933.0867       932.3351       932.4313       932.2181       931.7773
       931.1930       930.4235       930.3937       929.9473       928.7983
       930.1378       933.2171       934.0812       931.6558       929.2568
       929.7668       931.2999       932.8856       934.8334       936.8572
       938.6661       939.5432       940.0775       939.3377       936.3119
       932.1100       928.5062       927.0580       926.7911       927.6563
       928.6725       929.9788       931.7511       933.7377       934.8889
       934.9365       933.6871       931.7432       930.6524       931.4600
       932.1898       932.0983       931.9603       932.4500       933.1155
       933.1757       933.2369       933.5492       933.6364       933.2347
       933.0222       934.6194       937.1497       939.8002       942.2626
       944.9741       948.4524       952.5547       955.3160       957.2480
       959.6227       961.2054       960.7894       958.2609       955.4728
       953.1112       950.6060       948.3810       947.0119       946.0463
       945.5813       945.6627       945.9716       945.4872       943.3959
       941.0245       939.7777       938.7511       938.0688       937.7516
       937.2959       936.9437       936.6454       937.4023       939.5583
       942.1638       943.8144       943.8729       942.3582       940.8305
       940.4759       940.5352       939.2729       938.2881       937.3470
       936.2244       933.9745       931.6420       931.2632       932.0566
       930.5724       928.2538       928.4439       929.5703
       937.5162       937.7028       936.4169       934.7394       934.9874
       937.2527       937.7504       937.0453       937.9948       938.6170
       936.7928       934.7565       934.4505       934.4348       933.8912
       933.4349       933.3771       933.2818       932.5596       931.0488
       929.0560       927.5917       927.2944       927.4053       927.5936
       930.2952       933.7313       934.9349       932.4442       929.7019
       930.5797       932.2115       933.6875       935.4762       937.2687
       938.7172       939.4622       940.4895       940.2570       937.8011
       933.5164       929.4682       927.1572       926.1519       926.1603
       927.4499       929.2914       931.5596       933.0560       933.6464
       933.1098       931.9305       930.9106       930.8395       930.9653
       931.4987       932.0685       932.7418       933.3335       934.4103
       935.4269       935.8029       936.8295       937.0730       936.3686
       936.6336       938.3783       941.5574       944.6621       946.8937
       949.0765       951.9130       955.1044       957.9247       960.2991
       962.5847       962.8576       960.7694       957.8542       954.7928
       952.7783       950.5137       948.2078       946.6649       945.9692
       944.9724       945.1941       946.1735       946.0571       944.5503
       943.4590       942.2949       939.8855       938.0062       937.1727
       937.3912       937.8989       938.5475       939.6795       941.3764
       943.1452       944.2401       943.5049       941.8528       940.8893
       941.1150       941.0659       939.7321       938.5276       938.1780
       936.4263       934.1337       931.7252       930.9805       931.0496
       929.7414       927.7983       927.9913       929.6230
       935.6180       935.8221       934.4168       932.7231       933.9687
       936.6274       937.4333       936.7481       937.7806       938.8064
       937.8982       935.8740       934.5314       934.3162       934.0844
       933.3875       933.1881       932.9371       932.3109       929.9824
       927.0739       925.2137       925.5543       926.6077       928.5993
       932.0371       934.8671       935.6486       934.7024       933.3841
       933.9832       934.8055       935.3964       936.5617       937.1915
       937.5745       938.7010       939.2930       938.7256       936.4018
       933.4272       930.2532       927.2396       925.0248       924.3611
       925.8132       928.3480       930.5524       931.6249       931.2214
       930.9891       931.4155       932.4386       933.0281       932.5627
       931.5200       932.2272       934.3265       936.2151       937.7742
       938.8126       939.3194       940.0425       940.7329       939.7139
       939.5547       941.9749       945.5472       949.0300       951.6329
       953.3099       955.0126       956.9730       959.2410       961.7747
       963.7280       963.5273       961.0207       957.8923       955.1314
       952.8521       951.0416       949.2256       948.4418       946.9436
       945.3445       945.4651       946.9332       946.6816       945.7413
       945.5831       944.5650       941.8148       939.1884       938.0983
       938.7366       940.0766       941.4116       942.0540       942.7997
       943.3170       943.1470       942.1155       941.2170       941.4794
       942.5698       942.6160       941.2901       939.8025       938.3793
       936.3985       933.6451       931.2850       929.9263       929.8804
       929.8069       928.0724       927.4528       928.7563
       931.5274       932.0807       932.0137       931.6972       932.4094
       934.3607       936.1700       937.5151       938.4266       939.4281
       938.2070       936.2528       934.9574       934.7567       934.7266
       933.6522       932.2180       932.1046       931.2820       929.4713
       926.6285       924.8311       924.9499       927.5035       930.9160
       933.8193       936.1411       937.2697       938.3294       938.9954
       938.5908       937.4413       936.6970       936.7167       936.9783
       937.6529       938.0406       937.5125       936.1603       934.3986
       932.5148       930.5164       928.1399       925.2092       924.3160
       926.0309       928.5483       930.4288       930.4264       930.1355
       931.0468       932.9160       934.9988       935.5450       934.3678
       932.3116       933.0892       936.4102       939.9133       941.9276
       942.0004       941.6889       942.5262       943.0790       942.0316
       942.0854       944.6013       948.9800       953.2237       956.0594
       956.8494       957.2708       958.7264       960.4963       962.4003
       964.0679       964.1924       962.1398       958.8344       955.4387
       953.2436       951.6235       950.8861       950.0616       948.5156
       946.7939       946.9520       947.8489       947.3071       946.3050
       946.5851       945.9172       943.5032       941.1086       940.7496
       941.7476       943.2678       944.1266       944.0449       943.5207
       943.4500       942.5142       941.3221       940.8739       941.7144
       942.6573       942.8884       941.9544       940.1901       938.9487
       936.8694       933.5615       930.7026       929.0989       929.2177
       930.1480       929.7029       928.5435       928.0986
       928.1302       928.8936       930.4078       931.5309       932.2142
       933.3581       935.9294       937.9659       939.1274       939.3721
       938.4062       936.7218       935.3113       934.6407       934.8030
       933.8338       932.4095       931.4924       930.6411       928.9371
       927.1279       925.6021       925.9650       929.3150       932.9429
       936.1768       938.3690       939.8712       940.6953       941.2176
       940.2476       937.8744       935.9133       936.2321       937.2784
       938.1550       938.1053       936.4904       933.8277       931.8616
       930.7510       929.7335       928.1606       926.2677       925.6484
       927.7176       930.5345       931.6969       931.4123       931.5425
       932.7070       934.7567       935.9849       936.5103       935.5409
       934.6803       935.3548       938.8153       943.0978       945.2037
       945.0367       944.7496       944.9907       944.9193       944.5471
       944.7106       946.8447       951.2698       955.7684       958.5865
       959.4562       959.6172       960.6719       962.1297       963.6097
       964.5928       964.5942       963.2944       959.7690       955.8797
       953.0267       951.7142       951.3477       950.9555       949.5165
       948.5530       948.6328       948.9863       948.2534       947.5972
       947.5923       946.5201       944.4020       943.2908       943.7004
       944.9633       945.7408       945.8371       945.4056       944.7979
       943.8787       942.4539       940.8703       940.2899       940.8799
       941.4865       941.3987       940.7353       939.6002       938.6132
       936.3480       932.9486       930.6007       929.0474       929.2809
       930.8756       931.6259       930.5338       929.1495
       927.8881       928.7410       929.7671       931.0227       932.2590
       933.6860       935.6873       938.1133       939.4371       939.0709
       938.8127       938.6868       936.8909       935.4285       935.2758
       934.6534       933.5110       931.8957       930.4302       929.2498
       928.0781       927.0838       927.9355       930.8763       934.8546
       937.7068       940.0593       941.4457       941.9457       940.8508
       939.1822       936.2523       934.3032       934.8089       936.6299
       938.0415       937.9323       935.6689       932.8364       930.7360
       929.1087       927.8743       926.9299       925.5255       925.4599
       928.0850       931.5552       932.8571       933.2109       933.7119
       934.7115       935.1450       936.0155       936.6856       936.9982
       938.1575       939.9956       942.5747       945.8054       947.7209
       948.4199       948.6960       948.5961       948.1690       947.8411
       947.7061       949.4116       952.9150       957.0848       959.6501
       960.2900       960.1532       960.7811       962.1813       963.3950
       963.9515       963.6661       962.9167       959.8010       955.2621
       952.5026       951.7281       952.1323       951.7821       950.5284
       949.9615       949.9008       950.0259       949.5844       949.3033
       948.6428       946.5076       944.8704       944.7497       945.6273
       946.2284       946.1005       945.6505       945.6298       945.1282
       943.6647       941.8343       940.1996       939.7089       939.9788
       940.4628       940.5397       938.9858       937.8480       936.8453
       934.8348       932.2625       930.2884       929.4668       929.8112
       931.5486       932.8942       932.5145       931.5210
       928.6185       929.1083       929.1805       929.6176       931.1891
       933.9319       936.6193       938.8058       940.2364       940.2849
       940.7065       940.9810       940.0486       938.5197       936.9139
       935.4457       934.3450       932.8599       930.8754       929.5349
       928.6281       928.5739       929.5563       932.4115       935.5714
       938.8528       941.6144       942.7565       942.0002       940.1449
       937.4352       934.5049       932.8237       932.8817       934.7874
       936.8913       937.3128       935.6159       933.3419       930.8413
       928.3496       926.2812       925.1914       924.2635       924.5230
       927.0068       930.2799       932.7037       933.8634       935.0663
       936.0024       936.7523       937.4736       938.3765       939.4504
       941.3346       944.1495       946.8590       948.8837       950.1828
       951.4821       952.4301       952.5919       952.3427       951.4456
       950.9233       951.9861       955.0187       957.9500       959.8655
       960.3000       959.1392       959.2261       960.3080       960.7725
       960.8500       960.3699       959.3271       957.3545       954.0449
       952.2500       952.7538       954.2192       954.1339       952.5751
       950.9233       950.7602       950.8721       950.4752       949.5391
       948.5710       946.9674       945.9036       945.6288       945.9672
       946.3641       945.6255       945.1036       944.5016       943.7422
       942.7223       941.1128       939.2711       938.6621       939.6917
       940.2249       939.4246       938.1606       936.2823       934.6330
       932.9432       931.1504       930.0971       929.7422       930.4136
       932.0068       933.6366       934.2680       934.0333
       929.4875       929.4050       929.4852       929.6942       931.3961
       934.4376       937.6594       939.9230       940.9569       941.4227
       942.6461       943.0453       942.4301       941.7389       939.4702
       936.9595       935.3343       933.7755       932.0534       930.2245
       928.9395       928.8325       930.6826       933.2806       936.0076
       939.6484       942.9942       943.4856       941.3790       939.1348
       936.5289       934.0612       932.6136       932.7059       934.1390
       935.6116       936.3672       936.2981       934.0979       930.8691
       927.3101       925.3621       924.5994       924.5197       925.2964
       926.8225       928.5944       930.5750       932.3942       934.8831
       937.7030       939.6441       940.4855       941.5328       942.3980
       943.8467       946.7345       949.9984       951.7817       952.3890
       953.1998       954.2936       955.2701       955.4584       954.5385
       953.8286       954.8605       957.2729       959.5260       960.8402
       960.6923       959.0017       957.9538       958.0638       957.3212
       956.1179       955.4200       955.3585       954.8001       953.8327
       953.3271       954.3999       956.1252       956.7124       955.2949
       953.0897       951.4948       951.3420       950.2707       949.1923
       948.5844       948.0067       947.4176       946.6682       946.7976
       946.8373       946.2195       945.0499       943.7908       942.9240
       942.2370       940.6567       938.7558       938.0563       939.1647
       939.7158       939.3336       937.8990       936.0555       934.0691
       931.9487       930.5201       929.9865       930.4022       931.2399
       933.1683       935.2840       936.4218       936.8074
       930.1642       930.1086       930.2659       931.2775       933.0700
       935.5992       937.9556       939.9883       940.7840       941.9399
       943.0704       944.0484       944.8890       944.2265       941.6785
       938.6663       936.7890       935.4955       934.2804       932.3843
       930.5162       930.4351       931.5952       933.6760       935.9780
       939.4003       941.9962       941.8589       940.0507       937.6319
       935.9228       934.7615       933.7971       933.4797       933.3344
       933.8936       934.9139       934.8594       932.7391       929.1799
       926.6227       925.3567       925.0709       925.4998       926.9399
       927.8633       928.1337       928.7922       931.1921       934.8289
       938.7218       941.0715       942.9778       944.4766       945.2344
       946.6159       949.6547       952.5502       954.2745       954.2250
       954.1750       954.7817       956.0706       956.8726       956.6694
       956.9360       958.2715       960.3627       961.8392       962.0277
       961.1405       959.1882       957.1925       956.1206       954.3513
       952.1254       952.0412       953.5886       954.4783       954.4276
       954.4507       955.1400       957.0429       958.9355       958.3276
       955.6006       953.1382       951.1141       949.7645       949.3153
       949.3391       948.9335       948.2809       948.5396       948.9141
       948.5588       947.5535       946.5699       945.0329       944.1561
       943.2802       941.6357       940.0120       939.3066       939.8188
       940.3910       940.2448       939.3595       937.7296       935.8260
       933.5905       931.9981       931.2906       931.3080       932.7077
       935.2867       937.5302       938.8845       939.2828
       929.1476       929.5823       930.2891       931.5300       933.7888
       936.0776       938.1268       939.6194       941.2993       942.2081
       943.5545       945.1274       946.4149       945.5509       942.2344
       939.1607       937.2685       937.0011       936.7161       934.3420
       932.8250       932.4565       932.6551       934.1661       936.0195
       937.4808       938.5771       938.3887       936.5815       934.9219
       934.6292       934.8135       934.2642       932.9354       931.8292
       931.9937       932.9959       932.6008       930.4269       927.7799
       926.1124       925.6897       925.6852       926.2451       927.0048
       927.8343       928.0861       929.0373       931.2808       935.3893
       939.4077       942.0980       944.1263       946.5042       947.4915
       948.8311       952.2473       955.4774       956.3614       955.8454
       954.9006       954.4075       955.2185       955.8388       956.6486
       958.7993       961.6627       963.0250       962.9680       961.7458
       960.4442       958.9205       957.0585       955.5259       953.4111
       950.8805       950.7008       952.2506       953.5454       953.3782
       952.9341       954.6949       957.8254       960.4193       960.6249
       958.3223       955.1420       951.9744       950.1934       949.9819
       949.8112       949.1132       948.7598       950.3607       951.4918
       950.7786       950.0569       949.1123       947.8066       946.9106
       945.7591       944.3685       943.1617       942.5783       942.3989
       942.6093       942.4339       942.0111       940.8033       939.6376
       938.3829       936.8438       935.4858       934.3112       935.3008
       937.3101       939.4224       940.8375       941.8302
       927.3162       927.7570       928.5978       930.3687       933.2066
       935.9749       937.7943       939.3154       941.1754       942.6931
       944.0389       945.3939       945.6964       944.1003       940.7072
       938.2087       937.1978       936.8679       935.6760       934.4396
       933.8030       932.9052       933.1312       934.2044       935.1086
       935.8552       935.7203       934.5346       933.2638       932.6848
       932.8350       933.8298       933.9771       932.6793       931.0940
       931.0764       931.8169       931.6650       929.7835       927.7719
       925.8114       924.7709       925.1998       925.6479       926.0171
       926.3683       927.2002       929.0173       932.1746       936.7407
       941.2538       943.6707       945.6499       947.4608       948.6118
       950.6002       954.2242       957.1439       957.8317       956.9028
       954.8909       953.8292       953.5362       953.6473       955.3965
       959.4746       962.9145       964.0193       962.2747       960.2965
       958.9565       958.0624       957.1693       956.1234       953.9937
       951.7543       950.9374       951.4698       952.7006       952.8807
       952.9977       954.4808       957.6584       960.4644       961.5327
       959.7866       956.3315       953.1976       951.7671       951.3256
       950.6152       949.4303       949.6855       951.7997       953.4106
       953.1962       952.5517       951.8823       950.9705       949.3336
       948.0073       947.1509       946.6064       946.0797       946.1226
       945.6900       945.3860       945.1855       944.6129       943.9980
       943.3704       942.6483       940.6937       939.3118       939.3663
       939.9730       941.4289       943.0226       943.8158
       925.9028       925.7646       926.8749       929.6419       933.0621
       935.8279       937.3143       938.7319       940.4750       942.4879
       943.8430       944.6705       944.0288       941.1492       938.4224
       936.9708       936.3661       935.5005       934.1959       933.6810
       934.0493       933.6912       932.6530       932.2812       933.0391
       934.1675       933.9369       931.9573       931.0128       931.5945
       932.7520       934.1361       934.9958       933.7472       931.9868
       931.1403       931.6639       931.3276       929.9578       928.0916
       925.1711       922.9542       923.4128       924.3870       925.0986
       926.0325       927.0535       929.3783       933.1102       938.4510
       943.3212       946.2027       947.5479       948.2252       949.4615
       951.7736       955.3665       957.5293       957.3156       956.1486
       954.5479       953.4095       952.7108       952.3901       954.9221
       959.5182       963.0658       963.5764       961.6521       958.6976
       957.5974       957.5839       957.9838       956.7286       954.5115
       952.8472       952.3527       952.6768       953.6365       954.7913
       954.9648       955.2930       957.1227       959.9413       960.7394
       959.5772       957.0618       954.6719       953.9777       953.7959
       952.4935       951.2288       951.7297       953.3566       955.0022
       955.4333       955.0621       954.8046       953.4113       950.6445
       949.1877       949.3527       949.3350       949.1666       948.7374
       948.4016       948.4751       948.5873       948.3046       947.8911
       947.4119       946.2299       944.6487       943.8935       943.6804
       943.7073       943.9933       944.8893       945.4287
       924.5788       924.3094       925.2310       928.3461       932.1169
       934.7982       937.0191       938.7062       940.2844       941.7834
       943.8104       944.5682       942.3044       939.1861       936.8163
       935.6231       935.3502       935.1141       934.1919       933.9457
       934.9515       934.6354       932.5165       930.3714       930.4072
       931.9174       932.0089       929.5354       928.3015       930.6386
       933.4550       935.8130       936.7297       935.8828       934.0119
       932.9361       932.7750       932.2459       931.0410       928.9510
       925.5870       923.0345       923.1978       924.0593       924.9440
       926.4600       928.3362       930.8057       934.6362       939.8340
       944.9034       948.2490       949.4159       949.1907       950.1689
       952.8043       956.2450       958.5191       957.5677       955.0057
       954.0873       953.9619       952.5448       952.0442       954.7137
       959.1395       962.5958       964.1876       962.7574       959.7405
       957.9286       958.8971       959.2996       957.6860       955.1281
       954.3643       954.3655       954.7838       955.3831       955.9437
       956.4492       956.9476       957.8534       959.3844       960.2538
       960.0405       959.0195       957.3483       956.6930       956.4711
       955.2898       954.2005       954.3948       956.0421       957.4680
       958.0001       957.8368       956.6389       954.0429       951.4021
       950.9573       951.7219       952.1804       951.8436       950.5793
       949.9949       950.3979       951.0484       951.2338       950.9541
       950.4042       948.9329       947.6812       947.3904       947.5054
       946.8837       946.5392       947.5289       948.3356
       922.9814       922.6761       924.0710       926.7765       929.6621
       932.9742       936.2372       938.6299       939.8715       940.7948
       943.2579       944.3871       941.6188       938.0186       935.8007
       935.0764       934.9136       934.6003       934.3077       934.3954
       935.0601       935.3360       933.4150       930.7247       929.6058
       930.0114       929.4209       926.8011       926.1899       929.7098
       933.6028       936.1803       937.6464       937.5734       936.2259
       935.2519       935.2121       934.3286       932.0657       929.4313
       926.6558       924.6422       924.4172       924.4362       924.7804
       926.8689       929.3142       931.8257       935.8876       940.6373
       945.7917       949.9058       950.6528       950.1124       950.9448
       953.4187       957.2053       960.1191       958.8405       955.3925
       954.0367       953.7139       952.6140       952.4553       954.8859
       958.3283       961.9706       964.8022       964.4460       962.3870
       961.2531       960.8990       960.1971       958.4426       956.8501
       955.7479       955.7868       956.2141       956.3426       956.6662
       957.4289       958.1769       959.0782       959.9544       961.0283
       961.4189       960.9610       959.7986       958.6944       958.5636
       957.7086       956.6979       957.1825       958.6019       959.8562
       960.2443       959.5793       957.2097       954.0385       952.4982
       952.9355       954.5782       955.3250       953.7673       951.8109
       950.6477       950.7950       952.3730       953.3168       952.7338
       951.6953       950.6213       949.7568       950.1116       950.2264
       948.7419       948.3244       950.0735       951.5881
