!     RMS - Reservoir Modelling System GRID TO ZYCOR GRID
!     RMS - Reservoir Modelling System VERSION : 10.1
!     GRID FILE NAME   : Base_Reflector4
!     CREATION DATE    : 2018.12.21
!     CREATION TIME    : 08:26:19
@Base_Reflector4 HEADER                     ,      GRID, 5
      15,    -99999.0000,       ,      4,      1
     119,     65,    436910.1562,    440110.1562,   6469154.5000,   6475054.5000
         0.0000,         0.0000,         0.0000
@
+ Grid data starts after this line
       900.0930       900.9202       901.5319       901.0245       900.4971
       900.6000       900.7134       900.9928       900.7964       900.5496
       900.6643       900.2440       900.0912       901.7994       903.8162
       904.3900       904.3748       904.0818       904.8401       906.3424
       907.6679       909.2809       910.5233       910.7244       910.1648
       909.1029       907.7915       906.7097       906.0391       905.5103
       904.8659       903.8217       903.1734       902.3181       901.4893
       901.6897       902.5866       903.5525       903.4720       902.3137
       902.0596       901.5249       899.7415       898.3254       898.3888
       899.0500       898.9876       898.2807       897.7040       897.7838
       897.8378       898.1429       899.2019       900.3062       900.6401
       900.3694       900.3295       900.7450       902.0397       903.4279
       903.9014       904.9210       907.1226       909.1231       909.3365
       908.6119       908.3752       907.5959       907.3252       907.9788
       909.1259       911.4427       913.9855       916.0698       918.2547
       919.8608       919.9042       920.1171       920.8721       921.7846
       922.9248       923.9445       924.3229       924.7341       925.8245
       927.2368       928.6978       930.0118       930.2804       929.4749
       928.3178       926.9083       925.9273       925.6700       925.1638
       924.5871       923.6432       923.1187       923.6724       924.2229
       924.1864       924.7759       925.9222       926.6445       926.9230
       927.2723       927.9790       928.0413       926.7837       924.8066
       922.5769       920.3838       919.0120       917.9422       917.5092
       917.8143       917.7103       916.7998       915.8365
       899.8960       900.0721       899.9391       899.2588       898.6274
       898.7011       899.0297       899.0270       898.8698       898.9452
       898.9719       899.3492       900.1607       901.6147       903.1578
       904.3992       904.7657       905.1754       906.2238       907.5956
       908.9268       909.9667       910.3749       910.0617       909.3093
       908.3120       906.9067       906.0014       905.7037       905.3118
       904.3843       903.3997       902.7471       901.9536       901.1348
       901.5053       901.9979       902.8345       903.4713       903.2963
       903.0065       902.2922       900.3807       899.0656       898.7573
       898.4647       897.8943       896.3735       895.3434       896.1065
       897.1217       898.1590       899.2934       900.3967       900.9981
       900.5194       900.2300       900.3655       901.2078       902.0977
       903.0689       904.7442       906.6779       908.2917       908.6600
       908.1682       907.7160       907.5076       907.3764       908.2507
       909.8850       912.3205       914.6646       917.0991       919.6049
       921.5190       921.9854       921.7954       921.6381       921.7340
       922.6804       923.5586       923.8793       924.5956       926.2976
       928.1066       929.8251       931.1761       931.2465       930.5663
       929.3488       928.1113       926.9838       925.9915       925.3019
       924.4136       923.5503       923.6327       924.1713       923.8517
       923.7400       924.2343       924.9687       925.3318       925.9316
       926.9166       927.7125       928.7318       927.9658       925.2496
       922.3435       919.3892       917.1667       915.7787       915.6607
       916.4009       916.6313       915.9515       914.8890
       898.7221       898.5034       897.6550       896.6879       896.0673
       896.0053       896.4933       896.6179       896.9451       896.9972
       897.2230       898.3210       899.7008       900.9316       902.2796
       904.1144       905.6148       906.7524       908.4822       910.2471
       911.1655       911.3957       910.7287       909.6636       908.6253
       907.8084       906.6285       905.5524       905.1288       904.5647
       903.6406       902.5983       901.7493       901.0145       900.6152
       900.7429       900.9755       901.8646       903.3648       903.8352
       903.9568       903.0420       901.2053       899.4025       898.7271
       897.8144       895.7811       893.7382       892.8907       893.6847
       895.7390       897.6858       899.0099       900.1528       900.4451
       899.8748       899.1772       899.1579       899.6115       900.4152
       901.6180       903.4307       905.4980       906.9512       907.4697
       907.0298       906.5110       906.3972       906.8897       908.3022
       910.7064       912.9420       915.4888       917.9186       920.7152
       922.7234       923.6449       923.5367       923.0033       922.5289
       922.6833       923.3740       923.9211       925.0832       927.0952
       929.3706       931.3112       932.3330       932.3074       931.4193
       930.8174       929.4877       927.6908       926.2245       925.2784
       925.1504       924.8279       924.8651       925.1288       924.4290
       923.7703       924.1119       924.6469       925.0024       926.0806
       927.1901       928.0420       929.3691       929.2856       926.1519
       922.4778       919.3605       916.5579       914.6974       914.5150
       915.3613       915.4942       914.9031       914.3870
       896.9229       896.9156       895.8456       894.5532       894.0286
       894.2568       894.4639       894.9144       895.2078       895.4959
       896.0138       897.1306       898.9604       900.4373       902.1193
       904.2638       905.9518       907.6093       910.0132       911.9899
       912.7571       912.3869       911.0107       908.9188       908.0840
       907.6752       906.8445       905.9609       905.0217       903.7380
       902.1463       900.8671       900.1904       899.9326       899.5244
       899.3256       899.8783       901.3312       902.8903       903.7449
       903.7908       903.1454       900.6549       898.3669       897.4426
       896.3547       893.5038       891.0233       890.2064       891.2700
       893.8779       896.4395       898.3422       899.0718       898.4230
       897.6426       897.4896       897.4803       898.0906       899.0146
       900.1138       902.0043       903.9102       905.0481       905.6857
       905.4495       904.5295       904.3956       905.1868       907.1553
       910.0118       912.7381       915.0155       917.7215       920.4045
       922.3103       923.3490       924.1153       924.1865       923.6009
       923.4462       924.1131       925.7199       927.4537       929.1985
       930.9683       932.3909       932.9290       932.7415       932.2330
       931.5264       930.1583       928.5271       927.0125       926.3642
       926.7347       927.0532       926.9197       926.4610       925.4982
       924.5555       924.4706       924.5443       925.2085       926.7170
       927.9744       928.5443       929.8173       929.4376       926.2696
       922.2455       919.4722       916.7597       914.9953       914.8924
       915.3600       915.0219       914.8564       914.5227
       895.1577       894.7186       893.8160       892.7515       892.7564
       893.4465       893.7148       894.0413       894.2287       894.7175
       895.6956       897.1340       899.0668       900.7149       902.7244
       904.7382       905.9974       907.4000       909.7989       911.5538
       912.2687       911.9245       909.8892       908.1628       907.5945
       907.2028       906.5085       905.9550       904.9703       903.0102
       900.8069       899.2920       899.3347       899.3887       898.8542
       898.6270       898.8848       899.6115       900.7703       901.7351
       901.8625       900.8087       898.3775       895.6183       894.5411
       893.1818       890.8699       889.0099       887.9167       889.0103
       891.9113       894.9822       897.1005       897.7044       896.7795
       895.7333       895.7382       896.1424       897.1071       898.2766
       899.5848       901.0018       901.9749       902.6101       902.8415
       902.8314       902.5096       902.5351       903.6964       905.7561
       908.7086       911.5553       913.9579       916.3975       918.6931
       920.5764       922.0530       923.4244       923.9108       923.8083
       924.0304       925.4338       927.3279       929.5730       931.6431
       933.1520       933.6458       933.3369       932.9385       932.0900
       930.6460       929.3839       928.8523       928.7861       928.4384
       928.2941       928.7982       928.8131       927.9009       926.3763
       925.2184       924.7339       924.7300       925.1201       926.7559
       928.1501       928.7914       929.2825       928.7275       925.5621
       922.2317       919.9115       917.8434       916.0549       915.9109
       915.9161       915.5310       914.9683       914.1531
       891.7374       891.2134       890.9534       890.8718       891.5436
       892.5952       893.6172       893.8663       893.7285       894.2587
       895.9700       897.8868       899.6819       901.5776       903.4565
       904.8040       905.5112       906.4709       908.0449       909.4421
       909.9722       909.4277       908.4651       907.8741       907.7245
       907.1789       906.4418       905.3931       904.2526       902.7010
       900.7270       899.6985       899.9278       900.0580       899.0410
       897.8248       897.2344       896.6365       896.9684       898.0493
       898.5197       897.2429       894.4916       892.3230       891.0698
       889.7149       888.2856       887.2821       887.1121       888.0251
       890.4105       893.1934       895.7373       896.4082       895.2786
       894.5583       894.5537       895.1933       896.3735       897.6602
       899.0386       899.7715       900.1272       900.0972       899.7929
       899.9261       900.6116       901.5760       903.2863       905.6923
       908.4969       911.1329       913.0923       914.9361       916.8905
       918.6843       920.5174       921.9239       922.6996       923.1414
       924.2526       925.9374       927.8685       930.1768       932.8107
       934.4329       934.3853       933.1253       931.9470       930.4788
       928.6636       927.4128       928.0525       929.8225       930.6881
       930.2225       929.7651       929.4290       928.2045       927.0870
       926.1125       925.1115       924.7145       925.1559       926.2573
       927.2742       927.8143       927.8424       927.2932       925.1498
       923.0076       921.4482       919.4241       917.7734       917.1979
       917.1300       916.5723       914.9695       913.7339
       888.1122       888.3740       888.8534       889.7877       891.0399
       892.2060       893.0978       893.7903       893.4794       893.9062
       895.3729       897.2804       899.5674       901.6299       902.9384
       903.4404       903.7387       904.2568       905.0329       906.0579
       906.5274       906.7366       907.1230       907.8301       908.5211
       908.1638       906.3296       904.5506       902.8312       901.7200
       901.1288       900.9851       901.4319       901.0291       898.9594
       896.5958       894.6996       893.1691       893.3253       894.4208
       894.8804       893.8694       891.7322       889.9650       888.9233
       887.8716       886.8484       886.2880       886.7846       887.9791
       889.8879       892.4233       894.4609       894.8577       893.9912
       893.7437       894.3279       895.2925       895.9764       897.2044
       898.3563       898.5497       898.0406       897.7611       897.5085
       897.8915       898.8546       900.7700       903.4211       906.1240
       908.6843       911.0520       912.8350       914.2047       916.2385
       918.4208       919.9900       921.1414       922.2667       923.3286
       924.8142       926.8091       928.9481       930.8153       932.6891
       934.4568       934.3170       932.5222       930.4727       928.8937
       927.2325       926.4058       927.7525       931.0501       933.2051
       933.0605       931.4122       929.6495       928.3867       927.7159
       926.8228       925.0881       923.8248       924.0858       924.9141
       925.8055       926.0266       925.9908       926.2007       925.5344
       924.0533       922.1211       919.8836       918.3527       917.8182
       917.6589       916.8987       914.9949       912.6539
       887.2296       887.8263       888.7048       890.0742       891.6207
       892.2571       892.7497       893.4481       893.6001       893.8951
       894.9584       896.3921       898.1762       899.8054       900.7437
       900.7740       900.8012       901.2703       901.9956       903.1281
       904.1735       905.0670       906.4802       908.0156       909.1365
       908.2201       905.8034       903.2476       901.3646       900.5766
       900.8262       901.5510       902.0674       901.1777       898.9215
       896.3087       893.6052       891.5787       891.2950       891.9815
       891.8618       890.7745       889.5303       888.6923       887.9789
       887.3304       886.5091       886.4966       886.9731       888.3094
       890.4811       892.7054       894.0677       894.4769       894.3713
       894.4049       895.5381       896.7009       897.1371       897.7671
       898.4768       897.7932       896.8486       896.4841       896.6443
       896.8552       898.2026       900.4264       903.2112       905.6445
       907.8515       910.4333       912.0367       913.8237       915.9408
       918.2248       920.1797       921.4395       923.1003       924.7880
       926.5527       928.6479       930.2450       931.2953       932.2493
       933.4103       933.8690       933.0605       931.8344       930.5154
       928.7646       927.9008       929.8589       933.0896       935.5583
       935.4609       933.2642       930.9639       929.1681       927.9540
       926.5625       924.7361       922.8763       922.5873       923.7324
       924.6422       924.4457       924.6734       925.7629       925.9725
       924.3625       922.1400       919.7391       917.8381       917.3673
       917.0421       915.8040       913.6084       911.0551
       888.8981       889.5057       890.7474       891.9503       892.5718
       892.7690       893.3782       893.7874       894.2311       894.5903
       895.5616       896.8661       897.6677       897.8732       898.2878
       898.5414       898.4160       898.7348       899.7825       901.3239
       902.9092       904.6397       906.4207       908.2679       908.7889
       907.2607       904.5779       902.4724       901.1597       900.3312
       900.5277       901.4866       902.1127       901.1464       899.3815
       897.4991       895.1030       892.9590       891.8728       891.5057
       890.4751       889.0002       888.4669       888.2857       888.1644
       887.5232       886.9494       886.9791       887.4008       888.7847
       891.1615       893.1172       894.0833       894.6572       895.1453
       895.8699       897.2199       898.4156       899.1024       899.3229
       899.3665       898.8181       897.6548       897.4681       897.2373
       897.2877       898.4389       900.5586       902.5975       904.6635
       906.5135       908.8769       911.2523       912.8225       914.8992
       917.3345       920.2798       922.8608       924.4324       926.4259
       928.4952       930.3383       931.3298       931.3313       931.4873
       932.4821       933.5554       934.4481       935.3908       935.2717
       933.3009       931.8082       932.8162       935.1953       936.5775
       935.6797       933.2802       930.8719       929.2412       928.1533
       927.3228       925.3667       923.2255       922.6062       922.9401
       923.5421       923.8215       924.6506       925.4487       925.1221
       923.4822       921.2659       919.2537       917.8063       917.0430
       916.4028       914.3493       911.2065       909.0241
       893.3538       893.4523       894.4386       894.8870       894.1820
       893.8835       893.9766       894.5560       895.1786       896.0629
       897.0767       897.9590       898.0500       897.3519       897.1550
       897.3828       897.3776       897.5417       897.8457       899.2831
       901.6704       903.8335       905.6150       907.1405       907.2750
       905.4841       903.2946       901.8378       901.3649       901.0596
       900.8090       901.9708       902.6199       901.8536       900.5684
       899.1301       897.6049       895.9546       894.2617       893.0728
       891.2264       889.8790       889.4916       889.5851       889.8375
       889.2472       888.4636       888.0373       887.8765       888.9655
       891.4800       893.5236       894.4207       894.4612       894.7593
       896.1735       897.7092       899.4636       900.7579       900.9514
       901.2905       900.6340       899.5720       898.9551       898.5435
       898.2639       899.0751       900.5949       902.4155       903.6374
       905.6514       908.0107       910.1158       912.1463       913.8425
       917.0563       921.1370       923.9721       925.5520       927.2711
       929.9868       931.9518       931.8973       931.0060       930.8921
       931.8505       933.1840       934.8718       937.4073       938.5762
       937.2542       935.2896       934.7997       936.0730       936.7043
       934.7983       932.0499       930.0004       929.1523       929.5087
       929.5757       927.8267       925.3050       923.1230       922.2474
       922.6082       923.6166       924.4720       924.9957       924.0786
       921.6680       919.1693       917.8135       917.4023       916.9784
       915.2532       912.2089       908.7606       906.8220
       899.2985       898.7623       898.3346       897.2974       895.6757
       894.2063       894.1770       895.1301       895.7569       897.0568
       898.1643       898.8779       898.6484       897.8217       897.4313
       897.1245       896.9269       896.7728       896.5223       897.5395
       900.0065       902.1696       903.8020       904.6647       904.2855
       903.3893       902.2994       901.4793       901.2913       901.4512
       901.9408       903.0093       903.8012       903.4650       902.8543
       901.7648       900.4534       899.0228       897.6823       895.9008
       894.1031       892.3259       891.7548       892.0485       892.3779
       891.7962       890.5031       889.5587       889.0115       889.9299
       892.1434       894.4901       895.3367       894.3398       894.0927
       895.3591       897.5408       900.1917       901.9780       903.0096
       903.0478       902.0296       900.6490       899.8225       899.3234
       898.7705       899.0170       900.5977       902.7062       904.5532
       905.6781       907.1302       909.2130       911.1806       913.6301
       917.0394       921.5179       924.8648       926.1542       928.0811
       931.2130       932.6578       931.8904       930.4301       930.0679
       931.3066       932.6339       934.3732       936.4534       938.1088
       938.0247       936.1250       934.7746       935.6765       936.3307
       934.4049       931.5282       930.2451       930.6910       932.1135
       932.5686       930.9579       927.5112       924.0311       922.3292
       922.5745       923.1952       924.0165       924.2971       923.1330
       920.1990       916.8315       915.3731       915.8089       915.2367
       912.1704       908.1461       905.5478       904.1600
       903.8983       902.3188       900.5095       898.8967       896.1915
       894.0569       894.5121       895.4815       895.8398       896.7203
       898.7693       900.1039       899.5769       898.2927       897.5042
       897.0130       896.0813       895.5488       895.7950       896.5793
       898.6887       900.6943       902.1371       902.1582       901.8713
       901.5974       901.3602       901.1602       900.7913       901.3188
       903.1162       904.6843       905.5972       905.6454       905.5541
       905.0448       903.3825       902.4282       901.3333       899.6552
       897.7120       895.8517       894.4545       894.8768       895.2452
       893.7856       891.6851       890.4415       890.3445       891.1590
       893.3484       895.6378       896.1088       895.0481       894.4915
       895.7311       898.2251       900.8231       902.6146       903.6722
       903.4283       902.2756       901.0473       900.1785       899.4584
       898.5098       897.9591       898.8505       901.7997       904.0352
       904.3914       905.5755       907.6786       910.4005       913.6130
       917.6133       921.6992       924.7581       926.6871       928.9284
       931.3041       932.0497       930.9896       929.2410       928.4089
       929.9940       932.3057       933.1206       933.7377       934.5602
       934.8964       933.7061       932.6506       933.1746       933.8848
       932.4682       930.4274       929.4478       930.7147       932.6821
       932.9857       931.3615       928.4059       925.2484       923.4315
       923.0707       923.7426       924.2607       923.6371       921.3017
       917.9247       914.3672       911.9753       911.7800       909.6454
       905.1602       901.6901       900.4307       900.6431
       905.8193       903.8107       901.3702       899.1587       896.2267
       894.2634       894.7717       895.8535       895.7836       896.1803
       898.8483       900.9009       900.3030       898.2297       896.8059
       895.9655       895.2650       894.7057       894.9250       895.8932
       897.4949       899.4827       900.5062       900.6390       900.2844
       900.1318       899.9841       899.6559       899.5406       901.4404
       904.4464       906.5889       907.2999       907.1743       907.1751
       906.8759       905.2868       904.3235       904.1586       902.3600
       901.1376       899.8856       898.0424       897.6584       897.5959
       895.8588       892.5087       890.6622       891.2453       892.3265
       894.5673       896.4632       897.0856       896.6528       896.1123
       897.0151       899.0047       900.4116       901.6009       902.6932
       902.6260       901.8323       901.2655       900.4257       899.1970
       897.8792       896.5391       896.4508       898.2206       899.9722
       901.3666       903.4021       905.9308       908.8094       913.1771
       917.6143       920.8577       923.2081       925.2988       927.7751
       929.6611       930.0390       929.0090       927.0691       925.8993
       927.2128       929.8116       930.6650       929.5623       929.2760
       929.6962       929.0392       928.2846       928.7985       928.7630
       927.7835       926.3409       926.0581       927.2709       928.6301
       929.2201       928.5332       926.9133       925.3812       924.1917
       923.8197       924.4713       924.7819       922.7397       918.6145
       914.7051       911.3191       908.9980       906.8292       902.0228
       896.1506       894.0754       895.2436       896.7488
       905.2292       903.4728       901.1992       898.9052       896.3229
       894.4543       894.8330       896.0741       895.8910       896.1270
       898.1119       900.1991       899.3911       897.4735       895.1996
       894.1180       893.9260       893.8543       894.0090       894.8509
       896.1538       897.8928       899.0084       899.2614       898.9136
       898.5170       898.3842       897.8774       898.3514       901.0188
       904.5493       906.5662       906.8492       906.7913       907.5128
       907.1154       905.2946       904.4778       904.4488       903.9003
       904.1729       903.4256       901.4972       900.1584       899.3889
       897.3967       894.2704       892.5551       893.2631       894.8366
       895.8258       896.9822       897.5869       897.4331       896.9969
       897.9650       899.2076       899.5803       900.2794       901.5696
       902.3254       901.9424       901.5492       900.8129       899.5189
       898.0833       896.4212       895.4412       895.7450       896.9422
       898.8320       901.3481       903.9366       907.1979       911.1766
       915.5748       918.7466       920.6620       922.5784       925.1089
       926.9418       927.2950       926.5975       924.9335       923.6177
       923.9596       925.8143       925.9519       924.7599       924.4208
       924.6470       924.2415       923.9449       923.9004       923.4474
       922.3364       921.2722       921.2160       922.4603       923.5966
       924.3166       924.6206       924.1272       923.1420       922.8621
       923.1802       923.9825       924.0435       921.3723       916.3413
       912.0957       909.3341       907.1844       903.6697       897.2185
       890.8062       889.1272       891.0397       893.3843
       903.1774       902.3261       900.9957       898.9371       896.7046
       895.1927       895.2137       896.0850       896.5276       896.3270
       897.2247       897.9148       897.0955       894.7787       892.7737
       891.5347       891.7764       892.4667       893.1175       893.9340
       895.2365       896.5620       897.5920       897.8273       897.4755
       897.2594       896.8974       896.8428       897.8491       899.8963
       901.9970       903.4299       904.1559       905.1699       906.3942
       906.1266       904.8712       904.2902       904.3305       905.3896
       906.6840       906.1638       903.9433       902.1224       900.5391
       898.4886       896.4333       895.6312       896.2692       896.8998
       896.8254       896.3057       896.7001       897.0646       897.3585
       898.9158       900.2823       900.1656       899.9718       901.1765
       902.4421       902.8107       902.5424       901.9507       901.0235
       900.0484       898.0740       895.9583       895.2431       895.9768
       897.7082       899.8407       902.2855       905.3177       909.1961
       913.4556       917.3355       919.0536       920.6675       923.2325
       924.7379       925.7673       925.4183       923.8710       922.1934
       921.9707       921.9155       921.0062       919.8979       919.8834
       920.1015       920.0573       919.5955       919.2017       918.3788
       916.9688       915.9288       915.8820       917.0787       918.3148
       919.4678       920.5507       920.4890       919.5944       919.3420
       920.3865       921.4070       921.2976       918.6025       914.1785
       910.4533       908.6208       906.2759       902.1147       895.5256
       889.9022       887.8521       889.2118       891.6879
       902.0763       901.4689       900.6726       899.4539       897.8745
       896.4654       896.3406       896.9601       897.3236       897.3106
       896.7238       895.8063       894.3674       892.2002       890.4114
       889.7761       890.1110       891.1304       892.3652       893.6529
       894.8790       895.7642       896.2860       896.1999       895.9631
       896.0326       896.4502       896.9742       897.8150       898.5380
       899.1629       900.1767       901.1338       902.8164       903.9880
       903.8976       903.7618       903.9185       904.9894       906.9987
       908.3449       907.7336       905.6778       903.5466       901.0154
       898.7852       897.8080       897.9277       898.0229       897.4182
       896.3459       895.4102       895.8043       896.7147       897.9706
       900.0087       901.4066       900.9558       900.6785       901.4324
       902.8321       904.0158       904.2367       904.1035       904.0306
       902.7449       900.4880       897.7704       895.9370       896.0494
       897.5978       899.9730       902.2637       905.2013       909.1766
       913.8664       917.5272       919.3513       920.9825       922.5325
       923.8176       925.0391       925.1206       923.5561       921.7323
       920.2000       918.8630       916.8551       915.8673       915.8334
       915.7120       915.3792       914.7408       913.9860       912.6238
       910.9476       909.7264       909.7002       910.5242       912.0258
       913.7967       915.0493       915.2408       914.8237       914.7845
       915.6974       916.6147       916.6074       915.1772       912.4940
       910.1085       908.3054       905.8909       901.4413       895.4565
       890.5015       888.7394       890.1528       892.3234
       902.1749       901.3806       900.6666       900.4177       899.4088
       898.2110       897.7552       898.1137       898.4526       897.8950
       896.1027       894.4158       892.7719       890.7850       889.2923
       888.7361       888.9327       889.8829       891.1403       892.6940
       893.9564       894.5068       894.6089       894.3062       894.3188
       895.3092       896.5079       897.2181       897.7296       897.8488
       897.8391       897.6876       898.4079       900.2604       901.6272
       901.7447       901.8369       902.8614       905.2957       907.9913
       908.7108       907.8265       906.5092       904.4990       901.4345
       899.0438       898.7385       898.9114       898.3141       897.1579
       895.7317       895.5202       895.9651       897.4257       899.3513
       901.0161       901.8790       901.7654       901.5994       902.3073
       904.2508       905.5520       905.9631       906.4467       906.7011
       905.4170       902.8352       900.2462       898.0289       897.5927
       899.0441       901.5442       904.0736       906.9631       911.1039
       915.4421       918.5009       920.6958       922.1709       922.9564
       923.7060       924.2519       924.0396       922.8823       920.8124
       918.3422       915.6374       913.6034       912.7401       912.1797
       911.3901       910.6446       910.1056       908.8619       906.7873
       904.6730       903.3434       902.9691       903.7717       905.5148
       907.1803       908.3096       908.5344       908.5198       908.8822
       909.4311       910.6292       911.6285       912.1142       911.5438
       909.5175       906.4321       903.7312       900.2978       895.7115
       891.7507       890.8911       892.6285       894.7493
       902.8408       902.6174       902.4003       902.0760       901.0839
       899.9713       899.4220       899.0635       899.0552       897.7703
       895.0695       892.6912       890.6427       889.1141       888.2006
       887.2422       887.2563       888.1517       889.4085       890.7991
       891.7126       892.3965       892.4700       892.0412       892.9642
       895.3359       896.8594       897.4113       897.8830       898.2822
       897.6898       896.0087       895.5061       897.8248       900.7820
       901.6188       901.4753       902.4889       905.1322       907.4302
       907.6257       906.4540       905.7079       904.2220       901.2919
       899.1816       899.0920       899.0812       897.8526       895.6617
       894.1824       894.0120       895.7697       898.4777       900.6793
       901.7812       902.8006       903.7695       903.5971       904.4080
       906.5405       907.3796       907.2512       907.7475       907.9816
       906.7180       904.4427       901.8284       900.1019       900.0031
       901.3394       903.5402       906.0120       908.8043       912.7576
       916.6675       919.5805       921.9601       923.3260       923.7852
       923.9925       923.6603       923.0499       921.7572       919.7625
       916.8546       913.5469       911.1287       909.9301       909.1735
       907.8319       906.4336       905.1342       903.0182       900.5977
       898.6723       897.6171       897.6136       898.7015       900.2692
       901.6943       902.3187       902.2255       902.2421       902.4995
       903.6376       905.4786       907.6934       909.3896       909.6940
       907.0783       903.3218       900.4127       898.0283       894.9225
       893.0629       893.4695       895.3713       897.5802
       903.7421       903.7794       904.1934       904.0705       902.9472
       901.9158       900.9767       899.9414       899.0995       897.1429
       894.1713       890.8292       887.8906       886.3941       885.4971
       885.0179       885.0409       885.9197       887.3704       888.5643
       889.5649       890.4039       890.6831       890.8389       892.6183
       895.3547       897.3011       898.4366       898.4569       898.6694
       898.4226       896.1938       894.6592       897.0593       900.7295
       902.5267       902.4069       902.6664       904.1132       905.5309
       905.6859       904.5826       904.9390       904.8657       902.1345
       900.0072       899.3986       898.6328       896.7327       893.3920
       890.9553       891.8676       894.4138       897.5062       900.0686
       901.6578       903.9597       905.8450       906.6573       907.4857
       908.9937       908.7919       907.8658       908.0154       907.5168
       906.3604       904.5223       902.5558       901.2065       901.0804
       902.6634       905.1080       907.6519       910.4538       913.7492
       917.5085       920.7266       923.0740       924.3383       924.3003
       923.7714       923.5468       922.4250       921.0340       918.7403
       915.7986       912.4844       909.6774       908.2753       907.2955
       905.4820       902.9068       900.2628       897.3588       894.1547
       892.5461       893.3277       894.8606       896.3200       897.6476
       898.4075       898.7391       898.5854       897.9547       898.2495
       899.9113       902.7912       905.7107       907.7411       907.4435
       904.9474       901.4386       898.1713       895.6200       894.3593
       894.1138       895.1622       897.0893       899.1661
       905.1864       905.3529       905.7313       905.6876       904.4696
       902.8331       901.5979       900.1863       898.4503       896.6039
       893.7720       889.9445       886.5679       884.1754       882.8920
       882.3784       882.9157       883.9488       885.1880       886.7887
       888.3884       889.2974       890.0756       891.1578       893.5073
       895.5782       897.8342       899.1671       899.1600       898.9517
       898.9259       897.5785       896.3970       898.0884       900.6936
       902.1989       902.0983       901.6490       902.2201       903.2960
       904.1481       905.2870       907.6044       909.0120       906.3773
       902.8047       900.5576       898.7351       896.0247       892.3754
       890.4092       891.5709       894.0084       896.3328       897.8179
       900.1931       904.1169       907.5198       909.6161       910.6370
       910.3963       909.5349       907.9918       906.6311       905.9348
       905.0240       903.7343       902.3177       901.4609       901.1354
       902.6642       905.6771       908.7767       911.5284       914.7917
       918.2922       921.4296       923.6780       924.8677       924.5664
       923.7110       922.7852       921.4408       919.4158       916.8615
       913.9113       910.7176       907.8415       906.4379       905.2758
       902.8669       900.1492       897.6569       894.6686       890.7406
       888.8848       890.4082       892.4887       894.6382       896.1479
       896.6917       896.7029       896.2778       896.0212       896.3325
       898.1028       901.3633       904.7952       906.0514       905.4214
       902.9038       899.5451       896.4140       894.6320       894.4191
       894.7075       895.2245       896.5838       898.4808
       907.8002       907.6756       907.5354       906.9749       904.7885
       902.7057       901.1793       899.4801       898.0837       896.5399
       894.1549       890.6248       886.5417       883.7717       882.1165
       881.4982       881.9137       882.9872       884.1611       885.6567
       887.3748       889.0171       890.0961       891.8384       894.1216
       896.7011       898.9152       900.0722       899.7326       899.1948
       899.0538       898.7112       898.4559       899.2401       900.6432
       901.1713       900.6470       900.2001       900.4099       901.5391
       903.9772       907.4321       910.9897       912.5718       910.1420
       905.9795       902.2988       898.9001       895.8777       893.5117
       892.2355       893.2404       895.2387       896.4828       896.1481
       897.9026       902.8455       907.4994       910.3022       910.8864
       910.0795       908.9304       906.9968       905.0602       904.2105
       903.7814       902.5101       901.5247       900.9752       900.7141
       901.8372       904.9574       908.4230       911.7984       915.2333
       918.6764       921.8409       924.2079       925.0925       924.4194
       922.5850       920.8530       919.0707       916.4048       913.7488
       910.7344       907.4565       904.5024       902.8407       901.9053
       900.3485       898.6873       897.2607       895.1653       892.0809
       890.3571       890.7299       891.6155       892.7040       894.5009
       894.8312       894.2630       894.2947       894.8203       895.1456
       896.3529       899.7648       902.7222       903.5259       902.2440
       899.7605       896.4445       893.9442       893.3992       894.0944
       894.0030       893.4468       894.1041       895.3204
       910.0888       909.4168       908.3186       906.7075       904.4813
       902.1381       900.5224       899.6005       898.6318       897.2764
       894.9648       891.3107       887.7069       884.7916       883.1380
       882.5416       882.2457       882.8789       884.0259       885.6900
       887.0888       888.7288       890.4555       892.2234       894.6413
       897.3420       899.5570       900.6583       900.0844       899.6223
       899.5781       899.5059       899.0920       899.4476       900.1550
       899.9611       899.7599       899.3839       899.5480       901.1654
       904.3168       908.6448       911.9658       912.8615       911.0317
       907.3372       902.8827       898.6226       895.8481       894.0604
       893.8629       894.7107       896.0253       896.5426       895.8491
       897.1398       901.6051       906.2361       908.5413       909.4095
       909.0884       907.1777       905.1023       903.7422       903.1104
       902.2117       900.9225       900.4106       900.3260       900.1115
       900.7632       902.7899       906.2430       909.8057       913.4567
       917.1086       921.0276       923.7390       924.1863       922.9880
       920.3262       917.8354       915.2489       912.7584       910.1997
       907.2694       903.9028       901.0095       899.8124       899.6846
       899.0780       898.1506       897.1975       896.1149       895.0507
       894.5874       895.0369       894.9310       894.4617       893.5524
       892.7018       892.1465       892.4388       893.1794       893.9715
       895.4651       897.7357       899.8246       900.0311       898.8613
       896.3405       893.4824       891.7385       892.0894       892.5211
       892.2961       890.9982       890.3889       891.4070
       911.5980       910.2655       908.3002       906.4084       904.1005
       902.0944       901.1852       900.7887       900.1917       898.4925
       895.6141       892.1829       889.0817       886.8091       884.7886
       883.3591       882.8309       883.1211       884.6315       885.8995
       887.1610       888.4858       890.7690       893.3778       895.5470
       897.4219       899.4101       900.1712       900.2571       899.7527
       899.6833       899.4897       898.9748       898.9324       898.8123
       898.8754       899.3300       898.9331       899.3210       901.9963
       905.2700       908.6346       911.3943       911.8248       910.3199
       907.4511       903.1204       898.8370       895.8275       893.8881
       893.7558       894.6833       895.8240       896.9829       897.1893
       898.8938       902.5195       905.7216       907.7162       909.0821
       908.4055       905.8935       903.6460       902.5826       901.6689
       900.4310       899.4584       899.2440       899.1192       898.8391
       898.9966       900.3519       902.8181       906.0795       909.6708
       913.7053       917.9214       921.1415       921.9976       920.5367
       918.2223       914.9014       911.7627       909.3691       907.3010
       904.3141       901.0964       899.0134       898.8024       899.3873
       899.0618       897.4190       895.8571       896.3098       897.8688
       899.1561       899.5224       898.6015       896.5813       893.9599
       891.1773       890.1097       890.6989       892.2478       893.6169
       894.2933       895.3495       896.4420       896.5995       895.4730
       893.6344       891.7202       890.7078       890.5648       890.5283
       889.9938       888.7590       887.7314       887.8712
       912.4506       910.9069       908.5292       906.2749       904.1913
       902.5447       901.9872       902.2286       901.6724       899.4888
       896.4090       893.1992       890.4866       888.2673       886.0773
       884.3453       883.0079       882.7797       884.1674       885.7146
       886.7009       888.0909       890.8786       894.3510       896.1415
       897.3168       898.7114       899.8598       899.9335       899.4603
       898.9857       898.4088       898.2592       898.5630       898.5715
       898.6611       898.7809       898.2289       899.2148       902.6005
       905.9096       908.1508       909.4122       909.1219       908.5563
       906.6891       903.1565       899.3057       896.1531       894.4681
       894.4003       895.5102       897.2858       898.9375       900.0416
       901.1492       903.4606       905.6611       907.6298       909.3914
       908.4279       904.8679       902.7509       901.7123       900.4457
       899.1876       898.2289       897.3117       896.5501       896.0934
       896.0828       897.1273       899.0931       902.2075       906.5272
       911.1981       914.9644       917.6978       918.9906       918.7354
       916.4656       913.6113       910.7401       908.2922       905.6575
       902.5146       899.8569       898.6902       898.9746       899.6731
       899.5710       898.1238       896.4349       897.0612       899.8655
       901.4260       900.7856       898.4108       895.7199       892.4251
       889.5767       888.1372       889.3744       892.3190       893.2136
       892.6752       892.8240       893.1387       892.9147       891.8426
       890.8229       889.8754       889.2710       889.0389       888.6174
       888.1404       887.1633       886.3131       886.4547
       911.8314       910.4290       908.1682       905.5778       903.5242
       902.4119       902.1977       902.5529       902.1557       899.9503
       896.7557       893.4536       890.5479       888.2753       886.7043
       884.6631       882.5159       881.6970       882.3060       884.1216
       885.7427       887.5319       890.5597       893.8286       895.5338
       896.4299       897.5645       898.6302       899.2731       898.6841
       897.3387       896.5479       896.8231       897.8522       898.6638
       898.6884       897.8992       897.4147       898.9380       901.9355
       904.8643       906.2935       906.3540       905.9282       905.5308
       904.4578       902.2557       899.5475       897.6108       896.5978
       896.3149       897.3986       899.2134       900.9954       902.0817
       902.6607       903.2928       904.9236       907.5939       909.2421
       908.2051       904.5843       902.0682       901.2942       899.9518
       898.7723       897.2990       895.3488       893.8272       892.8450
       892.8309       893.7424       895.5890       898.7937       903.9997
       909.4744       913.3372       915.2759       916.5766       917.0850
       916.0181       914.0342       912.1545       909.8221       906.6582
       903.6423       901.3456       900.0797       899.8183       899.9962
       900.6014       901.1058       900.2591       899.5789       899.7490
       899.7979       898.6179       896.9271       893.7723       890.0759
       887.6557       887.3516       889.3441       891.9266       892.0099
       890.5635       890.0677       889.8896       889.2445       888.1763
       887.3378       887.2107       887.3542       887.0123       886.8102
       886.9888       886.3066       885.9057       886.3306
       909.9439       908.9107       906.9919       904.7650       903.0178
       902.1724       902.0541       901.9464       901.1674       899.3519
       896.1525       892.2353       889.1335       887.3286       885.6888
       883.5854       881.3144       880.5991       881.1485       882.2119
       884.1879       887.0117       890.1073       892.7517       894.5209
       895.8462       896.7627       897.2689       897.8517       897.3378
       895.7344       894.7306       895.4814       896.6889       897.3364
       897.5101       897.0942       897.1555       898.4048       900.9229
       903.1193       904.1812       904.1054       904.1642       904.2095
       903.0638       901.4451       900.2043       899.0668       898.1895
       897.8882       897.8703       899.2007       900.8840       901.9824
       902.3240       902.1331       903.3970       905.9208       908.1088
       907.4954       904.8552       903.2300       902.9972       901.8670
       900.0248       897.7503       895.1884       893.0355       891.3619
       890.9164       891.4644       892.8285       896.0488       901.4337
       907.9006       912.4197       914.7844       915.9465       916.2207
       915.9509       915.2725       914.3853       912.7118       910.1179
       907.5998       905.4915       903.6152       902.0845       901.1284
       901.7628       903.5920       903.9709       901.4042       899.1655
       897.3778       896.7598       896.6076       894.4315       890.5694
       888.1143       888.7492       890.5359       891.0742       889.4573
       887.2342       886.4658       886.4803       886.3521       885.1521
       883.8970       883.8389       884.4902       884.4122       884.5355
       885.3370       885.8466       885.5765       885.9390
       909.7896       908.8682       907.3788       905.2582       903.3465
       902.4617       901.8019       901.0267       900.1301       898.0281
       894.9116       891.2617       888.2429       886.1489       884.3896
       881.9883       880.1193       879.7876       880.6016       882.0012
       884.2540       887.1434       890.0490       892.1044       893.8853
       895.8240       896.4231       896.6252       897.3609       897.3405
       896.0748       894.9326       894.7546       895.4774       896.2681
       896.6240       896.9451       897.7916       899.3998       900.9850
       902.7341       903.6248       904.3092       904.7736       904.3513
       903.4475       902.3046       901.3341       900.1157       899.2106
       898.1581       897.5609       897.5178       898.7198       900.3097
       900.5555       900.3555       900.6738       902.9529       906.0372
       907.8400       907.5938       907.6967       907.9785       906.6827
       903.2763       899.1803       895.9995       893.8406       892.5616
       891.4465       890.5639       891.0592       894.3488       899.9728
       906.1381       911.5406       915.2540       916.5712       916.0276
       915.4531       915.5195       915.4482       914.0951       912.1362
       910.8679       909.4839       906.9492       904.5419       902.8030
       902.9685       904.7206       904.4883       901.8505       899.0794
       897.3980       896.9203       897.1109       895.6151       892.4888
       890.3257       890.8123       891.8180       889.9225       886.7417
       884.5799       884.0991       885.1273       885.7847       884.5784
       882.3403       881.5289       881.9376       882.7062       883.3959
       884.7009       885.2838       885.3429       885.6574
       912.2282       911.3781       909.6335       907.0434       904.6191
       902.7482       901.0950       899.8002       898.8568       897.1188
       894.2628       891.5548       888.6514       886.2168       883.4968
       880.4240       878.4012       878.7509       880.6398       882.7814
       885.3405       887.6633       889.6842       891.4423       893.2314
       895.4210       896.8458       897.8138       898.9340       898.9670
       897.7748       895.8331       894.7679       895.3746       896.3448
       896.5618       896.8575       898.3597       900.0827       901.6558
       903.0304       904.1744       904.8712       904.9978       905.2609
       905.5073       905.0767       903.4221       902.1888       901.0126
       899.5490       897.7170       896.6992       897.1136       898.2844
       898.6160       898.3065       898.7568       900.5535       903.8526
       907.4260       910.5508       913.0001       913.3683       910.8221
       905.5859       899.3583       895.3237       894.2643       893.8357
       892.9720       891.9604       891.9025       894.2881       899.0352
       904.1375       909.4554       914.0372       915.6281       914.8214
       914.0248       914.1960       914.5649       913.4789       911.6310
       910.5457       909.1347       906.9888       905.2354       904.1599
       904.0066       904.3015       902.7450       899.8611       897.9976
       897.4510       897.2128       896.0846       894.0613       891.8030
       890.6236       891.0873       891.3734       888.9285       886.0984
       885.4670       886.1733       887.8608       889.1163       887.8041
       884.4731       881.9231       881.8571       882.8173       884.5108
       886.1117       885.9553       885.6221       885.5118
       913.2508       912.4212       911.0695       908.0875       904.4909
       901.1593       898.5078       897.2200       896.9613       896.1553
       894.5499       892.1952       889.7006       886.7723       882.8740
       878.6486       876.4279       877.7784       880.6895       883.3435
       885.3683       887.1273       888.7981       890.7283       893.1785
       895.7584       897.9355       899.5358       900.4367       900.4528
       899.0764       896.7824       895.6874       895.9698       896.2017
       895.9556       896.0370       897.5118       899.4443       901.0136
       902.6763       903.9449       904.8240       904.7843       905.2421
       907.4097       907.8747       906.5780       905.0633       903.5607
       901.6581       899.2281       897.4036       897.6393       898.0167
       897.6795       897.6047       898.1277       898.7480       900.9146
       905.1038       910.6948       914.9407       915.4136       911.6801
       904.7975       897.2432       893.0356       893.1758       894.4167
       894.7614       894.4763       894.5052       895.7111       899.0404
       902.6600       906.5345       910.3669       912.2372       912.0806
       911.5711       912.0754       912.9138       912.6074       911.4470
       910.2387       908.3054       907.0578       906.3018       904.9810
       903.4411       901.7916       899.2676       896.5532       894.3287
       893.9532       893.8896       892.7395       890.7772       889.6147
       889.7986       890.6469       890.5820       888.9254       887.7325
       888.3485       890.2514       892.6313       893.9345       892.5139
       888.1887       884.6252       883.8041       884.7443       886.5876
       887.8785       887.6560       886.4609       885.8893
       910.8920       910.3232       909.7220       906.6786       901.8212
       897.3907       894.6776       893.9890       894.7823       895.2747
       894.3119       892.6334       890.6266       887.1664       882.3917
       877.6723       875.9787       877.8990       881.4274       884.3561
       886.1463       887.7184       889.1632       890.7701       893.8622
       896.9515       898.6436       899.5730       900.8517       900.9901
       899.6591       897.5944       896.1653       895.9601       895.7776
       894.9786       894.9410       896.2620       897.9881       900.0386
       902.4376       904.1211       904.0713       903.4638       903.9611
       906.4286       908.6900       908.4838       906.9834       904.8976
       902.8403       900.1580       897.6776       897.8126       899.2365
       899.4229       899.4509       899.2925       898.8314       899.0104
       902.1572       908.5173       913.9911       914.7789       910.1848
       902.9114       895.2025       890.7792       891.8085       894.4298
       895.6888       895.9015       895.8602       897.3312       899.7134
       902.6346       905.2063       907.1497       908.1604       908.4036
       908.8937       910.0281       911.9777       912.4536       911.6376
       911.1720       910.3990       909.8868       908.7324       905.5397
       901.7681       898.3811       895.5837       892.3337       888.8419
       887.0197       886.5652       886.5004       886.5711       887.0605
       888.8226       890.2960       890.2188       889.4127       889.1212
       890.5591       893.4930       896.2805       897.3375       895.9000
       892.0590       888.4940       886.9215       887.4495       889.0745
       890.0622       889.8308       888.7466       887.9469
       907.1113       907.4072       906.9449       904.4006       899.5770
       894.7159       892.0220       892.4036       893.5935       894.1866
       893.8030       892.3316       890.3912       887.3283       882.7747
       878.5812       877.1040       879.6898       883.9172       887.6329
       890.3331       891.8341       892.0366       893.5493       896.3527
       898.8076       899.5151       900.0711       900.7077       901.0659
       899.8926       897.8963       896.6268       896.3904       896.3944
       895.7167       895.5042       896.6140       898.2007       900.5204
       903.0598       904.1436       903.2148       901.7670       901.9445
       904.2500       907.0391       907.6425       906.4245       904.5737
       902.1720       899.4712       896.9761       898.0355       900.6272
       902.0558       902.5177       902.1340       900.5676       899.1093
       900.7354       906.2014       912.1465       913.1866       908.9737
       902.0036       894.7550       890.4634       890.6569       892.8311
       895.0421       895.8951       895.9206       897.4182       900.3326
       903.2731       905.5956       906.3528       905.6817       905.2322
       906.2727       908.9781       911.4352       912.3403       912.0350
       912.2014       912.7245       912.0463       910.1712       907.0974
       902.5962       897.6210       892.9417       888.2900       884.2470
       881.2348       880.1567       880.8544       882.0226       883.9316
       887.3328       889.5679       890.1641       890.3258       891.1048
       893.2666       896.2728       898.3397       899.3761       898.4184
       895.7283       892.5338       890.6373       890.9448       892.0082
       892.5082       892.5588       892.1870       891.4556
       903.4692       904.7119       905.8182       904.4219       900.2369
       895.3398       893.0384       893.4597       894.2325       894.3333
       893.1608       891.4060       889.5782       887.2718       884.0532
       880.7927       879.8014       882.4041       887.2025       892.1695
       896.0739       897.7247       898.1926       898.5508       899.7595
       901.0886       901.5367       901.2589       901.2448       901.3725
       900.6299       899.1492       898.2631       898.2090       898.3519
       898.1447       897.7918       898.5870       900.1929       902.2726
       904.0523       905.0578       903.4501       900.6715       900.0472
       902.2194       905.1982       906.6745       905.1061       902.2935
       900.2744       898.3095       897.1982       898.5492       901.5513
       903.3247       904.4189       904.1327       901.7584       899.8104
       900.8535       905.2354       909.7902       911.0158       907.9583
       902.1791       896.1420       892.0360       890.6630       891.6215
       893.7356       895.0754       895.1069       896.7246       900.1740
       903.4146       905.7432       906.3694       905.2021       904.0254
       904.8813       907.6437       910.4753       912.1412       912.7159
       913.3751       913.5478       911.6252       909.7207       909.0180
       905.2340       899.0410       892.7127       886.9526       882.3074
       879.6376       878.9946       879.2720       880.8339       883.5538
       886.5248       889.8542       891.4277       892.4094       894.5458
       896.8937       898.4783       899.4745       900.0538       899.8268
       897.9447       895.6210       893.9819       893.7873       894.2267
       894.3473       894.6028       894.5790       894.5935
       902.1234       904.3277       906.6464       906.5811       903.3277
       898.6870       895.8636       895.5535       895.9580       894.8953
       892.8790       890.8284       888.9306       887.4559       885.3575
       883.2446       882.8875       885.6476       890.8239       896.6011
       900.9462       902.7837       903.5839       903.0139       902.3306
       902.5178       902.2009       901.7556       901.9215       901.9382
       901.6628       900.8597       900.5393       900.7315       900.3751
       899.8468       899.5092       899.7868       901.2175       902.0986
       903.2225       904.1945       903.1966       900.4127       899.2466
       901.8411       905.5939       906.1965       903.1860       899.8979
       898.3455       898.0587       898.0668       899.2010       900.9599
       902.6329       903.7605       903.6938       901.8711       899.9240
       900.7765       904.0535       906.9931       908.4045       907.1280
       903.4290       898.5465       894.5352       892.6426       892.3462
       893.1760       893.6995       893.6154       895.3211       899.6444
       903.5980       905.8456       906.4282       905.3148       904.4524
       904.8347       906.2057       908.9083       911.4182       913.0603
       913.9833       913.3667       910.7813       908.5919       907.5831
       906.1934       901.0319       894.5007       888.1437       883.4949
       881.6741       881.3260       881.9147       883.9611       886.1526
       888.6431       891.7467       894.0701       895.3191       896.9200
       898.8038       899.8464       900.4993       900.9827       900.9247
       899.7003       898.0467       896.5678       895.7249       895.4770
       895.7349       896.3516       896.7736       897.2236
       903.1498       905.5687       908.1207       908.9031       906.7487
       902.0688       897.8898       896.3470       895.8706       894.8255
       893.3372       890.8796       888.8139       887.5219       886.1924
       884.9774       885.5705       888.8579       894.8601       900.8790
       904.7899       906.3428       906.4801       906.2377       905.0374
       903.7095       902.1013       901.4661       902.1421       902.8272
       902.9091       902.4418       902.5781       902.6503       901.5781
       900.3674       899.4012       898.7458       898.4475       898.4395
       899.1664       899.9764       899.6530       898.8278       899.0412
       901.3478       904.2090       903.2423       899.6733       896.8591
       896.3867       897.6895       898.8515       899.5120       899.9219
       900.6731       901.4979       901.4547       900.2442       898.8766
       899.7122       901.9431       904.3066       906.2422       906.9799
       904.8748       900.9742       898.0024       896.1986       894.9841
       893.8245       893.1000       892.4797       894.1278       898.9025
       903.2852       905.7454       906.1835       905.6066       904.9233
       904.1228       903.7937       905.8495       909.4873       912.6212
       914.3783       913.7126       911.5186       908.8788       907.5446
       906.7831       904.6301       899.4277       893.0209       888.3094
       886.4432       885.8232       886.4399       888.5416       890.5960
       892.5922       895.1127       897.0753       897.6945       898.7285
       899.9666       900.6199       901.2482       902.7490       903.3928
       902.1667       901.0860       899.6343       898.1136       897.3232
       897.5049       898.3929       899.3754       900.0912
       904.3459       906.5135       908.8077       910.1852       908.7171
       904.3401       899.6061       897.0447       896.0978       895.4834
       894.0878       891.5782       889.0830       887.8227       887.1575
       886.7598       887.9071       891.7319       898.0693       904.6199
       908.1826       908.8871       909.0097       909.2631       908.6147
       906.6002       904.1786       902.7260       903.3020       904.5067
       904.2462       903.8437       903.4988       902.4835       901.1219
       899.2181       896.6883       894.3149       893.1862       893.6516
       894.5036       894.9875       894.5278       894.2827       895.8127
       897.9815       899.1006       898.8670       896.3992       894.1931
       894.5563       896.7399       898.7065       898.9655       898.8542
       898.5511       898.6422       898.5047       897.5571       897.1129
       897.9752       900.4275       902.8262       904.8275       906.2385
       905.3255       903.2151       901.6863       900.0741       897.4276
       895.3547       893.7112       892.6136       894.0519       898.3897
       902.1851       904.6130       905.7417       904.6437       902.7617
       900.8376       899.7612       901.6943       906.1402       911.1053
       913.7285       914.0831       912.7257       910.7004       910.2626
       910.3077       909.1144       906.0867       901.3510       896.9470
       893.7953       892.2382       892.2366       893.5764       895.6356
       897.2628       899.0981       900.1794       900.4226       901.0714
       901.4733       901.2798       902.0319       903.6938       904.4219
       904.1562       903.1241       901.8547       900.5923       900.3275
       900.3091       900.3916       900.8277       901.7172
       904.6204       906.3464       908.3704       909.5820       908.4728
       905.6735       902.1370       899.3607       898.1254       897.9364
       896.9000       893.7710       890.7379       889.3934       889.5709
       890.2813       891.5242       894.2863       900.0435       906.5266
       910.0434       910.8301       911.0745       911.3110       910.7082
       909.0221       906.6824       904.4033       904.1202       904.8011
       904.6152       903.2563       901.9024       900.4893       898.7209
       896.2888       893.2741       891.2153       890.5203       891.0673
       891.8227       891.8552       890.9635       890.6603       891.9694
       893.4595       895.0202       896.0662       895.2097       893.7313
       893.5626       895.6135       897.6787       898.0312       897.5282
       896.4018       895.3042       894.9908       894.9086       895.4308
       897.4055       900.1492       902.3726       903.6174       904.4276
       905.0198       904.8328       903.7843       901.1932       897.9254
       895.8767       893.5472       892.0826       893.9022       897.4647
       900.4365       902.6047       902.8862       900.6878       899.3146
       897.5419       896.6819       898.9189       903.3987       907.7439
       910.8423       911.7770       911.3086       911.4227       912.5191
       912.6740       911.8286       910.8445       908.2644       904.6028
       901.4186       899.1177       898.8304       899.7405       900.9919
       902.3117       903.2837       903.5637       903.4847       903.4316
       903.1862       902.3441       903.0222       904.6306       905.1145
       904.9081       903.9232       902.2896       902.1793       902.6332
       902.4259       901.5812       901.2395       901.6366
       904.3958       906.1517       908.2012       908.7352       907.9913
       906.7267       904.8333       902.3146       900.9447       901.0259
       900.6714       897.7742       893.9730       891.8522       891.9495
       894.2290       895.5548       896.7091       900.8870       905.9941
       908.9586       910.3393       910.5726       909.5925       908.4365
       906.9945       905.0732       903.0876       901.6131       901.4479
       900.6209       898.5800       897.2876       896.6835       895.3534
       893.0817       891.5031       890.9750       891.6587       891.8893
       891.5687       891.2659       890.6362       890.1284       890.9282
       891.6610       892.9135       894.3381       894.3640       893.2091
       892.8445       893.8061       895.2965       896.4128       896.0377
       894.6546       892.8624       892.3574       893.0346       894.7807
       897.9772       900.9673       902.4417       902.6833       903.1620
       904.4827       904.9088       903.3259       900.3154       897.2274
       894.4819       891.4792       889.2787       891.3638       894.6182
       896.5037       897.1713       896.8756       897.4583       897.4528
       896.3742       896.1713       898.5352       902.1285       904.9382
       907.2910       908.7905       909.3849       910.5399       911.7625
       912.3074       912.2771       912.7239       911.8639       909.6090
       907.1506       905.6259       905.3352       906.2255       906.8079
       907.1855       907.1653       906.6089       905.6030       904.7395
       903.8480       903.3049       904.2535       905.8893       905.9835
       905.2743       903.6675       902.4700       902.4498       902.7115
       902.4835       901.2719       900.5947       900.7776
       906.0809       907.9427       909.4857       909.5499       908.6316
       908.3304       907.5285       905.0734       903.2153       903.2012
       902.4609       899.7757       896.3469       893.5540       893.3386
       894.9774       895.8542       896.4828       898.9930       902.2517
       904.8015       906.3248       905.8459       903.9346       901.9805
       900.7681       899.8021       898.3715       896.6570       895.4643
       893.7035       891.8055       891.5383       892.1066       891.3606
       889.7695       889.4292       890.4772       891.9319       892.5627
       891.9274       891.5963       890.9736       890.8785       891.0993
       891.6145       892.1632       892.8818       893.2678       893.0212
       892.6061       892.3654       893.0695       894.1993       894.6834
       893.4037       892.0610       892.1640       892.9119       894.8129
       898.4493       901.4755       902.8556       903.2204       903.4192
       903.6011       903.0070       901.6840       899.3922       896.3674
       892.6449       888.8437       886.4647       887.3896       890.8495
       892.3353       891.8594       893.1096       895.4128       896.5085
       896.0566       896.1761       898.7403       901.5942       903.7743
       905.9047       908.6717       910.8534       910.8509       910.6336
       911.0548       912.6475       914.7084       914.9926       913.3405
       911.7919       910.6320       910.5480       911.4132       912.0211
       911.9903       911.0234       909.2764       907.2784       905.3458
       904.5980       904.7740       905.2859       906.2438       906.2384
       904.8812       903.5402       902.5392       901.9781       901.4482
       900.6990       899.5529       898.5676       898.3315
       908.5205       909.2977       910.1302       910.3549       909.9985
       909.6713       909.0910       907.2495       904.8452       903.3479
       901.5282       898.6875       896.0218       894.3323       894.0089
       894.4250       893.9406       893.3941       894.8152       897.2098
       899.2104       900.5318       900.1257       897.9314       895.9875
       894.9084       895.4005       895.0092       893.0124       891.0052
       889.3588       887.9744       887.9113       888.6328       888.0097
       886.6572       886.5327       888.6874       891.1970       892.2813
       892.1940       891.4432       891.5850       891.9448       892.3898
       892.1346       891.9432       892.2700       892.9655       893.5059
       893.3723       892.6716       892.6556       893.5201       893.5418
       892.2142       891.7688       892.5693       893.3198       894.7264
       897.1255       900.2820       902.5899       903.5504       903.0906
       901.5958       900.0886       898.5855       897.1086       894.3508
       890.3311       886.6783       885.0528       885.6508       888.1802
       890.2171       890.8916       892.3242       894.3279       895.1566
       895.0292       896.2972       899.5182       902.3215       904.9692
       907.6358       910.5878       912.8730       912.2709       911.1719
       911.5018       913.9233       917.5281       918.4353       916.5919
       915.0168       913.9689       913.9250       914.8486       915.8128
       916.0462       914.7688       912.3643       909.8839       907.6714
       906.9509       906.8383       906.6921       906.3317       905.7654
       905.0966       904.1282       903.0982       901.5807       899.9168
       898.3721       897.0703       895.8264       895.4872
       908.8928       908.5218       908.0419       908.4813       908.9510
       908.9041       908.6511       907.8344       905.3370       902.4207
       899.3700       896.3091       894.7061       894.6183       894.5359
       894.4509       893.4044       891.8378       891.8121       893.3577
       894.9449       896.3409       896.3240       894.9151       892.8108
       891.9312       892.4741       892.6492       891.2271       889.5209
       887.8419       886.5759       886.2866       886.1466       885.2163
       884.1990       885.0024       887.8216       890.8167       892.5107
       893.0351       892.6492       892.6500       893.4959       893.7544
       893.2067       892.1456       892.7448       893.6428       893.6219
       892.6566       892.1863       892.4272       892.8104       892.0378
       891.0070       891.1725       891.7731       891.7557       892.3763
       894.5787       897.8749       901.0025       902.2576       901.3979
       899.3015       897.0088       895.1938       893.6436       891.2289
       888.0387       885.4860       884.8658       886.2881       888.1997
       889.9524       890.8975       891.6862       893.0816       894.1627
       895.4043       898.0820       901.8487       905.6282       908.3685
       910.6296       912.7125       913.5663       912.8756       911.8723
       912.7047       915.7657       919.0245       919.8338       918.4949
       916.9983       916.2401       916.3078       916.9868       918.1461
       918.8128       917.8386       915.7476       913.5193       911.5011
       910.3940       910.0587       909.1359       907.3542       905.9334
       905.5915       905.5184       903.6420       901.0252       898.6861
       896.8782       895.2841       894.3473       893.7268
       907.9372       906.9304       905.0267       904.6774       906.0765
       906.9704       907.2052       906.8019       905.3326       902.0321
       898.5410       895.8284       894.9198       894.7236       895.1118
       895.1920       894.2710       892.6318       891.6934       891.9982
       893.3131       894.5681       895.2142       894.0942       891.6262
       889.4307       889.3172       889.1583       888.3813       887.2727
       886.7484       886.3888       885.5434       884.3048       883.0616
       882.5993       884.6232       888.1745       891.0861       893.1755
       893.7903       893.5133       893.5984       894.3183       894.5947
       894.1591       893.9136       894.3169       894.6809       893.0396
       891.4009       890.6909       890.9197       890.9384       890.3751
       890.0077       890.0328       889.7910       888.9506       888.8419
       890.7718       894.2250       898.0408       899.6259       898.8715
       897.6499       895.8882       893.5179       890.9940       888.3173
       886.3234       885.4855       886.1369       888.1579       890.1192
       890.9319       890.8831       890.6229       892.0947       895.1725
       899.1161       902.8514       905.8220       909.5519       912.6115
       913.8887       914.2727       914.2568       913.0542       912.1650
       913.8855       916.8398       919.1088       919.6512       919.1108
       918.2902       917.2743       917.1819       917.9391       919.1002
       920.5258       920.7625       919.4004       917.7630       916.7090
       915.8884       915.1874       913.5532       910.1687       907.0412
       906.4555       906.0784       903.7188       900.5086       898.2409
       896.6340       895.0777       893.8855       893.2651
       906.3503       905.2804       903.4289       903.0889       904.1227
       905.6883       906.2252       905.8975       905.1608       902.9507
       899.9858       897.7919       896.5185       896.0891       896.1523
       896.2369       895.3400       894.1531       893.2665       892.8834
       893.0498       894.4692       895.4317       894.4824       891.0189
       887.7823       886.4921       886.7591       886.3879       886.0776
       886.6526       886.8408       885.5636       884.1183       882.3097
       881.9725       884.7504       888.6268       891.2873       892.8170
       893.4416       893.5718       894.2336       894.9370       895.2540
       895.5620       895.5972       895.7767       895.1390       892.9548
       890.6187       889.7961       889.7067       889.7064       889.5786
       889.0737       888.4371       887.3928       885.7446       884.4540
       885.6480       888.6774       892.5258       894.6763       895.2896
       896.0269       894.9457       892.1165       888.8597       886.1912
       885.1053       886.2312       888.1011       890.1558       891.8332
       891.9666       890.9589       891.1990       894.0900       898.9554
       905.0557       909.0295       911.3713       914.5475       916.4636
       916.5788       915.9703       915.1628       913.8784       913.6007
       915.1247       917.2319       918.4340       918.8442       918.7369
       917.9041       916.9830       916.7609       917.3310       918.8090
       920.9569       922.7170       923.3152       923.4066       923.8207
       923.4345       922.1500       919.0159       913.9299       909.5585
       907.3239       905.8925       903.6148       900.6906       898.6750
       896.9731       895.5828       894.3958       893.3895
       904.1981       903.3000       902.3895       902.1295       903.0724
       904.6627       905.2076       905.0710       904.8550       903.7680
       901.7513       899.9539       898.6559       898.0698       897.7316
       897.0411       896.0388       895.2037       894.9276       894.1741
       893.8333       894.9358       896.2781       895.4465       891.9192
       887.6255       885.5817       885.8026       886.4039       886.6694
       888.0026       888.1094       886.5026       884.5900       882.2758
       881.8270       885.1603       889.0497       891.1019       892.0059
       892.8264       893.6196       894.7128       895.4305       895.9980
       895.6463       895.2634       895.2575       894.4051       892.5836
       890.3868       889.5004       889.7817       889.7606       889.0931
       888.2426       886.7747       884.9286       882.4106       880.6306
       880.9857       883.6581       886.4393       888.6545       891.3577
       893.5108       892.9140       890.0410       887.0863       884.8667
       884.6542       886.9052       888.9464       890.8254       892.9005
       893.2522       892.7875       894.3220       898.5479       904.0240
       908.9867       913.1158       916.7034       918.8311       919.2177
       918.4328       916.9938       915.4778       914.7225       915.0464
       916.2499       917.3409       917.7670       917.8596       917.1688
       915.9462       915.4504       915.6086       915.8964       917.3821
       920.1342       923.0181       925.6165       927.8270       929.5084
       930.0151       927.7480       923.0038       917.0358       912.2561
       908.9080       905.8845       902.9849       900.7865       898.8632
       897.5015       896.5486       895.3447       893.9899
       902.4741       901.2303       900.2842       900.5571       901.6670
       903.3992       904.3298       904.4849       904.8076       904.8713
       903.3045       901.4431       900.3099       899.8326       899.2859
       898.1346       896.8836       895.9019       895.4376       895.3007
       895.2760       896.4301       897.6290       897.0347       893.6555
       889.0135       886.3936       886.0406       886.5073       887.6316
       889.1144       889.7085       888.1381       885.5771       882.7078
       881.3373       883.8813       888.1357       890.3499       891.3285
       892.2660       893.2174       894.1768       895.3188       895.1949
       894.2681       893.2706       892.8456       893.0293       891.8173
       890.4526       890.1022       890.8295       890.6204       889.0870
       887.7090       886.2540       884.2629       882.9106       881.3777
       881.3300       883.0144       883.9536       885.4260       888.4777
       890.8804       890.6956       888.4547       886.0098       884.8596
       885.5385       887.6618       889.1619       891.1641       894.7599
       897.4918       898.6520       900.9073       904.6209       908.3745
       911.4897       914.9039       918.3750       920.0350       919.3412
       918.2429       916.9165       915.2869       914.7589       915.6851
       917.1456       917.8756       917.9012       917.0086       916.0217
       914.9868       914.2662       914.3926       914.4094       915.9788
       919.4663       922.9644       925.8748       928.5588       930.7837
       930.9951       928.5679       923.7437       918.1184       913.3108
       909.3793       905.4088       902.1420       899.7572       898.3290
       897.5967       896.9427       895.8891       894.4557
       902.0252       900.2798       899.3238       900.1111       901.4888
       903.1887       904.5208       904.6254       905.6378       906.2849
       904.9248       903.1577       902.1635       901.6046       900.8447
       899.7261       898.1390       896.7046       896.6723       897.1657
       898.2338       898.9101       899.2896       898.6747       895.5774
       891.7908       889.0779       887.5985       887.3647       888.0089
       888.9744       889.6308       889.0770       887.5583       885.3372
       883.2291       884.0758       886.9425       888.9207       890.5377
       891.5954       891.8130       892.4468       892.8521       892.5110
       891.7520       890.7794       890.9077       891.7219       891.7230
       891.1088       891.1743       892.0096       892.0929       890.3573
       889.0685       887.9464       887.0142       886.8534       887.2199
       887.9245       888.2997       887.2286       886.4456       887.4640
       888.7472       888.4009       886.7645       885.5751       885.5261
       887.2009       889.1274       890.8847       893.7371       899.2206
       904.3423       907.0673       908.9692       911.3014       913.1307
       914.2065       916.4288       918.9583       919.2512       918.1236
       917.5163       916.7823       915.3993       915.2147       916.1716
       917.4738       917.9799       917.4568       916.1727       915.1583
       914.9968       914.5925       913.7250       913.7291       915.6661
       918.9984       921.9418       924.5554       926.1354       927.2527
       927.1335       924.7998       921.2551       917.0701       912.8148
       908.1812       903.9506       900.8132       898.4316       897.3973
       896.9246       896.3705       895.6255       894.8104
       902.5283       901.0488       900.3356       901.4592       902.9175
       904.0569       905.1334       905.6063       906.6266       907.3032
       906.2353       905.1423       904.6440       903.8548       902.6567
       900.9813       899.4246       898.8957       899.3041       900.5927
       901.7036       901.9969       901.5477       900.6852       898.5229
       895.8721       893.1810       890.1080       887.9766       887.0975
       887.3947       888.4639       889.8768       890.2925       890.1213
       889.1531       888.4099       889.0102       889.6797       890.8517
       891.5433       890.9309       889.9643       889.5425       889.2948
       889.0022       889.1926       890.0944       891.3632       892.0938
       891.7706       891.8287       892.8659       892.8132       891.5975
       890.7332       890.6813       890.4471       890.9011       892.6801
       894.3983       894.2897       892.4818       890.0250       888.2984
       887.4531       886.5928       885.6638       885.2032       886.3342
       888.7587       891.3072       894.3271       898.8569       905.3156
       911.1289       913.6378       914.7104       916.3853       917.5745
       917.8865       919.0699       920.5403       920.0760       918.6555
       917.5580       916.6292       915.4930       915.2359       916.0886
       916.5472       916.7250       916.1177       914.7438       913.5195
       913.2549       913.5491       913.5763       913.3547       914.7075
       917.0321       919.1453       920.8427       921.8779       921.9662
       921.4938       919.9841       917.5239       914.7067       910.9920
       906.5777       902.7476       899.9314       898.0182       896.8829
       896.0580       895.7578       895.8159       895.9251
       902.2416       901.6498       901.5670       902.6824       904.1153
       904.9979       905.4860       905.8507       907.3006       908.5125
       907.5919       906.4796       905.8159       905.0261       903.1848
       901.1672       900.3928       900.7841       901.9020       903.4916
       904.6131       904.7343       903.8544       903.0087       901.7695
       899.8273       897.0884       892.7777       888.2858       885.3948
       885.5408       888.1245       891.2386       893.4104       893.9868
       893.7626       893.4436       893.0571       892.7390       892.9188
       892.5644       890.9957       889.2604       887.8170       887.0982
       887.3266       888.3537       889.8906       891.0574       891.4575
       891.3870       891.5534       892.1140       892.0347       891.2277
       891.0095       891.3043       891.5634       892.2516       894.4714
       896.0190       895.9960       894.4225       891.9007       889.4413
       887.3284       886.2607       885.3470       885.4639       887.4399
       890.4745       894.1905       898.8875       904.5875       910.5018
       915.3385       918.3386       919.6841       920.6721       921.4305
       921.4631       921.1836       921.1905       920.7180       919.1477
       917.4021       916.1426       915.4003       915.5197       915.7664
       915.2965       915.4147       915.5186       914.0853       912.2417
       911.3469       911.9152       912.3311       912.6977       913.0649
       914.1982       915.6894       917.0610       917.9435       917.8893
       916.9319       915.7057       913.8681       911.6277       908.1820
       904.1951       901.3955       899.5488       898.2953       897.2340
       896.1794       895.7786       896.6625       897.4624
       900.2483       900.8625       901.6425       902.7045       904.1215
       904.8097       904.5468       904.8295       906.9002       909.0525
       908.3262       906.2393       905.2487       904.1846       902.1257
       900.4602       900.6049       901.5252       903.4126       905.1083
       906.3401       906.4319       905.5400       904.4249       903.3510
       901.5472       898.6263       894.5849       888.9832       884.7653
       885.0865       888.8540       893.0056       895.5099       896.2123
       896.7481       897.1656       896.3701       894.9510       893.9928
       892.5861       891.0837       889.1895       887.1779       885.6096
       885.7091       887.2302       888.6667       889.7327       890.0597
       890.2242       890.2515       890.2399       890.3922       890.3698
       890.1987       890.3382       890.5452       891.9967       894.0410
       895.1187       894.8171       893.3566       891.3458       889.0065
       886.9771       885.6866       885.5247       886.4896       888.8608
       892.6774       897.5720       903.3066       908.7208       913.5807
       918.0184       921.8893       924.6402       925.2291       924.8804
       923.5258       921.7449       920.5338       919.6520       918.4817
       917.2635       916.5892       916.3242       916.5391       916.4432
       915.1909       914.8503       915.6736       914.7827       912.2604
       910.7960       910.7968       911.6230       911.9623       911.9352
       912.0743       913.2911       914.7671       915.5709       915.2690
       914.0171       912.1187       910.5433       908.4822       905.1505
       901.4794       898.8947       897.9498       897.8835       897.6234
       896.6895       896.4297       896.9916       897.5217
       898.6342       899.9280       901.0710       901.9352       902.9478
       903.4211       903.1159       903.9622       906.3223       908.5220
       907.8361       905.4662       904.2741       903.4102       901.9331
       900.7488       900.6957       901.9609       903.9578       905.5741
       906.4319       906.5567       905.6534       904.6852       903.5470
       901.1559       898.0021       894.5606       889.5745       885.9152
       887.0203       890.7642       894.4216       896.8024       898.0953
       899.1888       899.6046       898.0138       895.6530       893.0972
       891.6118       890.2147       888.5316       886.5121       884.9159
       884.9067       886.2057       887.5081       888.8045       889.5395
       889.7956       889.3184       888.4971       888.3409       889.1121
       889.4937       889.5952       890.3462       892.0883       893.6586
       893.7636       892.9918       891.6830       889.5608       887.8298
       886.4429       885.5592       886.0567       888.1461       891.3912
       895.8793       901.1821       906.4406       911.2527       915.2866
       919.6786       924.0391       927.1819       928.0720       927.0984
       924.8578       922.1700       920.3807       919.4272       918.5556
       918.1028       918.0945       917.9083       917.7085       917.0411
       915.5217       914.8543       915.2919       914.8905       912.6415
       910.6486       910.2404       910.5927       910.8744       911.0004
       911.3105       912.5892       913.8281       914.1652       913.6586
       911.8476       909.7711       907.8218       905.8667       903.4610
       900.3193       897.7909       896.5676       896.5824       896.7709
       897.0200       896.7482       896.5115       896.3350
       899.2665       900.3062       901.0709       901.1335       901.9526
       903.3442       903.8260       904.2517       906.4080       908.7605
       908.1021       905.1688       903.7502       903.9176       903.0402
       901.5660       901.0311       901.9390       903.5908       904.5917
       905.0007       904.6512       903.9617       903.4753       902.4177
       900.2886       897.8129       895.1852       891.7652       888.7963
       890.1624       893.3663       895.8549       898.0437       899.7608
       900.6270       900.6178       899.2199       896.3141       893.1757
       890.9399       889.2550       887.6345       886.5296       885.9711
       885.8763       886.7489       888.1957       889.2271       890.3544
       890.2452       888.7899       887.0297       886.9028       888.0821
       889.0158       889.4149       890.6921       892.3250       893.1389
       892.5721       891.7915       890.0971       888.2979       887.6465
       887.3295       886.9632       887.6637       890.3422       894.9219
       899.9313       904.6770       909.0835       913.2791       917.2302
       920.8140       925.1105       928.0657       928.8857       928.1426
       925.6135       922.6264       920.6655       919.7913       919.2268
       919.1534       919.6968       919.3811       918.5505       917.5336
       915.8199       914.5296       914.4903       914.2225       912.5140
       910.5850       909.6148       909.3422       909.3294       909.9767
       911.5634       913.2217       913.9416       913.6970       912.6619
       910.8491       908.6323       906.9766       905.3290       903.5868
       901.0753       898.3506       896.8312       896.1929       896.5258
       896.7036       896.0730       895.3951       895.5837
       901.0286       901.6135       901.6440       900.9174       902.0364
       904.2813       904.9289       904.8586       906.5682       908.7009
       907.6550       904.7003       903.4985       904.2386       903.8983
       902.3979       901.4159       901.5968       902.3561       902.7744
       902.8511       902.1591       901.3118       900.7208       899.5651
       898.9269       898.8848       898.1205       895.5717       893.1750
       893.4395       895.6417       897.4647       899.2365       900.9753
       901.8082       901.9938       901.2774       898.9849       895.4585
       891.5799       888.8286       887.1220       886.9996       887.1616
       887.1208       887.5106       888.6206       889.9879       890.7789
       890.2080       888.1804       886.4267       886.2921       887.6668
       888.5834       889.2734       890.0430       891.0129       891.6782
       891.3441       890.4221       889.2130       888.0533       887.9282
       888.2513       888.8766       890.7914       893.8167       897.9811
       902.9053       907.6602       912.0558       915.8471       919.2570
       923.0064       926.7930       929.0644       929.0716       927.4322
       925.0862       922.6120       920.6554       919.8448       919.4883
       919.9726       920.8113       920.7798       919.9219       918.1976
       916.1708       914.5513       913.9387       913.4623       912.2936
       910.5494       909.3651       908.7990       908.6280       909.6296
       912.3586       914.4168       914.5256       913.5344       912.3228
       910.8560       909.1376       907.3165       906.0901       904.4550
       901.9896       899.5392       897.3485       896.6635       896.9507
       896.0616       894.8438       894.7401       895.6757
       902.0068       902.4456       901.8862       901.1526       902.5201
       904.6937       905.0327       905.0745       906.5447       907.4154
       905.9022       903.8778       903.7811       904.4762       904.1340
       903.0517       902.3668       902.2930       902.0084       901.6625
       900.9892       899.7744       898.8753       897.9043       896.7695
       897.7195       899.8665       900.2764       898.1826       895.8510
       895.8045       897.0413       898.2654       899.9304       901.6282
       902.7033       903.0599       903.0906       901.9380       898.5009
       893.3799       888.9802       887.0229       886.7581       887.2490
       887.2122       887.2001       888.1259       889.7039       890.3127
       889.5662       887.7401       886.2057       886.1239       887.0668
       888.0277       888.7482       889.3548       890.0334       890.3754
       890.3157       890.3772       890.0360       889.6277       889.4600
       889.7703       891.9796       895.0602       898.0569       901.2940
       905.4499       910.1824       914.8912       918.7195       922.2898
       925.8888       928.9609       930.1692       928.7789       926.1823
       923.7758       921.5164       919.9510       919.3965       919.4752
       920.2660       921.1039       921.3744       920.9800       919.7658
       917.5889       915.9219       914.5012       913.1297       911.8984
       910.5457       909.6656       909.3395       909.3190       910.9824
       913.8093       915.3459       914.9550       913.5081       912.1075
       911.2186       910.0354       907.9755       906.2338       904.5589
       902.4763       900.2487       898.1583       896.9178       896.6450
       895.2095       893.8666       894.6092       895.8680
       901.4324       901.8681       901.2640       900.9943       902.8401
       905.4269       905.6772       905.0771       905.9748       907.0170
       906.1345       904.6913       904.4725       904.4368       903.9347
       903.5005       903.3708       903.3328       902.9197       901.4347
       899.4468       897.6503       896.8779       896.5714       896.5280
       898.6967       901.1089       901.4590       899.0583       896.4276
       897.0234       898.2727       898.9814       900.1305       901.2446
       902.1543       902.7377       903.4144       902.8158       899.6962
       894.5755       889.7702       887.1774       886.0548       885.6532
       885.6951       886.0634       887.4028       888.5751       889.3010
       888.8773       887.6673       887.0874       887.1685       887.1948
       887.9041       888.8323       889.8019       890.6516       891.7038
       892.3603       892.6149       893.3906       893.5754       893.1532
       893.5574       895.6177       898.8405       902.2523       905.6911
       909.6016       913.6264       917.5789       921.5662       925.3400
       928.8222       930.7379       930.5936       928.6026       925.7232
       923.3322       921.1233       919.6357       919.5146       920.1117
       920.3615       921.2891       922.1273       922.4211       921.7631
       920.5048       918.5310       915.7280       913.3240       911.7358
       910.7394       910.4510       910.8008       911.5996       912.7593
       914.4301       915.3032       914.6149       913.3682       912.5010
       912.0701       910.8535       908.4971       906.3545       904.4658
       902.0028       899.9476       897.8248       896.4188       895.2603
       893.9995       892.9542       893.6776       895.4586
       899.3511       900.1890       899.7907       899.5115       901.7392
       904.7742       905.5610       904.8116       906.1655       908.0699
       908.1611       906.7004       905.1197       904.5352       904.4180
       904.1340       903.8298       903.7169       903.4134       901.4686
       898.7079       896.5723       896.1974       896.7744       898.2944
       901.0296       902.8279       902.7481       901.3546       899.8669
       900.0839       900.3937       900.3467       900.6133       900.6702
       900.9318       901.7885       902.3314       901.8655       898.9633
       894.8570       891.0699       887.9521       885.2726       883.6627
       883.5888       884.4968       885.8957       886.9474       887.3863
       888.1013       888.7699       889.2946       889.6657       889.3433
       888.6666       889.3072       891.1131       893.0307       894.1928
       894.7130       895.2906       896.2971       896.9509       896.2586
       896.5459       898.8961       902.3438       906.4839       910.7900
       914.3189       917.2069       919.9380       923.1440       926.8279
       930.0711       931.7662       931.2211       928.9028       926.3634
       924.0673       921.9354       920.7231       921.2612       921.6093
       921.6759       922.6317       924.3079       924.4595       923.8025
       922.8729       920.7639       917.2159       914.2730       912.5324
       911.7783       911.9863       912.6990       913.2263       913.9188
       914.3509       914.3451       913.7551       913.1443       913.1038
       913.3530       912.1267       909.6966       907.1388       904.7296
       901.8019       898.6898       896.3487       894.4120       893.6020
       893.2831       892.6235       892.6738       893.7663
       895.5588       896.8706       897.5298       898.1086       899.8093
       902.3403       904.0764       905.5546       907.6767       909.7832
       909.3205       907.4506       905.7452       904.9057       905.2087
       904.8073       903.7241       903.5129       903.2492       901.8538
       899.0157       896.9416       896.4290       898.3744       900.9419
       903.2510       904.6163       905.0306       905.8638       905.7689
       904.3913       902.7313       901.6888       900.7949       900.1855
       900.6224       901.1847       900.8722       899.8126       897.4160
       894.3634       891.8964       889.3765       885.7479       883.5226
       883.4821       884.3242       885.4630       885.7192       886.4645
       888.5361       890.4340       891.6948       891.9209       891.3050
       889.6482       890.0724       892.7383       895.6627       897.0310
       896.7678       896.7917       898.1323       898.9765       898.3557
       898.8272       901.6123       906.0439       910.8596       915.3428
       918.2421       920.0629       922.0016       924.2384       927.0920
       930.1690       931.9720       931.4449       929.3629       927.0272
       925.1478       923.1857       922.3503       922.8640       923.5027
       923.7585       924.6940       925.8085       925.7693       924.7379
       924.0621       921.9203       918.3016       915.4968       914.4086
       914.0845       914.0533       914.3672       914.6791       914.5358
       914.3016       913.6899       912.8035       912.2598       912.6911
       912.7769       912.0286       910.1183       907.7962       905.4430
       902.2227       898.5319       895.1183       892.7913       892.2690
       893.0443       893.0268       892.3812       892.1089
       892.6343       893.7220       895.6981       897.6601       899.2631
       901.1168       903.5781       906.1733       908.9816       910.4542
       909.8580       908.1287       906.1929       905.0537       905.3453
       905.1191       903.9330       903.1182       902.5777       901.4174
       899.7131       897.9596       898.0499       900.5766       903.5634
       906.1475       907.7472       908.5590       909.3732       909.1299
       906.5990       903.4570       901.2518       900.5242       900.3015
       900.7969       901.1500       900.3599       898.0654       895.5388
       893.2492       891.5486       889.6077       887.1855       885.3797
       885.4109       886.3087       886.6904       886.4844       887.3579
       889.3909       891.6562       892.6211       893.0055       892.4222
       891.6278       892.1021       894.7454       898.1007       899.9418
       899.4630       899.3887       900.3485       901.0643       901.2027
       901.6493       904.3546       909.3044       914.2728       918.3415
       921.2374       922.9716       924.4706       925.9611       927.8835
       929.9838       931.0208       930.5967       928.6871       926.6205
       925.1613       923.8476       923.5583       924.2077       924.6523
       925.5565       926.7237       927.2760       926.8387       925.9089
       924.6896       922.0862       919.0489       917.2568       916.8831
       916.8063       916.1317       915.6287       915.7548       915.5188
       914.5880       913.2294       911.7239       910.8947       910.9968
       911.0395       910.1929       908.8670       907.1022       905.2141
       902.1425       898.2529       894.8586       892.2960       891.9569
       893.0800       893.6665       892.9105       892.1515
       892.5496       893.6815       895.2397       897.1726       899.1302
       900.9774       903.2031       906.3481       909.2359       910.3004
       910.5234       910.0530       908.1413       906.5272       906.1690
       905.6150       904.3840       902.9698       901.8959       901.0707
       900.3142       899.6986       900.3080       902.5833       905.7864
       908.3333       910.0126       911.0284       911.4465       909.8878
       906.5927       902.5643       899.9872       899.4011       900.0389
       900.9850       901.5220       900.3172       897.6921       894.6617
       892.2482       890.4291       888.9410       887.0543       885.9077
       886.5269       887.9580       888.2896       888.5254       889.1276
       890.4078       891.6362       892.6686       893.5681       894.1251
       894.8097       895.8956       897.8661       900.6542       902.3814
       902.8680       902.9277       903.4323       904.3199       904.9312
       905.1613       907.4669       911.7906       916.7835       920.6349
       922.9236       924.2229       925.3103       926.3148       927.4713
       928.6912       928.9699       928.5932       926.8630       924.7068
       923.9255       924.3000       924.9839       925.3526       925.6273
       926.8241       928.1775       928.9371       928.4046       927.3489
       925.3675       922.2589       920.0431       919.2010       919.0547
       918.5745       917.2583       916.0600       915.9757       915.7744
       914.3583       912.4680       910.9283       910.0284       909.7538
       909.5402       908.8293       906.9618       905.1865       903.3541
       900.4227       896.9122       894.2146       892.4689       892.0347
       893.2158       894.1392       894.1235       893.7247
       893.2671       894.1936       895.0741       896.2245       897.9993
       900.5797       903.4243       906.4376       909.1388       910.5652
       911.7301       912.1680       911.3295       910.1552       908.4043
       906.3672       904.6043       903.1407       901.6409       900.8491
       900.7651       901.0618       902.1288       904.1204       906.6862
       909.5606       911.8266       912.7576       912.1322       909.5733
       905.4244       901.3297       898.9446       898.2200       898.9849
       900.6335       901.5670       900.4388       897.7139       894.6241
       891.7157       889.4357       887.8697       886.3911       885.6201
       886.5120       888.1053       889.4631       890.1875       890.6747
       891.4209       892.5060       893.7349       895.1212       896.6309
       898.0635       899.6456       901.5062       903.2933       904.7159
       905.6275       906.0972       906.6832       907.9982       908.4710
       908.8102       910.7752       914.6204       918.8667       922.2557
       923.6478       923.5667       923.8053       924.6567       925.3286
       925.6180       925.5510       924.9396       923.8365       922.7027
       923.1600       924.9835       926.8882       927.5392       927.2589
       927.4052       928.5912       929.5621       929.2932       927.7509
       925.5744       923.3907       921.8836       920.7510       920.0585
       919.6102       918.2111       916.8362       915.9372       914.9134
       913.4106       911.6860       910.1234       909.3757       909.3959
       909.1536       907.9272       905.8483       903.2889       900.7631
       897.7143       894.7576       893.3679       892.6492       892.5649
       893.2812       894.6891       895.5324       895.6099
       893.6025       894.3806       895.3931       896.2072       897.8333
       900.6956       904.1041       906.9076       908.8152       910.2014
       912.1712       913.4142       913.4058       912.6765       910.6593
       907.8032       905.5928       903.9471       902.4854       901.2739
       900.7802       901.2866       902.8275       904.8994       907.3176
       910.6443       913.6529       914.1866       911.7197       908.5638
       904.8350       901.4419       899.3366       898.7126       899.1299
       900.1409       900.8992       900.4625       898.2036       894.7407
       891.0789       888.7658       887.6251       886.9308       886.8848
       887.3330       888.1572       888.9367       889.6113       890.9258
       892.7646       894.4625       895.7567       897.3739       899.0936
       900.4781       902.2626       904.4199       905.7751       906.3914
       907.1110       908.0345       909.5011       910.9763       911.4866
       911.9995       913.9537       917.3645       921.2514       923.7767
       924.3216       923.2605       922.6465       923.0277       922.8104
       921.9326       921.1564       921.0865       921.3370       922.0395
       923.6443       925.8106       928.0307       929.3881       929.1734
       928.5956       928.6686       929.4215       928.8344       927.3872
       925.8862       924.7095       923.6815       922.2537       921.4766
       920.7318       919.3740       917.7115       915.9761       914.4965
       912.7821       910.9042       909.4718       908.7157       908.9518
       908.9016       907.5791       905.2751       902.5639       899.5864
       896.1309       893.6859       892.7867       892.7239       892.8134
       894.3349       896.1083       897.5273       898.1176
       893.9470       894.7448       895.9474       897.2554       898.8837
       901.5131       904.3586       906.7159       907.8517       909.2928
       911.2538       913.2601       914.5498       913.8839       911.5099
       908.7914       906.9977       905.8877       904.7866       902.9719
       901.6017       902.1364       903.4895       905.2941       907.4793
       910.7792       913.2759       912.9718       910.5432       907.5134
       904.9861       902.9915       901.5544       900.3008       899.1334
       899.1570       899.8306       899.3950       897.1945       893.9059
       891.1249       889.3668       888.3323       888.0505       888.6959
       889.2136       888.9553       888.4498       888.9239       891.0366
       893.7444       895.6325       897.5450       899.5759       901.0917
       902.5587       904.5378       906.3760       907.7172       908.1695
       908.3513       909.2610       911.0588       912.8586       914.1105
       915.2874       917.4929       920.6513       923.4952       924.8400
       924.7984       923.6296       922.3741       921.8112       920.6765
       918.9525       918.3587       919.1797       920.5360       921.9990
       923.6791       925.4879       928.0533       930.6672       931.3096
       930.4149       929.8257       929.0133       928.1088       927.0846
       926.4289       925.5577       924.5873       924.1974       923.8195
       922.8160       920.9280       918.9600       917.0536       915.2794
       913.4039       911.4581       910.2027       909.3937       909.1441
       908.7770       907.6235       905.5577       903.2063       900.4271
       897.1354       894.4929       893.3085       892.7996       893.7953
       896.0004       898.3094       899.9902       900.8104
       893.4709       894.3036       895.9411       897.6125       899.6182
       901.9304       904.2881       905.7724       907.2102       908.4042
       910.4695       912.8528       914.4802       914.0759       911.4331
       908.7046       907.0110       906.9509       906.6709       904.3969
       903.2841       903.4550       904.1452       905.2472       907.0821
       908.9227       909.9247       909.4485       907.4484       905.4984
       904.3903       903.8148       902.9286       901.0369       898.7778
       898.1668       898.6672       897.9012       895.5717       893.1061
       891.5657       890.6404       889.3708       888.7563       889.0690
       890.0031       890.0444       889.2101       889.5140       892.0101
       895.0595       896.9092       898.6824       901.1874       902.6363
       903.8817       906.3019       908.6230       909.7900       910.0219
       909.7766       909.8333       911.1835       912.9955       915.0363
       917.7963       921.1588       923.7036       924.7198       924.6871
       924.3791       923.6624       922.5432       921.3594       919.5771
       917.5546       917.0797       917.9696       919.4022       920.3503
       921.2499       923.9383       927.8748       931.4816       932.7377
       932.1516       930.9742       929.4207       928.1902       927.6113
       926.8867       925.9547       925.2813       926.2137       926.8697
       925.6783       923.7526       921.5405       919.3878       917.4129
       915.4719       913.8395       912.3126       911.3623       910.5130
       909.9256       908.6815       907.1245       904.9333       902.9664
       900.6239       898.1139       896.1021       895.2230       896.2363
       898.1143       900.3533       902.1651       903.2845
       892.5215       893.1386       894.7217       896.9739       899.3967
       901.8738       903.6141       904.8853       906.2219       907.8959
       909.8304       911.7338       912.7859       912.4915       910.0892
       907.7999       906.6396       906.3708       905.5397       904.4530
       903.8663       903.4445       903.8618       904.7002       905.6354
       906.3699       906.3802       905.3831       904.2067       903.3286
       903.0348       903.1958       903.0432       901.5825       899.1795
       898.3068       898.3079       897.1909       895.0466       893.1247
       891.9119       890.5607       889.2740       888.2937       888.4678
       889.5422       889.9901       889.9329       891.0793       894.1525
       897.2234       898.7772       900.3672       902.1000       903.3282
       905.1236       907.8836       910.4185       911.4363       911.0961
       910.2188       910.1193       910.7820       912.0826       914.8054
       918.8244       922.5267       924.7371       924.5186       923.6546
       923.0113       922.6479       922.3716       921.6286       919.4861
       917.3054       916.4801       917.1479       918.5225       919.1911
       919.8909       922.2766       926.4552       930.3949       932.5935
       932.3524       930.9918       929.9841       929.5162       928.7368
       927.5632       926.3159       926.4277       928.1340       929.1654
       928.4618       926.6234       924.4067       921.9520       919.2959
       917.3892       915.5916       914.0564       912.9349       912.6880
       911.8163       910.9557       909.6392       907.8393       906.0919
       904.7224       902.7369       900.2973       899.2408       899.8023
       900.8987       902.6600       904.4182       905.0709
       891.4711       891.3654       892.9000       895.7829       898.7120
       901.0308       902.5778       903.9543       905.2957       907.1255
       909.1990       910.6936       910.9914       909.4745       907.7444
       906.4392       905.9050       905.6631       904.6306       903.8121
       903.5779       903.6868       903.3708       903.1473       903.2678
       903.9203       903.7716       902.4299       901.3265       901.3917
       902.1873       903.3022       903.8290       902.5863       900.3952
       898.9095       898.1387       896.5909       894.7194       893.1841
       891.4001       889.1239       887.6189       887.2582       888.0248
       889.3335       890.0190       890.6144       892.4664       896.0245
       899.2363       901.0460       902.0766       903.0032       904.2152
       906.3560       909.1978       911.2597       911.4495       910.4214
       909.7006       910.0341       910.8596       911.8732       914.4550
       918.6970       922.4263       924.1502       923.8699       922.1933
       921.4294       921.6544       922.4444       921.6313       919.3634
       917.4254       917.1041       917.8124       918.9295       920.0103
       920.4156       921.5109       924.6644       928.6409       931.0407
       931.6937       931.1013       930.7272       930.7816       930.2572
       928.8058       927.6016       928.1946       929.7700       931.0387
       930.6705       928.7965       926.6628       923.8656       920.2825
       917.4705       915.9487       914.8981       914.6021       914.1851
       913.4995       912.9904       912.3452       910.6584       909.3970
       908.4089       906.3388       903.8437       903.0809       903.2568
       904.1004       905.1675       906.0182       906.3862
       890.0412       889.7311       890.8334       894.0946       897.4266
       899.7518       901.8569       903.5746       905.0819       906.4605
       908.9448       910.7462       909.5859       907.2993       905.5857
       904.9028       905.1461       905.4099       904.7332       903.7221
       903.9718       904.0444       903.1154       901.6387       901.1522
       901.7778       901.7267       899.4015       898.1505       899.4309
       901.8058       903.8356       904.5743       903.6362       901.6189
       900.1756       898.6641       896.9321       895.3484       893.7147
       891.0255       888.2612       886.8916       886.8628       887.8488
       889.4076       890.3037       891.2199       893.6094       896.9824
       900.3129       902.7329       903.9236       904.2015       905.4383
       907.5630       910.2698       912.4539       912.0009       909.8508
       909.1957       910.3124       910.9805       911.5548       913.9340
       917.9746       922.0430       924.7659       924.6625       922.7576
       921.5932       922.3062       922.8513       921.8018       919.5013
       918.3972       918.5693       919.4774       920.0822       920.7258
       921.2758       922.4449       924.7162       927.7266       930.3714
       932.0047       932.4114       932.1340       932.3310       931.8863
       930.6273       929.7758       930.0486       931.6566       932.8771
       932.7592       930.9459       927.8736       924.3251       920.7246
       917.8734       916.1681       916.1051       916.2996       915.4163
       914.2383       913.7841       913.7524       913.1378       912.2801
       911.3421       909.3626       907.4529       906.9713       907.0013
       906.9294       907.2230       907.7466       908.2720
       888.5732       888.0338       889.8888       893.1033       896.0594
       898.8823       901.3385       903.4547       904.7397       905.8731
       908.6458       910.6632       909.0369       906.2153       904.4926
       904.1185       904.5513       904.9879       904.6021       903.6555
       903.8514       904.4017       903.4003       901.6808       900.8400
       900.6100       899.3657       896.9709       895.9956       898.4051
       901.3679       903.2493       904.2109       904.1558       902.9667
       901.5914       900.4658       898.6118       896.4265       893.9404
       891.0569       888.5381       887.4936       887.0927       887.7941
       889.4592       890.3905       891.3841       894.1129       897.6306
       901.3163       904.3550       905.4211       905.7002       906.5546
       908.4030       911.3666       913.9755       913.3743       910.4030
       909.3733       910.4669       911.2347       911.7520       913.6862
       917.1318       921.6364       925.5344       926.3312       925.0118
       924.0644       923.7376       923.3370       922.2338       920.7299
       919.4540       919.6689       920.4750       920.7728       921.2338
       922.2703       923.7687       925.9239       928.3542       931.0991
       932.9747       933.5927       933.5929       933.3968       933.3090
       932.4438       931.4639       931.5786       932.8944       934.1741
       933.8032       932.0868       928.7877       924.5943       921.2753
       918.8415       917.7515       917.7662       917.2305       915.7910
       914.1083       913.5853       914.3986       914.8629       914.0834
       912.7939       911.3578       910.4551       910.4975       910.3466
       909.0535       908.4864       909.4064       910.3572
