!     RMS - Reservoir Modelling System GRID TO ZYCOR GRID
!     RMS - Reservoir Modelling System VERSION : 10.1
!     GRID FILE NAME   : Base_Reflector1
!     CREATION DATE    : 2018.12.21
!     CREATION TIME    : 08:27:12
@Base_Reflector1 HEADER                     ,      GRID, 5
      15,    -99999.0000,       ,      4,      1
     119,     65,    436910.1562,    440110.1562,   6469154.5000,   6475054.5000
         0.0000,         0.0000,         0.0000
@
+ Grid data starts after this line
       994.6821       995.1357       995.5372       994.7593       992.9558
       991.0342       989.4783       989.2673       988.4732       988.0856
       987.8468       986.8856       986.2460       988.6424       991.1862
       990.5247       988.7523       987.9009       989.3457       992.1154
       994.1799       995.5732       997.3127       999.4550       999.3748
       997.7055       994.7946       993.3215       995.2799       997.9433
      1001.2670      1004.6342      1005.6565      1004.3209      1002.7021
      1002.0225      1002.3409      1002.4866      1001.4105       999.2257
       998.2141       997.7521       996.2856       993.7769       992.2433
       991.5582       989.7661       988.0168       987.4279       987.3151
       986.3826       984.9091       984.9880       986.5009       987.1537
       986.1099       984.0920       982.8553       984.6500       987.3959
       989.1616       992.2050       995.4967       996.3417       994.7231
       992.2145       989.5789       986.8522       987.1190       988.9749
       991.1892       994.2320       997.1749       999.9250      1004.2446
      1008.2612      1009.3786      1010.1897      1011.3132      1012.6296
      1014.9735      1018.1627      1019.9288      1019.3640      1019.2518
      1019.9733      1020.3344      1020.4000      1020.1589      1020.7036
      1021.9423      1022.2972      1022.1125      1022.4799      1022.0305
      1020.7335      1018.7318      1017.2132      1017.9523      1020.4708
      1022.8486      1024.8311      1026.1102      1027.0414      1027.5610
      1027.6904      1027.5219      1026.6140      1024.7603      1022.0619
      1019.4698      1017.8686      1017.7903      1017.7177      1016.1432
      1014.3435      1013.3837      1012.4846      1010.7322
       995.5994       995.3225       994.6086       993.1782       991.5717
       989.2876       987.4835       985.7479       985.3275       985.2776
       984.9261       984.0863       984.9527       988.1506       990.8148
       991.1772       990.4761       990.4630       991.2345       991.6681
       993.4095       994.6104       995.4802       996.3438       997.1593
       995.8428       993.7118       994.1517       996.6621       999.0860
      1000.7800      1002.5818      1003.0249      1001.2653       999.9894
      1000.2264      1000.9150      1001.6343      1001.2602       999.6496
       998.7153       998.5104       997.0474       995.9296       995.1744
       993.5939       991.9084       989.4774       987.3254       986.9590
       986.4158       985.7606       986.4547       987.8343       988.1998
       987.1859       985.4973       984.3876       985.2546       986.9010
       989.1286       992.9730       995.4565       995.5109       994.2249
       991.8609       988.3433       986.7612       987.4449       989.6868
       991.2614       993.5822       996.5605       999.8328      1003.8776
      1008.3240      1010.5972      1011.3112      1011.5168      1012.0332
      1014.6807      1017.8950      1018.8002      1016.5765      1015.5801
      1016.6991      1017.6918      1018.1303      1018.1357      1018.7727
      1020.4282      1021.7086      1022.0206      1021.4398      1020.3497
      1019.1782      1018.8478      1018.8822      1019.8815      1021.0514
      1022.3456      1023.6866      1024.6733      1025.4506      1026.5498
      1027.2582      1027.4763      1027.5109      1026.2479      1023.3501
      1020.4022      1018.9476      1018.2996      1016.8832      1014.2655
      1012.5515      1012.3159      1011.1006      1009.1779
       995.3530       994.5472       992.5792       990.9737       989.2802
       986.8890       984.1003       982.7570       982.5854       982.4328
       981.8282       982.1819       983.5673       986.6459       989.7521
       992.1241       993.4897       993.5670       993.0994       993.6711
       994.2021       994.5779       993.6510       993.2631       994.0509
       994.6019       994.1646       995.1788       998.4045      1000.3579
       999.6429       999.3364       998.9321       997.1767       996.7396
       998.7413      1000.5030      1000.6909       999.7106       999.1174
       999.7729       999.5809       999.0420       997.8550       997.4257
       996.6771       993.8280       990.6943       988.0887       986.2498
       985.3096       985.5386       986.6278       987.1469       987.0478
       986.6620       986.1200       985.7783       985.7064       986.9603
       989.5556       991.7460       993.6432       993.5756       992.4391
       990.2623       986.8755       985.0945       986.9520       989.2275
       991.0836       992.8210       995.3616       998.2780      1001.7797
      1005.8453      1009.6574      1011.0854      1011.2141      1010.9615
      1012.9788      1016.2358      1017.1275      1014.5685      1013.1544
      1014.3247      1015.4167      1015.8441      1016.1298      1016.8666
      1018.9463      1020.9619      1021.5400      1020.4186      1018.5538
      1018.5963      1019.0353      1019.7282      1020.9334      1021.6042
      1021.9470      1022.5793      1023.4232      1024.3933      1025.4558
      1026.7495      1027.8317      1028.4927      1027.7870      1025.2611
      1022.3010      1020.6086      1019.4739      1016.6940      1012.9120
      1010.9830      1010.2910      1009.3834      1008.2020
       991.9837       992.2456       990.1913       987.7980       986.1732
       984.8705       982.3738       981.1044       980.8859       980.6863
       980.6981       980.9330       982.9428       985.8626       989.6081
       993.1314       994.5765       994.5273       995.0398       996.1024
       996.5538       995.6054       993.4635       991.0745       992.1409
       993.8243       994.4072       995.9836       998.8002       999.9434
       998.5154       996.6084       995.1633       993.9341       993.7289
       995.9511       998.6262       998.8813       998.1116       998.3893
       999.7029      1000.6873       998.9864       997.5251       997.6870
       997.2682       994.0130       990.5926       989.2382       987.5002
       985.3369       985.9471       987.1226       986.6550       985.4662
       985.3502       985.3683       985.0512       985.0194       985.8351
       987.4182       988.9437       989.6503       990.1176       990.4786
       988.7550       984.7405       982.5508       983.8804       986.5238
       988.6965       990.9321       993.3984       996.1937       999.3275
      1003.4520      1007.0998      1009.4474      1009.6730      1009.7925
      1011.5027      1014.3956      1016.0923      1015.4465      1014.8813
      1015.4525      1015.7057      1015.7740      1015.5983      1016.4441
      1018.3147      1020.0614      1020.5649      1019.4902      1018.3380
      1018.3327      1018.8484      1019.3301      1020.4531      1021.1512
      1021.4573      1022.4659      1023.4538      1024.3456      1025.3726
      1026.8149      1028.5376      1029.5428      1029.1165      1026.4473
      1023.2695      1021.5877      1019.6913      1016.3019      1013.2491
      1010.9248      1009.0029      1008.3017      1008.1468
       987.6223       988.2119       986.7409       984.1289       983.5232
       983.1745       982.3200       980.8074       979.4730       979.2818
       980.1077       981.3448       983.4492       986.6472       990.7598
       993.5452       994.2119       995.0955       995.9752       996.7547
       997.5522       996.4066       993.2339       991.2405       992.1497
       992.8763       993.1723       994.9999       997.3684       997.7962
       996.8845       995.1987       993.9771       993.1381       992.9152
       994.4756       995.9235       995.7695       995.7707       996.8795
       997.9878       997.7909       996.3582       994.6558       995.1100
       994.8987       992.3719       990.6599       989.7596       988.6149
       988.0567       988.2123       988.5489       987.4062       985.9180
       984.3625       983.8149       983.0010       982.8441       983.6161
       985.2895       986.3698       987.4093       988.3201       988.0934
       986.7471       983.0068       980.3713       980.8081       982.7345
       985.0624       987.9078       990.6988       994.3491       997.6099
      1001.0675      1004.4529      1007.0053      1007.4255      1007.8285
      1009.9666      1013.0126      1015.5922      1016.8301      1018.5732
      1019.4876      1018.9247      1017.9545      1017.3316      1017.1534
      1018.0280      1018.9673      1019.1022      1018.1483      1017.4831
      1017.6772      1017.9621      1018.6149      1019.3979      1020.0140
      1020.8375      1022.4373      1024.0029      1024.7479      1026.0400
      1027.6320      1028.6415      1029.4043      1028.4746      1025.3760
      1022.8003      1021.5765      1019.8873      1016.7838      1013.6630
      1011.3538      1009.6641      1007.8836      1006.6378
       982.8992       983.0876       982.2493       980.8079       980.4160
       980.9017       981.3809       980.3033       978.2175       977.5184
       979.3976       982.3387       984.5098       987.2062       990.4482
       992.4554       993.5484       994.7986       995.3859       995.5115
       995.5950       994.9072       993.6154       993.1741       993.6424
       993.6164       992.8268       993.4203       995.5013       996.5524
       995.6580       994.7521       994.4919       994.7002       994.3392
       994.4039       993.8711       992.5399       993.2519       995.1108
       994.7654       993.7137       991.8901       990.6840       991.1266
       990.7682       990.6661       990.2806       989.4418       988.3353
       988.4276       989.3368       989.3337       987.5374       984.7989
       983.3831       982.9937       981.8194       981.5643       983.3947
       985.1182       985.8430       987.1224       988.0876       986.6183
       984.3694       981.9868       979.1465       978.8938       980.1470
       982.7229       985.7451       988.5619       991.8807       995.0078
       997.5181      1001.1567      1003.6697      1004.4944      1005.5626
      1007.7482      1011.5226      1014.7066      1017.6613      1020.5415
      1023.0555      1022.5769      1020.3859      1019.0914      1018.1822
      1017.8188      1017.6279      1016.8024      1016.0876      1016.1769
      1016.5637      1017.1344      1017.9524      1018.6898      1019.3309
      1020.3269      1022.1476      1024.0282      1025.3423      1026.8761
      1028.0721      1027.8441      1026.9871      1025.8909      1023.6807
      1022.8760      1022.0965      1020.0599      1017.0480      1013.7576
      1011.1772      1009.2402      1006.2512      1004.6497
       979.0088       979.1303       978.3308       977.8335       977.8246
       977.5940       978.5551       978.9641       977.9307       977.4632
       979.0056       981.5799       984.1896       985.8600       987.6021
       989.1538       990.8403       992.4774       992.4919       992.2014
       992.5933       993.8805       994.9468       995.8982       996.8868
       996.3749       994.2475       993.2568       993.4542       994.5052
       994.5512       993.8065       994.9276       995.1572       993.5964
       991.7149       990.6268       990.0843       991.8099       993.3563
       992.8582       991.9503       990.5791       989.3762       988.9885
       988.7222       988.7858       988.7838       987.6791       986.5667
       987.2807       989.0034       988.9269       986.4597       983.5193
       983.3290       983.5284       982.5065       982.5094       985.1218
       987.1806       987.4496       987.5784       987.1251       985.1046
       982.5294       980.2207       978.7631       977.9003       979.5712
       982.2808       984.5252       987.5800       989.7673       992.2545
       995.5373       998.5880      1000.9290      1003.3406      1005.0776
      1007.2682      1010.7139      1014.8073      1018.0338      1020.6176
      1023.1648      1023.6635      1021.5997      1019.5431      1018.3401
      1016.9811      1015.4701      1013.9354      1013.5867      1014.3281
      1015.4193      1016.3815      1017.2700      1018.1639      1019.0521
      1020.0102      1021.6085      1023.1771      1024.6387      1026.1365
      1026.8073      1025.8308      1024.3854      1023.6971      1022.9081
      1021.7097      1020.9694      1018.8990      1015.2767      1011.4339
      1009.4280      1007.4588      1004.4412      1001.6525
       978.5396       977.6743       976.5708       976.5154       977.1070
       976.6096       976.8663       978.7099       978.9454       979.3453
       980.9821       982.0666       982.5928       982.5770       983.0036
       984.6280       987.1896       989.0402       989.1628       989.3941
       991.2714       993.8862       996.9130       999.0013      1000.5820
       999.3231       996.1425       993.6024       992.1954       992.3850
       992.9800       993.4377       994.5922       994.5205       991.9183
       989.7013       988.8212       988.7448       990.0751       991.7711
       991.9592       991.0157       990.3724       990.0475       989.8628
       989.1520       987.6204       987.2844       986.1616       985.8334
       987.2836       989.0273       988.4559       986.1807       985.0637
       984.8914       985.2285       985.0930       985.7820       987.6929
       990.3015       991.1678       989.3804       986.4247       983.6989
       981.0577       979.6450       978.6528       977.9902       979.3189
       981.6931       984.2374       985.4669       987.1586       990.1736
       993.8792       997.3758      1000.3118      1003.4222      1005.9808
      1008.0592      1011.2482      1014.9716      1017.4573      1019.6867
      1021.7509      1022.8796      1021.9033      1019.1481      1016.2723
      1013.9616      1011.8656      1011.0146      1011.3498      1012.3948
      1013.5033      1014.6569      1015.7444      1017.0883      1018.5100
      1019.6360      1020.7427      1021.7528      1022.3458      1022.9950
      1023.3308      1022.2912      1021.3436      1021.4313      1020.9203
      1019.6166      1018.4790      1016.2225      1011.7979      1008.4935
      1007.4523      1004.8492      1001.2755       997.9194
       980.6256       979.1235       977.8517       977.8283       978.1348
       978.1979       979.0573       980.8069       981.5562       981.7381
       982.7444       983.9205       982.5275       979.6633       978.9904
       981.5272       984.0742       985.3920       987.0042       988.2108
       990.0546       993.7348       997.6606      1000.7956      1002.5128
      1001.6380       997.4459       994.2680       993.6717       993.2010
       993.0593       993.6527       995.0919       994.5479       992.3782
       991.4686       990.9745       989.9810       990.1517       991.5300
       991.5861       990.4655       989.6031       990.1873       990.8797
       989.8023       988.4385       987.3436       986.3600       986.4178
       988.0989       988.9955       987.9901       987.0099       987.3135
       987.6191       987.4782       988.4257       989.5561       991.4476
       994.4600       995.6089       992.3944       988.0991       984.3820
       981.5018       979.6654       978.8113       978.1895       978.5800
       980.4469       982.3890       982.9061       983.5753       987.1855
       991.5309       996.0179      1000.1420      1003.0084      1005.1814
      1007.1291      1010.8383      1013.7183      1015.6028      1017.7912
      1020.1864      1021.6077      1019.6660      1014.9065      1011.1256
      1009.1467      1008.1445      1008.2238      1009.4072      1010.2604
      1010.8655      1011.7468      1013.3428      1015.4629      1017.4871
      1019.2429      1020.6194      1021.2072      1020.8045      1020.1406
      1019.2086      1017.9597      1017.2507      1017.6521      1018.0611
      1017.3813      1015.8259      1013.0786      1009.4875      1006.8493
      1005.1580      1002.4078       997.7747       994.1138
       982.9094       980.9824       980.4464       980.0153       979.8700
       980.6578       981.8093       983.1810       983.7953       983.2782
       983.1995       983.3915       981.1292       977.7625       977.0570
       979.8516       982.7749       983.9659       984.2954       985.7331
       988.5001       992.4922       996.5083       999.7476      1001.9604
      1001.6754       998.3720       994.6857       994.2592       995.2088
       994.3619       995.1266       996.0565       995.6073       995.1431
       995.2412       994.8764       994.1335       992.9622       992.9387
       992.4647       991.1207       990.5761       991.2545       992.3489
       992.1248       990.9474       989.4838       988.1408       987.9048
       988.9975       989.6074       988.3796       988.0902       989.0515
       989.6379       989.9499       991.3641       992.7441       994.6904
       998.1414       999.4789       996.1072       991.0944       987.6519
       984.0816       980.7416       978.9746       978.1223       977.9539
       979.2007       979.7344       980.3635       981.6852       984.3480
       990.0530       995.5381       999.6183      1002.8024      1004.4861
      1006.1074      1009.1636      1012.0771      1013.7134      1015.5223
      1018.1621      1018.9651      1015.3765      1009.6901      1006.5208
      1005.7665      1005.8808      1006.4225      1007.3928      1007.8858
      1007.9148      1008.5229      1010.5679      1013.4034      1016.3156
      1019.1439      1021.0679      1021.7549      1021.2269      1020.1277
      1018.8889      1017.4296      1016.3411      1016.2377      1016.3647
      1015.0834      1012.4637      1010.0511      1007.6154      1005.7330
      1003.1826       999.6815       995.4594       991.8693
       983.1298       981.6789       981.0562       981.4691       981.3216
       981.3481       982.1065       983.3376       983.8799       983.4211
       982.6945       981.7185       979.4786       976.7232       976.3596
       978.9085       981.8437       983.2678       982.5914       983.9714
       987.6690       990.8554       994.0194       996.8885       997.9592
       998.5179       996.9461       993.5330       992.9775       994.9007
       996.0379       997.1840       999.2927       999.6756      1000.2773
       999.7354       999.2348       997.6177       996.0682       994.6882
       993.9178       993.1204       992.8030       993.7373       995.1922
       995.8254       994.7661       992.9276       991.7759       991.1599
       991.6199       991.6232       990.3869       989.4576       990.1604
       991.0665       992.3543       993.7535       995.9902       998.7893
      1001.6915      1001.8811       998.2241       993.7645       990.5171
       987.1066       982.8019       979.6615       978.4272       978.5189
       978.2245       978.5372       979.5400       980.9566       984.3131
       989.8489       996.4757      1001.1870      1003.0154      1004.5428
      1006.9980      1009.4156      1011.6291      1012.5964      1013.7447
      1016.2096      1018.0695      1014.9133      1010.0922      1007.2217
      1006.5096      1006.2488      1006.4542      1006.2899      1005.6693
      1004.7050      1005.2271      1007.3749      1010.6573      1014.4556
      1017.9143      1020.8237      1022.2548      1022.4335      1021.9869
      1021.4695      1020.7636      1020.0339      1019.0428      1017.3057
      1013.9607      1009.6894      1006.2386      1004.8745      1003.5700
      1000.1319       995.7034       992.5854       990.3491
       983.4666       981.7788       981.7623       982.6570       981.9465
       980.5589       981.7248       983.4232       983.3270       982.9397
       982.4468       981.2825       979.0110       977.3126       977.2486
       978.1541       980.3182       981.6921       982.2408       983.4872
       987.3795       990.4590       992.9431       993.7354       993.4457
       993.9991       993.0948       991.1907       991.2403       994.3364
       998.2194      1000.8765      1003.2872      1004.2578      1005.3073
      1005.9423      1003.1050      1001.2048       999.3459       997.7220
       996.6115       995.2484       995.0602       997.0026       998.8914
       998.7764       997.8338       996.5076       994.6184       993.6142
       994.2288       994.6447       993.4010       992.5590       992.3210
       992.7615       994.2425       997.2336       999.9620      1003.0252
      1004.9365      1003.2883       999.2874       995.4800       991.9178
       987.8059       983.3145       979.0566       977.9407       977.9722
       977.6060       978.9157       980.1052       981.6907       985.7754
       991.2300       998.1240      1002.4467      1003.2802      1004.6661
      1007.2350      1009.1864      1010.3232      1010.8688      1011.5570
      1014.8995      1018.5345      1018.5757      1015.0834      1011.8453
      1009.4936      1008.0139      1007.2068      1006.0896      1003.8033
      1001.7613      1001.7314      1003.9537      1007.2983      1011.1210
      1015.3962      1018.9316      1021.5374      1023.3951      1023.2531
      1022.7104      1023.1479      1023.3321      1021.9186      1017.4780
      1012.4147      1006.8702      1002.0742      1000.1288       997.5812
       993.3169       989.9642       988.4891       989.4255
       984.2901       983.1163       983.1306       983.3068       981.4540
       980.4182       982.6133       984.8687       983.8525       982.0686
       981.7087       980.8188       979.5864       978.1555       978.0247
       978.7098       979.3478       980.9826       982.4016       984.2012
       987.5972       991.1130       992.3455       991.7518       991.0874
       990.8821       990.3597       989.5400       990.2693       994.9756
      1000.6058      1003.4670      1003.8089      1005.4461      1008.5773
      1009.9280      1006.5998      1003.9763      1002.8857      1000.5743
       999.4398       998.5417       998.0533      1000.0905      1001.8427
      1001.9725       999.6303       996.9814       995.2919       994.4478
       995.5373       996.3386       997.2998       996.6859       995.9585
       996.2824       997.2914       999.7360      1002.9868      1005.8370
      1006.7877      1004.8845      1001.5150       996.8829       992.3619
       987.8956       982.4993       978.3749       976.5046       975.3185
       975.9000       978.6759       980.1410       982.3291       986.7408
       992.5855       998.3033      1001.0583      1001.9882      1003.3574
      1004.1541      1004.8616      1006.0543      1007.0386      1008.0379
      1010.4901      1016.1761      1019.6906      1018.2878      1015.5972
      1012.0858      1009.0939      1008.0391      1006.8233      1003.9850
      1001.0792      1000.0062      1001.1824      1003.9968      1007.9646
      1012.1305      1015.4639      1018.2477      1020.6392      1022.1218
      1022.9662      1024.3654      1024.4506      1021.5769      1015.7553
      1010.0529      1004.5671       998.8947       994.5718       989.9260
       985.2160       983.5412       985.5171       987.4047
       984.7427       983.7332       982.9141       982.2466       981.3758
       981.4181       984.1223       986.5209       985.2491       982.3835
       980.4180       979.7928       978.6569       977.8972       977.8979
       979.2936       981.2073       982.8325       984.1843       985.9877
       989.0766       991.6137       992.2182       991.8004       990.6746
       989.4239       988.8185       988.7126       990.5861       994.9849
       999.3417      1000.8466      1001.4904      1003.7419      1008.3372
      1010.7452      1008.6056      1005.0189      1003.0340      1001.7100
      1002.4427      1002.7569      1002.3010      1002.4277      1003.7629
      1003.3109      1000.2661       997.2924       995.8953       995.3696
       995.5833       997.1970       998.4769       998.4315       998.2411
       999.6286      1000.6950      1001.7941      1003.9841      1006.5936
      1008.1405      1006.7515      1003.6321       999.6825       994.6258
       989.7335       984.3257       979.9089       977.0789       974.2455
       973.7130       976.2980       978.8418       981.6319       986.3050
       992.4998       997.3491       998.4791       998.4260       999.2736
       999.1539       999.9589      1001.4095      1002.9807      1003.6765
      1005.2349      1010.1060      1014.1730      1015.8770      1015.9203
      1013.4716      1011.1086      1010.4072      1009.7012      1007.3218
      1004.2705      1001.7718      1001.1652      1002.8618      1006.3785
      1009.2917      1010.9532      1012.4617      1014.1028      1016.3304
      1019.8937      1023.1329      1024.2531      1020.8597      1014.3389
      1008.1440      1003.0823       998.5040       992.2712       985.7238
       980.8917       980.5494       982.7910       984.4689
       984.6385       984.1340       983.2396       982.7461       982.9782
       983.3746       985.4155       987.1360       986.3508       982.8427
       979.7269       977.9698       977.2964       976.6100       977.9390
       980.5451       983.2280       985.4112       986.3302       988.2167
       990.9655       992.6415       992.9580       992.5589       990.8082
       988.6052       986.6911       987.3812       990.9530       994.8410
       995.9273       996.4059       998.5079      1001.8953      1006.2394
      1009.7606      1009.7797      1006.1428      1002.5647      1002.9231
      1005.9750      1006.4711      1004.4650      1004.1375      1003.9661
      1002.3558       999.8752       998.4232       997.0502       995.8587
       995.3517       995.8580       996.9636       997.1224       998.2077
      1001.2521      1003.3674      1004.2343      1004.8932      1006.7612
      1008.0623      1007.3324      1005.0610      1001.4846       997.7524
       993.7800       989.0491       983.6389       979.0219       975.3109
       973.7643       974.8034       976.9861       980.1144       985.1376
       991.6171       996.6851       997.5303       996.9118       996.8999
       996.8295       998.6323      1000.4413      1000.7840      1000.7307
      1001.9236      1004.1754      1007.0547      1009.8846      1011.8765
      1012.6741      1012.6281      1012.1652      1011.5568      1010.4394
      1008.0827      1005.9939      1004.5411      1005.8733      1007.8218
      1008.7189      1008.5599      1008.4224      1008.9266      1010.8834
      1014.3702      1018.3806      1021.2070      1019.3604      1013.7014
      1007.3724      1002.9590       998.3906       992.9424       985.9221
       980.8926       979.6713       981.7363       983.7838
       985.3811       984.2628       984.2300       985.2306       985.7618
       985.4992       986.3799       987.4119       986.2455       983.2578
       979.7763       977.9684       976.8914       976.8928       979.1072
       982.4050       984.7631       986.1816       987.7670       990.0028
       992.1658       993.7518       993.7443       992.1242       990.0693
       987.3599       985.8914       986.8850       990.7027       993.6669
       994.6534       995.2637       997.2590      1000.8091      1004.9045
      1008.0629      1009.3795      1007.5370      1005.0156      1006.2618
      1008.1829      1006.9331      1004.4969      1003.7245      1002.3787
      1000.1899       999.2277       998.7231       997.2469       995.4628
       993.8700       993.3876       994.4679       995.6729       997.7044
      1001.1235      1004.3174      1004.8492      1005.6789      1007.2088
      1008.2667      1007.9088      1006.1398      1003.2424      1000.4722
       997.9904       993.7355       988.1816       982.2753       977.3030
       974.8168       975.4777       977.3282       980.5328       985.9130
       992.1645       996.5729       998.2521       998.5869       998.1155
       999.0499      1000.2748      1000.8462      1000.0458       999.9199
      1000.2521      1000.7309      1001.6586      1004.5491      1006.9603
      1008.3169      1009.3011      1008.8636      1008.8063      1008.7059
      1008.1437      1006.7828      1006.5389      1007.2624      1009.1569
      1009.6765      1009.1824      1009.0419      1009.2653      1009.7820
      1011.3499      1013.9972      1016.4705      1016.6691      1012.7480
      1007.3262      1002.6915       998.5482       992.9035       987.1828
       982.3243       980.1555       981.6445       984.3589
       986.9569       985.0142       985.2809       987.2302       987.6569
       987.5135       987.5046       987.4444       986.8743       983.8208
       979.7513       978.2142       977.9456       978.6499       981.2859
       984.1340       985.4245       986.3248       987.3265       989.4989
       992.4897       993.6015       993.5107       991.0927       988.6536
       987.3743       986.0210       987.2902       991.0809       992.9083
       993.3081       994.3687       997.0984      1001.2995      1005.1467
      1007.3092      1007.7125      1006.9396      1007.0800      1009.2928
      1008.9422      1005.8502      1004.2000      1003.4611      1000.7061
       997.9592       997.5279       996.9858       995.8258       994.0326
       992.6812       992.6797       993.3574       995.7461       998.3327
      1001.4627      1003.2537      1003.9733      1005.1119      1006.8260
      1008.4222      1008.8678      1008.1562      1006.1169      1004.2967
      1001.8287       997.7403       992.0857       985.9255       980.5905
       978.1271       978.3766       979.7874       982.8836       988.4343
       993.6796       996.2881       998.2661       999.5277      1000.1543
      1001.0295      1001.0378       999.7067       999.3834       998.9960
       998.4702       997.7530       998.7114      1000.5754      1001.3961
      1002.7460      1003.5846      1003.3727      1003.2393      1002.5226
      1001.0510      1000.6219      1000.4193      1002.2133      1005.0447
      1006.8484      1008.2410      1009.4248      1009.6926      1009.7663
      1009.7540      1010.5179      1011.8888      1012.1378      1010.0859
      1005.0314       999.6358       995.5514       991.4206       987.0236
       983.6501       981.9304       983.4260       985.9638
       988.5315       987.7299       987.7662       988.6575       989.6932
       990.2199       989.0367       987.6555       986.6960       983.5856
       979.3461       977.9529       978.3884       979.3875       982.0443
       983.3766       983.8431       984.6190       986.4131       988.2245
       990.5217       992.7670       992.2365       989.9161       988.4266
       988.5357       987.7879       988.5275       991.8649       993.6432
       992.9821       993.4281       996.2795      1001.4561      1006.4540
      1007.5112      1006.8912      1005.9669      1007.3747      1009.3401
      1008.2951      1005.8560      1004.8859      1003.3297      1000.1093
       996.9274       995.3639       994.9551       994.0151       992.4717
       991.0043       990.7485       992.8315       995.8477       999.1843
      1001.9830      1003.6962      1004.8454      1005.8189      1006.3202
      1008.0598      1010.0292      1009.4053      1008.1858      1006.6035
      1003.9634      1000.0183       994.7985       989.2922       985.4144
       983.2231       982.1314       982.7803       985.0482       989.6842
       993.6669       995.4973       997.0187       998.9925      1000.3801
      1000.6494       999.5402       997.7563       996.9854       997.0587
       996.1128       995.5842       996.0980       996.4351       996.9826
       998.3576       998.8306       997.5909       995.9313       993.6918
       991.6553       991.5623       992.4820       994.0667       997.2621
      1000.2164      1002.7593      1004.3827      1004.8492      1005.8884
      1006.5855      1006.4120      1006.2526      1006.6083      1005.4660
      1000.6768       994.6779       991.8037       989.7107       987.0099
       984.9879       985.1653       986.8898       989.6157
       989.5050       989.5566       989.7155       989.7929       990.7839
       991.8567       990.8252       988.5108       986.1796       982.2112
       978.7532       977.5916       977.2128       978.1512       979.5869
       980.4175       980.0912       982.0062       986.0364       987.8168
       988.9128       991.2712       991.5810       990.3576       989.8521
       990.2852       990.0981       991.1816       993.0574       994.0837
       994.6719       995.4285       997.1910      1001.5862      1006.0391
      1007.8826      1007.3021      1006.9749      1007.3527      1008.1251
      1008.1190      1006.9334      1006.3969      1005.0329      1001.5865
       998.3091       995.8840       994.0455       993.4827       991.0710
       988.4588       988.2855       990.7144       993.9250       997.0711
      1000.5837      1004.1941      1006.8522      1007.6376      1007.7303
      1009.1280      1009.4913      1008.9453      1007.7634      1005.6424
      1003.3208       999.7461       994.9825       990.8144       987.9807
       985.6759       985.3237       985.7930       987.0662       990.3254
       993.7081       995.0403       996.0476       998.0602       998.8503
       998.4095       997.0813       995.2897       993.9066       993.0864
       993.1053       992.7286       992.1727       992.4703       993.6677
       994.6539       993.4220       990.1278       987.1292       984.0589
       982.9986       984.9374       987.1134       988.4916       990.2641
       992.6517       995.7687       997.7269       997.8577       999.8060
      1002.3683      1002.1337      1002.1531      1002.7131      1001.2864
       997.2424       992.8519       990.1136       988.9929       987.8228
       987.2178       988.1065       990.1480       992.3860
       991.9090       991.7404       990.7448       990.1992       990.0736
       990.0605       990.0809       988.6945       985.4171       981.1263
       978.9142       977.0174       975.7216       975.7973       976.2961
       976.8463       977.9196       981.0902       985.1805       988.3998
       990.0546       991.2173       992.0452       991.3351       991.8756
       991.5397       991.6825       993.1639       994.4657       994.6520
       996.3402       999.0049      1000.8784      1003.5092      1005.6397
      1006.9967      1007.4313      1006.6631      1006.6734      1007.5330
      1008.0573      1008.8073      1009.3516      1008.5806      1005.9915
      1001.7486       997.2482       994.5093       992.7695       990.4377
       988.3909       988.1794       989.6252       991.4902       993.2308
       997.6902      1003.9707      1008.1836      1009.5289      1009.7176
      1009.7259      1009.3382      1007.4728      1005.0858      1002.8375
      1001.0458       997.8651       993.2270       990.0035       987.7343
       987.3382       987.7523       989.0607       990.1591       992.0793
       994.4040       995.6341       996.5568       997.1625       996.5746
       995.5577       993.9696       992.1293       989.7336       988.5941
       987.3904       986.8242       986.4213       987.6106       989.2048
       989.2288       987.3099       984.3437       981.6233       978.3118
       977.0934       979.5382       981.9215       983.9464       985.2618
       986.7036       989.7017       991.4663       991.9038       993.7706
       996.7578       999.4122      1001.0754      1000.9995       998.3123
       993.6310       990.3159       988.5623       987.9415       988.5060
       989.1364       989.7383       990.3583       992.2095
       998.3364       996.3669       993.4902       991.0870       989.4841
       988.2136       987.7613       987.0786       985.3369       982.4706
       979.8772       977.4445       974.2964       973.7390       974.3441
       975.7470       977.9587       980.5527       984.5934       988.2198
       991.0286       992.5021       992.1285       992.4006       992.8123
       993.4391       993.9033       994.8854       995.3789       995.8708
       997.7529      1001.1369      1004.1077      1005.4377      1006.2507
      1006.0323      1005.8387      1005.0239      1004.9671      1006.1984
      1007.2706      1009.3268      1010.8569      1010.6724      1008.3087
      1004.3123       999.1250       994.8613       992.4466       991.1432
       990.2908       989.7318       990.2917       990.5238       990.8387
       994.9559      1002.4374      1008.6386      1010.8375      1010.4331
      1009.7673      1008.8842      1006.2479      1002.3132      1000.4872
       999.4921       995.7992       992.5349       989.9222       987.8940
       987.3952       988.8181       991.7747       993.5240       993.6070
       994.7647       996.1832       997.3614       996.4521       993.9485
       991.9225       990.5173       987.4332       984.2647       981.8928
       980.4437       978.9776       979.6522       981.3932       983.1747
       983.3929       983.0273       983.0159       981.7301       978.9244
       976.8302       977.1318       978.3703       979.9651       981.9149
       983.2142       984.9822       986.7196       987.6396       988.7612
       991.8707       996.6616      1000.4376       999.4309       994.5353
       989.2162       985.1558       985.0378       986.5956       987.8799
       989.0422       987.9807       988.4093       989.7413
      1004.4540      1000.4413       995.8037       992.2423       989.4049
       987.7387       987.0942       987.5672       986.8490       985.0209
       982.1111       978.0137       975.2045       973.2340       974.1335
       976.5355       978.5561       981.0245       983.1174       987.0096
       990.2170       991.6873       992.1419       993.1240       994.4371
       995.0864       995.2021       995.3130       995.7174       996.8396
       998.9026      1001.3734      1003.0078      1004.7062      1005.5443
      1005.5099      1004.9520      1003.8189      1003.8588      1005.0261
      1006.6292      1008.7680      1010.2390      1010.5140      1009.1991
      1005.4548       999.8438       995.3925       992.7571       991.6772
       991.6363       991.1829       990.2419       990.5501       990.9962
       993.7266      1000.7867      1007.4774      1010.2908      1010.3767
      1009.7601      1008.2861      1004.9044      1000.8657       998.7674
       997.3400       994.8413       992.7269       990.9341       988.9689
       987.3961       988.6909       991.9579       993.6512       993.3146
       993.4481       995.3149       996.1013       994.0569       990.5061
       987.2902       985.1244       981.7460       977.7768       975.0868
       973.1091       972.8618       973.2844       975.5842       977.6603
       978.6061       980.2725       981.9225       981.8835       980.3212
       978.9860       979.1576       979.5308       980.2769       980.6953
       981.1794       982.9487       984.7147       985.5243       986.5621
       989.0578       993.3882       997.2855       996.0401       990.2788
       984.5884       981.3254       981.5802       983.8746       985.7043
       985.1904       984.2722       983.8882       985.4116
      1006.0637      1002.1077       996.5844       992.4432       988.9181
       988.1740       989.3302       989.8519       989.4095       987.1160
       983.5242       980.4543       977.8309       975.7641       975.7119
       977.0870       978.3590       979.7847       981.7983       984.8734
       988.2448       989.4728       991.7385       994.4052       995.2866
       994.5474       993.9756       993.7311       994.7689       996.5034
       998.6370       999.8410      1000.6323      1002.2788      1003.2059
      1004.4867      1004.5319      1003.4487      1003.8043      1005.5660
      1006.9188      1007.8997      1008.5831      1008.6446      1008.3331
      1005.6634      1001.1754       996.5737       993.1641       991.3380
       991.3826       990.7224       989.6753       990.5453       992.0063
       996.0168      1002.3037      1006.5145      1008.2471      1009.5956
      1009.9437      1007.7343      1004.2927      1000.6298       997.2150
       994.4927       993.0496       992.3376       991.3262       989.6691
       987.8956       987.8620       989.6306       990.5428       990.1672
       990.4267       992.0792       992.9359       990.7261       986.4541
       982.4308       978.4294       974.8469       972.1279       969.4785
       968.1132       967.8726       968.5486       971.2625       973.6670
       974.6179       975.7200       977.1269       979.4378       981.0554
       981.9595       982.7390       982.0768       981.8178       981.1776
       980.1366       980.6002       982.6072       984.9745       985.9953
       986.3810       988.5411       991.1058       989.9345       985.7693
       981.6177       979.1998       978.3820       979.4647       980.3672
       980.1271       979.3555       979.3353       979.3393
      1005.8443      1001.7853       997.0537       992.6287       989.7103
       989.2403       991.3008       992.6384       991.4197       988.1579
       984.8252       982.6799       980.9028       979.1106       978.7589
       977.9886       977.0494       977.0247       979.3481       982.9286
       986.0641       988.3450       991.0306       994.6769       995.2767
       993.7462       992.4777       993.0992       994.3757       995.9584
       996.7884       997.5304       998.2621      1000.6298      1002.9946
      1003.8187      1003.9053      1002.6395      1003.1871      1005.3696
      1006.9004      1006.5111      1005.4492      1005.1401      1005.7783
      1005.1359      1002.2429       998.4850       994.7158       992.7105
       992.3391       991.6500       991.6368       992.2390       993.8491
       998.1713      1003.3523      1005.3503      1006.4454      1008.8629
      1008.8669      1006.6932      1004.0323      1001.0793       996.5047
       992.8838       991.5022       990.4073       989.4589       988.3251
       986.9163       986.5407       986.9713       986.8746       986.7700
       987.1984       988.0359       988.4092       986.9270       983.3790
       977.7884       972.9221       969.9975       968.1124       966.5615
       965.3918       965.2679       966.7678       968.4702       971.1655
       972.5573       972.9426       974.5066       977.4018       980.9885
       983.8510       983.8565       982.2067       980.8744       979.4869
       977.4963       976.5944       979.5845       983.8277       984.5934
       983.2986       983.1754       983.4340       982.7184       980.7848
       978.7206       976.5317       974.5097       974.0519       974.7856
       975.3350       975.7439       976.0313       976.4526
      1004.1566      1001.0970       997.0534       993.2570       990.1147
       989.8811       991.3748       992.9350       992.3993       988.8115
       986.1697       984.5428       982.1224       980.7134       980.3472
       979.1409       976.1968       974.8909       977.1561       981.1856
       984.8947       987.7681       990.4748       993.4881       994.6516
       993.3675       992.5827       992.9762       994.4967       995.2814
       995.3319       994.9984       995.9759       998.8735      1002.8887
      1004.1624      1003.1559      1002.2216      1001.7324      1002.7154
      1005.0466      1004.5357      1002.7007      1002.8043      1003.7698
      1003.5292      1002.4975      1000.8826       998.8064       996.8411
       995.3088       994.3344       994.4111       995.0718       996.3254
       999.3728      1002.3690      1003.9323      1005.9221      1007.7365
      1007.4450      1004.9755      1003.6316      1002.2392       997.8085
       994.5800       991.9199       989.5826       988.2579       986.3115
       985.0781       985.1029       985.4156       985.4224       985.6241
       985.9877       985.5448       984.0427       982.3994       979.4993
       975.0032       970.4846       967.5728       966.9564       966.6606
       965.9786       966.0932       966.2686       968.0641       970.6302
       972.8810       974.8771       976.7166       977.2960       978.2557
       980.1061       980.6714       980.1577       978.0305       975.5157
       973.1861       972.7211       976.9033       981.7935       982.2603
       979.7279       977.8688       977.3082       976.5465       976.0380
       974.6536       972.8169       971.1904       969.9698       971.0767
       973.4451       973.9349       974.6929       975.8928
      1002.0696       999.7605       996.2917       992.6943       990.5079
       989.7053       989.9645       991.6238       991.8361       989.4320
       987.0039       985.1063       983.0647       981.0728       980.0682
       977.9426       974.4581       973.5450       975.7218       979.1307
       982.9881       987.4012       990.3467       991.8547       992.8732
       992.6559       992.0204       991.9528       992.7062       993.5543
       992.3201       992.2330       994.6133       997.4760       999.7344
      1002.3766      1002.9120      1001.7609      1000.9395      1001.1637
      1002.8304      1002.4382      1001.7446      1003.1179      1003.9750
      1003.3241      1003.0595      1003.4644      1002.4977      1000.4630
       998.2202       995.8057       995.2214       995.8840       997.3279
       999.4029      1001.2098      1003.3023      1004.5806      1006.6147
      1006.6732      1004.8574      1004.9818      1005.0361      1002.5298
       998.4763       994.8346       992.7173       991.1085       987.5804
       984.8425       984.6021       985.0063       985.6863       986.8073
       987.7541       986.3340       983.4885       980.1409       976.9109
       973.8841       969.7713       967.6243       968.0564       968.2354
       968.6929       968.5940       967.5975       968.6223       971.0956
       974.1573       977.9180       979.7164       977.2320       974.9340
       974.2748       975.4381       976.8475       976.5540       974.1774
       971.1573       971.2730       974.7172       978.0908       977.3793
       974.1993       972.3533       971.4036       972.1740       972.0271
       970.4611       969.1193       968.9012       968.6419       969.6443
       972.4015       974.4523       974.4968       975.0823
      1001.7513       999.3647       995.2914       992.6907       991.1485
       990.3887       989.4748       989.7775       991.5486       990.2740
       987.4756       985.7465       983.9611       981.9291       980.1939
       976.2975       972.7294       971.8728       973.7832       977.0038
       981.1588       986.2037       989.1870       990.1001       990.7905
       990.8947       990.1655       989.9875       991.0650       991.9735
       991.1369       990.0322       992.2602       994.2615       996.3399
       999.6204      1001.8816      1002.6523      1001.5094      1001.4956
      1002.3988      1002.3803      1002.9347      1005.1450      1005.7616
      1005.5597      1004.8762      1004.8651      1004.4137      1003.2818
      1000.1947       996.3379       994.0110       993.8055       995.6879
       997.4501       999.3601      1000.2360      1002.0178      1004.9100
      1008.1805      1009.0226      1009.3914      1009.5547      1006.8136
      1002.1218       998.6251       997.1643       995.1948       991.9937
       987.6681       984.5845       983.4420       984.8283       987.5050
       988.7753       988.8055       987.8510       984.4556       980.1458
       976.7579       973.7260       970.8007       970.6151       971.2850
       971.2272       970.5597       969.8720       970.4994       973.0856
       976.6315       980.2332       980.6479       977.1475       973.0999
       971.1995       971.4108       973.8494       975.5204       974.0817
       972.2324       972.3965       973.6804       973.3738       971.8756
       970.2621       968.8582       969.4178       970.5104       969.8026
       967.6097       966.1335       966.9799       968.5278       970.4058
       973.8929       975.3978       975.1659       973.8303
      1004.1067      1000.7427       996.7786       994.2445       992.5486
       991.4302       989.3675       988.3235       990.1617       991.0308
       989.4527       987.3253       984.8349       983.2301       980.1595
       975.6841       971.4276       970.3428       972.9116       976.0278
       979.9497       983.5466       986.1860       987.7064       988.7094
       989.3604       989.5780       989.8850       991.1513       992.3023
       990.9902       989.2376       989.4883       991.4980       994.4385
       997.4531      1000.7858      1002.4030      1001.6659      1001.5875
      1003.3989      1003.8929      1005.0836      1006.7704      1009.1998
      1010.2914      1009.4068      1007.3787      1007.5287      1006.4844
      1002.7344       997.5790       993.0394       991.6769       992.8933
       994.3270       994.8319       995.9141       998.2500      1002.1982
      1007.1467      1011.6633      1014.4331      1013.2516      1009.0057
      1003.7363       999.4954       997.2660       996.6630       994.7350
       990.6597       985.6629       982.8868       983.5236       985.4856
       987.2474       989.8228       991.1624       989.9130       986.6034
       982.9562       978.2753       975.3630       973.5010       973.4647
       972.8558       970.9767       969.8871       971.1627       974.7220
       978.2950       980.5449       979.2072       975.3297       972.0651
       970.2811       969.8378       971.2252       972.6817       972.5737
       972.3705       972.4699       972.7499       970.9177       970.5131
       971.3536       971.9755       972.7632       973.0181       971.6481
       968.3929       966.3897       967.3320       969.2164       973.1943
       976.7751       977.3002       975.3561       971.9360
      1006.1324      1002.6613       999.7037       995.7338       991.6923
       989.1059       987.4666       986.8458       988.3215       990.4041
       990.5582       988.1395       985.7780       983.2958       979.2532
       974.3232       970.4722       969.8519       973.5088       978.0049
       980.0057       982.0503       983.9478       985.7099       987.4238
       988.9086       990.6661       991.2841       991.9306       992.4957
       990.6906       988.8746       989.3299       991.6039       993.5799
       995.5101       997.8228       999.7085      1000.1277      1001.0750
      1003.1555      1004.8827      1006.5780      1008.3947      1011.3417
      1015.2525      1015.0244      1012.7768      1011.2811      1009.4572
      1005.4276       999.4857       994.9217       992.8302       991.6861
       990.7586       990.4780       991.6338       993.8226       997.4668
      1002.3706      1009.8850      1015.0803      1014.4860      1009.8727
      1003.4929       997.3011       994.8951       995.0770       994.8016
       992.3538       987.8655       985.2791       984.4937       985.3203
       987.3593       989.5668       991.1751       990.4136       988.1075
       983.5668       978.6450       976.7446       976.1696       975.5359
       974.3087       971.6459       970.9086       972.2844       974.3171
       976.1097       976.5981       975.3679       973.1282       969.7870
       968.5020       968.6879       968.7512       969.3846       970.6295
       970.9893       971.5632       971.7731       971.6053       972.2138
       974.1721       975.9257       977.2203       977.5898       976.1649
       972.2104       969.4677       970.3231       972.8176       975.7271
       978.6351       977.6005       973.9913       970.7086
      1004.7560      1002.2952      1000.0943       995.2343       989.1248
       984.5956       983.7642       984.5184       986.4937       988.4376
       988.4479       987.6443       986.0953       982.9956       978.1404
       973.3557       971.0517       971.7427       975.5010       980.1850
       982.7357       983.7809       984.6322       985.5196       987.2275
       989.2469       990.7755       991.3061       992.6906       992.6063
       990.2488       988.7444       989.9238       992.1701       993.2775
       993.5713       995.0208       996.4482       997.7052       999.5265
      1002.5760      1005.7927      1007.1133      1007.7311      1010.5538
      1015.0443      1017.5628      1016.5085      1013.9302      1010.2248
      1006.0633      1001.2546       996.4767       994.0554       992.4115
       990.7350       990.3803       990.5184       991.8813       993.5977
       997.8944      1006.8200      1013.2014      1013.5059      1009.4348
      1002.2561       995.1927       991.4296       992.9132       994.3555
       993.1354       990.0295       987.7007       988.0787       989.0436
       990.6262       991.5182       991.6364       990.3141       987.4596
       982.9056       978.4012       977.9000       978.7104       977.5934
       976.1552       975.2966       975.4558       975.4238       973.9689
       972.5520       971.4011       971.2354       969.7453       965.5588
       963.7158       964.4197       965.4375       966.8776       967.9196
       968.8763       969.9917       971.3432       972.5416       973.9403
       976.2043       978.7840       980.8608       981.8708       981.0026
       977.8550       974.6013       974.3151       975.8336       978.2416
       979.8012       978.4642       974.7476       972.5228
      1001.1968      1000.5449       997.7377       993.3589       987.2705
       982.2013       980.6823       982.3771       983.9821       985.6526
       986.2016       985.8138       984.9943       982.5810       977.5850
       973.7233       972.9493       974.4380       978.2405       982.9715
       986.7845       988.1103       987.4224       988.4846       989.8025
       990.8510       991.0414       992.3568       992.8049       992.3779
       990.6209       989.3839       990.6221       992.4389       992.9665
       993.5067       994.4805       995.2504       996.5580       999.3769
      1002.2792      1005.2733      1005.7170      1005.1953      1006.9501
      1011.4307      1015.0115      1015.6568      1013.4077      1009.9528
      1005.9466      1001.5663       997.0174       994.9070       993.4371
       992.8359       992.3846       991.6246       991.0070       990.8738
       995.4072      1004.3329      1011.3919      1012.1893      1007.7061
      1000.7441       992.6243       988.5953       991.3136       995.3858
       996.0300       993.1531       990.0645       990.2741       993.1320
       995.3965       995.1267       994.0981       994.0867       991.3201
       986.1313       982.7336       981.7118       982.2946       980.4241
       978.9235       979.0298       978.5016       977.2731       975.8248
       973.2191       970.8123       968.3290       964.7809       961.4376
       959.2272       959.5353       961.6262       962.9579       964.4541
       966.7119       969.4905       972.1692       974.1609       976.9683
       980.3605       982.9482       984.1144       985.4174       984.7104
       982.1253       979.8209       978.2834       978.9752       981.0872
       982.1838       981.7586       979.3488       976.7709
       998.4287       998.1388       996.4848       992.8146       987.8591
       983.4341       981.9130       982.1419       983.7912       984.8580
       984.4723       984.2234       983.1745       981.1492       979.1859
       976.9487       975.8832       977.1720       980.9106       987.3431
       992.4238       993.6782       993.5859       993.1609       993.4485
       993.6332       994.2599       994.0745       993.0129       992.6423
       992.2756       991.5044       992.1603       992.8024       992.9378
       994.3318       995.1840       995.2802       996.5718       999.1598
      1001.3386      1002.7316      1002.7560      1000.9764      1001.5388
      1005.5891      1010.9511      1013.3915      1011.7023      1008.0498
      1005.3384      1001.7125       997.5049       994.9261       993.9778
       992.9514       992.3737       990.5665       987.7896       986.9611
       991.9346      1001.5031      1009.4819      1010.3373      1005.9447
       999.6478       992.4523       988.2885       990.3903       996.6185
       999.4582       998.4516       993.2394       991.1065       994.9877
       999.1476       998.5272       997.1933       998.1871       996.6442
       992.4868       988.6957       986.5923       986.0490       984.2003
       981.6151       979.9438       977.7423       977.3568       978.6137
       977.6446       974.0478       968.7649       963.0533       959.1909
       957.7408       958.5118       959.6791       961.1613       963.1553
       966.1534       971.4286       975.1599       978.1265       981.4750
       984.6445       986.4077       986.5942       986.8741       986.4579
       984.3559       982.6780       981.5215       982.0780       983.9255
       984.8602       984.8893       982.9752       980.5163
       997.4377       998.0432       997.4568       994.7543       991.4426
       987.8319       985.2404       985.3464       986.4364       985.3852
       984.1884       983.4252       981.7919       981.4062       981.9008
       981.5753       980.9977       981.1094       985.1418       992.1566
       997.8864       999.8794       999.8513       997.3679       996.0494
       995.9772       995.5781       994.4984       993.6481       994.1819
       994.7204       994.0586       994.0140       994.0937       993.0517
       994.0870       994.9677       994.6711       995.9131       997.2581
       997.9601       998.7818       998.7249       996.9517       996.1075
      1000.8170      1007.9814      1011.0613      1008.7483      1004.9576
      1002.8987      1000.9290       997.0748       994.5385       992.8693
       991.5374       990.3034       988.5679       986.2756       985.4408
       989.1711       998.3107      1005.9591      1008.2565      1005.2791
       999.8601       994.0506       990.1223       991.3026       995.8523
      1000.7663      1000.9831       996.6221       992.0369       995.1407
      1000.4007       999.3038       996.6485       997.3287       996.7812
       994.2699       990.9538       988.8934       986.9288       984.9767
       982.0829       978.9868       977.2640       977.2696       979.0358
       981.3375       978.6572       972.2434       965.2134       960.1588
       959.4941       960.7835       962.1471       964.0098       965.2051
       968.4927       973.8944       978.8415       982.1854       984.6253
       986.3945       987.5863       988.8790       989.2222       988.4587
       986.7143       985.2591       984.0756       984.5138       986.2906
       987.0833       987.7311       986.7884       984.9136
       997.9354       999.2884       999.6685       998.1243       995.8138
       991.6686       987.5690       986.8122       986.5714       984.9464
       984.2063       983.2642       982.2562       982.1000       983.3875
       984.3633       984.6400       986.2278       990.8992       997.5001
      1002.3633      1004.2701      1002.3124      1000.4086       998.5817
       997.7872       996.3105       994.3759       994.2843       995.5095
       995.9626       995.3526       995.9869       994.7101       993.3082
       993.4218       993.8567       993.5103       993.2661       993.5499
       994.1428       994.2426       993.6078       992.4691       992.7985
       996.5447      1002.6591      1005.3319      1003.1730      1000.5059
       999.0592       998.9014       996.7936       993.4987       990.9324
       989.0147       988.0797       987.4166       986.7568       987.6698
       991.4234       996.6251      1001.8287      1004.3563      1003.7490
       999.1199       993.9191       992.1829       993.5667       996.9780
       998.4991       998.6692       996.0315       992.3791       994.1140
       997.5373       995.2548       992.0526       991.0334       991.4155
       991.0079       989.1936       987.2221       986.3173       985.9832
       984.6415       981.9267       979.8401       980.0624       981.8588
       984.0459       984.0954       978.9473       970.9381       965.8353
       964.9390       965.2562       966.5238       968.9029       970.1891
       972.8785       977.6237       981.9175       984.6039       986.6877
       988.3312       989.5868       991.2462       992.7674       992.5473
       990.6121       989.1115       988.4160       988.0844       988.2863
       989.3094       990.4874       990.5903       989.6879
       999.0184      1000.7239      1000.9125      1001.0506       999.3842
       994.6804       989.7156       986.6998       985.3253       984.6625
       984.4650       983.9784       982.6784       982.3800       984.6414
       986.2263       987.2838       990.0616       995.7798      1002.3218
      1006.4330      1006.8646      1005.0353      1003.0051      1001.9930
      1000.7881       998.9398       996.6491       996.1379       997.0344
       996.6454       996.6098       995.9406       994.4274       993.6660
       992.6970       991.3915       989.7112       988.8586       989.6729
       990.5922       990.2026       987.8693       986.2578       987.4450
       990.2523       993.4280       997.1054       997.7548       996.4048
       996.1630       996.7582       996.4907       992.9308       988.5920
       985.3245       984.7137       985.1859       985.6396       988.7829
       993.5113       997.2666       999.2921      1000.5129      1000.5367
       997.3774       993.7678       993.0452       995.7720       997.8492
       998.0674       996.7126       994.2942       993.7415       995.4829
       995.6508       992.4243       990.4933       989.9391       989.1541
       986.1709       984.5018       983.9849       985.3521       988.4133
       989.5557       987.6311       985.5757       985.1640       986.8262
       988.9351       989.9468       986.8253       980.7230       975.6871
       973.1662       971.9748       972.6481       974.2589       976.1361
       978.1666       981.6289       984.5530       986.2267       988.3349
       990.0794       991.3030       992.8631       995.1191       995.4102
       993.8555       992.7596       992.7814       992.7009       992.3259
       992.2301       992.8397       992.8006       992.6970
      1000.2777      1000.5379      1001.4345      1001.3201      1000.5786
       997.8595       993.1477       990.2184       988.2568       988.4988
       988.1789       986.6168       984.8947       985.0657       987.2556
       989.3376       991.0823       993.4098       997.8043      1004.5038
      1008.2100      1008.0536      1006.9192      1006.3726      1005.2864
      1003.8320      1001.3806       998.5096       997.6839       998.0673
       997.4962       996.0140       994.4650       993.2538       992.2266
       990.8163       988.6906       987.3948       986.7360       987.6794
       988.5739       987.4449       984.4583       981.9704       981.7458
       982.6724       985.3535       990.8734       994.3115       994.4503
       993.9891       994.9626       996.1796       993.3465       987.4929
       983.0403       981.7233       982.0590       983.2724       987.8630
       995.0719       998.8642       998.2247       998.7439       999.0417
       998.3340       997.7649       996.8945       997.8618       998.8303
       999.1370       998.2379       997.7203       997.3256       998.7284
       997.7621       994.9249       993.4733       994.7179       990.8893
       985.2853       981.7387       981.9797       984.7294       987.8503
       990.4739       990.4150       989.0235       989.4127       991.0093
       993.3163       994.3309       993.4017       988.9942       984.4550
       982.3469       980.1229       979.9639       980.4516       981.0226
       983.3795       985.4520       986.4611       986.8279       987.9991
       990.1266       991.0909       993.5591       997.1785       998.1606
       996.5912       995.5149       994.9905       996.6152       997.0275
       995.7912       994.7519       994.4310       993.5175
      1000.6777      1000.4824      1001.3740      1000.9885      1000.1080
       999.7704       998.9562       995.6778       993.8683       994.8871
       994.9778       992.0358       989.2764       988.7354       989.3956
       992.0115       993.4373       993.7389       997.4118      1002.7329
      1005.3858      1005.4304      1005.8799      1005.9135      1005.0987
      1002.7855       999.4305       996.4618       994.9562       994.6646
       993.6925       991.3782       989.9622       989.5077       988.8553
       987.3771       987.3612       987.7941       988.0596       987.8266
       987.5659       987.0986       984.9045       981.2856       979.2891
       978.2673       980.4500       985.6061       990.0769       991.1635
       990.8858       992.0624       993.6873       992.5725       988.1232
       984.0106       981.7737       981.4245       983.3146       989.3769
       997.6784      1000.7013       999.5072       998.6370       999.4507
      1001.5103      1002.3909      1001.7934       999.8289       999.1296
       997.7701       997.9242       999.2614      1000.4158      1000.3647
       998.6823       995.6376       996.0573       994.9665       991.4013
       986.3486       982.7396       982.4733       984.4467       986.2916
       988.5887       990.0740       990.3378       990.3684       991.8378
       994.5579       995.9539       995.6917       993.4704       990.8577
       988.7499       987.9735       986.6382       985.4855       984.4488
       985.8193       987.6919       987.3104       986.0716       986.6259
       987.6384       989.5668       994.1226       999.1282      1000.8871
       999.7627       997.7520       997.6988       998.5219       998.8677
       997.6667       995.5553       994.0183       993.0096
      1002.6213      1003.4634      1002.9905      1001.7586      1001.5419
      1003.1141      1002.9828       999.7198       997.1660       998.7662
       999.2928       995.5793       992.3107       989.7961       989.2289
       990.7414       990.8168       990.2379       992.2636       995.4892
       998.3439      1000.5930      1001.3937      1000.7150       999.1443
       996.7930       994.1559       991.6512       988.6884       987.6725
       985.8737       984.4046       984.2826       984.4768       984.0800
       983.5910       985.2476       987.8978       988.6459       987.2998
       986.4018       986.1382       983.8495       980.2325       977.8587
       976.9526       976.9237       981.0989       985.5475       987.1458
       987.9112       988.9868       990.0356       990.7941       990.0869
       987.6167       985.1511       984.7264       988.1011       993.8861
      1000.2402      1002.7787      1002.3824      1003.5296      1004.4868
      1004.6967      1004.2758      1003.1912      1000.9981       998.1362
       996.6237       997.2432       999.4503      1001.0457      1001.0443
       999.0760       997.6000       994.6674       990.9819       987.4163
       984.3217       981.0233       981.4523       983.3973       985.4033
       987.4721       990.0956       991.2880       990.2858       990.1338
       992.4131       995.3888       997.2003       997.1371       995.1002
       992.9450       990.5287       987.7878       985.0425       983.6853
       985.3478       989.0328       989.2460       987.6741       986.1553
       986.8208       990.1461       994.7657       999.3391      1001.2729
      1000.8458      1000.2141      1000.6566      1000.5460       998.1588
       996.4191       994.2858       992.8032       992.0815
      1005.5364      1005.8074      1004.6382      1004.0995      1004.7137
      1005.4570      1004.5839      1001.1820       998.2403       999.0054
       998.1606       994.3665       991.3257       989.3088       988.5596
       988.0798       987.0027       985.7923       985.9672       988.1373
       991.3353       995.0094       996.8024       995.2723       992.6159
       990.6126       990.5563       988.6832       984.9883       982.5712
       981.2734       979.6119       979.2869       979.8908       979.9750
       980.6114       982.7858       986.6149       988.3635       986.8823
       984.5977       981.8815       980.0245       978.0855       977.8962
       976.6683       975.8236       978.4710       982.7404       985.6705
       986.9987       988.1347       989.1119       991.0451       993.0179
       992.2120       989.7000       989.9469       994.0732       999.2209
      1002.7639      1005.7010      1008.3306      1011.2321      1012.6265
      1010.7561      1007.4210      1004.9407      1002.4126       999.8187
       999.0092       999.7598      1001.1734      1001.8917      1002.4480
      1002.6297       999.3239       993.8433       987.4715       983.7745
       981.2934       979.6675       981.4675       984.4520       986.3513
       988.7103       990.5718       991.3523       990.2325       989.0881
       991.1512       995.3822       999.7521      1000.7173       998.5635
       995.7728       990.2535       985.9895       984.6422       984.6268
       986.8138       991.5296       994.4633       992.5648       990.4521
       991.4158       993.9897       996.9420       998.4766       999.1909
      1000.1223      1001.7240      1003.3886      1001.6078       997.5900
       994.2490       992.8120       991.5988       991.9657
      1006.0503      1005.0851      1003.9660      1004.6157      1005.2167
      1004.2083      1002.7228      1000.8415       998.4255       996.6356
       994.2280       990.3451       989.1510       989.3605       989.2156
       988.6917       986.5988       984.2031       983.0715       984.7801
       988.1594       991.8696       993.9056       992.3676       988.8182
       986.7832       986.8238       986.0923       983.3732       981.2159
       979.1165       976.9395       975.7991       976.0540       976.9205
       978.1015       981.1622       984.4232       986.0908       985.5619
       982.6708       979.5311       977.7267       978.0480       977.9297
       977.5687       976.2773       978.5122       983.0197       985.3997
       986.3454       987.2501       989.1281       991.5678       993.8546
       994.2986       993.4824       993.6128       996.1248      1000.0492
      1004.9237      1009.2220      1013.1463      1016.6458      1018.4492
      1016.8023      1012.7112      1008.4167      1006.1049      1004.1953
      1003.6631      1006.0877      1007.9650      1007.7233      1007.5545
      1006.1769      1000.0121       991.4501       986.0681       984.6642
       984.1953       984.2706       986.9963       989.8277       990.0330
       990.5679       991.8714       991.7191       990.4882       989.6459
       991.5476       996.4643      1000.0988      1001.1173      1000.8397
       998.7248       994.8342       991.4371       990.2174       989.4145
       989.7796       993.1874       997.2194       997.3481       996.2465
       997.3866       999.7902      1000.8810       999.7545       998.7360
      1000.4869      1003.5322      1003.7161      1000.6746       996.2024
       993.3959       991.9351       991.5790       992.2599
      1004.6349      1003.4852      1001.8614      1001.4979      1001.7087
      1000.8042       998.9917       998.2805       997.3630       994.4387
       991.3428       989.6877       989.9255       990.4816       990.8865
       990.7437       988.6660       985.4987       983.6119       984.8056
       987.8344       991.0635       993.0233       991.1138       986.8254
       983.4116       982.6754       981.8547       980.4128       978.4234
       976.7820       975.0341       974.3545       974.5341       974.9969
       976.2092       978.4077       980.8525       981.8879       982.3603
       980.6351       978.3463       978.3144       978.6573       978.3557
       978.5690       978.8589       980.8740       984.0065       985.0188
       985.2758       985.8682       987.2919       989.7729       992.7659
       994.3376       994.1940       994.1907       995.0624       998.6405
      1004.3013      1010.0591      1015.3568      1018.9236      1019.5447
      1018.8510      1016.5085      1012.3805      1007.8419      1004.3513
      1006.3560      1014.7458      1018.3421      1014.7446      1011.0585
      1006.5796       999.2550       991.6996       987.8183       988.9380
       991.4182       993.4491       994.2323       994.6354       994.5461
       993.1733       992.3366       992.0838       990.8862       991.4661
       993.9881       996.7926       998.7512       999.4907      1000.2587
      1000.6804       999.4256       997.4930       995.4921       993.2479
       991.2483       992.0283       994.9915       997.5819       999.0085
      1001.0055      1005.0156      1007.0914      1004.8196      1002.4475
      1003.6860      1005.1996      1003.5063       999.5491       995.8431
       993.4439       992.2838       992.2115       992.3745
      1002.2346      1001.8165       999.9344       998.4322       997.6700
       997.6115       996.0730       995.4368       996.0023       994.2083
       992.2755       991.8674       991.5729       991.5034       991.4272
       991.6661       989.5508       986.7311       985.7919       987.4144
       989.0955       991.1600       992.6170       990.2454       985.1409
       981.6264       980.0676       979.9592       978.5126       976.5859
       975.3990       974.4413       973.7437       974.0900       974.3440
       974.5035       976.3511       977.9337       978.8299       978.9991
       978.0812       977.4054       978.6870       979.7604       980.9254
       981.5169       982.0238       984.0870       985.3226       985.2009
       985.1259       985.6855       986.5521       989.8318       993.0698
       994.0607       994.3574       994.5184       994.4149       996.9887
      1002.9848      1008.4478      1013.8701      1016.5731      1016.8930
      1017.3011      1016.2693      1013.2923      1007.7610      1002.8837
      1004.7897      1012.6833      1017.0908      1014.2819      1009.6503
      1004.7451       999.4525       994.6880       993.3310       994.8342
       998.9419      1000.8779       999.3252       998.7985       998.0887
       995.3144       992.7145       992.1564       992.7987       994.8666
       996.6651       997.4677       998.5297       999.1618       998.8014
       999.0716      1000.0527       999.4290       997.3497       994.6248
       992.5236       992.9484       995.5203       998.6058      1001.2764
      1004.6536      1009.7451      1012.8450      1010.8527      1007.6667
      1006.8710      1005.8861      1003.3669       999.6022       997.1618
       994.8262       993.1428       992.6785       992.4276
       999.8971       999.3028       998.4194       996.5635       996.4167
       996.1173       994.5107       994.4247       995.2745       994.7428
       993.6357       993.3715       992.0100       990.1160       990.8119
       991.1559       989.0297       986.9216       987.6081       989.5957
       990.6037       991.6182       992.5337       990.1271       985.4182
       981.1796       979.0513       978.4187       977.8602       976.8400
       976.9038       974.7239       972.4183       972.9072       973.5856
       974.6976       976.3309       977.4510       977.3397       977.3967
       977.6371       977.8609       978.9713       981.0728       983.8561
       984.8760       984.8763       985.4012       986.7803       987.1381
       986.5565       987.1942       989.3154       992.7175       995.3837
       996.3673       996.9361       996.7358       995.9092       997.0267
       999.9999      1005.2023      1009.3581      1010.7870      1012.3803
      1014.6924      1014.2740      1011.8837      1008.4408      1004.4093
      1004.4118      1008.7455      1011.2923      1010.2357      1008.3851
      1004.7190      1001.0434       999.5320       998.9709       999.9742
      1002.6013      1004.4417      1003.8502      1002.7465      1000.3864
       996.2797       993.7299       993.2223       994.3915       996.4471
       997.8602       998.1529       998.9885       999.4285       998.2490
       998.0488       999.7557      1000.2438       998.9413       997.1558
       997.1813       999.4367      1002.7850      1005.9044      1008.3483
      1010.8764      1014.6478      1016.9000      1014.2108      1010.8323
      1007.7684      1005.0287      1002.3182       999.4294       997.2090
       995.3811       994.6184       993.9832       992.0328
       996.7564       996.2477       995.6438       995.2201       995.9798
       996.9154       995.6688       994.7999       994.9705       994.1830
       993.1183       992.7857       991.1154       989.4051       989.9049
       990.6061       989.5072       987.7041       988.0841       990.2368
       991.3973       992.3143       992.6190       991.4738       987.3620
       981.4903       977.6121       976.5991       976.6135       977.8850
       977.9824       975.0715       971.9802       972.3181       973.0471
       973.0876       974.4070       975.7872       976.6345       977.2393
       977.8386       977.8902       978.4227       981.1044       985.0960
       986.8997       985.9720       985.9860       988.5143       989.8767
       990.3396       991.6078       994.5207       997.5759       999.5492
      1000.0433      1001.0538      1001.1825      1001.3062      1000.8110
      1001.3642      1004.4933      1007.1885      1008.5527      1011.5081
      1013.7618      1014.2499      1013.1302      1010.0042      1007.5007
      1006.9892      1009.2889      1010.4688      1010.2494      1010.4146
      1009.8774      1008.4095      1007.5618      1006.0184      1005.0629
      1005.8214      1006.1329      1004.8390      1003.2938       999.5715
       995.7163       994.0571       992.6235       992.9193       995.0907
       997.4707       997.7993       998.4668       998.5524       998.3815
       998.8433      1000.0718      1001.2015      1001.1435      1001.9894
      1004.0452      1007.5913      1011.3080      1014.0522      1015.6967
      1016.6998      1018.0372      1018.2204      1014.8667      1010.2968
      1006.3240      1003.3472      1000.9742       998.6621       996.5405
       995.1181       995.6272       995.0625       991.9454
       993.2254       992.0110       992.2050       993.9597       996.5928
       998.3524       998.1281       995.5542       994.1782       993.3940
       992.4431       992.0943       991.4133       990.3843       990.8678
       991.2536       989.8117       989.1234       989.8829       991.6006
       993.7341       994.0956       993.5414       992.3626       988.2503
       981.9128       978.3055       976.8685       977.0240       977.6832
       977.0862       974.3871       972.2717       973.0161       973.2813
       971.8315       971.6270       973.4651       974.9269       976.3778
       976.4872       975.6050       976.1396       979.3530       983.2013
       985.7694       986.6974       988.2375       991.8340       994.6164
       995.7159       997.3223       999.9757      1002.5019      1003.8690
      1004.6940      1005.0254      1006.7458      1008.0342      1009.6560
      1011.0684      1011.4484      1010.4142      1010.8190      1012.4985
      1014.2444      1015.1743      1014.6193      1012.5917      1010.3309
      1010.5795      1011.4485      1012.1361      1012.7805      1015.3995
      1018.0250      1018.3853      1016.7955      1013.7760      1010.0770
      1006.8208      1003.1783       999.9033       997.4442       995.3727
       994.3354       993.3028       991.3395       991.2100       993.3832
       995.5776       996.8615       997.2863       997.7871       997.6942
       999.3479      1001.1988      1001.9314      1002.8914      1005.1739
      1008.1075      1010.7276      1014.2941      1016.9667      1018.4992
      1018.9512      1018.3718      1016.0587      1011.9756      1007.5073
      1003.5035      1000.3954       999.0276       997.3068       995.7480
       995.6872       996.0491       995.2966       991.9975
       990.3012       989.4811       990.5166       994.0007       997.0965
       999.4466       998.4485       995.9806       994.9119       994.4443
       992.7876       993.4408       993.8285       992.3481       992.1465
       991.2151       990.0975       990.5375       991.8978       994.2954
       996.7805       997.7257       996.2880       993.2885       988.8353
       985.1686       981.7253       979.1150       976.7999       974.9406
       974.7189       973.2839       973.1317       974.1594       975.7814
       974.8966       973.4688       973.6309       974.8058       975.8064
       975.3462       973.7383       974.0106       976.5898       980.0920
       983.6263       986.3878       990.2936       995.7615       999.6625
      1001.0110      1001.6625      1002.3840      1003.9687      1005.5139
      1006.1032      1007.7306      1010.0389      1012.8228      1016.1243
      1019.5140      1019.8055      1017.4580      1016.3550      1015.9473
      1015.6606      1016.6085      1016.5787      1014.5132      1013.3984
      1014.3437      1014.9736      1015.9275      1017.7932      1020.9466
      1024.2371      1024.0441      1020.2988      1015.0955      1008.6173
      1001.5113       995.4796       992.5172       992.2225       993.4363
       994.0280       993.1425       991.9329       991.0388       992.2616
       994.2105       996.2590       997.7474       997.4714       997.0953
       998.4485      1000.6452      1002.4003      1003.6456      1004.9713
      1006.6288      1008.9278      1012.0095      1015.4280      1016.9449
      1016.4147      1014.7880      1011.7158      1007.9801      1004.4851
      1000.1086       997.7062       997.4503       996.3648       995.3542
       995.2664       995.5162       994.7365       992.8503
       989.5123       989.2239       990.9363       993.8335       996.8547
       998.1135       997.2062       995.6100       996.2397       996.2246
       995.0293       994.9543       994.9629       993.3527       991.0065
       989.4399       988.7741       990.0025       992.6053       995.8605
       999.3809      1000.7868       998.9677       995.5533       992.4179
       989.5942       986.1013       981.0266       975.8695       972.4537
       972.6791       974.1227       975.5137       977.0721       978.4630
       978.1998       976.1561       975.3645       976.0657       976.5804
       975.2122       974.0790       974.5089       976.7581       979.2637
       982.2163       986.0602       991.4080       997.8619      1002.2482
      1003.6766      1003.6903      1002.9847      1002.9556      1003.8251
      1004.3467      1006.7493      1010.8323      1014.2146      1017.5250
      1021.1360      1023.2668      1021.9890      1021.0913      1021.0859
      1020.5016      1020.4641      1019.1264      1017.1379      1017.3380
      1018.8582      1020.6032      1021.7692      1023.7733      1025.4137
      1025.9541      1024.1614      1019.1903      1012.4953      1004.4233
       996.2899       990.2040       988.3586       990.7648       993.3920
       994.3081       994.2408       993.7213       993.3774       993.1060
       993.7936       996.2299       998.8570       998.5576       997.2195
       997.9150       999.7861      1001.7495      1003.6470      1003.8736
      1004.5247      1006.3867      1009.2888      1012.6617      1013.0694
      1011.1313      1009.6317      1007.4897      1005.5254      1001.6264
       997.5416       996.6073       996.3358       995.5336       994.7977
       993.6419       992.8188       992.5419       993.5959
       988.6130       989.9965       991.2313       992.6987       995.1838
       996.1492       994.3456       993.7657       995.7791       997.6779
       996.8736       995.1148       994.0979       992.2143       989.2991
       986.7839       986.5652       988.2410       992.0063       996.0154
      1000.2090      1002.4039      1001.1639       998.9484       996.5936
       993.0900       988.7003       983.7892       977.5590       974.1047
       974.1071       976.4888       979.1442       980.8785       981.2902
       980.0308       977.5229       976.0103       976.4249       976.4583
       975.8039       975.7651       977.3767       978.5285       979.8678
       982.4908       986.9204       992.6874       998.5773      1002.5410
      1004.0154      1003.1533      1001.1552      1001.4457      1002.0653
      1002.9803      1005.5440      1008.7740      1013.2587      1016.9362
      1019.2521      1020.2912      1020.9073      1020.9830      1022.0287
      1022.8323      1022.4199      1020.9108      1019.6854      1021.3265
      1024.6046      1027.1882      1028.6207      1028.6432      1027.8071
      1025.5869      1021.5179      1016.5880      1009.6216      1001.4871
       993.8259       988.6025       987.0364       989.1577       992.6730
       994.9213       995.8125       995.8856       995.8174       995.6334
       995.2696       996.9237       999.7956      1000.1227       998.1327
       997.7200       999.1568      1001.3469      1003.1872      1003.8340
      1003.9955      1005.2391      1007.6123      1009.8996      1009.8213
      1007.7103      1005.2976      1004.0751      1002.4117       998.9281
       995.5580       993.5956       992.8427       992.9169       992.7510
       991.6542       990.3557       990.1630       991.4596
       987.8587       989.1616       990.3440       991.7693       994.5715
       994.8259       992.3646       992.4022       995.1796       997.4542
       996.9881       994.1731       992.2791       990.9525       988.9756
       986.9138       985.6305       987.4194       991.0171       995.6177
      1000.0585      1002.7114      1002.6668      1001.0137       998.7708
       994.4607       990.5493       987.4093       982.1698       977.6831
       977.8796       979.8204       981.5336       983.5953       983.9869
       982.3004       979.8135       976.9371       976.0872       976.6466
       977.0642       978.7955       980.3307       980.2916       981.1989
       984.1837       988.1708       993.1084       997.7796      1001.2571
      1002.7839      1001.3327       999.6163       999.4285      1000.8181
      1003.0748      1004.9173      1007.8377      1011.0696      1013.5316
      1014.2631      1014.6793      1015.7604      1017.7167      1019.6409
      1021.0068      1020.6776      1019.8734      1020.7404      1024.7351
      1029.8427      1032.3401      1032.8639      1032.0022      1029.7343
      1024.9741      1019.1195      1013.2838      1006.1738       998.0588
       991.6276       987.7126       986.5095       988.2470       991.6025
       995.1704       997.1079       997.3329       997.4258       997.4793
       997.2307       997.8440       999.8271      1000.5847       998.9513
       997.9606       999.0668      1001.0432      1002.4744      1003.3004
      1003.8059      1005.2313      1007.2126      1007.5825      1006.8539
      1005.3377      1003.0319      1000.4437       998.3136       996.5568
       993.7449       990.8096       989.0042       989.6500       990.2126
       990.3746       989.8163       988.8033       988.3705
       988.0100       988.4756       989.3365       991.6268       994.5359
       995.2065       993.7750       993.6383       995.3355       997.6552
       996.4244       992.6281       990.0367       989.9877       989.5059
       987.7765       987.1620       987.4426       990.2020       994.7321
       998.7827      1000.8817      1001.1227      1000.4240       998.5610
       995.2352       993.2330       991.5190       986.5650       981.4035
       981.2695       982.5896       982.9956       984.8680       985.8767
       984.3553       982.5322       980.4700       979.2651       979.0723
       979.3891       981.3458       982.3219       982.9005       984.7174
       986.6938       989.3650       991.9820       994.4681       998.4357
      1001.3789      1000.7466       998.3005       998.1024      1000.9347
      1003.3572      1004.5260      1006.4124      1008.1653      1008.6525
      1008.6870      1009.7231      1011.6985      1013.8434      1017.0595
      1019.1264      1019.9854      1020.3979      1022.0699      1026.9448
      1031.5469      1034.1230      1034.4772      1033.4421      1031.5433
      1026.8573      1019.9578      1012.6646      1004.7076       996.7145
       990.2510       986.6754       985.8607       986.9793       990.0534
       993.6168       995.8758       996.8098       998.0458       998.3659
       997.7935       997.7886       998.6212       999.4021       999.1125
       998.9233      1000.3837      1002.1579      1002.8839      1003.1921
      1004.3019      1006.3388      1007.2147      1006.1978      1004.6335
      1003.1308      1001.4282       998.2757       995.6990       994.5419
       992.7944       989.9805       987.9124       987.8620       989.1259
       989.4412       988.8778       987.9730       987.3077
       988.6907       989.5209       990.0767       991.4331       994.0411
       995.6917       995.0715       994.0420       994.9565       996.3459
       994.2521       989.6113       987.8627       989.4993       991.0790
       990.1011       988.6003       989.0334       990.0342       992.8620
       995.8221       997.5915       998.4761       997.7578       995.5863
       994.6178       995.4863       995.3693       990.4861       985.2040
       983.7563       983.4963       984.4174       986.1882       987.2252
       987.1575       986.5292       986.5845       986.0123       984.2648
       982.8167       982.7026       983.2798       985.0593       987.6388
       988.7785       989.9985       991.0070       992.3628       996.1870
       999.6992       999.1500       996.9295       996.7930      1000.1990
      1002.8751      1003.1212      1002.6432      1003.1241      1003.7499
      1004.4710      1005.9264      1007.5911      1010.7046      1014.5644
      1017.8795      1020.3055      1022.4702      1024.9989      1028.1637
      1031.9156      1034.5051      1035.7213      1035.3293      1033.8595
      1030.8287      1023.9681      1015.2370      1006.6063       997.8810
       990.8749       986.5226       984.7003       985.3932       987.9088
       991.0490       993.5029       996.1318       998.9124       999.6177
       997.8707       997.2913       997.4668       997.5377       998.6968
      1000.5241      1002.1055      1003.6280      1003.8907      1003.8702
      1005.7181      1007.0876      1007.2431      1005.5087      1002.7716
      1001.4515      1000.0693       997.1453       994.3560       993.4741
       992.2598       990.8645       988.2345       987.6351       988.9547
       988.0573       986.9931       987.0626       987.1368
       989.3600       990.0482       990.5598       990.9605       992.5153
       994.4140       994.1667       992.7766       993.0059       992.7416
       989.6985       986.9303       987.6385       991.5839       993.8550
       992.5883       990.9922       990.2466       990.1734       990.7677
       992.3112       993.7599       994.9291       994.1794       991.1720
       992.2070       996.2589       996.7411       992.1643       987.0721
       985.0161       984.1717       985.0814       987.7765       989.3400
       990.3325       990.4871       990.8110       990.8975       988.8672
       986.1494       983.9467       983.2863       984.8367       986.9763
       988.4333       989.9103       991.8476       993.8404       996.2338
       998.2249       997.9142       995.9135       995.3835       997.9564
      1001.1451      1001.9455      1000.3687       999.8068      1000.3960
      1000.9437      1002.2955      1004.9841      1009.2553      1013.1013
      1016.6388      1021.0620      1025.1957      1027.9608      1030.5283
      1033.6740      1036.2725      1038.2603      1037.5168      1036.5863
      1034.8539      1028.0443      1018.7961      1009.3029      1000.3597
       993.0500       988.0512       985.3508       984.9078       986.6164
       989.4585       993.2476       997.8617      1001.4949      1000.9783
       998.5837       997.4776       997.2592       997.4207       999.0197
      1001.6315      1003.1470      1003.6672      1004.3167      1004.8343
      1006.0645      1007.4481      1007.4833      1005.4508      1002.3081
      1001.1765       999.8315       995.9182       994.0981       992.7028
       992.6763       991.3832       988.8623       987.3584       987.4810
       986.4092       985.0911       985.4287       986.5396
       988.0616       988.9153       989.0320       989.2863       990.9882
       993.6099       993.3303       991.6072       991.6518       991.5106
       989.2750       987.1192       988.7731       992.6378       995.0832
       993.9153       991.1639       989.9933       989.4940       988.4511
       988.2344       988.9827       989.9111       989.4415       988.6025
       991.8196       996.2388       996.8848       992.2589       987.5158
       986.7064       986.6102       987.3821       989.3275       990.6699
       991.6881       991.6126       991.9752       991.6506       989.8557
       987.0060       984.3088       982.8254       982.6252       983.6707
       986.0314       989.8881       993.9830       995.4259       996.2883
       997.4425       997.9645       996.9288       996.6047       997.7284
      1000.0240      1001.7928      1001.1686       999.6820      1000.1332
      1000.9114      1002.1218      1006.3075      1010.8384      1014.1964
      1017.8696      1022.5834      1027.3094      1030.6272      1033.0176
      1036.0782      1039.2485      1039.9856      1038.8623      1038.4199
      1037.9019      1032.7788      1023.1336      1012.5859      1003.1124
       995.7010       990.5018       987.1370       986.3469       987.5320
       990.4575       995.8393      1002.0485      1004.7346      1002.4432
       999.8391       998.8204       997.9350       998.2659       999.5186
      1001.8481      1003.9138      1004.8883      1005.3370      1005.6846
      1006.0626      1006.7619      1006.3540      1004.8044      1003.8329
      1003.8522      1002.0663       997.7582       993.7269       992.7108
       991.7111       991.0647       988.4850       986.5201       986.2284
       984.8960       982.6425       983.1122       985.9670
       985.9051       986.7074       986.9720       987.1672       989.4808
       991.7416       991.6814       990.4693       991.6206       992.7100
       991.6473       988.9454       988.9864       991.8513       993.9294
       993.0928       990.2116       988.4349       988.5632       986.8687
       984.8320       984.1203       985.4584       986.2426       987.8409
       992.1414       996.1661       996.6639       994.0961       991.8365
       992.0045       991.2932       990.6022       991.0122       991.4567
       990.6661       990.9702       991.2130       989.7632       987.4176
       986.0175       984.7869       983.0101       981.3974       981.7200
       984.7532       989.4183       993.4031       994.7981       993.9290
       995.9352       998.6311       999.5989      1000.4381      1000.4559
      1000.0786      1001.7063      1002.8398      1001.9602      1001.5247
      1002.5115      1004.6116      1008.5676      1012.8040      1015.7396
      1019.0125      1023.7108      1028.5074      1032.5443      1035.5797
      1037.4147      1039.0651      1039.2457      1038.5676      1039.4539
      1039.8657      1036.4640      1027.8867      1017.0865      1006.8279
       998.8557       993.5545       990.5430       989.9557       991.1248
       994.3394       999.9811      1005.6009      1006.9593      1004.1722
      1001.7383      1000.4108       999.5306       999.3865      1000.2847
      1002.3222      1005.1858      1007.2087      1007.4624      1006.7590
      1005.8062      1005.0878      1003.9124      1003.6646      1005.1891
      1006.6755      1005.5563      1000.8893       995.8616       992.7712
       991.6274       990.6233       988.1310       986.0656       986.7123
       986.3894       983.0632       981.9891       984.8387
       982.3792       983.2996       984.8043       986.3266       987.8757
       989.1328       989.4424       990.8306       992.2726       993.5593
       991.6979       989.1813       988.4472       990.1013       992.3182
       992.2808       989.8011       988.4756       988.0983       987.0627
       983.9449       982.0503       982.2795       984.9295       988.3766
       991.9548       995.4362       997.0945       996.9464       997.0748
       996.6599       994.8247       992.4826       991.6439       990.9470
       990.7046       990.6122       989.2224       986.4979       984.5332
       984.5748       984.6847       984.5442       983.3181       983.0372
       985.9527       989.9724       992.6084       992.5768       992.8337
       996.4815      1000.3513      1002.2600      1002.5983      1001.8571
      1000.9674      1002.3886      1004.6788      1005.4741      1004.3801
      1004.1848      1006.1341      1009.4976      1013.3187      1016.4448
      1019.9473      1024.3002      1029.8417      1034.8943      1037.5663
      1037.2568      1036.8513      1037.8296      1038.1531      1039.3004
      1040.3802      1038.2830      1031.5808      1021.4949      1011.4774
      1003.8574       998.9103       996.8164       996.5409       997.5764
      1000.2825      1003.7380      1006.5432      1006.7118      1004.7043
      1003.5942      1002.9953      1002.1315      1001.6918      1002.4367
      1004.5679      1008.0057      1009.8483      1009.3798      1007.3838
      1005.6217      1003.8283      1002.2480      1002.7311      1005.7085
      1007.5607      1006.7777      1002.7630       997.8690       995.3596
       993.4271       991.5356       989.1131       987.1735       987.4371
       987.9822       985.5189       983.7385       984.3542
       979.9348       981.0970       983.9212       986.4774       987.6947
       987.8199       989.3419       991.7043       993.6571       993.2826
       991.3790       989.2925       988.4477       989.3695       991.3018
       991.7747       990.8632       989.8915       988.7729       987.2268
       984.5184       981.8617       981.9816       985.6208       989.6245
       993.0399       995.6869       997.0770       996.9476       997.2151
       996.7089       993.9391       991.7225       991.6549       991.2563
       991.1680       991.0672       988.4444       983.8580       981.6978
       982.5627       983.3243       983.8248       984.9453       985.5529
       988.4907       992.4012       993.6284       993.0521       994.4318
       997.9131      1001.7245      1003.3811      1003.1431      1002.0580
      1002.6402      1003.9724      1006.6567      1008.4987      1007.7375
      1007.0941      1008.1252      1011.0223      1014.5997      1018.0159
      1021.4799      1026.0203      1031.2776      1035.4937      1037.0740
      1036.6256      1036.2695      1037.6089      1038.6660      1039.7748
      1040.8693      1039.4628      1033.8853      1024.5878      1015.7733
      1009.7431      1006.5052      1005.2585      1004.9094      1005.4724
      1005.8973      1006.1519      1006.9993      1006.5720      1005.3199
      1005.7716      1005.0072      1003.3681      1003.3832      1004.4484
      1007.0796      1009.5972      1010.6415      1009.7592      1007.8253
      1005.4420      1003.4324      1001.2427      1002.2938      1005.9972
      1007.4175      1005.6685      1002.6097       999.1305       997.1737
       995.2732       992.4622       990.6139       988.7238       987.6570
       987.4203       987.5735       987.0033       986.3198
       980.6548       982.9990       984.5160       985.7663       986.8507
       987.7148       989.1593       992.0151       993.2936       992.4951
       991.9502       991.6489       990.7478       990.6918       991.2129
       991.1110       990.7933       989.9003       988.8259       987.9045
       985.4512       982.6318       983.8311       987.2195       991.1110
       993.5195       995.4610       995.3245       995.2665       994.9742
       993.5148       990.8826       990.2296       990.9586       991.7990
       992.1591       991.0523       987.3979       983.3787       981.5017
       981.5569       981.7393       982.2815       983.3156       985.2728
       988.9407       993.0248       994.1481       994.7868       996.0610
       997.8962      1000.0405      1002.6195      1003.1664      1003.2153
      1005.0587      1007.4744      1009.8047      1011.6437      1011.6005
      1011.3939      1011.7847      1013.5818      1017.2845      1020.4587
      1023.2556      1027.3612      1031.1892      1033.9731      1035.8743
      1035.5067      1035.4178      1036.5364      1038.5122      1040.4739
      1041.2201      1039.3572      1033.8101      1024.8110      1017.5314
      1014.4146      1013.5292      1013.4357      1012.5361      1010.3828
      1008.9144      1007.7198      1007.5750      1007.6308      1008.2134
      1007.5857      1005.2767      1003.2338      1003.2402      1005.1488
      1006.6150      1007.4865      1007.6398      1007.3476      1006.2558
      1004.6541      1002.7391      1000.7994      1002.2293      1005.3295
      1006.0721      1005.0839      1001.8339       998.2253       996.7546
       995.1470       992.8191       990.6729       988.6414       986.9490
       986.9368       988.6594       989.8445       989.8266
       983.2869       984.4452       984.1154       983.7194       984.5162
       986.9035       989.7167       991.7987       992.8403       993.0421
       993.9270       994.6672       994.0959       992.5793       990.9424
       989.4535       989.1231       989.0316       988.8732       988.1192
       985.2340       983.4785       984.4257       987.5649       990.6112
       993.6854       994.7146       993.9861       992.9013       992.3607
       990.3325       988.1605       988.4016       989.2262       991.0580
       992.2290       990.6888       987.4080       985.0080       983.9674
       982.3193       980.7915       980.9740       981.4774       982.9001
       986.0267       989.5984       992.5788       994.1289       995.8783
       997.6104       999.6584      1002.5801      1005.1391      1006.5306
      1008.5778      1011.6528      1014.3347      1015.5164      1015.1469
      1014.6110      1014.6515      1016.2326      1019.7405      1022.6179
      1024.6854      1026.9686      1030.0006      1032.4985      1034.2316
      1035.1992      1034.5027      1034.5839      1036.5322      1038.7552
      1039.4225      1036.7432      1029.7961      1021.3286      1016.4337
      1016.4156      1017.9143      1018.3930      1016.7063      1013.3309
      1010.5177      1008.9775      1008.3163      1009.3696      1009.6859
      1008.8303      1005.8874      1003.6404      1003.6563      1004.9665
      1005.5333      1004.9418      1004.6589      1004.6970      1004.2700
      1003.5703      1002.1290      1000.9954      1001.4523      1004.2422
      1004.9697      1004.0521      1001.4263       997.2073       994.8865
       993.8025       991.5997       989.6177       987.8056       986.9528
       987.7552       989.8951       991.8816       992.2297
       986.5383       985.9120       985.1753       983.8405       983.7656
       986.1301       989.9382       992.6172       993.0420       993.9071
       996.2831       996.6026       995.4656       994.4666       992.0919
       989.3493       988.1800       988.6154       989.3507       987.8673
       984.8053       982.4684       983.5429       986.1524       989.0539
       992.4089       994.0899       993.0630       990.8682       990.2708
       989.0948       988.2429       988.6049       989.0931       990.7142
       991.9946       990.6572       989.7443       988.2383       985.6813
       982.4332       980.9474       980.4408       980.8470       982.8158
       984.5862       986.1669       988.9435       991.7426       995.0389
       999.2620      1003.4581      1005.7587      1008.6284      1010.2198
      1011.7702      1014.8586      1017.5889      1018.3232      1017.7274
      1016.9917      1016.9387      1018.9640      1021.9722      1024.1749
      1024.8539      1026.5032      1029.2704      1032.0623      1033.9069
      1035.0662      1034.3378      1033.0461      1033.9135      1034.7769
      1034.1123      1031.7042      1024.9996      1018.1810      1016.0803
      1018.1516      1020.2362      1020.1082      1018.5239      1016.0847
      1012.9496      1010.4629      1009.4206      1009.2191      1010.5319
      1009.7640      1007.1347      1004.8318      1003.9083      1004.7097
      1005.2234      1004.9016      1004.1817      1004.0262      1004.6185
      1003.9807      1002.3258      1000.8679      1000.7928      1002.5862
      1003.8438      1003.0708      1000.6583       997.3196       994.7388
       992.0022       989.9048       988.6184       987.9174       988.3083
       990.7747       993.3438       994.4203       994.2636
       988.0696       988.0325       987.2280       986.6781       985.9548
       987.1658       989.6052       992.1938       993.1992       994.7394
       996.1175       996.4980       997.6407       997.1303       994.1284
       990.6693       989.4764       989.4139       989.4414       988.0266
       984.7513       983.3172       984.1708       985.7826       988.0948
       990.6230       992.5084       992.0906       990.3517       989.3873
       989.6500       989.7778       989.9694       990.2302       990.3798
       991.2237       991.4434       990.8371       989.7120       985.4026
       982.3671       981.5222       981.0648       981.9273       984.6624
       985.5589       985.3153       986.6869       991.4044       996.0696
      1001.4475      1006.1312      1009.4582      1011.4926      1012.5959
      1013.3372      1016.5650      1019.9743      1021.4391      1020.4080
      1020.1255      1020.8334      1021.9101      1023.4496      1024.0233
      1025.1169      1026.9478      1029.5156      1031.9409      1033.4414
      1034.3096      1033.5095      1031.8188      1031.4437      1030.3931
      1028.6670      1026.6200      1023.2990      1020.1028      1019.0734
      1019.9803      1021.0087      1021.0392      1020.9932      1018.9077
      1015.4658      1012.6804      1009.9763      1008.9298      1009.8564
      1009.8472      1007.8478      1005.5628      1005.0117      1005.3532
      1005.9944      1005.4164      1004.9611      1004.9597      1005.6571
      1005.0286      1002.5677      1000.3690       999.8142      1000.8946
      1002.4656      1002.6379      1000.8823       998.4752       996.4280
       993.6976       991.3580       989.7219       988.7583       990.7841
       995.0176       998.0809       998.2891       996.8629
       986.5156       986.5616       987.2769       986.9903       986.6462
       987.7218       990.0493       991.8520       993.8748       995.2306
       996.0797       997.2969       998.8997       998.6304       994.0131
       990.6980       990.2054       990.9722       990.6149       988.0886
       985.9834       985.5338       986.7911       988.8664       989.9118
       990.4792       990.6793       990.6002       989.0217       987.8020
       988.6785       988.8488       989.0425       989.2473       989.2154
       989.9806       991.1024       991.1544       988.9550       985.1651
       982.7576       981.8927       982.2183       983.9066       984.9512
       985.3737       985.1091       987.4869       992.0378       997.4955
      1002.9641      1007.3781      1010.6611      1013.4388      1014.1820
      1014.6371      1018.0228      1022.9070      1025.2717      1025.0736
      1024.2338      1022.9987      1022.7408      1022.3890      1022.1963
      1023.7570      1027.6703      1029.8816      1029.9327      1030.5240
      1031.6621      1031.1132      1030.2177      1029.6031      1027.7637
      1024.5632      1023.1835      1022.8114      1022.0825      1021.3239
      1019.9438      1020.3486      1022.1218      1022.3464      1020.2894
      1016.7993      1013.3398      1010.3450      1008.3611      1007.9738
      1008.2978      1007.7150      1006.3254      1006.5248      1007.3628
      1007.3879      1007.7128      1006.9688      1006.7631      1006.9069
      1005.6548      1002.9875      1001.0519      1000.8881      1001.6411
      1003.4458      1004.6460      1003.1782      1001.2532      1000.6698
       999.9455       997.9738       995.5416       993.8066       995.5983
       999.0452      1001.8149      1002.2573      1000.9553
       984.9310       984.3777       984.4631       984.4376       985.2217
       987.4278       990.1179       992.3475       994.3834       995.6311
       996.3812       997.2277       997.5657       995.4107       991.5767
       989.3281       989.8301       991.0220       989.4969       988.0099
       987.5012       986.9900       988.5298       990.7021       991.5644
       990.8053       990.0585       988.9528       986.7946       985.6921
       985.4943       986.4503       987.1472       988.0687       988.4404
       989.4275       990.4442       990.6112       987.8239       985.1450
       982.6638       981.5341       982.5657       983.8188       984.4713
       983.9841       984.9047       987.7156       991.9728       998.4731
      1005.2111      1009.3193      1012.3330      1014.2510      1015.2662
      1017.0262      1020.9787      1025.5065      1028.0446      1028.3501
      1026.1932      1023.8922      1022.1140      1020.9058      1021.1466
      1023.6231      1026.9152      1029.2981      1028.2682      1026.8190
      1026.9510      1027.4406      1027.4082      1027.1019      1024.9811
      1022.5496      1021.3978      1020.6611      1021.1616      1020.8698
      1020.3079      1020.0167      1021.3950      1021.6716      1018.9175
      1015.0363      1011.9028      1009.6577      1007.7380      1006.9377
      1007.4152      1007.3200      1007.2734      1008.0571      1008.7264
      1009.1678      1009.8378      1010.1672      1009.5961      1008.7927
      1007.2963      1005.4073      1004.4371      1004.8265      1006.7767
      1008.5511      1009.1281      1008.3486      1007.1792      1006.6949
      1006.1727      1005.4846      1003.2864      1001.5778      1001.9236
      1003.1041      1004.7469      1005.3544      1005.3018
       984.7986       983.2826       982.8016       983.9526       985.6049
       988.1129       990.5080       992.8297       994.5754       995.6146
       995.7770       995.9508       994.7991       991.3862       988.6099
       987.5613       988.8970       989.8287       988.9784       987.9018
       988.2030       988.9750       988.6741       988.7733       989.6910
       990.1458       989.9933       987.7619       985.2359       983.6558
       984.5831       986.8426       988.3736       988.1583       988.8253
       989.7060       990.4275       989.1069       987.0386       984.1533
       981.4149       979.4418       980.3940       982.3985       983.5182
       984.2661       985.6907       988.4261       992.6140       999.9976
      1007.7673      1013.0195      1015.4127      1016.0653      1016.2739
      1018.8199      1023.3218      1026.5209      1027.6268      1027.3378
      1026.2256      1024.8425      1023.0751      1020.9448      1021.4091
      1024.7712      1027.4431      1028.8357      1027.5399      1024.5654
      1024.6848      1025.4736      1025.9988      1024.9744      1022.6384
      1021.6227      1021.2399      1020.2032      1020.4495      1021.8044
      1020.9825      1019.9453      1020.2684      1020.0376      1017.3734
      1013.8127      1010.9227      1009.0779      1007.8937      1007.3138
      1007.5983      1007.8154      1008.0784      1009.3725      1010.0811
      1010.5778      1012.4030      1013.6327      1012.7159      1010.4751
      1009.2748      1009.1951      1009.5174      1010.9089      1012.4757
      1013.9630      1014.2412      1013.4207      1013.7476      1013.1808
      1011.9692      1010.2540      1008.3908      1007.2534      1006.8176
      1007.4210      1007.4330      1007.8046      1008.2303
       983.6115       982.6204       981.9977       983.3181       985.4573
       988.0786       991.2979       993.6990       995.3462       995.9101
       996.0993       995.4267       992.4809       989.1312       986.7215
       986.5317       987.7918       989.6561       989.7587       988.5916
       990.0209       991.1631       989.7659       987.2310       987.1321
       989.6185       990.0841       986.7795       983.3149       983.8837
       986.5324       989.8729       991.6256       991.4511       990.9003
       991.6330       991.3461       989.8846       986.9192       983.6270
       980.4124       978.3002       978.4561       981.1414       983.5660
       985.6644       987.9050       991.0990       995.6955      1001.7753
      1009.3342      1015.6094      1018.2942      1018.0370      1018.1545
      1020.0895      1024.4594      1027.4232      1027.8505      1026.4573
      1025.4847      1025.9073      1023.8083      1020.6302      1022.1400
      1025.8912      1029.1846      1030.7037      1028.9631      1025.9791
      1025.5223      1028.0712      1027.8345      1025.0903      1022.1334
      1021.7855      1021.9097      1021.2324      1021.1682      1021.8302
      1021.4064      1020.2354      1019.4529      1019.0266      1017.7291
      1015.6517      1013.2825      1011.1279      1009.7086      1009.1371
      1009.3493      1009.2256      1009.9581      1011.8521      1013.0939
      1013.7596      1015.2648      1015.5664      1013.4440      1011.1456
      1011.1030      1012.2930      1014.1903      1016.4642      1017.1458
      1017.5400      1017.4173      1017.8663      1018.8064      1018.8328
      1017.2833      1013.5921      1011.0749      1010.3824      1010.3557
      1010.4618      1009.8783      1010.4776      1011.5873
       981.8800       980.6121       980.5616       981.5126       983.0193
       986.2216       990.8136       994.8016       996.3749       995.9265
       996.1416       995.4857       991.3411       987.1469       985.8587
       986.3633       987.5844       988.5498       988.7206       989.1466
       991.0415       992.9191       991.7440       988.3887       987.0833
       989.3854       989.6299       985.4111       982.5349       984.6369
       988.2532       991.2405       994.5838       995.2781       993.9423
       993.4458       993.7127       991.6862       987.7339       983.5411
       980.4407       978.2438       978.1526       980.1028       983.5526
       987.5324       990.2055       993.0148       997.9129      1002.9202
      1009.2047      1016.5934      1019.2305      1019.1118      1019.8242
      1022.1981      1025.8419      1028.7614      1028.6794      1026.7587
      1025.7604      1025.3529      1023.4866      1021.5877      1022.8365
      1026.9896      1031.0027      1032.8932      1031.2386      1028.7156
      1029.3920      1031.0259      1029.8467      1026.3959      1023.7454
      1022.2458      1021.7446      1021.2148      1020.7572      1020.9865
      1021.2962      1020.3733      1019.0019      1018.5015      1018.7795
      1018.1904      1017.0336      1014.9668      1012.5933      1012.0576
      1011.6959      1011.3525      1012.6982      1015.0587      1016.5520
      1017.1668      1017.0535      1015.7430      1012.9892      1011.1602
      1012.1518      1014.9297      1017.8472      1019.7222      1019.8977
      1018.7935      1019.1117      1021.4518      1023.0041      1022.2680
      1019.1317      1015.1456      1012.5135      1012.4565      1012.9230
      1011.3736      1010.9713      1013.2322      1014.5334
