!     RMS - Reservoir Modelling System GRID TO ZYCOR GRID
!     RMS - Reservoir Modelling System VERSION : 10.1
!     GRID FILE NAME   : Base_Reflector6
!     CREATION DATE    : 2018.12.21
!     CREATION TIME    : 08:25:32
@Base_Reflector6 HEADER                     ,      GRID, 5
      15,    -99999.0000,       ,      4,      1
     119,     65,    436910.1562,    440110.1562,   6469154.5000,   6475054.5000
         0.0000,         0.0000,         0.0000
@
+ Grid data starts after this line
       876.5694       876.3922       876.0740       875.2286       874.1304
       873.5170       873.7037       874.3014       874.4911       874.0760
       874.0312       874.2240       874.5045       874.7852       875.2411
       876.1024       876.9631       877.6301       878.4039       879.2517
       879.8328       879.8684       879.4749       879.1959       878.7258
       877.7939       876.6904       875.8318       875.0632       874.0372
       873.0864       872.0628       870.7696       869.6919       869.6696
       870.5933       871.7734       872.8195       873.6201       873.9032
       874.2123       874.2885       872.7834       871.4757       871.3889
       870.9589       869.9302       868.7999       867.9667       868.2524
       869.3775       870.6893       872.0355       872.7829       872.2510
       871.3395       870.3278       868.8349       868.2516       868.6830
       869.0253       868.9796       869.1409       869.6729       869.9131
       870.2979       870.8226       871.3052       871.7278       872.1069
       872.9241       874.1353       875.1895       876.1960       877.5164
       878.8742       880.3710       881.4296       881.2553       881.3702
       882.2776       883.3167       884.4295       886.1838       888.0469
       889.0499       890.2529       891.7894       892.5585       893.1610
       893.5303       893.0598       891.6786       889.8569       888.1766
       886.9464       886.2003       885.6335       885.1158       884.4634
       883.9756       883.6432       883.3820       883.1292       883.4540
       884.8947       886.2262       886.4718       886.1475       885.4363
       884.0657       882.0771       880.1409       879.0854       879.4664
       879.7973       878.6685       877.3524       876.5308
       876.7397       876.4467       875.9272       875.0097       873.7782
       873.0193       872.9447       873.3515       873.4571       873.3107
       873.1171       873.2435       873.7468       874.2607       874.6044
       875.5374       876.6982       877.6732       878.7043       879.6821
       880.2915       880.2658       879.9745       879.6320       879.0162
       878.1768       877.1422       875.8804       874.9719       873.9921
       872.6924       871.4704       870.3282       869.6495       869.6138
       870.0959       870.6359       871.5812       872.8693       873.8022
       874.3276       874.1113       873.1060       871.9419       871.2178
       870.2934       869.1104       867.7213       866.7280       867.1810
       868.8173       870.5580       872.0606       872.7081       872.0684
       871.0181       869.9376       868.6722       867.6259       867.4810
       867.6257       867.5516       867.8803       868.4727       869.0214
       869.4440       869.8940       870.2288       870.4881       870.8411
       871.6060       872.9398       874.3194       875.7839       877.5039
       879.1191       880.2862       880.8946       881.2162       880.9778
       881.2366       882.2422       883.9853       886.1896       888.3681
       890.0559       891.2385       892.2578       893.0571       893.3556
       893.5741       893.2342       891.7477       889.8714       888.3932
       887.3478       886.4843       885.7465       884.8375       883.8821
       883.2101       883.0449       882.9860       883.1550       884.1304
       885.6816       887.0203       887.8145       887.5121       886.2964
       884.0099       881.6153       879.5992       878.5826       878.9565
       879.4061       878.9662       878.0624       877.5601
       876.7677       876.1996       875.2493       874.0299       872.7714
       872.0591       872.1530       872.3469       872.5130       872.5601
       872.2498       872.4567       873.1475       873.8174       874.4194
       875.5319       876.8928       877.8615       878.8869       879.9503
       880.7919       881.0274       880.5749       879.7582       878.9994
       878.4469       877.3891       876.3652       875.3982       874.2186
       872.5111       871.1343       870.2808       869.7212       869.4189
       869.1644       869.0944       869.8264       871.4427       873.1725
       874.1556       874.0452       873.0367       871.9883       870.7633
       869.3854       868.0041       866.4254       865.3564       866.0929
       868.0945       870.2731       871.8522       872.4059       871.7991
       870.7039       869.4455       868.0853       866.8376       866.1376
       865.7736       865.8088       866.2876       867.0773       867.8812
       868.1497       868.1450       868.1933       868.3235       868.6926
       869.4163       870.7278       872.7123       874.8317       876.9078
       878.8879       880.1252       880.4917       880.4178       880.2612
       880.2009       881.4760       883.8773       886.8440       889.2091
       891.0499       892.0530       892.8217       893.3576       893.3337
       893.3154       892.8878       891.6826       889.9339       888.5446
       887.7363       886.7870       885.7933       884.6478       883.4097
       882.7945       883.0069       883.5605       884.0159       884.9549
       886.5099       888.1512       888.9759       888.4844       886.4664
       883.7225       881.2435       879.4323       878.5466       879.0701
       879.6563       879.5152       879.3257       879.1757
       876.6245       875.8255       874.4799       873.1000       872.0947
       871.7750       871.8303       871.9849       872.1514       872.0536
       872.1647       872.4460       873.1569       874.0951       875.1279
       876.0756       876.9645       877.9640       879.0121       880.1632
       881.2238       881.4464       880.8377       879.8260       878.9975
       878.5112       877.7766       876.8273       876.0120       874.3977
       872.5627       870.8661       869.9576       869.3812       868.7432
       868.0441       867.6917       868.2938       869.6865       871.4722
       872.8083       872.7305       871.6068       870.2416       868.9661
       867.7657       866.3200       864.6547       864.0406       865.3309
       867.9290       870.3198       871.7976       872.1348       871.5397
       870.3054       868.8694       867.3773       866.1735       865.2003
       864.4863       864.4182       864.9541       865.5171       865.8917
       865.7236       865.1935       864.8580       864.8630       865.4985
       866.5041       867.9050       870.2172       872.8303       875.2826
       877.7410       879.3824       879.7705       879.5802       879.3846
       879.9830       881.7306       884.6179       887.8207       890.5350
       892.0133       892.7106       893.1567       893.0355       892.5890
       892.3257       891.7385       890.9700       889.9355       888.3540
       887.0949       886.6096       885.8989       884.7299       883.5362
       883.5417       884.6469       885.4321       885.6859       886.0372
       887.1028       888.4520       889.2044       888.2980       885.8315
       883.0533       880.6974       879.3670       879.0862       879.7442
       880.5852       880.7162       880.5307       880.2378
       875.8638       875.1074       873.9525       872.8867       872.2584
       872.0576       872.0929       872.1721       871.7661       871.5786
       871.8351       872.3072       873.3511       874.5865       875.6430
       876.3582       876.8981       877.8063       878.9915       880.2786
       881.0752       880.9860       880.1276       879.2328       879.0095
       878.8286       878.2244       876.9736       875.5646       874.3286
       872.2704       870.2682       868.9783       868.4562       867.6323
       866.5670       865.8808       866.2317       867.7012       869.4191
       870.2283       869.8460       868.5425       866.8975       865.9531
       864.9511       863.6349       862.5101       862.7870       864.8171
       867.6667       870.3805       872.0468       872.4081       871.4680
       869.8076       868.4639       867.1050       865.9636       865.0205
       864.1330       863.5829       863.6099       863.5361       862.9487
       862.2184       861.3881       860.7548       860.6449       861.1289
       862.1564       864.0066       866.6268       869.4308       872.5627
       875.7203       877.7635       878.4457       878.6178       879.2872
       880.7579       883.0726       885.9737       888.9031       891.5031
       892.9713       893.2219       892.8069       891.9064       890.7459
       889.8466       889.3466       888.8550       887.9525       886.6448
       885.7931       885.8000       885.5355       884.7990       884.7400
       885.3415       886.8408       887.7413       887.6649       887.6677
       887.7785       888.4654       888.8788       887.8654       884.9670
       882.1071       880.2192       879.1716       879.3595       880.2258
       881.0012       881.5708       881.5551       880.7932
       874.0032       873.7976       873.3741       872.9757       872.8074
       872.7228       872.5291       872.1481       871.3865       870.9258
       871.0013       871.6480       872.7987       874.1692       875.4621
       876.2651       876.7906       877.3949       878.4091       879.4384
       879.9706       879.6113       878.7087       878.2453       878.5222
       878.9727       878.1271       876.1421       874.3430       872.6871
       870.8266       868.7596       867.8282       867.3610       866.2309
       864.5836       863.3200       863.5118       865.1772       866.7933
       867.3189       866.5083       864.6786       863.2444       862.2632
       861.6374       861.0658       860.7682       861.7260       864.0807
       867.1006       870.1935       872.2861       872.5666       871.2797
       869.6691       868.3591       867.2184       866.2864       865.2227
       864.0913       863.0604       862.2466       861.4220       860.0746
       858.7992       857.8033       856.9479       856.4196       856.3040
       856.9090       858.7970       861.6116       865.2307       869.3683
       873.2906       876.2203       877.6063       878.5939       880.4429
       882.5775       884.9895       887.5115       889.9931       892.2446
       893.6611       893.2989       891.4906       889.6624       887.5569
       885.9512       885.2477       884.9476       884.8992       884.9362
       884.8879       884.7462       884.8474       885.5468       886.3884
       887.4880       888.5993       889.3876       889.4221       889.0918
       888.8495       888.8185       888.5358       886.6680       883.7723
       881.0215       879.2148       878.2753       878.3644       879.4868
       880.9645       882.0643       882.1816       881.5267
       871.9329       872.5221       873.0176       873.4965       873.7513
       873.3390       872.5360       871.5579       870.6547       869.9985
       869.9016       870.2990       871.4515       873.1791       874.7207
       875.7486       876.5290       877.0963       877.5589       878.1816
       878.3933       878.0684       877.5719       877.5865       878.3756
       878.9636       877.6205       874.9558       872.4418       870.3269
       868.6131       867.5640       866.9279       866.4089       864.8874
       862.7388       861.1641       861.3310       862.8094       863.9209
       864.1562       863.2000       861.4405       859.8581       859.1320
       858.7344       858.8348       859.4117       860.7554       863.5660
       867.1754       870.6595       872.5678       872.6172       871.3311
       869.8979       868.7876       867.8737       866.8413       865.6165
       863.9946       862.6163       861.2305       859.6588       858.1241
       856.8414       855.7156       854.6649       853.4266       852.3153
       852.4849       854.4474       857.9021       862.3614       867.4877
       872.3011       876.0311       878.5720       880.5386       882.3596
       884.5593       886.6422       888.8321       891.1345       892.9894
       893.9622       893.1672       890.8920       888.1177       885.9111
       883.9286       882.4030       882.3378       883.8591       885.3212
       885.5035       884.6842       884.6916       886.1549       888.0620
       889.1201       889.9802       890.2936       890.2399       889.8450
       889.2848       888.8130       887.6395       885.5197       883.0873
       880.6399       878.3033       876.6526       876.6461       878.3226
       880.3798       882.0341       882.2919       881.6522
       870.4095       871.6196       873.1203       874.1277       874.0396
       872.9241       871.5105       870.2545       869.2308       868.6658
       868.7689       869.4671       870.7195       872.2103       873.7281
       875.0250       875.9724       876.6436       877.1063       877.5340
       877.6183       877.4005       877.4475       877.8533       878.7990
       878.7857       877.0479       874.3490       871.3313       868.8615
       867.8831       867.1670       866.7603       865.9113       864.1519
       862.1078       861.2104       861.2674       861.8259       862.2107
       861.8193       860.6802       858.9073       857.6834       857.1250
       856.8193       857.1996       858.4013       860.4744       863.7285
       867.6819       870.9655       872.5537       872.2234       871.1161
       870.0302       869.2076       868.4141       867.4663       866.1520
       864.4123       862.4650       860.7772       859.0856       857.7396
       856.9302       856.2572       854.6936       852.4375       850.6376
       850.4921       852.9636       857.3929       862.7566       868.0736
       872.8615       877.1407       880.4446       882.7916       884.3745
       886.2164       888.4605       890.3101       892.0327       893.6327
       894.3967       893.9465       892.4362       890.8453       889.4160
       887.2000       885.1574       885.1112       887.0429       889.0099
       889.0227       887.2625       886.0182       887.4482       889.6331
       890.7383       890.9136       890.8743       890.4012       889.7462
       889.1376       888.3480       887.2286       885.8746       884.0494
       881.4813       878.5443       876.3578       875.9715       877.4532
       879.7121       881.3450       881.5369       880.8217
       869.6207       870.9305       872.8904       873.8851       873.1341
       871.5225       869.9136       868.5157       867.6545       867.5822
       868.3682       869.7396       870.9347       871.8047       873.0846
       874.5546       875.4538       876.0499       876.9072       877.5671
       877.6196       877.6740       877.9971       878.6335       878.7390
       878.0878       876.4104       874.1024       871.2747       869.0002
       867.6172       867.2664       866.9319       866.0395       864.5532
       863.5289       863.1918       863.1902       862.7373       861.9724
       860.8448       858.9611       857.5026       856.6804       856.0764
       855.9124       856.6313       858.1561       860.4510       863.7121
       867.3892       870.0288       870.7587       870.3050       869.5156
       868.9216       868.6384       868.1846       867.6669       866.5150
       864.8152       862.8845       860.8621       859.4719       858.5558
       858.3638       858.1498       856.2795       852.9076       850.3032
       850.6898       854.2346       859.7087       865.4754       870.4612
       874.7220       878.5704       881.8930       884.3159       886.1967
       888.3184       890.3829       891.6545       892.7394       893.9615
       894.9790       895.5288       895.6523       895.5903       894.9913
       893.4761       891.6265       891.0007       892.5433       894.3655
       893.9329       891.1626       889.1867       889.7612       891.2922
       891.8915       891.5302       890.8409       890.0192       889.3106
       888.9089       888.5150       888.0664       887.3010       885.6091
       882.5994       879.2609       876.7454       876.0317       877.3258
       879.3300       880.3033       880.0786       879.4194
       870.7773       871.2249       872.3016       872.6437       871.6176
       869.9590       868.2370       867.0197       866.3871       866.7977
       868.4066       870.2220       871.4042       872.0576       873.0295
       874.2487       875.1324       875.8576       876.7853       877.4259
       877.7313       878.0832       878.3942       878.5089       878.3210
       877.2148       875.3638       873.2773       871.2279       869.2548
       867.8005       867.4324       867.5027       866.8397       865.9443
       865.5868       865.7094       865.6573       864.7506       863.1699
       861.0349       858.9857       857.4536       856.6989       855.7326
       855.5703       856.8506       858.7118       860.6874       863.4293
       866.4987       868.2154       868.5868       867.7827       867.0705
       867.1243       867.2999       867.6617       867.6193       866.7766
       865.3611       863.3805       861.3492       859.8592       859.3135
       859.7313       860.1138       857.9661       853.3638       850.3629
       851.9984       857.2329       863.4693       869.1001       873.5457
       877.1085       880.2820       883.3756       885.9459       888.0601
       889.9854       891.5800       892.2689       892.5146       893.3091
       894.6346       896.2447       897.5553       898.2409       898.4398
       897.6147       896.0136       895.1389       895.9069       897.0232
       895.8729       893.1658       891.2481       891.0425       891.8720
       892.3275       891.5638       890.4006       889.6308       889.3273
       889.3663       889.4670       889.3549       888.7407       886.8294
       883.6666       880.0141       876.8676       876.0333       877.7242
       879.2313       879.0952       878.0260       877.3184
       873.2557       873.1813       872.8762       872.0864       870.4307
       868.6046       867.1002       866.1213       865.6581       866.3824
       868.2866       870.3886       871.6053       872.2908       873.0260
       874.0148       875.0212       875.9487       876.4941       876.9241
       877.4458       877.8590       877.8264       877.6717       877.3394
       875.9838       873.7973       871.6880       870.2543       869.0933
       868.4592       868.6215       868.8081       868.4777       868.2566
       868.2603       868.3391       868.1711       867.4585       865.7531
       863.6124       860.8425       859.1130       857.9791       856.7287
       856.4437       857.7783       859.6575       861.4975       863.6118
       865.9445       867.4073       867.1364       866.1247       865.3591
       865.5073       866.2220       867.1917       867.9642       867.6711
       866.5140       864.3777       861.8542       860.2113       859.8473
       860.5330       861.0374       859.1438       854.5156       851.8917
       854.6169       860.5029       866.5311       871.7052       875.7365
       878.6914       881.6077       884.5756       887.1766       889.3378
       890.8790       891.7066       891.8293       891.4376       891.5861
       892.9672       895.0096       896.6347       897.6614       898.2807
       898.0511       896.7648       895.9300       896.1977       896.3930
       894.9637       892.5157       890.8325       890.6681       891.6371
       891.9862       891.4867       890.6710       890.2501       890.3799
       890.6272       890.9282       891.1006       890.0989       887.5259
       884.5549       881.2365       877.8621       876.9215       878.2177
       878.2175       876.3571       874.8574       874.0784
       875.4724       875.2354       874.4142       872.7422       870.2454
       868.0363       866.9720       866.1964       865.5752       866.3015
       868.2245       870.0654       870.9742       871.5029       872.7397
       874.0357       874.9918       875.6498       876.1397       876.4775
       876.9401       877.1132       876.6719       876.0828       875.7339
       874.5529       872.4495       870.4465       869.2744       869.0161
       869.3507       870.1518       870.8038       870.9958       871.2266
       871.5625       871.5200       871.0258       870.0412       868.6914
       866.5293       864.1437       861.7833       860.3397       859.1965
       858.6038       858.9868       860.0714       861.8227       864.3052
       866.1971       867.0178       866.5068       865.3780       864.7961
       865.1647       865.7330       866.5758       867.6885       868.2396
       867.6091       865.5850       862.5413       860.7751       860.4827
       860.6383       860.8516       859.8290       856.7440       854.9675
       857.7608       862.8350       867.6599       871.9818       875.6242
       878.6355       881.5522       884.5607       887.1847       889.5378
       890.8222       890.7858       890.4874       889.5336       889.0340
       890.2073       892.0122       893.6281       894.6619       895.4295
       895.4637       894.8251       894.4647       894.6141       894.3466
       892.8780       890.9401       889.3218       889.2647       890.6350
       891.4980       891.8243       892.0049       891.7994       891.6424
       891.7736       892.5997       893.4601       892.0385       888.1815
       884.6551       881.9886       878.8364       876.8113       875.5621
       872.7107       870.5436       870.2282       870.1645
       876.7835       876.5630       875.5493       873.4374       870.5073
       868.5766       867.9400       867.0695       866.2363       866.3461
       867.8644       869.4439       869.9902       870.7122       872.3895
       873.8947       874.7518       875.3131       875.7418       876.1206
       876.2883       876.2226       875.5162       874.6776       873.9156
       873.0078       871.3639       869.6155       868.8753       869.1214
       870.1182       871.4492       872.5770       873.2590       873.6735
       874.2933       874.3491       873.2263       871.7908       870.4621
       868.7872       866.8365       864.5901       862.6430       861.6738
       861.0343       860.1351       859.9388       862.2381       865.0977
       866.8853       867.1367       866.1937       865.0562       865.0993
       866.0223       866.5895       866.0524       866.3194       867.3621
       867.5120       866.1298       863.5219       861.4741       860.7659
       860.6519       860.6666       860.0372       858.1797       856.9638
       859.4890       863.6673       867.5135       870.9852       874.2735
       877.5677       880.5750       883.2675       886.1232       888.6592
       889.4597       888.9297       888.0224       886.9652       886.3704
       887.0585       888.7414       890.1599       890.6707       890.9908
       891.5642       891.5863       891.5420       891.6667       890.8242
       889.4718       888.2510       886.9720       886.8289       888.5240
       890.4929       891.9121       892.7907       892.6809       891.8066
       891.9115       893.6332       894.9443       893.2302       888.3749
       883.6368       880.4243       877.5329       874.5084       869.7688
       864.7018       863.9031       865.7226       866.6962
       877.4083       877.0195       876.0731       873.9243       871.1265
       869.6011       869.3443       868.5139       867.1899       866.6794
       867.5148       868.6422       869.1888       869.9833       871.6561
       873.3156       874.3860       874.9300       875.1246       875.3094
       875.4838       875.4422       874.8359       873.7640       872.6061
       871.4523       870.0655       868.7512       868.4414       869.2061
       870.5834       872.1823       873.6407       874.7642       875.6449
       876.0073       875.5510       874.1140       872.7510       871.9420
       871.2462       869.4681       866.6092       864.0861       863.4180
       862.9979       861.5439       861.0311       863.2299       866.1302
       867.6176       867.3326       866.0200       864.8992       865.1650
       866.4483       866.8853       866.0023       865.4771       866.1337
       866.6373       865.9630       864.1992       862.4662       861.5389
       861.1825       860.9144       860.1255       858.6022       858.4185
       860.6249       863.8529       867.0695       870.3337       873.3696
       876.6437       879.4511       881.6478       884.3586       886.6793
       887.3749       886.6346       885.6614       884.5120       883.6429
       884.1387       885.5527       886.4116       886.2318       886.3773
       887.2635       887.9357       888.1508       887.7068       886.4619
       885.0083       883.9858       883.0753       882.9510       885.3127
       888.0962       889.9648       891.1804       891.0762       890.3288
       891.1134       893.0104       893.8738       892.2332       887.4010
       881.8878       877.9639       875.5969       872.8412       867.3528
       861.5701       860.5048       862.7905       864.6368
       877.3043       877.0676       876.2893       874.4495       872.1509
       870.8784       870.6107       869.6934       867.9727       866.8068
       866.7695       867.3412       867.7713       868.7836       870.5113
       872.4687       873.7849       874.1675       874.1595       874.4023
       874.7418       874.6650       874.1148       873.0643       871.5858
       870.4449       869.5622       868.7196       868.6098       869.5773
       871.1133       872.7257       874.5172       876.0898       876.7533
       876.5062       875.3943       874.1818       873.4767       873.5807
       873.6905       872.1170       868.4664       864.6917       863.2210
       863.2730       862.7112       862.9816       864.5948       866.5098
       867.5165       866.6373       865.1668       864.1657       864.4467
       865.4066       865.6206       864.9443       864.6083       865.2486
       865.7048       865.5670       864.6233       863.3557       862.3849
       861.7173       860.9543       860.0149       859.4321       860.3766
       862.2598       863.9094       866.4061       869.3710       872.5007
       875.7626       878.7080       881.0961       883.5833       885.6040
       885.7668       884.7538       883.7697       882.9069       882.0118
       882.3516       882.8605       883.0428       882.4862       882.4724
       883.4081       884.0499       883.6514       882.7625       881.5030
       879.9750       878.6347       878.1415       879.1365       881.3368
       883.8849       885.9703       887.2140       887.0645       886.8034
       888.3829       890.3674       890.8714       889.5981       885.8297
       880.9568       877.4668       875.5024       873.2219       868.3255
       862.8328       860.5991       862.3883       864.7051
       877.2258       876.9883       876.3543       874.9672       873.3361
       872.0945       871.2241       870.1063       868.4048       866.6066
       865.5078       865.2783       866.2998       868.0541       870.0596
       871.8682       872.9945       873.0278       872.8196       873.2933
       873.8615       873.6368       873.0828       872.0510       870.8095
       870.0925       869.8254       869.5784       869.5576       870.3580
       871.6683       873.2774       875.1343       876.5249       876.6846
       875.5299       874.4420       873.8749       873.8202       874.6200
       875.2040       874.0352       870.3556       865.4720       862.0358
       862.1458       863.5560       864.6752       865.6063       866.1485
       865.9019       864.6236       862.7733       862.0315       862.3932
       863.4167       863.7239       863.7022       864.0786       864.4611
       864.9343       865.2393       864.9174       864.1028       863.0606
       861.9381       860.7753       859.8593       859.8918       861.1702
       861.7574       862.1475       864.1495       867.4855       871.0963
       875.0777       878.9792       882.3751       885.0070       886.1819
       885.7318       884.3985       883.5591       883.0975       882.3866
       881.8540       881.4337       880.6509       879.9024       879.8262
       880.3987       880.1617       878.3635       876.5991       875.6998
       874.5960       873.3386       873.3018       874.6588       876.5367
       878.6229       880.3437       881.1323       881.1592       881.1568
       882.8406       885.1398       886.3465       886.3537       884.4584
       881.0191       878.1726       876.7977       874.2786       869.0187
       863.6826       862.2354       864.4428       866.9769
       877.9711       877.6379       876.9042       875.7429       874.3245
       872.8010       871.1416       869.9318       868.8311       866.9273
       864.4534       863.7684       865.5998       868.2750       870.2878
       871.4966       871.8132       871.2242       870.7863       871.2802
       871.8659       871.8184       871.4241       870.8639       870.3489
       870.2693       870.3741       870.3978       870.5273       870.9042
       871.8239       873.1954       874.9885       876.1229       875.5526
       874.0712       873.0178       872.8454       873.4827       874.7495
       875.7881       874.9963       871.4961       866.6306       863.3215
       862.6240       864.0015       865.4595       866.1632       865.8394
       863.8310       861.6993       859.9903       859.3294       860.5599
       861.7529       862.5775       863.2614       863.9044       864.1780
       864.4957       865.1729       865.4232       865.0139       864.0555
       862.5589       860.6470       859.4116       859.9247       860.7256
       859.6723       858.5296       860.4980       864.6341       869.5170
       874.1758       878.7748       882.9826       885.9318       887.3878
       886.8639       885.7985       885.2238       884.5709       883.3271
       881.7891       880.2411       878.7355       877.5649       877.3907
       877.4630       876.5633       874.2281       872.0847       870.7856
       869.4328       868.7579       868.8147       869.6199       871.2117
       872.8437       873.3995       873.1797       873.2556       874.0886
       875.8154       878.8046       881.9434       883.7893       883.5614
       881.0980       878.2950       876.4603       873.7381       869.0713
       865.3181       864.9466       867.2903       870.2332
       879.0474       879.0240       878.0123       876.6819       875.2452
       873.4339       871.4847       870.1342       869.7181       868.1788
       865.2747       863.8299       865.0488       867.5260       869.5603
       870.5038       869.8212       868.4417       867.9102       868.3967
       868.9268       869.1454       869.3293       869.6476       870.0411
       870.6831       871.0756       871.2098       871.3136       871.4836
       871.8249       872.7454       874.3829       875.3170       874.2103
       872.6385       871.8208       871.9946       873.1866       874.7427
       875.7188       874.8293       871.9505       868.0709       864.9172
       863.6998       864.0811       864.8625       864.9259       864.3906
       862.5232       859.7657       858.4130       858.5611       859.8395
       861.2262       862.3901       863.3246       864.0301       864.3891
       865.1080       865.7812       866.0657       865.4649       864.5258
       862.7484       860.1486       858.5664       859.3185       860.1895
       858.5490       856.7645       858.3027       862.6980       868.0427
       872.8149       876.5614       879.8505       884.2242       887.5221
       888.0776       887.1805       886.3931       885.2142       883.0297
       880.4431       878.4984       876.8322       875.4701       874.6057
       874.1598       872.9084       870.8544       868.7981       866.4576
       864.3187       863.4390       863.7356       864.9276       866.8333
       867.8608       867.2405       866.3397       867.0026       868.6171
       870.8425       874.6252       879.3710       882.3975       882.7449
       880.5809       877.5938       874.8367       871.9774       869.2505
       867.5723       867.5608       869.5859       872.3045
       880.0642       879.8040       878.8894       877.3870       875.6434
       874.1812       872.9069       871.7568       871.0712       869.6201
       866.9692       864.7491       864.1409       865.1707       867.0344
       867.6439       866.8232       865.5283       864.9332       865.4857
       866.0866       866.5817       867.5433       868.6895       869.8792
       871.0915       871.7585       872.0854       872.1272       871.9506
       871.8878       872.3116       873.8176       874.3567       872.8781
       871.5770       871.3993       871.7606       873.1267       874.6662
       875.1218       874.2687       872.2377       869.3237       866.6380
       865.2585       864.0300       862.2724       861.7510       862.1614
       860.8268       858.3271       857.2568       858.0051       859.4603
       861.0583       862.5144       863.6678       864.3855       865.3896
       866.1901       866.6542       866.4631       865.6716       864.3141
       862.1956       859.3228       857.4222       857.6053       858.3255
       857.7328       857.6235       859.1956       863.0906       868.4248
       872.8198       874.7272       876.8473       880.9741       885.5453
       887.2052       886.9624       886.1673       884.1154       880.3806
       877.1778       876.0458       875.2068       873.6281       871.9429
       870.7436       869.5684       868.0697       865.5455       860.9756
       856.7445       855.6605       857.2405       860.4752       863.7411
       865.0032       864.2902       863.7525       864.7272       866.9042
       869.7042       873.8409       878.6375       881.5894       881.4774
       879.2534       876.3433       873.4948       871.1129       869.4977
       868.5419       868.6146       870.2339       872.4162
       881.9852       881.4843       880.0005       877.7311       875.4907
       874.2779       873.8698       873.0499       871.9201       870.4896
       868.0417       865.4566       863.9821       864.1006       864.7176
       864.4886       864.0052       863.2361       862.9520       863.4688
       864.1330       864.8991       866.2302       868.0397       869.8327
       871.4286       872.9413       873.4223       872.8048       872.0020
       871.8307       872.3547       873.1973       873.3624       872.0486
       871.1879       871.0878       871.6452       872.9709       874.1512
       874.6567       874.4323       873.2969       871.5300       869.3618
       867.3068       864.4558       860.5211       858.8754       858.6949
       857.2355       855.5078       855.3071       856.8508       858.7811
       860.6674       862.3978       863.5033       864.5959       865.8688
       866.7524       867.1257       866.7537       865.6593       864.2693
       862.0316       859.2364       857.0032       855.9651       855.6478
       856.5715       858.8625       861.4826       865.1935       870.4805
       874.6426       876.1201       876.8481       879.3292       882.8658
       884.7150       884.7451       883.9860       881.1164       876.6942
       873.7390       873.2901       872.7662       870.9737       869.2503
       868.0482       867.3171       866.5840       863.3380       856.3535
       849.8829       848.4200       851.0579       855.5916       860.4055
       863.1531       863.6639       863.9731       865.2417       867.1186
       870.1060       874.3389       878.3159       880.2780       879.4948
       877.0072       874.2028       871.9149       870.2601       869.0931
       868.3361       868.2853       869.4963       870.8805
       884.3824       883.6869       881.5714       878.4323       875.3661
       873.8737       874.1236       873.8369       872.4277       870.9108
       869.0848       866.7323       865.2775       864.7394       864.5106
       863.9988       863.1096       862.3445       862.0151       862.3149
       863.0026       863.9340       865.2579       867.1185       869.3733
       871.8765       874.3746       875.4339       874.2434       872.7587
       872.4248       872.7643       872.9674       872.3673       871.4937
       870.8443       870.7468       871.3546       872.7736       874.1405
       875.1774       875.8000       875.5869       874.6438       872.9584
       869.9098       865.1910       861.0107       858.3531       856.6143
       854.9186       853.3834       853.7805       855.8617       858.1799
       860.1501       861.5677       862.7023       864.0029       865.2604
       866.5451       867.0893       866.6708       865.6386       864.2568
       862.2872       860.1256       858.0253       855.9716       854.5547
       855.3933       859.1573       863.4865       867.3755       873.0517
       877.5328       879.0884       879.0037       879.9743       882.2260
       882.6135       881.4183       879.9222       876.9475       873.5143
       871.6403       870.7112       869.4728       867.5292       866.1949
       865.6754       865.6440       865.1719       861.6984       854.4710
       847.9655       845.9572       847.7985       850.8480       855.4986
       860.9850       863.9205       865.4603       866.3978       867.4824
       870.2723       873.9879       876.8007       877.6084       876.3731
       874.0007       871.6058       869.5015       868.1265       867.3154
       866.5858       866.4907       867.2296       868.1016
       885.3333       884.6564       882.4949       879.0392       875.4050
       873.6048       874.1942       874.2692       872.6169       871.7833
       870.8318       869.1077       867.3889       865.9683       865.0063
       864.2966       863.3048       862.3082       861.8221       862.0373
       862.4669       863.0693       864.2733       866.2108       868.7042
       871.7366       874.8313       876.3252       875.3775       874.0254
       873.5809       873.4717       872.8965       871.7380       870.7798
       870.5357       870.7679       871.5453       873.0132       874.7708
       876.4375       877.8478       877.5856       876.9579       875.6174
       871.4061       866.6485       862.8666       860.0495       857.7593
       855.3526       853.3939       853.2690       855.1793       857.5484
       859.2884       860.3386       861.5173       862.5536       863.9263
       865.3407       866.2208       866.4263       866.0920       864.4870
       862.1888       860.3042       858.8649       856.8087       855.0687
       855.1475       858.3169       862.9724       867.5566       873.9699
       878.9866       880.8631       881.0810       881.2055       881.9501
       880.5858       878.2602       876.1031       873.9216       872.2650
       870.8350       869.1296       866.9966       864.8903       863.7394
       863.4973       863.2700       862.3512       859.7306       854.9551
       850.6738       849.2620       849.2145       849.5995       852.1928
       858.2817       864.1057       866.3394       866.7657       867.5580
       869.8068       872.6886       874.3006       874.1886       872.9083
       871.0010       868.9067       866.6598       865.0042       864.1292
       863.3284       862.8240       863.4545       864.5815
       885.5197       885.1140       882.9346       879.0483       875.1489
       872.9982       873.0848       873.1180       872.2491       872.2841
       872.0696       870.3514       868.5416       866.5588       864.8414
       863.8661       863.0187       862.1003       861.8185       861.9725
       862.1052       862.4972       863.6728       865.6639       868.2452
       871.1359       873.8403       874.9594       874.5870       873.8073
       873.7494       873.5430       872.5992       871.3174       870.7037
       870.6818       871.0933       871.9231       873.6600       875.8849
       878.0251       878.9274       877.9473       877.0825       875.8337
       871.7086       866.9912       863.3841       860.9426       858.8182
       855.6680       853.4770       853.5838       855.3097       857.3099
       858.8303       859.7777       860.3321       861.2707       862.6605
       864.0129       864.9979       866.1914       866.8878       865.1161
       861.6656       859.6713       858.6782       857.1309       855.3666
       854.3093       855.8956       859.8661       864.9295       870.8777
       876.4541       880.0403       881.5297       881.3873       880.2208
       878.7275       876.3594       874.3456       873.1411       871.9481
       869.9385       867.4806       865.5573       863.9710       863.1055
       862.5984       861.1725       859.6165       858.3862       857.0980
       856.0159       855.6419       855.1962       853.8697       854.1183
       858.6057       863.8910       866.1271       866.6882       867.4273
       869.3869       871.9684       872.3386       871.2992       870.0295
       868.5302       866.5894       864.2578       862.1694       861.0624
       860.0073       859.1441       860.1367       861.5137
       885.4590       885.2405       882.9883       878.8382       874.6263
       871.9006       870.9306       871.1153       871.5485       872.0385
       871.1147       868.9018       866.9653       865.3467       863.8899
       863.1011       862.1718       861.1525       860.9846       861.3588
       861.5635       862.1263       863.4125       865.2361       867.5317
       870.1670       871.9737       872.5209       872.0913       871.9838
       872.0528       871.9174       871.2424       871.0225       870.8968
       870.9002       871.1887       871.9092       873.4134       875.7711
       877.9392       878.4835       877.2278       875.5438       874.2455
       871.2451       865.9776       861.5889       859.9080       858.4612
       856.0206       854.1517       855.0901       856.8316       858.1601
       859.0203       859.6611       860.1017       860.9138       862.5079
       863.7409       864.6791       866.3574       867.2461       865.2823
       861.3383       859.1063       857.9269       856.2756       854.7393
       853.0151       853.3525       856.4066       860.6880       865.6935
       871.4785       876.9313       880.4662       880.7136       879.5532
       878.4103       876.5953       874.3947       872.8833       870.8679
       867.6791       865.3638       864.7850       864.4937       864.0610
       863.0445       861.0005       859.1274       858.6578       859.1133
       859.6714       860.3655       861.0240       860.0747       858.9465
       860.6617       863.7782       865.8120       866.9775       867.6718
       869.1205       871.4088       871.3927       869.3918       867.8562
       866.6597       865.2162       862.7504       860.5745       859.2291
       857.9908       857.2902       858.2390       859.7646
       884.1964       884.2066       882.1708       878.2124       874.3540
       871.3442       869.6737       869.5726       870.5888       870.9304
       869.0691       866.0250       863.8484       862.7418       862.5600
       862.2994       860.7039       859.0026       858.8613       859.7985
       860.3837       860.9135       862.3543       864.2736       866.2271
       868.2844       869.6216       869.6247       869.4982       869.4879
       869.4097       868.9639       869.0911       869.8515       870.4727
       870.6246       870.7604       870.9617       871.8345       873.7676
       875.3586       875.7869       874.9521       872.6310       870.5167
       868.7977       864.5822       859.5668       858.0044       858.2540
       856.9940       856.1608       857.2651       858.9377       859.2664
       859.3451       859.8113       860.3067       861.3911       863.2968
       864.6767       865.4280       866.3663       866.1313       863.8338
       860.4897       858.4394       856.9818       855.5014       854.0862
       852.5228       851.9737       853.3019       856.5070       862.2610
       868.7525       874.9357       879.3304       879.9990       879.7740
       879.8563       878.8083       875.8185       872.3903       869.1711
       865.7455       864.2670       864.8096       864.9409       864.7212
       864.1156       862.4001       860.6023       859.7341       859.5701
       859.9896       861.4761       862.8917       862.2986       860.3115
       861.0434       863.1630       865.3013       866.8340       867.0478
       868.1274       870.1516       869.9550       867.7463       865.3782
       864.2950       863.5920       861.4566       858.7177       857.3621
       856.7062       856.2990       856.9218       857.6746
       881.4321       881.9700       880.4872       877.5038       874.3013
       871.4912       869.2768       868.4883       869.1802       869.3237
       866.9080       863.3542       860.9171       860.2331       860.8550
       860.5061       857.8303       855.2195       855.6188       857.1362
       857.6393       858.3109       859.9462       862.1876       864.4689
       866.0485       866.5898       866.5753       866.8484       867.0497
       866.5523       866.0837       866.6024       867.4945       867.8675
       868.0361       868.0513       867.7510       868.5003       870.2092
       870.9213       870.6742       870.4278       869.0867       866.6572
       865.6610       862.9540       858.9541       857.6018       858.1265
       857.9499       857.2932       858.0463       859.2662       859.6536
       859.8118       860.3062       860.7643       862.3698       865.0286
       866.4510       866.1989       865.9365       865.3182       863.0463
       860.5148       858.8445       857.8127       856.4371       854.7026
       852.8406       851.3735       851.4039       854.4121       860.7169
       868.2651       874.5243       878.3721       879.4268       879.3425
       879.9035       879.6025       876.8854       873.2372       869.6644
       866.8118       865.7476       865.8879       866.1163       866.0187
       865.6233       864.2439       862.2782       860.4944       859.2866
       859.1742       860.4422       861.9098       861.2448       860.6509
       861.4432       863.3544       865.2289       865.7884       865.2127
       865.8144       867.4382       867.5604       864.8895       861.9526
       860.4993       859.7972       858.3646       855.8853       854.8567
       855.3964       855.8068       855.5544       855.8571
       878.4244       879.0398       878.5740       876.5999       874.1714
       871.9056       870.0059       868.8360       869.0451       868.0357
       864.7111       860.8552       858.4736       857.9438       858.3187
       857.5746       854.1083       851.4164       852.3895       854.4808
       855.1494       855.5920       857.1204       859.7015       862.2275
       863.7761       863.8353       863.7706       864.1626       864.4398
       863.8829       863.5239       864.0913       864.2103       863.8612
       863.8318       863.7990       863.7259       864.6401       866.1789
       866.2422       865.3922       865.7125       865.3278       864.6218
       864.5576       862.5129       859.5093       859.0228       859.3071
       859.0113       858.4503       858.0709       858.4016       859.1172
       859.9001       860.5138       861.0449       862.7959       866.8362
       869.8172       868.9062       867.8663       867.5239       865.4795
       862.8500       861.3550       859.9107       858.4977       856.8875
       854.5513       852.7448       852.1157       854.2408       860.5514
       868.0538       873.7761       876.9304       878.4317       878.7836
       878.9879       879.2165       878.1988       875.8431       873.0317
       870.8005       869.8281       869.7391       869.3091       868.2495
       867.0478       865.6101       863.0861       860.6872       859.1611
       858.6756       859.3485       859.6339       859.6842       860.5677
       862.4035       864.2579       865.4670       864.9523       863.7144
       863.7095       864.4865       864.1103       861.9322       859.1170
       856.5179       855.1667       854.3902       853.6376       853.8105
       855.0645       855.6168       855.6181       855.1127
       876.3259       876.7743       876.6821       875.3510       873.3989
       871.8634       870.8619       870.6222       870.1012       867.9967
       863.6942       859.0389       856.3959       855.5696       855.4557
       854.1201       851.0221       849.2472       850.7631       853.1356
       853.9125       853.6968       854.9190       857.3160       860.0009
       861.8531       862.1736       862.2261       862.9833       862.9118
       862.3410       862.1931       862.1583       861.3807       860.5013
       860.3667       860.9782       861.8242       862.7556       864.0010
       863.7707       862.9435       863.4727       863.5884       864.2944
       866.0056       864.5009       862.3580       861.8246       862.0500
       861.7774       861.1266       859.9030       859.1558       859.2629
       859.9008       860.1558       860.4308       861.9858       866.7977
       871.7027       872.5502       872.0049       871.6921       869.3141
       865.4183       861.8215       859.2356       858.5261       858.3569
       857.5445       856.0845       854.7512       855.7643       860.9006
       867.4814       872.5693       875.8492       877.8422       879.1637
       880.1475       880.8691       880.5137       878.9998       876.8074
       874.8565       873.9393       873.6387       872.6163       870.2321
       867.8560       865.3098       862.9335       860.6550       858.9766
       858.3513       857.8447       856.8903       856.2803       857.7667
       861.1875       864.2388       865.2397       864.7630       864.0815
       863.7054       863.8989       863.1358       860.9182       857.7058
       854.8024       853.0415       852.6068       853.1306       854.3488
       855.3902       855.5880       854.9688       854.1111
       874.6541       875.0664       874.9041       873.5793       871.3653
       869.6083       869.4193       870.0236       869.7404       867.7479
       864.1894       859.7421       855.6414       853.1413       852.1591
       850.6245       848.1698       847.7545       849.9842       852.2123
       852.3521       852.1791       853.3685       855.9980       858.8237
       860.4060       860.9228       861.6693       862.3087       862.4927
       862.0646       862.0035       861.1590       859.3595       858.0701
       858.1840       859.4754       861.1567       862.0143       862.7719
       862.6982       862.1603       863.2797       864.0432       865.3088
       867.4268       867.6648       866.4341       866.2193       866.1633
       865.9229       865.0358       863.5488       862.0420       861.3185
       861.0832       860.6595       860.3043       861.6321       865.5037
       870.1377       873.0213       874.8819       875.0911       871.7088
       865.4737       859.1006       855.4419       856.1731       859.0606
       860.0701       858.8657       856.9052       857.1772       861.3807
       866.8962       871.1122       874.2826       877.2091       879.7526
       881.2358       882.0162       881.9518       881.0484       879.2572
       877.2153       875.7733       875.4127       874.2812       871.5129
       867.9352       864.8182       862.5107       860.1484       857.6841
       856.5056       855.6473       854.3665       853.5994       855.5464
       860.5433       864.5656       865.5659       865.2557       864.8389
       865.1968       865.2020       864.2285       861.6278       858.2764
       855.6805       853.8973       853.0249       853.5401       854.5918
       854.9534       854.6351       854.1222       853.6018
       872.9621       873.6976       873.0784       871.0034       868.4247
       866.4501       866.5281       867.5416       867.8318       866.8776
       864.8571       861.5788       857.1530       853.0267       850.1079
       847.7887       846.0151       846.8436       850.3129       852.1838
       851.6494       851.4218       853.2123       856.1743       858.6077
       860.0463       860.5232       860.8992       861.8876       862.4005
       862.6561       862.0551       860.1976       857.8777       857.1024
       858.3384       860.2124       861.1974       862.2289       862.8679
       862.6571       862.3682       862.9493       863.8616       865.1259
       867.0893       868.2632       868.8668       869.4767       869.7197
       869.2301       868.3740       867.1317       865.4061       864.2442
       863.7389       863.1107       862.3655       862.8506       864.9380
       867.8804       871.4255       875.1605       876.1956       872.1431
       865.0309       857.6418       853.7244       855.1396       858.7698
       861.0941       860.2165       858.2794       858.7649       862.2091
       866.5615       869.6948       872.5104       875.8909       878.6512
       880.4600       881.5743       882.1603       881.7983       880.4573
       878.3922       876.8774       876.3568       875.0698       871.6185
       867.5574       864.6934       862.2482       858.7869       855.4626
       853.3060       851.9960       851.1014       852.3441       856.6196
       862.5867       866.3529       866.6877       865.6826       865.1397
       865.4672       865.8411       865.1253       862.7973       859.4084
       857.5382       856.1013       854.3537       854.2715       854.5327
       854.2411       854.3862       855.2208       855.4695
       871.1162       871.8299       870.5477       868.4075       866.8367
       865.4039       865.0955       866.1740       866.1471       865.2762
       864.2536       862.1571       858.6632       854.4612       850.0620
       846.4536       844.9665       847.3784       852.1159       854.4902
       853.8312       853.6381       855.6154       857.6712       859.5406
       860.8417       861.1813       861.2034       861.8296       863.0497
       862.9284       861.3303       859.0293       857.1044       857.2653
       859.8477       862.1442       862.9517       863.1785       863.6714
       863.4826       862.9278       862.8933       862.9690       863.6263
       865.0449       866.9928       868.9662       870.3975       870.8411
       870.4122       870.0319       869.0240       867.4550       866.8795
       866.6874       865.7899       864.6656       864.2707       864.8663
       866.5869       869.8973       874.0397       875.4742       871.9536
       865.7009       858.9614       855.2445       855.4582       857.8584
       860.5369       860.8242       859.7202       860.2845       862.9652
       865.8976       868.6804       871.5563       874.0712       876.1070
       878.3375       880.5630       881.7667       881.7421       880.8047
       879.4546       878.6952       877.8351       874.9112       870.7910
       867.5568       865.0273       861.9070       857.6001       853.5909
       850.8687       848.3098       848.1048       851.8704       858.3239
       864.6118       868.1167       868.1974       866.8119       865.9801
       866.4193       867.0838       866.5969       864.5560       861.9125
       859.7436       858.1537       856.5762       856.2139       855.6826
       854.7269       855.3640       856.6783       857.2383
       868.8843       868.9790       868.2936       867.8537       867.6262
       866.1012       865.5985       866.1676       864.7928       862.9329
       861.8162       860.1075       857.4268       853.8369       849.9455
       846.3602       845.0840       847.8201       853.2372       857.2270
       858.3987       859.0240       860.0812       861.1028       861.5403
       861.7230       861.9098       861.6260       861.5632       861.6697
       861.3983       860.1770       858.7868       858.0189       859.1582
       861.7338       863.7431       864.0350       863.4741       863.5064
       863.5225       862.9037       862.1851       861.8801       862.1516
       863.4077       865.5110       867.4141       868.7630       869.6327
       870.0802       870.1512       869.1696       868.0359       868.0487
       868.3823       867.5330       866.0846       865.2028       864.8702
       865.6225       868.2165       871.8477       873.4208       871.1621
       866.2877       861.2957       857.6478       856.1071       857.2438
       859.7918       860.8827       860.4285       860.9879       862.9870
       865.1045       867.9639       870.8517       872.0525       873.0620
       875.5466       878.5507       880.3070       880.8562       880.8776
       880.8313       880.0605       877.5849       873.5253       869.8353
       868.0139       866.3502       861.9823       856.9914       853.7565
       851.7206       850.0073       850.2220       854.8257       861.1227
       866.2347       869.1329       869.6138       869.0372       869.2169
       869.9934       870.7850       870.7653       869.2693       866.5173
       863.4571       860.5013       859.3157       859.5905       859.0406
       857.9103       857.7917       857.3450       857.1340
       867.7650       868.5660       868.7335       869.0079       868.9702
       867.5866       866.2173       865.1157       862.8190       860.7318
       859.5776       857.9469       855.4754       852.6494       849.4111
       846.6428       846.0712       848.9396       854.2206       859.1294
       862.0162       862.7482       863.5427       863.9633       862.5449
       861.0902       860.4059       860.0177       859.4005       858.7925
       858.9046       859.3544       859.7382       860.8102       862.1326
       863.6272       863.9767       863.5747       863.3844       863.0543
       862.6442       862.1250       861.2518       860.5732       860.8826
       862.5562       864.4182       865.6801       866.5410       867.3038
       868.4711       869.2308       869.0153       868.5469       868.6771
       868.9520       868.4807       867.0172       865.4294       864.3989
       864.6070       866.1185       868.5271       870.0187       869.0829
       866.2140       863.0469       860.0160       857.9855       858.1598
       859.5667       860.0864       859.7563       860.8189       863.0657
       864.9255       867.1245       869.4592       869.9369       870.3647
       872.2447       875.0300       877.7819       879.4618       880.7901
       881.1345       879.5701       876.5453       872.9737       870.2085
       869.7308       868.3877       863.9104       858.8432       856.8132
       856.9109       856.8195       857.5712       860.1863       864.4967
       868.4398       870.8301       871.6432       871.7547       872.1168
       873.0378       874.3789       875.4764       874.7535       871.8427
       867.6747       863.8553       862.6301       863.6383       863.4362
       862.2526       861.2808       859.4915       857.8912
       869.1633       870.3376       870.9769       871.1345       870.3038
       868.1483       865.1964       862.7755       860.9560       859.8563
       859.2468       857.3842       854.7097       852.3148       850.1576
       848.2850       848.0117       850.7479       855.8391       860.6246
       862.6580       863.2061       864.1064       864.7039       862.8156
       860.3361       857.8370       856.5076       855.9783       855.8581
       856.9216       858.2746       859.7096       861.5335       863.0071
       863.3001       863.1350       862.9627       862.9178       862.3958
       861.8189       861.5376       861.2713       860.5780       860.4728
       862.1854       864.1075       865.3866       866.0137       866.4465
       867.2955       868.1669       868.7246       868.9850       868.9037
       868.5414       867.7723       865.9906       863.3471       862.8179
       863.6317       864.4725       865.8023       867.1357       866.9216
       865.3844       863.8080       862.0712       860.4916       859.7747
       859.4398       859.0522       858.8864       860.2432       863.0923
       865.1178       866.2523       867.2559       867.7576       868.2468
       869.0295       870.8323       874.0582       877.3834       879.8737
       880.2992       879.0056       877.3016       875.7203       874.7659
       874.4017       873.2802       869.4820       864.8644       863.0162
       862.7523       862.7793       863.1937       864.7820       867.6948
       871.2407       874.2237       874.9668       873.3889       872.4671
       873.3232       875.3908       877.4152       877.2152       874.7872
       870.7837       867.2202       866.6595       867.7789       867.0668
       864.9854       863.8238       862.1241       860.0957
       870.5709       871.4713       872.3804       872.1908       871.0055
       868.2477       864.4119       861.7364       861.1472       860.8791
       860.2849       858.1515       855.2130       853.3948       852.2584
       851.2926       850.8571       852.6857       857.0598       861.0756
       862.7162       863.2325       864.6853       865.8323       865.0870
       862.1868       857.9249       854.1534       853.5275       854.8215
       855.9850       856.7317       857.5463       858.8641       860.3837
       860.9976       860.9747       861.3182       860.7662       859.5439
       859.5753       860.2877       861.1348       860.9218       860.2875
       861.2286       863.6288       865.3478       865.6663       865.5758
       866.1917       867.2817       868.0449       868.1920       867.4743
       866.1041       865.5229       864.1096       861.8021       861.2281
       862.6912       864.4304       865.5669       866.2422       866.2646
       865.4915       864.4565       863.3214       861.9256       860.2646
       859.1339       858.6729       858.7562       860.2787       863.0772
       865.0522       865.4055       865.5222       866.2098       866.5845
       866.1862       867.0540       870.5853       875.2946       878.7520
       880.0471       879.7333       879.9088       880.6023       881.2976
       881.1573       879.9618       877.5010       873.6940       870.0843
       867.7892       866.8892       867.2789       868.3583       870.5408
       874.3329       877.3533       877.1936       874.8972       872.4847
       872.5738       874.6276       876.7869       877.4050       876.0195
       873.0536       870.5776       870.6423       871.5570       870.3486
       867.8306       866.0725       864.6358       862.9020
       870.1146       871.1639       871.6415       871.5970       870.4347
       868.2651       865.5331       864.0645       863.5925       863.1155
       862.1108       860.0490       857.6107       855.6432       854.6633
       854.0406       853.5815       854.7120       858.1953       861.8400
       863.7569       864.6483       865.9520       866.9631       866.5854
       864.0264       858.8807       854.2244       853.2261       854.5419
       855.4131       855.1583       854.9439       855.6498       856.6068
       856.8640       856.9141       856.7946       855.7929       855.1328
       855.8058       857.2646       858.4998       858.4404       857.4686
       858.2603       861.0820       863.4196       863.6818       863.1489
       863.6779       865.0310       866.1561       866.3361       865.3804
       863.8160       863.2802       863.4172       862.1844       861.4266
       863.1437       865.8608       867.2572       867.0049       866.5593
       866.1426       865.3334       863.8589       861.7699       859.8077
       858.6551       858.5308       859.1167       860.7383       862.8902
       864.1463       864.3618       864.3443       864.9781       865.3481
       864.9852       865.9647       869.5109       874.1415       878.3287
       880.4537       881.1855       881.7315       883.4595       885.3380
       885.9080       885.4220       883.5424       880.0790       875.8323
       873.2370       872.1868       871.8353       872.0733       873.8398
       877.0047       879.3840       879.0532       876.5634       873.5886
       872.5404       873.9418       875.9854       877.3590       876.6899
       875.0830       873.5074       873.5898       874.2227       872.8796
       870.0170       867.5641       865.9791       865.0547
       870.0012       870.6696       871.5582       871.5824       870.2194
       868.5012       867.4622       867.1583       866.6886       865.6154
       864.0402       862.2190       860.2069       858.2565       856.7362
       855.8231       855.4467       856.4399       859.1776       862.3502
       864.5355       865.4989       865.8655       865.7538       864.7579
       862.4425       858.3940       854.6124       853.6337       854.2861
       854.4085       853.7026       853.0010       853.2604       853.3279
       852.5413       852.4263       852.3915       852.3384       852.2423
       852.2904       853.3460       854.8589       855.6913       855.6710
       856.4825       858.3759       859.9493       860.5036       860.6185
       860.9771       861.8641       862.9518       863.5590       862.8586
       861.8308       862.0923       863.1306       863.1212       863.1768
       865.3975       868.3795       869.4850       868.5049       867.1429
       866.4825       865.7255       863.9650       861.4476       859.3976
       858.6633       858.5365       858.9206       859.9440       861.4125
       862.6211       863.0618       863.3228       864.0148       864.9020
       865.7224       867.7881       870.7683       874.2746       877.9544
       880.7785       881.5288       882.2538       884.0031       886.1744
       887.7306       887.7904       886.2882       883.1391       880.4221
       879.4378       878.7069       877.0817       876.7260       877.8442
       879.7041       880.9160       880.2438       878.1055       875.1772
       873.4621       874.2063       876.1217       877.4567       877.1309
       876.0024       875.3325       875.3248       875.1732       873.4472
       870.2420       867.4131       865.4297       864.4174
       871.9244       872.1061       872.5878       872.3820       871.0187
       869.6547       869.2164       869.3748       868.8480       867.0907
       864.9720       862.9335       861.0535       859.7042       858.1709
       856.9355       856.5253       857.0663       858.7203       861.1364
       863.1125       863.9084       863.4657       862.3489       860.7013
       859.0765       856.9677       854.8882       853.9843       854.0364
       853.5468       852.2573       851.6154       851.0338       850.3776
       849.6229       849.5446       850.2731       850.9511       850.9814
       850.5478       851.0804       853.5212       856.5231       857.4800
       857.4454       856.9982       856.7909       857.7994       859.1901
       860.0262       860.2120       860.3523       860.7107       860.8576
       860.6721       861.2180       862.7451       863.8509       865.0576
       867.8530       870.7156       871.5034       870.3173       868.4421
       867.1003       866.1240       864.2516       861.8634       860.2343
       859.1899       858.6008       857.8142       857.9055       859.5750
       861.6531       862.7397       863.3959       864.2994       865.3240
       867.3312       870.3241       873.1218       875.2490       877.9263
       880.3979       881.7126       882.7123       884.3444       886.2055
       887.7235       888.1938       887.5469       885.7997       884.5062
       884.0101       882.8351       881.6393       881.2180       881.4176
       881.7292       881.1153       880.0768       878.4397       875.9420
       874.4360       874.8997       876.3611       876.9706       877.0995
       876.6459       876.1760       875.7776       874.6460       872.1708
       869.2578       866.2361       863.7695       862.6162
       874.4777       874.0106       873.2857       872.1821       871.1101
       870.1320       869.8488       869.5131       868.2848       866.4714
       864.1806       861.6441       859.7585       858.9318       858.0073
       857.0828       856.3291       855.5167       856.0367       857.5810
       858.9526       859.2705       858.5497       857.3597       856.3295
       855.8005       855.7955       854.9548       853.5930       852.9862
       852.6500       851.6915       850.2048       848.9927       847.7426
       846.8236       847.0146       848.2946       849.6389       850.2996
       850.3679       851.0891       854.3141       858.2364       859.4500
       858.0659       856.1875       855.5176       857.2255       859.4312
       860.4203       860.2142       859.7663       859.7590       860.0804
       860.2556       860.8356       862.3052       864.3591       866.2381
       868.6484       871.2466       872.5718       871.9521       870.0054
       868.1995       866.9027       865.2285       862.9287       860.9462
       860.0516       858.9509       857.3675       857.0683       859.4820
       862.3087       864.1106       865.2267       866.1458       867.0314
       869.1302       872.7167       875.5447       877.2457       879.1304
       881.0763       882.4988       883.5856       884.6631       886.0723
       887.5508       888.5110       888.5842       888.1479       887.2798
       886.1003       884.5120       883.5995       883.7565       884.0719
       883.1393       881.4714       879.7934       878.0659       876.2772
       875.3905       875.7118       876.0955       876.3438       876.6693
       876.5566       875.7468       874.5658       872.3350       870.0331
       867.5748       864.5491       862.0267       861.1531
       875.4475       874.5234       872.8759       871.3728       870.0763
       869.6642       869.4937       868.2731       866.1573       864.4922
       862.9820       860.2320       858.2364       857.4886       856.7403
       855.7822       854.3771       852.8144       852.0755       852.4364
       853.0228       853.4703       853.0361       852.2634       852.2243
       852.9567       853.8158       853.4920       852.0400       851.9088
       852.0856       851.4995       849.9335       847.8177       845.7091
       844.4546       844.7661       846.3692       848.4021       850.1705
       851.0383       852.0637       855.4303       859.4391       860.5057
       858.6014       856.9709       857.2950       858.5947       859.9617
       860.3033       860.0954       859.8240       859.6322       859.4304
       859.6818       860.5284       862.1315       863.9087       865.5891
       867.5483       870.1053       872.2201       872.4597       871.0231
       869.3267       867.9393       866.1501       863.8038       861.9426
       860.9484       859.9679       858.4678       858.6820       861.0436
       863.7309       865.5096       866.9696       868.3611       869.3102
       871.6567       875.2006       878.1238       879.9819       881.5639
       883.1746       883.9949       883.9125       884.3299       885.5386
       887.1324       888.6658       889.3726       889.0104       888.2326
       887.1900       885.7192       884.8297       885.4257       885.8953
       884.6937       882.5678       880.7589       879.3347       878.3618
       877.8900       877.8264       877.4999       877.0775       876.7022
       875.8685       874.1486       871.8217       869.3569       867.7691
       866.6459       863.5153       860.4944       859.7581
       874.7227       874.2228       872.4130       870.3380       869.3362
       869.7640       869.7040       868.0427       865.6464       863.8906
       862.2563       859.9755       858.1372       857.2441       856.1274
       854.4028       852.7062       851.2634       849.8272       848.6674
       848.7344       849.7696       850.3055       849.5934       849.0084
       849.2872       850.2111       850.5428       850.6281       851.4251
       852.4557       852.3819       850.6999       847.8350       845.3920
       843.9768       844.2702       846.0405       848.2860       850.2534
       851.4584       852.6432       855.5753       859.5399       861.1760
       860.4943       860.0060       860.2823       860.5482       859.9951
       859.4007       858.8196       858.3625       858.1248       858.1667
       858.5234       859.4037       860.4178       861.4299       862.6036
       864.6079       867.4939       870.0988       871.0561       870.5989
       869.7576       868.4962       866.2993       863.7836       862.0746
       861.6014       861.3712       860.8360       861.0063       862.6327
       863.9741       865.1935       867.1910       869.6096       871.6308
       874.1243       877.7403       880.9547       882.5115       883.7024
       885.1174       885.2658       884.2435       884.0389       885.1699
       886.7222       888.5781       889.6522       889.1403       888.1903
       887.4338       886.2678       885.6975       886.1360       886.5605
       885.7576       884.4587       883.6274       883.0555       882.5624
       882.1146       881.3376       880.2797       879.1574       877.9076
       875.9161       873.3722       870.6841       868.0145       866.3699
       865.4464       862.9619       859.8136       858.4011
       873.2239       874.0059       872.4872       869.5784       869.2662
       870.7585       870.7166       868.9492       866.8036       864.7213
       862.7154       860.5613       858.8106       857.6033       856.1497
       854.1601       852.4816       851.5135       850.2163       848.0837
       846.6970       847.3656       848.5068       848.2316       846.4954
       845.7732       847.0103       848.6718       850.1715       851.9210
       853.5220       853.7382       851.9822       849.1551       846.4476
       844.9638       845.1193       846.6221       848.4093       849.8856
       850.9397       852.1307       854.6721       858.2672       860.5137
       861.4664       862.1978       862.5533       861.9291       860.4633
       859.2415       857.9034       856.6202       856.1437       856.3348
       856.6993       856.7280       856.9448       857.1910       858.2338
       860.6891       863.9570       866.7164       867.9104       868.1260
       868.5304       867.7202       865.1478       862.5386       861.0643
       861.2310       862.2961       862.3523       862.2649       862.9514
       863.4023       864.2265       867.4592       870.7899       873.2458
       875.8512       879.7568       883.5374       884.9729       885.2759
       886.3335       886.3135       884.9949       884.6454       885.4767
       886.6824       888.2930       889.7729       889.4628       888.3561
       886.9003       885.4346       884.5817       884.7622       885.2830
       885.5294       885.9830       886.9033       887.6551       887.6573
       887.0390       885.5490       883.5664       881.6536       879.0589
       875.9930       873.1773       870.7358       868.1205       865.8516
       864.4081       862.6136       859.8154       857.6723
       871.5181       872.6466       871.8954       868.8066       869.1011
       871.0496       871.0685       869.7341       868.0173       865.8827
       863.8019       861.6224       859.5380       857.9077       856.5010
       854.5043       852.7596       851.9978       851.3009       849.0274
       846.6312       846.6086       847.8250       847.6738       845.7178
       844.6707       845.8962       848.1368       850.3383       852.1740
       853.8559       854.1997       852.6223       849.9594       847.3663
       845.5197       845.3218       846.3577       847.5736       848.6790
       849.6886       850.9467       853.1415       855.6547       857.7355
       859.8627       861.3398       861.9556       861.4802       860.4184
       859.3829       857.5900       855.5818       854.3389       854.3310
       854.3881       854.0495       853.3901       853.0869       854.2974
       857.5422       861.4094       863.6117       863.9174       864.4889
       865.6733       865.2487       862.7670       860.6388       859.8885
       860.7378       862.2096       862.1109       861.7115       863.0557
       864.5221       866.0664       869.8124       873.2369       875.2808
       877.6996       881.7896       885.9777       887.5245       887.1611
       887.4620       887.1168       885.6041       885.1793       886.0022
       886.7662       888.0408       889.3281       889.5222       888.3464
       886.3106       883.7174       881.9130       881.8358       882.8747
       884.2847       885.9763       888.6705       891.1617       891.9448
       890.9556       888.7922       885.9763       883.0267       879.4383
       875.6136       872.4786       869.8639       867.4376       865.6674
       864.4179       862.4784       859.7891       857.8930
       870.3808       871.2726       869.6642       867.3608       867.8612
       869.8911       870.6848       870.4338       869.2023       867.0637
       864.8962       862.6138       860.0914       858.5096       857.5350
       856.0500       853.7664       852.0563       851.4095       850.3306
       849.4777       850.3266       851.6505       851.1459       847.9329
       845.4080       845.5931       847.7022       850.0734       852.0753
       853.3106       853.2956       851.6671       849.4281       847.2373
       845.3109       844.3972       844.7230       845.9282       847.0830
       848.2062       849.6900       851.4208       853.1531       854.3940
       855.5032       857.2165       858.2485       858.1616       857.7095
       857.2029       855.7687       853.7457       852.8564       852.7202
       852.9399       852.8801       852.0128       851.4359       852.9028
       856.8080       860.7653       861.8865       861.2136       861.3858
       862.5396       862.4315       860.5109       858.9681       859.2859
       860.6366       862.0625       861.9346       862.0079       864.6007
       867.7172       870.7059       874.4420       877.5594       879.0489
       880.7563       884.1865       887.9169       889.2665       888.7093
       888.1027       887.2100       885.9167       885.6079       886.1803
       886.9952       888.2151       889.3994       889.3909       888.1642
       885.8235       882.9485       880.6396       880.0412       881.3979
       883.2381       885.6179       888.8276       891.7216       893.1625
       892.5026       890.0032       886.5502       882.5979       878.4595
       874.4416       870.9897       867.9865       865.6696       864.6114
       864.0078       862.2844       860.1010       858.7053
       869.8276       870.0550       868.4177       866.3795       867.0461
       869.2438       870.7594       871.1864       870.4627       868.2366
       865.5440       863.4781       861.4228       859.7576       859.2133
       858.2528       855.9880       853.5889       852.4045       853.0613
       854.2892       855.5008       856.5872       855.7663       852.0475
       847.6080       846.3984       848.1061       850.1182       851.5679
       852.3792       851.8444       850.2681       848.5386       846.9722
       845.0139       843.2623       843.2728       844.3658       845.8663
       847.4363       848.7272       849.8439       850.6942       851.0280
       851.1247       851.8996       853.3403       854.2116       854.2509
       853.9058       853.0704       852.3304       852.4725       852.8175
       853.5046       853.8029       853.2764       853.1368       855.0589
       858.8445       861.9774       862.3351       861.1757       860.4652
       860.7452       860.5256       859.0162       858.0005       858.8999
       860.8933       862.4688       862.8373       864.3201       868.0380
       871.4796       875.1398       879.1736       882.4291       883.5380
       884.0464       886.3897       889.0593       889.6393       888.9961
       888.2050       887.0652       886.1777       886.1929       886.1236
       886.5590       888.2092       889.2334       888.7554       887.4786
       885.8923       883.5874       881.3834       880.5980       881.2469
       882.7572       885.0173       887.4560       889.4434       890.9199
       890.9455       888.7948       885.2410       881.1193       876.8284
       872.7168       869.1104       865.9770       863.8487       863.1019
       862.7030       861.9428       860.8610       859.9804
       869.2754       869.1440       868.3165       867.4635       868.1785
       870.1369       871.2775       871.3933       870.8693       869.1108
       866.5397       864.5013       862.7499       861.0507       860.2009
       859.3422       857.8533       856.0173       855.3409       856.7196
       858.7009       859.4707       859.7206       858.8938       855.4329
       850.6628       848.2554       848.8049       849.7033       850.0966
       850.0964       849.6917       848.9072       848.2338       847.2967
       845.7231       843.9692       843.3699       844.4401       846.1817
       847.7622       848.5923       848.7578       848.6000       848.0953
       847.6951       848.4418       850.2617       851.9963       852.5400
       852.2000       851.6564       851.8470       852.6270       853.5701
       854.6378       855.2526       855.2094       855.8137       857.9977
       861.2145       863.3148       863.4506       862.2719       860.8753
       859.7897       858.5319       857.1010       857.8688       860.1821
       862.5522       863.9095       864.9417       867.8598       872.3102
       875.7231       879.0014       882.9642       886.1699       887.3127
       887.3784       888.3293       889.5137       889.5148       888.9285
       888.0970       886.9814       886.0547       886.2195       886.1828
       886.0439       887.0787       887.9753       887.4395       886.2958
       884.9863       883.4315       881.7445       880.9146       880.8069
       881.6868       883.2481       884.8195       886.4382       887.4116
       887.4547       885.9021       882.8918       879.1744       875.2994
       871.5632       868.1530       865.0640       863.1741       862.4850
       861.9692       861.6649       861.2466       860.6545
       868.5831       868.0359       867.8495       868.0959       869.0319
       870.5538       870.8450       870.0468       869.8691       869.4725
       867.5557       865.1037       862.9107       860.7901       859.2177
       858.6072       857.9305       857.4634       857.9396       859.7963
       861.8903       862.7289       861.9537       860.5286       857.5458
       852.2958       848.8271       848.2434       848.0550       847.2676
       846.7371       846.5789       847.1721       847.9966       848.6515
       849.1685       848.0124       846.1453       846.4576       848.4079
       849.0494       849.4348       849.0336       847.7935       846.3007
       845.7862       846.9182       848.9700       850.8237       851.7833
       851.6959       851.3837       851.3184       852.0961       853.4926
       854.6684       855.4839       855.9840       857.0021       858.8183
       860.8389       862.1800       862.0563       861.2442       860.0816
       858.4912       856.4388       855.9244       858.9095       863.4384
       865.7878       866.7084       868.7958       872.9061       877.0167
       879.8898       883.0508       886.5003       889.3466       890.6105
       890.4435       889.8219       889.4579       889.4198       889.0362
       888.1621       886.7983       886.2360       886.9892       887.1414
       886.2737       886.1042       886.2881       885.6932       884.3702
       883.0140       881.7860       880.4998       879.8095       879.7448
       879.8845       880.9532       882.6600       884.1581       885.0136
       884.5353       883.1168       880.5765       877.2073       873.8162
       870.5469       867.6287       865.2890       863.6016       862.6141
       862.2056       861.8106       861.1600       860.5568
       867.2414       866.5822       866.3317       866.6430       867.5580
       868.3580       868.3369       868.0309       868.3534       868.8116
       867.9278       865.1208       861.8513       859.1630       857.8651
       857.7021       857.6857       857.9678       859.7435       861.7872
       863.5601       864.1922       863.4785       862.1182       858.7849
       853.4266       849.1412       847.0618       845.8034       844.6450
       843.7959       843.9653       845.4307       847.2656       849.3459
       851.7214       852.5891       850.9796       849.9340       849.9982
       850.3176       849.8544       849.1705       847.3362       845.0027
       844.3193       845.6488       847.9268       849.8222       850.7165
       850.9540       850.9577       851.0500       851.2220       852.3719
       853.8270       854.8599       856.2469       857.5443       857.7399
       858.0516       858.3835       857.7783       856.9052       857.3690
       857.3841       856.2623       857.0181       860.7850       865.6799
       868.6728       870.1828       873.7902       878.8853       882.2631
       884.3461       886.9658       889.8448       892.1535       893.2196
       892.0159       890.1796       889.0642       889.0158       889.1271
       888.4039       887.2545       887.3495       888.5416       888.5292
       886.8374       885.5114       884.7840       883.8741       882.4586
       881.1865       880.2031       879.0628       878.6730       878.9310
       878.9822       879.7538       881.4786       883.0380       883.5173
       882.7448       881.2206       879.0262       875.9843       872.5390
       869.4632       867.1630       865.5940       863.9888       862.6564
       862.2767       861.8948       860.9340       860.0345
       865.6531       865.0031       864.3929       864.3531       864.8497
       865.4897       866.1119       867.0112       867.7637       868.7509
       868.7617       866.3080       862.1146       859.0275       858.0106
       857.7783       857.4762       858.3082       859.8999       861.6339
       863.1437       863.8507       863.5802       862.5276       859.6109
       854.9060       849.7576       846.7795       845.1258       843.7820
       842.8135       843.1503       844.9055       847.0290       849.2603
       852.5595       854.9372       854.3211       852.6436       851.5516
       850.4576       849.2856       848.1713       846.1620       843.8120
       843.2908       844.9779       847.3588       848.9875       849.6068
       850.2280       850.8483       850.7986       850.3333       850.4443
       851.6185       853.4532       855.8170       857.1093       856.0460
       854.9924       855.1639       854.5897       854.4849       856.8242
       858.5004       858.8196       860.1864       862.9565       866.6619
       869.8309       872.9161       878.1655       884.0261       887.2156
       888.4205       890.5486       893.0429       894.5806       894.3855
       892.1630       889.5060       888.2986       888.3630       888.8085
       888.7625       888.3604       888.4996       888.8661       888.2667
       886.8116       885.6321       884.4016       882.9440       881.4734
       880.1959       878.8877       877.6056       877.3080       877.9206
       878.6642       879.5192       880.8046       882.1603       882.5157
       881.6970       880.1627       877.9465       875.2211       872.2527
       869.2039       866.9236       865.3309       863.4771       862.0530
       861.6208       861.1519       860.3348       859.9807
       864.6476       863.4913       862.6663       862.6933       863.3203
       864.1487       865.4762       867.3914       869.2288       870.4056
       870.1299       867.3996       863.7776       861.3438       859.5015
       857.8457       857.2625       857.4958       858.6797       860.0270
       861.6193       862.3013       861.8118       860.6297       858.3141
       854.2837       849.9996       847.9436       847.7636       846.7046
       845.1570       844.7319       846.0589       848.4501       851.0486
       854.2092       856.3716       855.7034       854.7161       853.7836
       851.3257       848.5272       846.5654       845.2003       844.0301
       844.2831       846.2118       848.4531       849.6556       849.7313
       850.1009       851.0939       851.0435       850.2003       849.8587
       849.9940       852.0850       854.6262       855.6238       855.0798
       854.5792       855.1125       855.0487       855.6793       859.0591
       862.1497       862.2779       862.8581       864.8782       867.4324
       870.3168       874.4064       880.4861       887.0339       890.6451
       891.9329       894.1010       896.4526       896.6276       894.8162
       891.7620       888.9162       887.7135       887.7708       887.9600
       888.2881       888.4345       888.5097       888.5818       887.9419
       887.2204       886.3127       884.6126       882.5479       880.6118
       878.9775       877.3499       875.6965       874.9264       876.1582
       878.2678       879.5856       880.5780       881.4313       881.7824
       881.1469       879.3604       877.1049       874.5289       871.7479
       869.0884       867.0746       865.0997       862.8397       861.2590
       860.8778       860.8914       861.0660       861.3026
       864.0861       862.9813       861.7571       861.9720       863.1409
       863.9855       865.4395       868.0739       870.6008       871.4537
       869.4236       865.6125       863.3067       862.5619       860.7740
       858.2614       857.0269       856.9675       857.5959       859.5750
       861.0067       860.3948       859.1317       857.9546       855.5139
       852.1722       850.0750       850.6019       851.7136       851.5853
       850.3702       849.4564       850.2067       852.3444       854.5046
       856.3831       857.3578       857.4089       856.9011       855.5677
       852.6552       849.0649       846.6802       845.4604       845.1843
       846.0620       847.2697       848.3583       849.5846       850.1384
       849.6458       850.9243       851.6024       851.1153       851.3078
       852.2919       853.9642       855.8688       856.7159       856.6111
       856.3417       856.4315       856.9758       857.9193       860.6411
       863.5195       864.5553       865.4006       867.5009       869.8183
       872.5363       876.7736       882.8044       888.9828       892.6778
       894.6874       897.0626       898.8220       897.8970       894.8998
       891.4974       888.7631       887.6221       887.2601       886.9595
       886.8680       887.2259       888.1243       888.7193       888.4116
       887.6929       886.0424       883.8503       881.6847       879.6416
       877.7709       875.9496       873.8823       872.9716       875.0405
       878.0192       880.0378       880.7083       880.9730       881.1761
       880.7394       878.8879       876.4835       874.0726       870.9891
       868.8256       867.3820       865.1222       862.5828       860.8389
       860.5106       861.6607       862.5517       862.6132
       864.3313       863.2735       861.4510       861.2356       863.5074
       864.7937       865.4599       867.3020       869.2836       870.1284
       867.5999       863.7853       861.8364       862.2067       861.1534
       858.7177       857.9166       857.5079       858.0132       860.2825
       861.0613       858.7645       856.8242       855.9155       853.8647
       851.2524       851.0585       853.1700       854.9866       855.5581
       855.2559       854.9133       855.1299       856.3618       857.8891
       858.3242       858.5029       859.0386       858.6383       856.6782
       854.0529       851.2227       848.3484       845.5418       844.6461
       845.1063       845.7076       846.1849       848.0958       849.5345
       850.1708       851.2156       851.9487       851.8347       853.1318
       855.5925       857.4597       859.3165       859.9639       859.4496
       858.5821       858.0468       858.1995       859.6037       861.9719
       864.4786       866.3380       868.2607       871.0150       873.9333
       877.3658       881.7121       887.0780       891.7300       894.9025
       897.0900       899.2482       900.0197       898.4370       894.9658
       891.2852       888.5692       887.2969       886.6532       885.9934
       885.7359       886.5578       888.2797       889.1442       888.7347
       887.2399       884.9651       882.6767       880.7509       879.0993
       877.2311       874.9211       872.9066       873.0762       875.6655
       878.4968       880.1738       880.7052       880.4099       880.4865
       880.0770       878.3873       876.1363       874.0137       871.6107
       868.9941       866.8140       864.7318       862.3746       860.3641
       859.9941       861.3127       862.5814       863.0379
       864.7484       863.6761       861.3179       860.5352       863.3455
       865.3367       865.4437       865.7238       866.8973       868.2808
       867.5670       864.5123       862.5453       862.6760       861.7549
       859.8613       858.7147       858.1644       858.4625       860.0300
       860.1796       857.7612       856.0743       855.6653       854.0074
       851.8568       852.7360       855.5771       857.7478       858.5836
       858.4437       857.6176       857.2382       858.1894       858.9872
       859.2338       859.6862       860.6104       860.0963       857.5991
       854.3016       851.4030       848.4609       845.1886       843.0665
       843.0214       844.5602       847.5483       850.0540       850.8168
       851.5479       852.8133       853.5846       853.5607       854.9905
       858.4393       860.7226       861.7561       861.9559       861.0989
       859.8593       858.6396       858.7561       860.5649       863.6577
       866.6011       868.8754       871.2255       874.4304       878.4967
       882.8651       887.3607       891.6292       895.3506       898.0242
       900.0491       901.3488       901.2322       898.9954       895.1458
       891.2708       888.2607       886.6019       886.0487       885.6531
       885.6650       887.1845       889.1392       890.0501       889.4833
       887.6481       884.9729       882.2778       880.2390       878.5523
       876.9567       875.0186       873.6684       875.0222       877.6674
       879.2153       880.1780       880.4261       880.1321       880.0737
       879.5909       877.9305       875.8651       874.3733       872.2561
       869.1164       866.4797       864.3242       861.8480       859.5530
       859.0148       860.0245       861.8582       863.0565
       864.2349       863.3051       861.1410       860.1420       862.0490
       864.1041       864.9682       865.6892       867.1635       868.7128
       868.0790       865.6660       863.8125       863.4393       862.8505
       861.0459       859.3916       858.1854       858.4317       859.9047
       859.9610       858.2172       857.1928       856.7242       854.8557
       853.7113       855.5333       859.1425       861.4297       862.0370
       861.7319       860.2096       858.9093       858.4987       858.6265
       859.0673       860.2759       861.3997       861.0873       857.8947
       853.1364       849.8485       847.7080       845.6022       844.0616
       844.4934       846.3475       848.9971       851.2462       853.1686
       854.1412       855.7731       858.2073       858.3059       858.5151
       860.4438       862.5552       863.6324       863.5458       862.3794
       861.1006       860.1590       860.4169       862.8796       865.9932
       868.9359       871.6391       874.7007       878.5338       883.0947
       887.4479       891.2034       894.7593       898.1786       900.9842
       902.7031       903.1981       902.3876       899.5851       895.5021
       891.3159       888.1321       886.2332       885.8805       886.1166
       886.9086       888.6089       890.4525       891.1551       890.6489
       888.8552       885.8355       882.5981       880.0432       878.3827
       877.3141       876.5061       876.1155       877.5740       879.8574
       880.0033       879.8868       880.1158       879.9218       879.7736
       879.1616       877.5450       875.7579       874.2944       872.3078
       869.2349       866.2958       864.3259       861.6871       858.9636
       858.4204       859.6707       861.3707       862.6057
       862.8240       862.1400       860.4652       860.1082       861.3370
       862.9865       864.4899       866.4539       868.8734       869.9190
       868.7681       866.5565       864.4421       863.4706       862.4528
       860.9934       859.4051       858.1750       858.4307       860.3591
       860.7164       858.8743       858.1120       857.3686       856.2643
       856.6887       859.7048       863.5287       865.4073       865.6168
       865.2892       863.1086       860.4053       858.8719       858.4114
       859.0921       860.1534       861.2005       860.8300       857.2368
       851.8793       848.5776       848.1481       847.1897       846.3965
       847.0767       847.6988       848.5661       850.8626       854.0471
       857.6161       860.3047       861.8678       862.1244       861.6990
       862.3814       864.0576       865.6447       865.9954       864.7851
       863.6818       863.2676       863.9091       866.0258       868.6667
       870.8849       873.8909       877.6031       881.8890       886.4741
       890.7026       893.9971       896.7142       899.5874       902.4676
       904.2782       904.5095       903.0234       899.8740       895.4515
       891.1496       887.9445       886.6139       886.7120       887.5191
       888.7094       890.2655       891.6172       892.1290       891.2604
       889.1755       886.0593       882.7949       880.3340       878.9453
       878.5665       878.5304       878.7129       879.4818       879.9918
       879.7600       879.6329       879.4789       879.0319       878.7355
       877.9208       876.7225       875.3676       873.9898       872.5030
       869.6369       866.4444       864.2906       861.7491       859.0763
       858.6157       860.1312       861.7179       862.4333
       860.6192       859.8665       859.3811       860.0849       861.2700
       862.4113       864.1631       866.6108       869.3415       870.2189
       869.3597       867.4061       865.0193       862.8159       861.2594
       860.0143       858.7249       857.8192       858.0754       859.7745
       860.2966       858.3754       857.1708       857.5565       858.4196
       860.1927       863.3872       866.2481       867.1231       866.9814
       866.1995       863.8917       860.9051       859.1640       859.0355
       859.4915       860.0209       860.0930       859.1203       855.7930
       851.3546       849.1633       849.1110       849.2712       849.1775
       849.4224       849.7596       850.7608       853.8309       856.8577
       859.8010       862.4963       864.0052       864.6265       864.6772
       865.2606       866.4833       867.7909       867.9507       867.2321
       866.5261       866.2435       866.7838       868.4864       870.2776
       872.1611       875.1531       879.2736       883.9103       888.9097
       893.0097       895.9682       898.1057       900.0789       902.4380
       904.1167       904.1942       902.7672       899.2924       894.7567
       890.7286       888.1950       887.8646       888.7246       889.5009
       890.4166       891.5325       892.4196       892.4587       891.1145
       888.3998       885.2864       882.6355       880.7306       880.0216
       880.0043       879.8962       879.9154       880.0114       879.8036
       879.7349       879.4424       878.7303       878.1215       877.6945
       877.1095       875.9970       874.7647       873.9192       872.7562
       870.0353       867.1658       865.1888       862.7088       860.0167
       859.6387       861.4970       863.0989       863.7508
       857.6923       857.2729       858.0211       859.7232       860.9057
       861.8682       863.5813       866.1420       868.3577       869.2390
       868.5854       866.9491       865.0818       863.2676       861.5167
       859.5965       857.9981       857.0019       856.5523       857.8157
       858.6502       857.9885       857.5142       859.0850       861.6030
       864.2244       866.3778       867.4305       866.8550       865.8666
       864.9312       862.9829       860.5624       859.3645       859.2178
       860.0512       860.4199       860.0842       858.8505       855.6295
       852.1533       850.7162       851.0297       851.3690       851.9276
       853.4310       854.4903       855.6306       857.4999       859.7319
       861.6102       863.8025       865.9611       867.5168       868.3740
       868.7469       869.1461       869.5826       869.6967       869.1487
       868.7314       868.7527       869.2404       870.0163       871.0026
       872.8369       876.2216       880.7339       886.1894       891.3368
       895.0236       897.0979       898.2943       899.3361       900.6251
       901.6269       901.6008       900.2104       897.1042       893.2250
       890.3844       889.2914       889.9337       890.9996       891.4701
       892.0229       892.7086       893.0236       892.5671       890.7841
       887.6004       884.4505       882.2737       881.1066       881.0252
       880.9526       880.5963       880.4008       880.1922       880.1777
       880.0390       879.4387       878.4389       877.9479       877.8539
       876.9759       875.5126       874.0662       873.4511       872.4394
       870.1374       867.8897       866.4593       864.5240       862.0082
       861.8171       863.7979       865.5136       866.2378
       856.1640       856.5485       857.6804       859.0829       860.4122
       861.7617       863.4444       865.4885       867.2010       868.0034
       867.3044       866.3398       865.9183       865.4095       863.5554
       860.7000       858.1207       856.2418       855.2668       855.5217
       856.9703       857.4888       858.8439       861.5842       864.6710
       867.1755       868.3363       867.6511       865.6941       863.9183
       863.2456       862.1555       860.6121       859.5491       859.6126
       860.5865       861.3571       861.2269       860.2157       857.0200
       853.9054       852.7827       853.2039       854.3741       855.5529
       856.8465       857.9590       858.5942       859.5803       861.0127
       863.0051       865.4852       867.7504       869.5732       870.9866
       871.6195       871.6078       871.7730       871.8363       871.4626
       870.9762       871.0415       871.4377       871.9048       872.2362
       874.1264       877.9973       882.8977       888.4640       893.5867
       896.5358       897.5257       897.4252       897.3563       897.4228
       897.5571       897.3118       895.8357       893.4490       891.1094
       890.1416       890.4560       891.8981       893.3456       893.5684
       893.5533       893.8282       893.6866       892.8691       890.7400
       887.5927       884.6626       882.6804       881.7067       881.7393
       881.8455       881.7681       881.5079       880.8582       880.1732
       879.7362       879.2241       878.7490       878.7980       878.5284
       876.8990       874.9244       873.6530       873.1041       872.1277
       870.0291       867.8863       866.8193       865.6953       864.2312
       864.3413       866.3989       868.3677       869.0667
       857.2276       857.5863       858.3256       858.8703       859.9767
       861.6436       863.5266       865.2473       866.8575       867.6179
       867.4533       867.0803       867.5739       867.7870       866.0499
       862.5141       859.1655       857.3040       856.1728       855.4122
       855.6096       856.7242       859.0648       862.2559       865.0746
       867.2659       867.7913       866.2858       863.5488       861.7366
       861.4750       861.2404       861.1902       861.9224       861.9235
       861.6385       861.7109       861.6414       860.7090       858.2468
       855.4500       855.0186       855.7621       857.1006       858.6172
       859.6641       860.1351       859.8929       860.2666       861.5483
       863.7725       866.4360       868.7516       870.4346       871.8038
       872.6697       873.4486       874.1636       874.4451       873.7249
       873.0090       872.7492       873.3766       874.2285       875.1138
       877.0355       880.7943       885.6714       890.7885       895.1232
       897.4333       897.5615       896.6843       895.5319       894.6017
       893.7520       892.6017       891.3805       890.1885       889.8168
       890.3397       891.5431       893.6721       895.4301       895.5948
       895.1031       894.6543       894.1693       892.9874       890.7476
       887.9999       885.5520       883.6863       882.7058       882.6025
       883.0045       883.2579       883.0059       881.6813       880.1156
       879.3594       878.9462       878.9293       879.0833       878.3001
       876.5039       874.9316       874.1685       873.8627       872.9921
       870.9034       868.8661       867.5656       866.3956       865.5787
       866.5702       869.2522       871.3238       871.9391
       858.6533       858.4810       858.3598       858.7595       859.5767
       861.0582       862.8248       864.9111       866.5665       867.5897
       867.8809       868.0745       868.5962       868.5405       866.5546
       863.2352       860.3710       858.9113       857.7341       856.2486
       855.8158       856.7155       858.7352       861.4305       863.9588
       865.6169       865.5250       863.6473       861.3820       860.2037
       860.4862       861.1105       862.4121       864.0404       863.5289
       862.1483       861.7012       861.4799       860.5814       858.9341
       857.4597       856.7898       857.2275       858.6993       860.8137
       862.1768       862.0154       861.4589       861.3815       862.6625
       864.7657       867.4349       869.6081       870.9272       871.9061
       873.2883       874.8127       875.8056       875.7542       874.9902
       874.0500       873.9039       874.6813       876.3911       878.2343
       880.5121       884.0244       888.6381       893.0442       896.3181
       897.7876       897.3099       896.0928       894.9420       893.4636
       891.3466       889.3247       887.8536       887.5237       888.7186
       890.2392       892.1602       894.7831       896.8582       897.1130
       896.3813       895.3737       894.3862       893.0939       891.0290
       888.7556       886.8299       885.3904       884.5248       884.4763
       884.8264       885.0639       884.6074       882.8190       880.5837
       879.5181       879.1458       879.2216       879.3057       878.1685
       876.5901       875.8407       875.7804       875.4397       874.2025
       872.4673       870.8808       869.3630       867.5838       867.2695
       869.4429       872.2591       874.3265       874.9877
       859.1005       858.3647       857.8387       858.2241       859.2339
       860.5548       862.2900       864.0419       865.6909       866.8040
       867.6288       868.1844       868.0820       866.8881       864.6934
       861.9690       860.0780       859.1652       858.1362       856.9796
       856.6578       857.4269       859.0066       861.1433       863.1763
       864.2028       863.3087       861.2947       859.4465       859.2935
       860.7216       862.2976       864.0295       864.9318       863.7641
       862.1260       861.4758       861.1521       860.2808       859.3929
       858.6801       857.9616       857.9743       859.5957       861.9038
       863.1721       863.3140       863.0607       863.3040       864.7725
       866.9375       869.0747       870.7617       871.9522       872.8022
       873.9933       875.2828       875.6395       875.2947       874.6404
       874.2079       874.5581       876.0175       878.0255       880.3853
       883.0901       886.9927       891.1893       894.7276       896.8718
       897.1891       896.2701       895.1563       894.3553       892.8860
       890.3432       887.8072       886.3156       885.8322       886.6314
       888.9540       891.9740       894.9961       897.0588       897.5999
       897.0001       895.9370       894.7357       893.5037       891.8997
       890.0598       888.5132       887.7102       887.8271       888.0270
       887.9240       887.6912       887.0771       884.9739       882.2329
       880.4000       879.8161       880.0283       880.2886       879.3079
       878.0197       877.4694       877.2090       876.3749       875.2253
       873.9041       872.7088       871.6290       870.5658       870.9083
       873.0505       875.5833       877.3349       878.2551
       858.7949       857.6522       856.8647       857.6561       859.1918
       860.7972       862.1465       863.5016       864.6207       865.3047
       866.0952       866.8442       866.3931       864.2432       861.3077
       859.2209       858.5209       858.7059       858.5435       858.2566
       858.3449       858.8863       860.1568       861.8466       863.4724
       863.5022       861.8599       859.4561       857.9812       858.3958
       860.9434       863.8330       866.0220       866.9263       865.2836
       863.0121       861.5985       860.6506       859.8791       859.2529
       858.6277       858.1017       858.3792       859.9447       861.9513
       863.2200       863.9409       864.4495       865.4425       867.2388
       869.4435       871.0113       872.2602       873.0219       873.5144
       874.2523       874.8099       874.5458       873.8496       873.5711
       874.0190       875.4635       877.2075       879.2794       881.8126
       885.1602       889.0908       892.8447       895.4237       896.4034
       895.8413       894.3799       893.4760       893.3708       892.2511
       889.4788       887.1470       886.1848       886.0663       886.6101
       888.4492       891.3677       894.4805       896.5546       897.3551
       897.5030       896.8350       895.6048       894.5145       893.1323
       891.5566       890.2382       890.0087       891.0242       891.8113
       891.3223       890.6318       889.7553       887.5828       884.5032
       881.9933       880.6635       880.6481       880.5341       879.7058
       879.1004       879.0026       878.7146       878.0084       877.2222
       876.6212       875.7845       875.1105       875.0424       875.8366
       877.4523       879.1102       880.6714       881.6859
       857.6189       856.2058       855.6307       856.9922       859.3190
       860.8915       861.9788       863.2217       863.6776       863.6656
       864.2645       865.1719       864.5945       861.7000       858.8987
       857.3597       857.5732       858.9777       859.9082       860.0462
       860.3853       861.3296       862.1620       862.6259       862.8661
       862.2029       860.3242       858.1469       856.9242       857.9916
       861.3668       865.0754       867.7690       868.5997       867.3257
       865.0314       862.6802       860.7371       860.0947       859.6780
       858.5231       857.8334       858.3895       859.8793       861.9199
       863.6165       864.7582       865.7719       867.0632       869.1180
       871.3318       873.0374       873.7614       874.0014       873.9969
       874.2418       874.3069       873.7094       872.9178       872.5931
       874.0540       876.4153       878.4905       880.7517       883.5115
       887.0685       891.0327       894.2239       895.8603       895.7624
       894.3691       892.8004       892.3295       892.6489       891.8298
       889.3763       887.1957       886.6984       887.0623       887.7223
       888.9871       891.2160       893.7044       895.7424       897.2799
       898.3541       898.3331       897.3941       896.1729       894.7867
       893.2819       892.2561       892.1782       893.4271       894.3031
       893.7812       892.8748       891.8118       889.5970       886.3333
       883.5009       882.0049       881.2395       880.4901       879.6586
       879.7615       880.4146       880.6960       880.6432       880.6119
       880.4142       879.5644       878.9794       879.5631       880.7160
       881.8372       882.9632       883.9070       884.8648
       856.2697       854.9977       854.6438       856.4798       859.0087
       860.7471       862.0559       863.0370       863.2546       862.9657
       863.5545       864.5139       863.2872       860.6979       858.3810
       857.4599       858.1987       860.0836       861.3553       861.5237
       861.9167       862.9796       863.1865       862.2479       861.0894
       860.2520       858.9321       856.8689       855.9852       857.7472
       861.6227       865.9901       868.8042       869.0063       867.8504
       866.0692       863.7547       861.5380       860.7167       860.3851
       859.0200       858.2974       858.8214       860.0646       862.0398
       863.9867       865.2706       866.4863       868.2262       870.4843
       873.1058       874.9493       875.5186       875.0312       874.3448
       874.1641       874.3396       874.5492       874.1607       873.4076
       874.8784       877.8170       880.3688       882.7828       885.8504
       889.4293       893.0943       896.0645       897.0520       896.2269
       894.5114       893.0039       892.7782       893.1759       892.5167
       890.5266       888.5252       887.8101       888.0974       888.4968
       889.3991       891.2347       893.4386       895.7340       898.1827
       899.9597       900.2673       899.3976       897.8058       896.2010
       895.0266       894.2036       894.2835       895.1309       895.8126
       895.4518       894.4062       893.1758       891.0257       887.8514
       885.0518       883.2012       882.2143       881.1707       880.4534
       880.8318       882.1120       882.9058       882.9901       883.1605
       883.0175       882.5312       882.6115       883.5632       884.6690
       885.6293       886.1191       886.5435       887.0113
       855.4949       854.8730       854.8273       856.3588       858.7350
       860.7151       862.0506       863.0026       863.1841       862.8821
       863.7867       864.5261       863.0089       860.3833       858.5356
       858.1685       859.3591       861.0256       861.8247       861.9351
       862.7515       863.5176       862.8661       861.0387       859.6113
       858.7980       857.5229       855.7386       855.2319       857.6460
       861.8244       866.1412       868.6584       868.7098       867.2786
       865.5145       863.6367       861.6727       860.3565       859.7587
       859.1825       859.2644       859.8793       860.5676       862.1413
       864.1066       865.3895       866.5894       868.8424       871.8129
       874.5938       876.5266       876.7113       875.5113       874.2806
       874.0770       875.0023       876.3029       876.4722       875.9811
       876.9080       879.3039       881.9833       884.9274       887.9877
       891.3159       894.7247       897.4540       898.5689       897.6602
       895.9044       894.4745       894.2551       894.8939       894.0898
       891.7664       889.8707       889.0526       888.8876       889.1204
       889.7977       891.4492       894.0059       896.7036       899.7842
       902.0974       902.2035       900.5346       898.4003       896.8602
       895.8105       895.1992       895.4603       896.3264       896.8484
       896.5816       895.6567       894.2728       892.0628       889.2689
       886.6692       884.6899       882.9893       881.5860       880.9897
       881.8008       883.5000       884.6786       884.8715       884.5373
       884.1470       884.3313       885.3323       886.4135       887.2598
       887.8889       888.0657       888.0641       888.2618
