!     RMS - Reservoir Modelling System GRID TO ZYCOR GRID
!     RMS - Reservoir Modelling System VERSION : 10.1
!     GRID FILE NAME   : Reflector4
!     CREATION DATE    : 2018.12.21
!     CREATION TIME    : 08:26:10
@Reflector4 HEADER                     ,      GRID, 5
      15,    -99999.0000,       ,      4,      1
     119,     65,    436910.1562,    440110.1562,   6469154.5000,   6475054.5000
         0.0000,         0.0000,         0.0000
@
+ Grid data starts after this line
       898.9891       899.8163       900.4279       899.9206       899.3931
       899.4960       899.6094       899.8887       899.6923       899.4455
       899.5601       899.1398       898.9869       900.6951       902.7119
       903.2856       903.2703       902.9774       903.7355       905.2378
       906.5632       908.1761       909.4185       909.6194       909.0598
       907.9978       906.6863       905.6044       904.9337       904.4048
       903.7603       902.7159       902.0675       901.2120       900.3831
       900.5833       901.4800       902.4457       902.3651       901.2065
       900.9522       900.4172       898.6335       897.2172       897.2802
       897.9411       897.8783       897.1710       896.5939       896.6732
       896.7267       897.0312       898.0897       899.1934       899.5266
       899.2551       899.2144       899.6290       900.9227       902.3098
       902.7822       903.8006       906.0009       907.9999       908.2117
       907.4854       907.2469       906.4656       906.1928       906.8442
       907.9890       910.3033       912.8437       914.9254       917.1077
       918.7113       918.7523       918.9629       919.7159       920.6266
       921.7654       922.7841       923.1619       923.5729       924.6634
       926.0762       927.5381       928.8535       929.1234       928.3195
       927.1642       925.7566       924.7775       924.5222       924.0179
       923.4431       922.5011       921.9783       922.5336       923.0858
       923.0508       923.6418       924.7896       925.5131       925.7928
       926.1432       926.8511       926.9144       925.6577       923.6815
       921.4527       919.2604       917.8893       916.8203       916.3879
       916.6936       916.5902       915.6803       914.7176
       898.7922       898.9684       898.8354       898.1550       897.5236
       897.5972       897.9258       897.9231       897.7658       897.8412
       897.8679       898.2452       899.0566       900.5106       902.0536
       903.2950       903.6614       904.0711       905.1194       906.4911
       907.8223       908.8621       909.2703       908.9570       908.2045
       907.2072       905.8018       904.8964       904.5986       904.2065
       903.2790       902.2943       901.6415       900.8478       900.0289
       900.3993       900.8917       901.7281       902.3647       902.1895
       901.8995       901.1849       899.2733       897.9578       897.6492
       897.3563       896.7855       895.2644       894.2338       894.9965
       896.0112       897.0480       898.1818       899.2844       899.8852
       899.4058       899.1156       899.2502       900.0915       900.9803
       901.9504       903.6245       905.5568       907.1691       907.5358
       907.0421       906.5881       906.3775       906.2441       907.1161
       908.7478       911.1806       913.5220       915.9536       918.4565
       920.3677       920.8313       920.6387       920.4791       920.5729
       921.5177       922.3947       922.7147       923.4308       925.1331
       926.9427       928.6624       930.0149       930.0870       929.4087
       928.1933       926.9579       925.8326       924.8425       924.1551
       923.2689       922.4075       922.4918       923.0322       922.7145
       922.6043       923.1002       923.8360       924.2005       924.8016
       925.7878       926.5848       927.6051       926.8400       924.1248
       921.2196       918.2661       916.0443       914.6570       914.5397
       915.2806       915.5116       914.8323       913.7703
       897.6185       897.3998       896.5514       895.5842       894.9636
       894.9016       895.3896       895.5141       895.8414       895.8934
       896.1191       897.2171       898.5969       899.8276       901.1757
       903.0104       904.5107       905.6483       907.3781       909.1429
       910.0613       910.2914       909.6243       908.5591       907.5208
       906.7039       905.5239       904.4476       904.0240       903.4598
       902.5355       901.4932       900.6441       899.9092       899.5097
       899.6372       899.8698       900.7587       902.2587       902.7289
       902.8502       901.9352       900.0983       898.2952       897.6195
       896.7065       894.6729       892.6296       891.7817       892.5753
       894.6291       896.5754       897.8990       899.0413       899.3329
       898.7619       898.0635       898.0433       898.4960       899.2986
       900.5002       902.3116       904.3777       905.8293       906.3461
       905.9044       905.3836       905.2675       905.7577       907.1676
       909.5690       911.8017       914.3455       916.7720       919.5654
       921.5703       922.4885       922.3773       921.8411       921.3644
       921.5168       922.2061       922.7524       923.9144       925.9267
       928.2031       930.1451       931.1687       931.1451       930.2593
       929.6599       928.3326       926.5382       925.0743       924.1307
       924.0049       923.6847       923.7239       923.9896       923.2916
       922.6346       922.9779       923.5143       923.8713       924.9507
       926.0615       926.9146       928.2427       928.1602       925.0274
       921.3542       918.2377       915.4359       913.5761       913.3943
       914.2413       914.3748       913.7842       913.2686
       895.8195       895.8122       894.7421       893.4497       892.9250
       893.1533       893.3603       893.8108       894.1042       894.3923
       894.9102       896.0269       897.8568       899.3336       901.0155
       903.1600       904.8480       906.5054       908.9094       910.8859
       911.6531       911.2828       909.9066       907.8146       906.9798
       906.5709       905.7402       904.8564       903.9172       902.6334
       901.0416       899.7623       899.0855       898.8276       898.4193
       898.2203       898.7729       900.2256       901.7845       902.6390
       902.6847       902.0391       899.5484       897.2602       896.3356
       895.2474       892.3962       889.9153       889.0981       890.1613
       892.7687       895.3298       897.2320       897.9610       897.3116
       896.5305       896.3768       896.3666       896.9760       897.8989
       898.9970       900.8862       902.7906       903.9271       904.5629
       904.3249       903.4028       903.2666       904.0552       906.0211
       908.8746       911.5976       913.8715       916.5739       919.2532
       921.1552       922.1902       922.9529       923.0208       922.4324
       922.2755       922.9407       924.5466       926.2803       928.0258
       929.7967       931.2211       931.7614       931.5764       931.0706
       930.3668       929.0015       927.3732       925.8613       925.2157
       925.5887       925.9096       925.7783       925.3217       924.3608
       923.4200       923.3368       923.4119       924.0776       925.5875
       926.8462       927.4172       928.6913       928.3126       925.1455
       921.1223       918.3498       915.6381       913.8744       913.7722
       914.2404       913.9029       913.7379       913.4047
       894.0544       893.6153       892.7126       891.6481       891.6530
       892.3431       892.6115       892.9379       893.1252       893.6141
       894.5921       896.0305       897.9633       899.6114       901.6208
       903.6346       904.8938       906.2963       908.6952       910.4501
       911.1650       910.8207       908.7854       907.0589       906.4906
       906.0988       905.4045       904.8509       903.8661       901.9059
       899.7025       898.1876       898.2302       898.2841       897.7495
       897.5222       897.7798       898.5063       899.6650       900.6297
       900.7570       899.7029       897.2715       894.5121       893.4346
       892.0751       889.7629       887.9026       886.8091       887.9022
       890.8029       893.8733       895.9911       896.5945       895.6690
       894.6221       894.6263       895.0296       895.9935       897.1619
       898.4691       899.8848       900.8564       901.4901       901.7198
       901.7077       901.3839       901.4069       902.5656       904.6223
       907.5715       910.4148       912.8136       915.2491       917.5404
       919.4193       920.8916       922.2588       922.7413       922.6354
       922.8547       924.2563       926.1494       928.3944       930.4653
       931.9758       932.4719       932.1656       931.7703       930.9250
       929.4843       928.2255       927.6971       927.6340       927.2892
       927.1476       927.6544       927.6716       926.7617       925.2391
       924.0831       923.6003       923.5981       923.9896       925.6268
       927.0223       927.6648       928.1569       927.6029       924.4385
       921.1089       918.7896       916.7222       914.9344       914.7911
       914.7969       914.4124       913.8502       913.0355
       890.6342       890.1102       889.8502       889.7686       890.4404
       891.4919       892.5140       892.7631       892.6252       893.1555
       894.8667       896.7835       898.5786       900.4743       902.3531
       903.7006       904.4078       905.3676       906.9414       908.3387
       908.8687       908.3242       907.3616       906.7705       906.6209
       906.0752       905.3381       904.2893       903.1487       901.5971
       899.6230       898.5945       898.8236       898.9537       897.9367
       896.7204       896.1299       895.5318       895.8636       896.9444
       897.4146       896.1376       893.3861       891.2173       889.9640
       888.6088       887.1792       886.1755       886.0052       886.9178
       889.3029       892.0853       894.6287       895.2991       894.1690
       893.4480       893.4427       894.0815       895.2609       896.5466
       897.9240       898.6556       899.0099       898.9785       898.6724
       898.8036       899.4870       900.4489       902.1564       904.5594
       907.3605       909.9927       911.9479       913.7871       915.7366
       917.5254       919.3533       920.7548       921.5258       921.9634
       923.0714       924.7538       926.6838       928.9921       931.6273
       933.2515       933.2068       931.9501       930.7755       929.3112
       927.4999       926.2529       926.8962       928.6697       929.5385
       929.0759       928.6213       928.2876       927.0655       925.9502
       924.9777       923.9784       923.5830       924.0260       925.1288
       926.1469       926.6882       926.7173       926.1691       924.0267
       921.8854       920.3267       918.3033       916.6534       916.0785
       916.0112       915.4541       913.8519       912.6167
       887.0092       887.2709       887.7504       888.6847       889.9369
       891.1030       891.9948       892.6872       892.3763       892.8032
       894.2698       896.1773       898.4643       900.5267       901.8352
       902.3372       902.6356       903.1536       903.9297       904.9547
       905.4241       905.6333       906.0197       906.7267       907.4177
       907.0604       905.2261       903.4471       901.7277       900.6164
       900.0252       899.8814       900.3282       899.9252       897.8555
       895.4918       893.5955       892.0649       892.2210       893.3163
       893.7758       892.7647       890.6273       888.8600       887.8181
       886.7662       885.7427       885.1821       885.6784       886.8726
       888.7811       891.3160       893.3533       893.7495       892.8826
       892.6345       893.2180       894.1819       894.8650       896.0920
       897.2429       897.4352       896.9247       896.6437       896.3895
       896.7706       897.7314       899.6443       902.2926       904.9922
       907.5489       909.9125       911.6909       913.0555       915.0837
       917.2601       918.8232       919.9686       921.0881       922.1448
       923.6263       925.6185       927.7562       929.6237       931.4991
       933.2696       933.1334       931.3428       929.2979       927.7236
       926.0669       925.2445       926.5953       929.8968       932.0552
       931.9139       930.2685       928.5085       927.2481       926.5796
       925.6885       923.9556       922.6939       922.9564       923.7861
       924.6788       924.9011       924.8664       925.0773       924.4119
       922.9316       921.0002       918.7634       917.2332       916.6993
       916.5406       915.7810       913.8777       911.5372
       886.1266       886.7234       887.6019       888.9713       890.5178
       891.1542       891.6468       892.3452       892.4972       892.7922
       893.8555       895.2892       897.0733       898.7025       899.6408
       899.6710       899.6982       900.1673       900.8926       902.0251
       903.0705       903.9639       905.3771       906.9125       908.0334
       907.1169       904.7003       902.1444       900.2614       899.4733
       899.7228       900.4477       900.9640       900.0742       897.8180
       895.2051       892.5015       890.4749       890.1912       890.8776
       890.7577       889.6703       888.4260       887.5878       886.8743
       886.2256       885.4041       885.3914       885.8676       887.2037
       889.3751       891.5990       892.9610       893.3697       893.2637
       893.2968       894.4294       895.5915       896.0270       896.6561
       897.3649       896.6802       895.7343       895.3683       895.5269
       895.7359       897.0812       899.3024       902.0844       904.5144
       906.7175       909.2950       910.8934       912.6747       914.7855
       917.0627       919.0104       920.2627       921.9164       923.5976
       925.3571       927.4489       929.0446       930.0955       931.0518
       932.2166       932.6801       931.8769       930.6564       929.3428
       927.5974       926.7385       928.7012       931.9361       934.4086
       934.3146       932.1210       929.8235       928.0302       926.8184
       925.4289       923.6043       921.7463       921.4587       922.6052
       923.5163       923.3209       923.5497       924.6401       924.8506
       923.2415       921.0197       918.6196       916.7192       916.2490
       915.9244       914.6868       912.4916       909.9388
       887.7953       888.4030       889.6447       890.8475       891.4691
       891.6663       892.2755       892.6846       893.1284       893.4876
       894.4589       895.7634       896.5650       896.7705       897.1851
       897.4387       897.3133       897.6321       898.6798       900.2212
       901.8065       903.5369       905.3179       907.1651       907.6861
       906.1579       903.4751       901.3695       900.0568       899.2283
       899.4247       900.3837       901.0097       900.0433       898.2784
       896.3959       893.9998       891.8558       890.7695       890.4023
       889.3716       887.8965       887.3632       887.1819       887.0604
       886.4191       885.8451       885.8746       886.2961       887.6798
       890.0563       892.0118       892.9775       893.5511       894.0387
       894.7629       896.1124       897.3075       897.9937       898.2134
       898.2561       897.7067       896.5422       896.3542       896.1218
       896.1705       897.3196       899.4368       901.4729       903.5355
       905.3817       907.7404       910.1104       911.6745       913.7441
       916.1714       919.1081       921.6800       923.2426       925.2279
       927.2906       929.1292       930.1191       930.1216       930.2811
       931.2811       932.3606       933.2601       934.2097       934.0971
       932.1324       930.6454       931.6584       934.0420       935.4282
       934.5341       932.1378       929.7324       928.1042       927.0186
       926.1901       924.2359       922.0964       921.4785       921.8137
       922.4170       922.6976       923.5276       924.3267       924.0009
       922.3619       920.1463       918.1348       916.6880       915.9252
       915.2856       913.2326       910.0903       907.9083
       892.2512       892.3497       893.3360       893.7844       893.0795
       892.7810       892.8741       893.4534       894.0760       894.9603
       895.9742       896.8565       896.9475       896.2494       896.0526
       896.2803       896.2751       896.4393       896.7432       898.1807
       900.5679       902.7310       904.5125       906.0380       906.1725
       904.3816       902.1921       900.7352       900.2624       899.9571
       899.7064       900.8682       901.5173       900.7510       899.4658
       898.0274       896.5021       894.8518       893.1588       891.9698
       890.1235       888.7760       888.3884       888.4819       888.7342
       888.1437       887.3600       886.9336       886.7726       887.8614
       890.3758       892.4191       893.3159       893.3561       893.6539
       895.0677       896.6030       898.3569       899.6506       899.8434
       900.1818       899.5244       898.4613       897.8433       897.4302
       897.1490       897.9583       899.4757       901.2936       902.5121
       904.5223       906.8769       908.9763       911.0002       912.6885
       915.8932       919.9637       922.7875       924.3560       926.0644
       928.7712       930.7305       930.6741       929.7847       929.6758
       930.6414       931.9832       933.6796       936.2235       937.4001
       936.0851       934.1268       933.6423       934.9205       935.5560
       933.6537       930.9087       928.8620       928.0165       928.3751
       928.4442       926.6970       924.1769       921.9964       921.1221
       921.4840       922.4935       923.3500       923.8745       922.9583
       920.5485       918.0504       916.6953       916.2847       915.8613
       914.1367       911.0928       907.6449       905.7068
       898.1960       897.6599       897.2322       896.1949       894.5733
       893.1039       893.0746       894.0278       894.6545       895.9544
       897.0620       897.7756       897.5461       896.7194       896.3290
       896.0222       895.8246       895.6705       895.4200       896.4373
       898.9043       901.0673       902.6998       903.5625       903.1833
       902.2871       901.1971       900.3771       900.1891       900.3489
       900.8386       901.9070       902.6990       902.3627       901.7521
       900.6625       899.3511       897.9205       896.5800       894.7984
       893.0007       891.2234       890.6522       890.9459       891.2753
       890.6935       889.4002       888.4557       887.9084       888.8267
       891.0400       893.3866       894.2330       893.2359       892.9885
       894.2546       896.4359       899.0864       900.8723       901.9033
       901.9409       900.9219       899.5404       898.7129       898.2125
       897.6581       897.9030       899.4815       901.5874       903.4313
       904.5524       905.9999       908.0770       910.0377       912.4786
       915.8777       920.3442       923.6772       924.9518       926.8644
       929.9843       931.4214       930.6518       929.1947       928.8401
       930.0889       931.4272       933.1774       935.2677       936.9320
       936.8558       934.9630       933.6184       934.5254       935.1840
       933.2620       930.3885       929.1082       929.5568       930.9814
       931.4385       929.8295       926.3844       922.9057       921.2050
       921.4515       922.0731       922.8954       923.1768       922.0135
       919.0802       915.7134       914.2556       914.6920       914.1202
       911.0544       907.0306       904.4327       903.0453
       902.7960       901.2166       899.4072       897.7944       895.0893
       892.9547       893.4099       894.3793       894.7377       895.6181
       897.6671       899.0018       898.4748       897.1906       896.4021
       895.9109       894.9792       894.4468       894.6931       895.4773
       897.5867       899.5923       901.0352       901.0563       900.7693
       900.4954       900.2582       900.0583       899.6894       900.2170
       902.0143       903.5824       904.4953       904.5436       904.4523
       903.9430       902.2807       901.3264       900.2314       898.5533
       896.6101       894.7499       893.3525       893.7748       894.1432
       892.6837       890.5831       889.3394       889.2423       890.0567
       892.2461       894.5353       895.0062       893.9453       893.3885
       894.6279       897.1216       899.7194       901.5104       902.5677
       902.3232       901.1699       899.9410       899.0713       898.3502
       897.4004       896.8481       897.7377       900.6848       902.9174
       903.2701       904.4499       906.5475       909.2623       912.4661
       916.4551       920.5272       923.5693       925.4792       927.7009
       930.0596       930.7944       929.7319       927.9889       927.1683
       928.7678       931.0941       931.9225       932.5515       933.3842
       933.7290       932.5459       931.4965       932.0256       932.7401
       931.3273       929.2897       928.3129       929.5822       931.5517
       931.8571       930.2346       927.2805       924.1242       922.3085
       921.9489       922.6216       923.1406       922.5179       920.1832
       916.8068       913.2499       910.8586       910.6638       908.5297
       904.0449       900.5753       899.3162       899.5291
       904.7171       902.7086       900.2681       898.0566       895.1246
       893.1614       893.6696       894.7515       894.6816       895.0783
       897.7463       899.7990       899.2011       897.1279       895.7040
       894.8636       894.1631       893.6039       893.8232       894.7915
       896.3932       898.3810       899.4045       899.5374       899.1828
       899.0302       898.8825       898.5543       898.4390       900.3389
       903.3448       905.4875       906.1984       906.0728       906.0737
       905.7745       904.1854       903.2222       903.0573       901.2587
       900.0363       898.7843       896.9412       896.5571       896.4947
       894.7576       891.4075       889.5609       890.1440       891.2251
       893.4659       895.3618       895.9841       895.5512       895.0106
       895.9132       897.9027       899.3094       900.4985       901.5905
       901.5230       900.7288       900.1616       899.3211       898.0916
       896.7729       895.4317       895.3419       897.1099       898.8591
       900.2507       902.2823       904.8060       907.6782       912.0371
       916.4628       919.6909       922.0216       924.0879       926.5369
       928.3979       928.7603       927.7278       925.7975       924.6457
       925.9795       928.5972       929.4669       928.3777       928.1025
       928.5317       927.8821       927.1335       927.6525       927.6212
       926.6452       925.2056       924.9255       926.1404       927.5016
       928.0934       927.4080       925.7895       924.2585       923.0701
       922.6991       923.3516       923.6629       921.6215       917.4969
       913.5881       910.2027       907.8821       905.7138       900.9078
       895.0360       892.9612       894.1298       895.6353
       904.1273       902.3708       900.0972       897.8032       895.2209
       893.3524       893.7311       894.9722       894.7892       895.0251
       897.0101       899.0974       898.2894       896.3718       894.0979
       893.0164       892.8243       892.7527       892.9075       893.7494
       895.0523       896.7914       897.9070       898.1600       897.8123
       897.4157       897.2830       896.7762       897.2502       899.9177
       903.4482       905.4651       905.7482       905.6903       906.4119
       906.0145       904.1937       903.3770       903.3480       902.7995
       903.0721       902.3249       900.3965       899.0578       898.2883
       896.2961       893.1699       891.4547       892.1626       893.7361
       894.7254       895.8818       896.4865       896.3327       895.8965
       896.8645       898.1071       898.4797       899.1788       900.4688
       901.2244       900.8412       900.4477       899.7110       898.4166
       896.9804       895.3176       894.3365       894.6390       895.8346
       897.7221       900.2353       902.8198       906.0756       910.0466
       914.4340       917.5906       919.4843       921.3708       923.8640
       925.6583       925.9885       925.2885       923.6412       922.3538
       922.7233       924.6013       924.7574       923.5799       923.2521
       923.4872       923.0887       922.7980       922.7581       922.3090
       921.2013       920.1398       920.0860       921.3323       922.4704
       923.1919       923.4973       923.0051       922.0209       921.7420
       922.0610       922.8640       922.9257       920.2551       915.2248
       910.9797       908.2186       906.0694       902.5551       896.1043
       889.6924       888.0137       889.9265       892.2714
       902.0755       901.2242       899.8939       897.8353       895.6028
       894.0909       894.1120       894.9833       895.4260       895.2253
       896.1232       896.8132       895.9940       893.6772       891.6722
       890.4333       890.6750       891.3654       892.0162       892.8328
       894.1353       895.4608       896.4908       896.7263       896.3745
       896.1584       895.7964       895.7419       896.7483       898.7955
       900.8962       902.3292       903.0553       904.0693       905.2937
       905.0262       903.7708       903.1899       903.2302       904.2894
       905.5839       905.0637       902.8433       901.0224       899.4392
       897.3889       895.3336       894.5316       895.1696       895.8003
       895.7260       895.2064       895.6008       895.9654       896.2593
       897.8167       899.1833       899.0667       898.8729       900.0776
       901.3432       901.7119       901.4434       900.8517       899.9244
       898.9490       896.9744       894.8582       894.1423       894.8751
       896.6052       898.7359       901.1781       904.2065       908.0793
       912.3304       916.1973       917.8949       919.4767       921.9949
       923.4438       924.4343       924.0827       922.5665       920.9287
       920.7401       920.7107       919.8203       918.7261       918.7221
       918.9484       918.9105       918.4537       918.0640       917.2445
       915.8373       914.7997       914.7549       915.9533       917.1909
       918.3453       919.4294       919.3687       918.4750       918.2235
       919.2687       920.2899       920.1811       917.4865       913.0630
       909.3383       907.5063       905.1618       901.0009       894.4122
       888.7891       886.7393       888.0993       890.5756
       900.9745       900.3672       899.5709       898.3522       896.7728
       895.3638       895.2391       895.8586       896.2222       896.2092
       895.6224       894.7049       893.2661       891.0989       889.3101
       888.6749       889.0099       890.0293       891.2641       892.5519
       893.7780       894.6633       895.1851       895.0991       894.8623
       894.9319       895.3495       895.8737       896.7145       897.4376
       898.0625       899.0764       900.0335       901.7162       902.8879
       902.7976       902.6619       902.8187       903.8896       905.8990
       907.2453       906.6342       904.5784       902.4473       899.9163
       897.6861       896.7090       896.8289       896.9242       896.3196
       895.2474       894.3119       894.7061       895.6168       896.8727
       898.9111       900.3091       899.8585       899.5814       900.3354
       901.7354       902.9193       903.1404       903.0074       902.9348
       901.6492       899.3925       896.6750       894.8417       894.9540
       896.5022       898.8770       901.1669       904.1031       908.0759
       912.7614       916.4147       918.2250       919.8310       921.3344
       922.5456       923.6952       923.7733       922.2625       920.4869
       918.9890       917.6755       915.6839       914.7077       914.6823
       914.5674       914.2396       913.6053       912.8538       911.4942
       909.8203       908.6010       908.5764       909.4017       910.9045
       912.6766       913.9301       914.1224       913.7062       913.6677
       914.5812       915.4990       915.4922       914.0624       911.3797
       908.9946       907.1918       904.7776       900.3285       894.3439
       889.3892       887.6273       889.0410       891.2118
       901.0734       900.2791       899.5651       899.3162       898.3073
       897.1096       896.6539       897.0124       897.3513       896.7937
       895.0015       893.3147       891.6707       889.6839       888.1913
       887.6352       887.8317       888.7820       890.0395       891.5932
       892.8557       893.4062       893.5083       893.2056       893.2183
       894.2088       895.4075       896.1178       896.6295       896.7487
       896.7390       896.5876       897.3080       899.1606       900.5275
       900.6451       900.7374       901.7620       904.1965       906.8921
       907.6117       906.7275       905.4104       903.4003       900.3360
       897.9454       897.6403       897.8134       897.2163       896.0602
       894.6342       894.4230       894.8681       896.3289       898.2548
       899.9199       900.7830       900.6697       900.5041       901.2123
       903.1562       904.4578       904.8694       905.3535       905.6085
       904.3250       901.7438       899.1555       896.9390       896.5038
       897.9561       900.4573       902.9880       905.8787       910.0209
       914.3604       917.4198       919.6139       921.0836       921.8506
       922.5497       923.0298       922.7940       921.6571       919.6169
       917.1674       914.4766       912.4524       911.5961       911.0411
       910.2557       909.5135       908.9771       907.7357       905.6628
       903.5502       902.2219       901.8488       902.6524       904.3963
       906.0627       907.1927       907.4181       907.4041       907.7670
       908.3164       909.5150       910.5147       911.0007       910.4307
       908.4047       905.3196       902.6190       899.1858       894.5997
       890.6392       889.7798       891.5175       893.6384
       901.7393       901.5160       901.2990       900.9747       899.9826
       898.8701       898.3208       897.9623       897.9541       896.6692
       893.9684       891.5902       889.5418       888.0132       887.0998
       886.1415       886.1556       887.0510       888.3079       889.6986
       890.6121       891.2961       891.3697       890.9410       891.8640
       894.2358       895.7593       896.3113       896.7831       897.1824
       896.5901       894.9091       894.4066       896.7254       899.6827
       900.5197       900.3763       901.3900       904.0334       906.3316
       906.5272       905.3557       904.6097       903.1240       900.1941
       898.0840       897.9946       897.9839       896.7556       894.5649
       893.0859       892.9158       894.6738       897.3821       899.5840
       900.6863       901.7061       902.6754       902.5035       903.3150
       905.4481       906.2878       906.1600       906.6572       906.8922
       905.6296       903.3554       900.7424       899.0175       898.9204
       900.2589       902.4623       904.9374       907.7337       911.6921
       915.6090       918.5314       920.9244       922.3098       922.7968
       923.0245       922.6760       921.9993       920.6541       918.6404
       915.7271       912.4187       910.0013       908.8040       908.0488
       906.7086       905.3115       904.0133       901.8983       899.4787
       897.5541       896.4997       896.4969       897.5853       899.1536
       900.5793       901.2040       901.1113       901.1284       901.3861
       902.5245       904.3658       906.5809       908.2774       908.5820
       905.9666       902.2104       899.3014       896.9172       893.8116
       891.9521       892.3590       894.2610       896.4700
       902.6407       902.6782       903.0922       902.9693       901.8461
       900.8147       899.8757       898.8404       897.9986       896.0420
       893.0705       889.7285       886.7899       885.2935       884.3965
       883.9174       883.9404       884.8193       886.2700       887.4641
       888.4647       889.3037       889.5831       889.7389       891.5184
       894.2549       896.2014       897.3370       897.3574       897.5699
       897.3233       895.0946       893.5602       895.9604       899.6307
       901.4280       901.3083       901.5681       903.0149       904.4328
       904.5880       903.4848       903.8415       903.7683       901.0373
       898.9103       898.3019       897.5363       895.6366       892.2962
       889.8598       890.7724       893.3189       896.4117       898.9746
       900.5643       902.8667       904.7526       905.5654       906.3945
       907.9033       907.7023       906.7772       906.9278       906.4304
       905.2753       903.4390       901.4742       900.1272       900.0037
       901.5899       904.0385       906.5873       909.3955       912.6993
       916.4700       919.7037       922.0739       923.3708       923.3769
       922.8887       922.6964       921.4945       920.0261       917.6843
       914.7166       911.3883       908.5737       907.1672       906.1849
       904.3700       901.7939       899.1495       896.2454       893.0413
       891.4327       892.2145       893.7476       895.2072       896.5349
       897.2950       897.6268       897.4734       896.8429       897.1379
       898.7998       901.6799       904.5996       906.6302       906.3328
       903.8369       900.3282       897.0610       894.5099       893.2493
       893.0039       894.0524       895.9797       898.0566
       904.0853       904.2518       904.6302       904.5866       903.3687
       901.7322       900.4970       899.0855       897.3495       895.5032
       892.6714       888.8439       885.4674       883.0750       881.7916
       881.2781       881.8154       882.8486       884.0879       885.6887
       887.2885       888.1975       888.9758       890.0582       892.4077
       894.4787       896.7347       898.0678       898.0609       897.8527
       897.8270       896.4797       895.2983       896.9899       899.5952
       901.1006       901.0001       900.5510       901.1223       902.1984
       903.0507       904.1898       906.5074       907.9153       905.2808
       901.7085       899.4617       897.6395       894.9294       891.2805
       889.3146       890.4767       892.9147       895.2395       896.7251
       899.1009       903.0253       906.4288       908.5259       909.5475
       909.3078       908.4474       906.9055       905.5461       904.8513
       903.9422       902.6545       901.2402       900.3863       900.0640
       901.5969       904.6148       907.7206       910.4803       913.7539
       917.2682       920.4240       922.6975       923.9200       923.6569
       922.8307       921.9236       920.5331       918.4485       915.8456
       912.8624       909.6477       906.7583       905.3461       904.1783
       901.7656       899.0453       896.5511       893.5616       889.6326
       887.7762       889.2991       891.3793       893.5286       895.0381
       895.5819       895.5930       895.1680       894.9114       895.2227
       896.9930       900.2535       903.6855       904.9418       904.3119
       901.7944       898.4357       895.3047       893.5228       893.3099
       893.5984       894.1156       895.4749       897.3720
       906.6992       906.5746       906.4345       905.8740       903.6877
       901.6050       900.0786       898.3795       896.9831       895.4394
       893.0544       889.5244       885.4414       882.6714       881.0163
       880.3981       880.8137       881.8873       883.0612       884.5569
       886.2751       887.9175       888.9965       890.7390       893.0223
       895.6019       897.8161       898.9732       898.6337       898.0960
       897.9552       897.6128       897.3575       898.1418       899.5452
       900.0735       899.5493       899.1027       899.3126       900.4420
       902.8804       906.3354       909.8933       911.4757       909.0462
       904.8840       901.2036       897.8052       894.7832       892.4176
       891.1418       892.1472       894.1459       895.3906       895.0565
       896.8116       901.7552       906.4099       909.2136       909.7987
       908.9929       907.8450       905.9127       903.9777       903.1297
       902.7026       901.4337       900.4509       899.9046       899.6473
       900.7751       903.9009       907.3735       910.7577       914.2037
       917.6610       920.8438       923.2335       924.1453       923.5002
       921.6841       919.9556       918.1505       915.4443       912.7498
       909.7048       906.4047       903.4351       901.7623       900.8192
       899.2568       897.5915       896.1619       894.0643       890.9781
       889.2530       889.6249       890.5097       891.5976       893.3940
       893.7239       893.1555       893.1870       893.7123       894.0376
       895.2448       898.6566       901.6139       902.4177       901.1357
       898.6522       895.3362       892.8359       892.2910       892.9861
       892.8948       892.3386       892.9960       894.2123
       908.9879       908.3160       907.2178       905.6068       903.3807
       901.0375       899.4219       898.5001       897.5314       896.1760
       893.8645       890.2105       886.6068       883.6915       882.0380
       881.4417       881.1459       881.7792       882.9263       884.5905
       885.9893       887.6295       889.3563       891.1242       893.5422
       896.2431       898.4582       899.5596       898.9858       898.5239
       898.4799       898.4077       897.9941       898.3499       899.0574
       898.8636       898.6627       898.2868       898.4512       900.0688
       903.2205       907.5488       910.8700       911.7659       909.9365
       906.2422       901.7881       897.5284       894.7544       892.9670
       892.7701       893.6183       894.9335       895.4514       894.7586
       896.0500       900.5161       905.1479       907.4541       908.3234
       908.0035       906.0941       904.0202       902.6618       902.0320
       901.1354       899.8489       899.3400       899.2589       899.0485
       899.7053       901.7379       905.1983       908.7698       912.4318
       916.0970       920.0322       922.7622       923.2297       922.0497
       919.3989       916.9074       914.3062       911.7902       909.2038
       906.2485       902.8618       899.9529       898.7441       898.6075
       897.9943       897.0619       896.1049       895.0193       893.9528
       893.4876       893.9356       893.8286       893.3583       892.4483
       891.5970       891.0413       891.3331       892.0734       892.8652
       894.3586       896.6290       898.7178       898.9241       897.7542
       895.2333       892.3752       890.6312       890.9821       891.4138
       891.1887       889.8907       889.2815       890.2996
       910.4972       909.1648       907.1995       905.3079       903.0000
       900.9939       900.0848       899.6884       899.0914       897.3923
       894.5140       891.0828       887.9817       885.7092       883.6888
       882.2593       881.7313       882.0215       883.5321       884.8001
       886.0618       887.3867       889.6700       892.2789       894.4482
       896.3232       898.3116       899.0728       899.1588       898.6547
       898.5853       898.3920       897.8772       897.8350       897.7151
       897.7784       898.2332       897.8365       898.2246       900.9001
       904.1742       907.5391       910.2990       910.7298       909.2253
       906.3569       902.0266       897.7436       894.7344       892.7955
       892.6638       893.5919       894.7332       895.8927       896.0999
       897.8051       901.4316       904.6348       906.6304       907.9974
       907.3221       904.8116       902.5657       901.5042       900.5926
       899.3571       898.3871       898.1759       898.0549       897.7791
       897.9417       899.3030       901.7763       905.0462       908.6476
       912.6939       916.9234       920.1581       921.0286       919.5797
       917.2716       913.9491       910.8002       908.3896       906.3016
       903.2953       900.0606       897.9634       897.7411       898.3170
       897.9844       896.3361       894.7698       895.2190       896.7752
       898.0602       898.4247       897.5023       895.4808       892.8584
       890.0750       889.0067       889.5953       891.1437       892.5123
       893.1884       894.2443       895.3365       895.4938       894.3671
       892.5283       890.6140       889.6014       889.4583       889.4218
       888.8872       887.6524       886.6248       886.7644
       911.3500       909.8063       907.4287       905.1745       903.0910
       901.4444       900.8870       901.1285       900.5723       898.3887
       895.3091       892.0993       889.3868       887.1676       884.9777
       883.2458       881.9085       881.6804       883.0681       884.6155
       885.6019       886.9920       889.7798       893.2524       895.0430
       896.2184       897.6131       898.7617       898.8355       898.3625
       897.8881       897.3113       897.1620       897.4659       897.4746
       897.5645       897.6844       897.1328       898.1189       901.5049
       904.8143       907.0557       908.3174       908.0275       907.4622
       905.5955       902.0633       898.2130       895.0609       893.3763
       893.3091       894.4196       896.1959       897.8482       898.9531
       900.0615       902.3739       904.5754       906.5452       908.3080
       907.3459       903.7875       901.6722       900.6356       899.3712
       898.1155       897.1597       896.2457       895.4879       895.0355
       895.0300       896.0803       898.0528       901.1750       905.5036
       910.1845       913.9617       916.7062       918.0092       917.7619
       915.4958       912.6398       909.7612       907.3013       904.6522
       901.4945       898.8228       897.6439       897.9178       898.6077
       898.4986       897.0457       895.3521       895.9745       898.7756
       900.3336       899.6911       897.3145       894.6221       891.3260
       888.4766       887.0363       888.2726       891.2166       892.1107
       891.5718       891.7202       892.0345       891.8102       890.7379
       889.7179       888.7703       888.1656       887.9334       887.5117
       887.0346       886.0574       885.2072       885.3486
       910.7309       909.3286       907.0678       904.4775       902.4240
       901.3117       901.0976       901.4529       901.0558       898.8505
       895.6559       892.3539       889.4482       887.1758       885.6049
       883.5638       881.4167       880.5978       881.2070       883.0227
       884.6439       886.4332       889.4612       892.7302       894.4355
       895.3317       896.4666       897.5324       898.1755       897.5867
       896.2414       895.4507       895.7261       896.7555       897.5673
       897.5921       896.8032       896.3189       897.8426       900.8403
       903.7694       905.1989       905.2598       904.8344       904.4373
       903.3647       901.1631       898.4553       896.5192       895.5068
       895.2244       896.3088       898.1243       899.9070       900.9941
       901.5740       902.2071       903.8390       906.5105       908.1600
       907.1245       903.5052       900.9909       900.2189       898.8787
       897.7018       896.2314       894.2844       892.7665       891.7885
       891.7793       892.6962       894.5490       897.7607       902.9744
       908.4574       912.3289       914.2759       915.5840       916.0976
       915.0329       913.0473       911.1622       908.8211       905.6464
       902.6190       900.3110       899.0346       898.7640       898.9340
       899.5325       900.0312       899.1797       898.4957       898.6624
       898.7086       897.5261       895.8334       892.6769       888.9791
       886.5577       886.2526       888.2442       890.8259       890.9086
       889.4616       888.9652       888.7867       888.1412       887.0727
       886.2339       886.1065       886.2498       885.9077       885.7054
       885.8838       885.2015       884.8004       885.2253
       908.8436       907.8104       905.8917       903.6649       901.9177
       901.0724       900.9542       900.8466       900.0676       898.2522
       895.0529       891.1358       888.0341       886.2293       884.5895
       882.4863       880.2154       879.5001       880.0497       881.1132
       883.0894       885.9132       889.0090       891.6536       893.4229
       894.7484       895.6650       896.1714       896.7544       896.2406
       894.6374       893.6338       894.3849       895.5925       896.2403
       896.4142       895.9985       896.0602       897.3098       899.8281
       902.0249       903.0870       903.0117       903.0709       903.1165
       901.9713       900.3531       899.1127       897.9758       897.0990
       896.7985       896.7812       898.1124       899.7964       900.8957
       901.2382       901.0483       902.3133       904.8384       907.0276
       906.4157       903.7772       902.1538       901.9231       900.7952
       898.9554       896.6838       894.1251       891.9758       890.3063
       889.8652       890.4183       891.7879       895.0144       900.4058
       906.8795       911.4055       913.7766       914.9439       915.2217
       914.9532       914.2732       913.3818       911.7018       909.0997
       906.5726       904.4551       902.5701       901.0314       900.0681
       900.6962       902.5200       902.8943       900.3237       898.0815
       896.2910       895.6706       895.5162       893.3384       889.4747
       887.0182       887.6520       889.4376       889.9751       888.3574
       886.1336       885.3647       885.3786       885.2499       884.0496
       882.7941       882.7357       883.3867       883.3085       883.4315
       884.2328       884.7422       884.4719       884.8343
       908.6893       907.7681       906.2787       904.1582       902.2466
       901.3618       900.7021       899.9270       899.0305       896.9286
       893.8122       890.1624       887.1437       885.0498       883.2905
       880.8893       879.0205       878.6889       879.5030       880.9028
       883.1557       886.0452       888.9509       891.0065       892.7875
       894.7264       895.3257       895.5279       896.2638       896.2436
       894.9781       893.8361       893.6584       894.3813       895.1724
       895.5285       895.8498       896.6966       898.3051       899.8906
       901.6401       902.5311       903.2159       903.6807       903.2589
       902.3555       901.2131       900.2431       899.0253       898.1208
       897.0690       896.4724       896.4301       897.6329       899.2237
       899.4705       899.2715       899.5909       901.8713       904.9570
       906.7612       906.5167       906.6215       906.9053       905.6118
       902.2079       898.1146       894.9368       892.7814       891.5062
       890.3953       889.5172       890.0175       893.3124       898.9418
       905.1127       910.5206       914.2390       915.5600       915.0189
       914.4450       914.5101       914.4355       913.0773       911.1120
       909.8365       908.4451       905.9031       903.4889       901.7436
       901.9034       903.6505       903.4138       900.7721       897.9977
       896.3134       895.8332       896.0215       894.5239       891.3959
       889.2314       889.7167       890.7213       888.8249       885.6432
       883.4807       882.9992       884.0268       884.6837       883.4769
       881.2383       880.4266       880.8349       881.6032       882.2927
       883.5975       884.1801       884.2390       884.5533
       911.1281       910.2780       908.5336       905.9435       903.5193
       901.6485       899.9954       898.7006       897.7574       896.0195
       893.1635       890.4556       887.5523       885.1179       882.3979
       879.3252       877.3026       877.6524       879.5414       881.6831
       884.2423       886.5654       888.5864       890.3446       892.1339
       894.3236       895.7487       896.7169       897.8372       897.8704
       896.6785       894.7369       893.6719       894.2789       895.2493
       895.4666       895.7626       897.2651       898.9884       900.5618
       901.9368       903.0811       903.7783       903.9054       904.1689
       904.4158       903.9857       902.3316       901.0990       899.9234
       898.4604       896.6292       895.6121       896.0273       897.1991
       897.5317       897.2233       897.6747       899.4727       902.7731
       906.3480       909.4745       911.9257       912.2958       909.7518
       904.5181       898.2932       894.2615       893.2053       892.7801
       891.9202       890.9127       890.8591       893.2493       898.0010
       903.1078       908.4301       913.0156       914.6094       913.8044
       913.0082       913.1782       913.5444       912.4544       910.6014
       909.5103       908.0932       905.9412       904.1818       903.1007
       902.9423       903.2326       901.6719       898.7844       896.9176
       896.3681       896.1274       894.9970       892.9718       890.7118
       889.5308       889.9932       890.2781       887.8322       885.0012
       884.3690       885.0746       886.7614       888.0162       886.7036
       883.3721       880.8217       880.7553       881.7151       883.4083
       885.0090       884.8523       884.5189       884.4083
       912.1508       911.3214       909.9697       906.9878       903.3912
       900.0598       897.4083       896.1206       895.8620       895.0561
       893.4508       891.0962       888.6017       885.6735       881.7753
       877.5500       875.3295       876.6801       879.5912       882.2454
       884.2704       886.0295       887.7005       889.6309       892.0812
       894.6613       896.8386       898.4391       899.3401       899.3564
       897.9803       895.6865       894.5918       894.8744       895.1066
       894.8607       894.9425       896.4176       898.3504       899.9200
       901.5831       902.8521       903.7316       903.6923       904.1506
       906.3187       906.7842       905.4880       903.9739       902.4720
       900.5701       898.1409       896.3171       896.5536       896.9319
       896.5958       896.5221       897.0463       897.6678       899.8358
       904.0265       909.6191       913.8668       914.3417       910.6103
       903.7300       896.1782       891.9733       892.1166       893.3607
       893.7088       893.4272       893.4600       894.6697       898.0030
       901.6263       905.5043       909.3396       911.2120       911.0566
       910.5472       911.0505       911.8867       911.5770       910.4125
       909.1995       907.2611       906.0084       905.2473       903.9216
       902.3771       900.7233       898.1956       895.4776       893.2500
       892.8717       892.8057       891.6534       889.6891       888.5248
       888.7072       889.5541       889.4880       887.8303       886.6364
       887.2516       889.1537       891.5330       892.8354       891.4143
       887.0886       883.5247       882.7031       883.6429       885.4858
       886.7765       886.5536       885.3583       884.7865
       909.7922       909.2235       908.6224       905.5790       900.7217
       896.2913       893.5782       892.8897       893.6832       894.1757
       893.2130       891.5345       889.5278       886.0677       881.2932
       876.5739       874.8804       876.8009       880.3293       883.2583
       885.0486       886.6208       888.0658       889.6729       892.7651
       895.8546       897.5469       898.4765       899.7554       899.8940
       898.5632       896.4987       895.0699       894.8651       894.6828
       893.8840       893.8468       895.1680       896.8945       898.9453
       901.3447       903.0286       902.9792       902.3722       902.8699
       905.3380       907.5999       907.3943       905.8945       903.8093
       901.7527       899.0712       896.5916       896.7275       898.1523
       898.3397       898.3688       898.2115       897.7516       897.9321
       901.0803       907.4420       912.9176       913.7073       909.1152
       901.8441       894.1375       889.7168       890.7488       893.3730
       894.6351       894.8510       894.8130       896.2873       898.6728
       901.5971       904.1715       906.1172       907.1295       907.3736
       907.8637       908.9972       910.9449       911.4181       910.5987
       910.1293       909.3521       908.8354       907.6766       904.4797
       900.7039       897.3132       894.5122       891.2590       887.7642
       885.9393       885.4825       885.4155       885.4843       885.9719
       887.7324       889.2044       889.1259       888.3187       888.0262
       889.4632       892.3963       895.1830       896.2393       894.8012
       890.9597       887.3942       885.8213       886.3488       887.9734
       888.9608       888.7291       887.6447       886.8447
       906.0115       906.3076       905.8454       903.3011       898.4777
       893.6166       890.9229       891.3044       892.4945       893.0877
       892.7042       891.2329       889.2927       886.2299       881.6763
       877.4830       876.0059       878.5918       882.8194       886.5352
       889.2355       890.7368       890.9394       892.4522       895.2558
       897.7109       898.4186       898.9749       899.6116       899.9701
       898.7970       896.8010       895.5317       895.2955       895.2999
       894.6224       894.4102       895.5203       897.1074       899.4275
       901.9672       903.0515       902.1232       900.6757       900.8537
       903.1598       905.9495       906.5534       905.3360       903.4858
       901.0849       898.3848       895.8906       896.9508       899.5435
       900.9731       901.4360       901.0535       899.4883       898.0313
       899.6589       905.1264       911.0732       912.1151       907.9042
       900.9362       893.6898       889.4006       889.5966       891.7734
       893.9872       894.8430       894.8713       896.3718       899.2890
       902.2320       904.5568       905.3157       904.6459       904.1970
       905.2374       907.9420       910.3975       911.3004       910.9922
       911.1554       911.6749       910.9929       909.1141       906.0364
       901.5317       896.5530       891.8704       887.2158       883.1700
       880.1553       879.0749       879.7705       880.9368       882.8440
       886.2437       888.4774       889.0723       889.2328       890.0108
       892.1716       895.1771       897.2432       898.2788       897.3205
       894.6298       891.4348       889.5378       889.8448       890.9078
       891.4075       891.4578       891.0856       890.3539
       902.3696       903.6124       904.7188       903.3225       899.1376
       894.2406       891.9393       892.3608       893.1336       893.2346
       892.0622       890.3075       888.4798       886.1735       882.9550
       879.6946       878.7035       881.3063       886.1048       891.0720
       894.9766       896.6276       897.0956       897.4540       898.6628
       899.9922       900.4405       900.1629       900.1489       900.2769
       899.5345       898.0541       897.1682       897.1144       897.2576
       897.0507       896.6982       897.4937       899.1000       901.1801
       902.9601       903.9660       902.3588       899.5806       898.9568
       901.1296       904.1089       905.5858       904.0180       901.2061
       899.1876       897.2236       896.1130       897.4649       900.4680
       902.2423       903.3376       903.0525       900.6794       898.7328
       899.7772       904.1606       908.7170       909.9444       906.8887
       901.1115       895.0765       890.9727       889.6019       890.5628
       892.6793       894.0216       894.0557       895.6758       899.1274
       902.3701       904.7005       905.3282       904.1619       902.9856
       903.8414       906.6030       909.4332       911.0972       911.6696
       912.3260       912.4957       910.5699       908.6621       907.9561
       904.1689       897.9728       891.6415       885.8786       881.2308
       878.5587       877.9135       878.1888       879.7488       882.4670
       885.4365       888.7645       890.3369       891.3173       893.4527
       895.7996       897.3833       898.3788       898.9573       898.7297
       896.8469       894.5226       892.8831       892.6880       893.1270
       893.2472       893.5023       893.4781       893.4924
       901.0239       903.2283       905.5471       905.4818       902.2286
       897.5880       894.7646       894.4547       894.8593       893.7966
       891.7805       889.7300       887.8323       886.3578       884.2595
       882.1467       881.7897       884.5500       889.7264       895.5038
       899.8491       901.6867       902.4871       901.9173       901.2342
       901.4216       901.1049       900.6597       900.8259       900.8428
       900.5677       899.7649       899.4447       899.6372       899.2811
       898.7531       898.4158       898.6938       900.1248       901.0063
       902.1306       903.1030       902.1055       899.3221       898.1566
       900.7516       904.5049       905.1081       902.0983       898.8108
       897.2591       896.9731       896.9819       898.1170       899.8768
       901.5508       902.6795       902.6140       900.7924       898.8465
       899.7004       902.9789       905.9200       907.3331       906.0582
       902.3611       897.4805       893.4712       891.5806       891.2864
       892.1184       892.6440       892.5621       894.2699       898.5952
       902.5505       904.7996       905.3834       904.2707       903.4086
       903.7907       905.1611       907.8624       910.3707       912.0108
       912.9315       912.3123       909.7241       907.5318       906.5201
       905.1275       899.9632       893.4294       887.0698       882.4186
       880.5955       880.2454       880.8322       882.8767       885.0667
       887.5557       890.6578       892.9799       894.2278       895.8277
       897.7104       898.7522       899.4042       899.8870       899.8282
       898.6033       896.9490       895.4696       894.6262       894.3779
       894.6354       895.2517       895.6733       896.1230
       902.0505       904.4695       907.0215       907.8040       905.6497
       900.9699       896.7910       895.2484       894.7720       893.7271
       892.2388       889.7814       887.7158       886.4239       885.0946
       883.8796       884.4729       887.7605       893.7628       899.7819
       903.6929       905.2460       905.3835       905.1413       903.9411
       902.6134       901.0055       900.3705       901.0467       901.7321
       901.8142       901.3472       901.4838       901.5563       900.4844
       899.2740       898.3080       897.6530       897.3551       897.3475
       898.0748       898.8852       898.5622       897.7375       897.9514
       900.2586       903.1204       902.1542       898.5859       895.7723
       895.3006       896.6041       897.7670       898.4283       898.8391
       899.5912       900.4171       900.3750       899.1656       897.7993
       898.6361       900.8683       903.2334       905.1705       905.9099
       903.8065       899.9077       896.9376       895.1357       893.9231
       892.7654       892.0429       891.4244       893.0744       897.8508
       902.2349       904.6964       905.1354       904.5590       903.8760
       903.0752       902.7455       904.8004       908.4367       911.5688
       913.3239       912.6560       910.4596       907.8173       906.4804
       905.7164       903.5609       898.3560       891.9470       887.2333
       885.3649       884.7430       885.3578       887.4578       889.5106
       891.5054       894.0245       895.9858       896.6039       897.6368
       898.8739       899.5264       900.1538       901.6539       902.2969
       901.0703       899.9890       898.5367       897.0155       896.2247
       896.4059       897.2935       898.2757       898.9911
       903.2467       905.4144       907.7087       909.0862       907.6182
       903.2413       898.5074       895.9461       894.9993       894.3851
       892.9896       890.4801       887.9850       886.7249       886.0598
       885.6622       886.8097       890.6346       896.9722       903.5229
       907.0858       907.7905       907.9133       908.1669       907.5186
       905.5044       903.0829       901.6306       902.2068       903.4117
       903.1516       902.7493       902.4047       901.3896       900.0284
       898.1249       895.5954       893.2224       892.0941       892.5598
       893.4122       893.8965       893.4373       893.1926       894.7232
       896.8925       898.0121       897.7792       895.3120       893.1066
       893.4705       895.6548       897.6222       897.8820       897.7717
       897.4694       897.5615       897.4251       896.4786       896.0356
       896.8990       899.3527       901.7527       903.7556       905.1681
       904.2567       902.1479       900.6207       899.0103       896.3655
       894.2943       892.6525       891.5565       892.9963       897.3356
       901.1322       903.5612       904.6906       903.5930       901.7111
       899.7868       898.7098       900.6421       905.0867       910.0504
       912.6718       913.0244       911.6649       909.6374       909.1974
       909.2401       908.0446       905.0146       900.2768       895.8707
       892.7171       891.1582       891.1548       892.4930       894.5507
       896.1765       898.0105       899.0905       899.3326       899.9803
       900.3812       900.1870       900.9382       902.5994       903.3267
       903.0604       902.0277       900.7576       899.4948       899.2295
       899.2106       899.2927       899.7285       900.6176
       903.5213       905.2473       907.2715       908.4832       907.3741
       904.5748       901.0385       898.2622       897.0271       896.8382
       895.8019       892.6730       889.6400       888.2957       888.4733
       889.1839       890.4269       893.1892       898.9465       905.4297
       908.9468       909.7336       909.9783       910.2149       909.6123
       907.9265       905.5869       903.3081       903.0253       903.7064
       903.5208       902.1620       900.8085       899.3956       897.6276
       895.1957       892.1815       890.1230       889.4283       889.9758
       890.7316       890.7645       889.8732       889.5706       890.8801
       892.3707       893.9320       894.9786       894.1227       892.6450
       892.4769       894.5286       896.5946       896.9479       896.4457
       895.3203       894.2236       893.9113       893.8301       894.3534
       896.3293       899.0743       901.2989       902.5452       903.3568
       903.9503       903.7649       902.7179       900.1283       896.8621
       894.8149       892.4869       891.0237       892.8446       896.4083
       899.3812       901.5502       901.8324       899.6343       898.2612
       896.4883       895.6277       897.8640       902.3427       906.6866
       909.7834       910.7165       910.2462       910.3583       911.4527
       911.6055       910.7581       909.7720       907.1899       903.5264
       900.3404       898.0377       897.7488       898.6573       899.9073
       901.2258       902.1965       902.4753       902.3953       902.3411
       902.0947       901.2518       901.9290       903.5366       904.0198
       903.8127       902.8273       901.1931       901.0822       901.5356
       901.3279       900.4828       900.1407       900.5374
       903.2967       905.0528       907.1024       907.6364       906.8927
       905.6282       903.7348       901.2162       899.8465       899.9278
       899.5735       896.6764       892.8752       890.7546       890.8521
       893.1317       894.4577       895.6121       899.7902       904.8974
       907.8621       909.2430       909.4764       908.4966       907.3408
       905.8990       903.9779       901.9926       900.5183       900.3533
       899.5266       897.4860       896.1938       895.5901       894.2603
       891.9890       890.4106       889.8829       890.5670       890.7980
       890.4777       890.1754       889.5461       889.0389       889.8391
       890.5724       891.8255       893.2507       893.2772       892.1230
       891.7591       892.7214       894.2125       895.3297       894.9553
       893.5731       891.7819       891.2778       891.9561       893.7032
       896.9008       899.8922       901.3677       901.6107       902.0906
       903.4126       903.8401       902.2587       899.2495       896.1629
       893.4188       890.4174       888.2181       890.3044       893.5598
       895.4462       896.1144       895.8193       896.4022       896.3969
       895.3180       895.1146       897.4778       901.0703       903.8787
       906.2301       907.7281       908.3210       909.4741       910.6950
       911.2380       911.2059       911.6509       910.7891       908.5324
       906.0723       904.5460       904.2537       905.1426       905.7236
       906.0999       906.0784       905.5209       904.5140       903.6494
       902.7570       902.2131       903.1608       904.7959       904.8893
       904.1794       902.5720       901.3740       901.3533       901.6144
       901.3859       900.1739       899.4963       899.6789
       904.9819       906.8439       908.3869       908.4512       907.5331
       907.2319       906.4302       903.9752       902.1172       902.1033
       901.3630       898.6780       895.2493       892.4565       892.2413
       893.8802       894.7573       895.3860       897.8964       901.1552
       903.7051       905.2286       904.7500       902.8388       900.8850
       899.6727       898.7070       897.2767       895.5624       894.3699
       892.6094       890.7117       890.4448       891.0134       890.2676
       888.6769       888.3369       889.3853       890.8404       891.4716
       890.8367       890.5059       889.8838       889.7892       890.0104
       890.5261       891.0754       891.7946       892.1812       891.9352
       891.5208       891.2808       891.9856       893.1162       893.6011
       892.3223       890.9805       891.0844       891.8333       893.7353
       897.3728       900.4000       901.7813       902.1473       902.3473
       902.5305       901.9376       900.6158       898.3253       895.3017
       891.5804       887.7804       885.4025       886.3284       889.7892
       891.2758       890.8005       892.0511       894.3545       895.4503
       894.9980       895.1171       897.6807       900.5338       902.7128
       904.8420       907.6077       909.7879       909.7839       909.5650
       909.9845       911.5755       913.6348       913.9174       912.2636
       910.7134       909.5521       909.4666       910.3304       910.9370
       910.9049       909.9369       908.1888       906.1897       904.2562
       903.5074       903.6825       904.1937       905.1508       905.1447
       903.7868       902.4452       901.4437       900.8820       900.3516
       899.6019       898.4554       897.4696       897.2332
       907.4217       908.1990       909.0316       909.2563       908.9000
       908.5730       907.9928       906.1514       903.7472       902.2501
       900.4305       897.5899       894.9243       893.2350       892.9117
       893.3280       892.8437       892.2974       893.7186       896.1135
       898.1142       899.4358       899.0299       896.8358       894.8922
       893.8132       894.3055       893.9144       891.9179       889.9109
       888.2649       886.8807       886.8179       887.5397       886.9169
       885.5648       885.4406       887.5957       890.1056       891.1903
       891.1035       890.3530       890.4954       890.8556       891.3010
       891.0464       890.8555       891.1829       891.8790       892.4200
       892.2870       891.5871       891.5718       892.4371       892.4595
       891.1328       890.6882       891.4896       892.2410       893.6486
       896.0488       899.2062       901.5152       902.4767       902.0182
       900.5245       899.0184       897.5165       896.0407       893.2841
       889.2654       885.6136       883.9891       884.5880       887.1181
       889.1557       889.8307       891.2636       893.2675       894.0961
       893.9686       895.2362       898.4567       901.2592       903.9059
       906.5715       909.5222       911.8062       911.2026       910.1022
       910.4307       912.8506       916.4539       917.3596       915.5147
       913.9381       912.8889       912.8436       913.7658       914.7288
       914.9610       913.6825       911.2769       908.7955       906.5820
       905.8606       905.7472       905.6002       905.2391       904.6721
       904.0026       903.0336       902.0030       900.4850       898.8206
       897.2753       895.9731       894.7288       894.3892
       907.7940       907.4232       906.9434       907.3829       907.8527
       907.8059       907.5530       906.7364       904.2391       901.3230
       898.2724       895.2116       893.6088       893.5211       893.4389
       893.3541       892.3076       890.7412       890.7158       892.2614
       893.8488       895.2450       895.2283       893.8196       891.7155
       890.8362       891.3793       891.5546       890.1328       888.4268
       886.7481       885.4824       885.1934       885.0536       884.1237
       883.1068       883.9105       886.7300       889.7255       891.4199
       891.9447       891.5592       891.5604       892.4069       892.6658
       892.1187       891.0581       891.6578       892.5564       892.5361
       891.5714       891.1018       891.3434       891.7274       890.9555
       889.9254       890.0918       890.6933       890.6768       891.2983
       893.5016       896.7988       899.9274       901.1835       900.3248
       898.2295       895.9379       894.1239       892.5748       890.1611
       886.9718       884.4200       883.8007       885.2237       887.1360
       888.8892       889.8348       890.6237       892.0193       893.1003
       894.3417       897.0191       900.7853       904.5640       907.3035
       909.5637       911.6455       912.4981       911.8062       910.8015
       911.6326       914.6923       917.9497       918.7576       917.4173
       915.9193       915.1599       915.2263       915.9041       917.0621
       917.7277       916.7524       914.6603       912.4312       910.4120
       909.3041       908.9680       908.0444       906.2619       904.8405
       904.4979       904.4241       902.5472       899.9299       897.5902
       895.7819       894.1873       893.2501       892.6292
       906.8386       905.8318       903.9283       903.5791       904.9783
       905.8723       906.1072       905.7040       904.2348       900.9345
       897.4435       894.7311       893.8226       893.6265       894.0149
       894.0952       893.1744       891.5353       890.5972       890.9022
       892.2172       893.4724       894.1187       892.9988       890.5311
       888.3358       888.2225       888.0638       887.2871       886.1788
       885.6548       885.2954       884.4503       883.2120       881.9692
       881.5071       883.5314       887.0831       889.9950       892.0848
       892.7000       892.4235       892.5090       893.2293       893.5062
       893.0712       892.8262       893.2300       893.5945       891.9539
       890.3157       889.6064       889.8359       889.8552       889.2927
       888.9261       888.9520       888.7109       887.8715       887.7636
       889.6944       893.1486       896.9652       898.5513       897.7979
       896.5772       894.8165       892.4471       889.9241       887.2484
       885.2554       884.4182       885.0704       887.0921       889.0540
       889.8671       889.8187       889.5587       891.0306       894.1083
       898.0518       901.7867       904.7568       908.4862       911.5450
       912.8213       913.2044       913.1874       911.9837       911.0933
       912.8126       915.7656       918.0333       918.5745       918.0328
       917.2109       916.1938       916.1003       916.8563       918.0162
       919.4408       919.6764       918.3134       916.6750       915.6201
       914.7987       914.0969       912.4619       909.0767       905.9485
       905.3622       904.9844       902.6243       899.4136       897.1454
       895.5380       893.9812       892.7886       892.1678
       905.2518       904.1819       902.3306       901.9907       903.0245
       904.5903       905.1273       904.7997       904.0632       901.8532
       898.8884       896.6947       895.4214       894.9921       895.0555
       895.1403       894.2435       893.0568       892.1704       891.7874
       891.9540       893.3736       894.3363       893.3872       889.9239
       886.6876       885.3975       885.6648       885.2939       884.9838
       885.5591       885.7476       884.4706       883.0257       881.2173
       880.8805       883.6587       887.5355       890.1964       891.7264
       892.3514       892.4821       893.1443       893.8481       894.1656
       894.4741       894.5098       894.6899       894.0527       891.8691
       889.5335       888.7117       888.6229       888.6233       888.4961
       887.9920       887.3561       886.3126       884.6652       883.3754
       884.5703       887.6005       891.4498       893.6012       894.2154
       894.9536       893.8733       891.0449       887.7889       885.1212
       884.0362       885.1628       887.0333       889.0886       890.7665
       890.9003       889.8929       890.1332       893.0243       897.8897
       903.9898       907.9633       910.3046       913.4802       915.3957
       915.5101       914.9007       914.0923       912.8069       912.5281
       914.0510       916.1570       917.3579       917.7670       917.6585
       916.8245       915.9023       915.6791       916.2480       917.7250
       919.8719       921.6310       922.2283       922.3187       922.7321
       922.3450       921.0598       917.9249       912.8381       908.4661
       906.2308       904.7989       902.5206       899.5958       897.5798
       895.8774       894.4866       893.2991       892.2925
       903.0997       902.2017       901.2913       901.0314       901.9744
       903.5648       904.1098       903.9734       903.7574       902.6706
       900.6540       898.8567       897.5590       896.9729       896.6349
       895.9446       894.9424       894.1075       893.8315       893.0782
       892.7375       893.8403       895.1829       894.3514       890.8243
       886.5308       884.4872       884.7084       885.3099       885.5757
       886.9092       887.0163       885.4098       883.4974       881.1836
       880.7350       884.0688       887.9586       890.0111       890.9155
       891.7363       892.5300       893.6235       894.3417       894.9097
       894.5585       894.1760       894.1707       893.3188       891.4979
       889.3017       888.4158       888.6978       888.6774       888.0106
       887.1608       885.6935       883.8481       881.3310       879.5517
       879.9075       882.5808       885.3628       887.5789       890.2829
       892.4368       891.8408       888.9686       886.0146       883.7958
       883.5840       885.8356       887.8774       889.7569       891.8325
       892.1845       891.7201       893.2548       897.4807       902.9567
       907.9193       912.0480       915.6353       917.7625       918.1484
       917.3629       915.9230       914.4062       913.6500       913.9729
       915.1753       916.2653       916.6904       916.7819       916.0899
       914.8662       914.3694       914.5266       914.8133       916.2981
       919.0491       921.9321       924.5297       926.7393       928.4198
       928.9258       926.6579       921.9130       915.9443       911.1639
       907.8152       904.7911       901.8910       899.6920       897.7682
       896.4060       895.4527       894.2484       892.8931
       901.3757       900.1321       899.1861       899.4591       900.5690
       902.3013       903.2321       903.3873       903.7101       903.7740
       902.2073       900.3461       899.2130       898.7359       898.1893
       897.0382       895.7874       894.8057       894.3417       894.2050
       894.1804       895.3347       896.5338       895.9397       892.5608
       887.9190       885.2993       884.9465       885.4135       886.5380
       888.0211       888.6155       887.0453       884.4847       881.6157
       880.2455       882.7899       887.0446       889.2591       890.2381
       891.1760       892.1278       893.0876       894.2301       894.1067
       893.1803       892.1832       891.7589       891.9430       890.7316
       889.3675       889.0176       889.7455       889.5370       888.0043
       886.6270       885.1726       883.1823       881.8306       880.2985
       880.2515       881.9367       882.8766       884.3499       887.4023
       889.8057       889.6217       887.3815       884.9373       883.7878
       884.4673       886.5912       888.0918       890.0945       893.6906
       896.4228       897.5833       899.8387       903.5523       907.3058
       910.4208       913.8348       917.3055       918.9651       918.2708
       917.1718       915.8447       914.2142       913.6854       914.6107
       916.0703       916.7993       916.8239       915.9303       914.9424
       913.9064       913.1849       913.3103       913.3262       914.8947
       918.3812       921.8784       924.7879       927.4712       929.6953
       929.9059       927.4780       922.6531       917.0271       912.2188
       908.2867       904.3157       901.0483       898.6630       897.2343
       896.5016       895.8470       894.7930       893.3593
       900.9269       899.1816       898.2257       899.0131       900.3909
       902.0909       903.4232       903.5280       904.5405       905.1876
       903.8277       902.0608       901.0667       900.5079       899.7482
       898.6298       897.0428       895.6086       895.5765       896.0701
       897.1383       897.8148       898.1945       897.5799       894.4827
       890.6964       887.9838       886.5046       886.2710       886.9155
       887.8812       888.5379       887.9843       886.4660       884.2452
       882.1374       882.9844       885.8515       887.8300       889.4474
       890.5055       890.7234       891.3577       891.7634       891.4227
       890.6642       889.6921       889.8209       890.6356       890.6372
       890.0236       890.0897       890.9256       891.0094       889.2744
       887.9863       886.8648       885.9332       885.7731       886.1404
       886.8456       887.2216       886.1512       885.3688       886.3879
       887.6719       887.3263       885.6906       884.5018       884.4534
       886.1287       888.0558       889.8135       892.6663       898.1501
       903.2721       905.9973       907.8993       910.2315       912.0608
       913.1364       915.3584       917.8875       918.1800       917.0519
       916.4440       915.7095       914.3257       914.1403       915.0964
       916.3976       916.9030       916.3790       915.0939       914.0786
       913.9161       913.5109       912.6425       912.6456       914.5818
       917.9132       920.8558       923.4685       925.0477       926.1643
       926.0444       923.7100       920.1646       915.9789       911.7230
       907.0888       902.8577       899.7197       897.3376       896.3028
       895.8297       895.2751       894.5297       893.7142
       901.4301       899.9507       899.2376       900.3613       901.8198
       902.9593       904.0359       904.5089       905.5294       906.2061
       905.1383       904.0454       903.5474       902.7582       901.5603
       899.8851       898.3286       897.7998       898.2084       899.4971
       900.6082       900.9017       900.4528       899.5904       897.4283
       894.7778       892.0869       889.0141       886.8830       886.0041
       886.3016       887.3711       888.7843       889.2003       889.0294
       888.0615       887.3185       887.9193       888.5891       889.7615
       890.4535       889.8414       888.8752       888.4538       888.2066
       887.9144       888.1053       889.0075       890.2768       891.0080
       890.6854       890.7439       891.7817       891.7296       890.5145
       889.6508       889.5995       889.3659       889.8205       891.6002
       893.3190       893.2111       891.4039       888.9477       887.2218
       886.3771       885.5174       884.5891       884.1291       885.2606
       887.6855       890.2346       893.2549       897.7851       904.2441
       910.0576       912.5667       913.6393       915.3141       916.5034
       916.8152       917.9984       919.4684       919.0037       917.5827
       916.4847       915.5554       914.4185       914.1606       915.0126
       915.4704       915.6473       915.0392       913.6645       912.4393
       912.1739       912.4672       912.4935       912.2711       913.6230
       915.9468       918.0592       919.7558       920.7902       920.8778
       920.4048       918.8943       916.4335       913.6157       909.9004
       905.4855       901.6548       898.8381       896.9244       895.7886
       894.9633       894.6627       894.7203       894.8291
       901.1434       900.5518       900.4691       901.5846       903.0176
       903.9004       904.3885       904.7534       906.2034       907.4154
       906.4950       905.3828       904.7192       903.9296       902.0885
       900.0711       899.2968       899.6882       900.8063       902.3961
       903.5178       903.6392       902.7595       901.9140       900.6750
       898.7330       895.9944       891.6840       887.1923       884.3015
       884.4478       887.0318       890.1462       892.3182       892.8950
       892.6711       892.3524       891.9662       891.6484       891.8286
       891.4745       889.9063       888.1714       886.7283       886.0100
       886.2388       887.2664       888.8037       889.9711       890.3716
       890.3016       890.4686       891.0296       890.9509       890.1445
       889.9268       890.2222       890.4819       891.1707       893.3911
       894.9394       894.9169       893.3441       890.8229       888.3641
       886.2518       885.1847       884.2715       884.3889       886.3655
       889.4006       893.1169       897.8143       903.5146       909.4291
       914.2661       917.2663       918.6119       919.5999       920.3582
       920.3907       920.1110       920.1176       919.6447       918.0740
       916.3279       915.0677       914.3248       914.4437       914.6896
       914.2190       914.3365       914.4396       913.0055       911.1611
       910.2654       910.8329       911.2480       911.6138       911.9802
       913.1127       914.6032       915.9741       916.8558       916.8009
       915.8428       914.6161       912.7778       910.5368       907.0905
       903.1030       900.3029       898.4557       897.2017       896.1399
       895.0848       894.6837       895.5671       896.3666
       899.1503       899.7645       900.5446       901.6068       903.0239
       903.7122       903.4495       903.7322       905.8031       907.9555
       907.2294       905.1426       904.1522       903.0882       901.0295
       899.3641       899.5090       900.4295       902.3170       904.0129
       905.2449       905.3369       904.4453       903.3303       902.2567
       900.4531       897.5323       893.4912       887.8898       883.6721
       883.9935       887.7614       891.9131       894.4178       895.1205
       895.6566       896.0745       895.2792       893.8605       892.9026
       891.4963       889.9943       888.1005       886.0893       884.5214
       884.6213       886.1428       887.5798       888.6462       888.9737
       889.1387       889.1665       889.1554       889.3083       889.2863
       889.1158       889.2559       889.4634       890.9155       892.9604
       894.0387       893.7376       892.2777       890.2675       887.9287
       885.8999       884.6099       884.4485       885.4139       887.7855
       891.6025       896.4976       902.2325       907.6470       912.5071
       916.9450       920.8160       923.5670       924.1559       923.8071
       922.4523       920.6712       919.4598       918.5778       917.4070
       916.1884       915.5135       915.2480       915.4622       915.3657
       914.1127       913.7715       914.5941       913.7023       911.1793
       909.7142       909.7142       910.5396       910.8782       910.8504
       910.9887       912.2048       913.6801       914.4832       914.1806
       912.9280       911.0291       909.4531       907.3914       904.0590
       900.3874       897.8022       896.8568       896.7901       896.5294
       895.5952       895.3349       895.8964       896.4261
       897.5363       898.8301       899.9733       900.8376       901.8503
       902.3237       902.0186       902.8650       905.2252       907.4251
       906.7393       904.3696       903.1777       902.3139       900.8370
       899.6528       899.5999       900.8653       902.8624       904.4788
       905.3368       905.4618       904.5587       903.5908       902.4527
       900.0619       896.9082       893.4670       888.4811       884.8221
       885.9274       889.6716       893.3292       895.7103       897.0035
       898.0974       898.5134       896.9230       894.5625       892.0071
       890.5220       889.1252       887.4425       885.4235       883.8276
       883.8189       885.1183       886.4211       887.7180       888.4534
       888.7100       888.2332       887.4125       887.2568       888.0284
       888.4105       888.5126       889.2642       891.0068       892.5776
       892.6832       891.9119       890.6036       888.4820       886.7515
       885.3651       884.4819       884.9799       887.0696       890.3152
       894.8036       900.1069       905.3656       910.1780       914.2120
       918.6042       922.9648       926.1077       926.9978       926.0241
       923.7833       921.0954       919.3058       918.3520       917.4800
       917.0268       917.0180       916.8312       916.6309       915.9630
       914.4429       913.7748       914.2117       913.8097       911.5600
       909.5663       909.1575       909.5091       909.7900       909.9153
       910.2248       911.5028       912.7410       913.0775       912.5703
       910.7585       908.6815       906.7316       904.7759       902.3697
       899.2274       896.6985       895.4747       895.4891       895.6771
       895.9258       895.6536       895.4164       895.2395
       898.1686       899.2084       899.9733       900.0359       900.8551
       902.2468       902.7288       903.1546       905.3110       907.6637
       907.0054       904.0722       902.6538       902.8214       901.9442
       900.4702       899.9354       900.8434       902.4954       903.4965
       903.9056       903.5563       902.8670       902.3809       901.3235
       899.1946       896.7191       894.0917       890.6719       887.7032
       889.0695       892.2737       894.7626       896.9517       898.6691
       899.5356       899.5267       898.1291       895.2236       892.0855
       889.8502       888.1656       886.5455       885.4409       884.8828
       884.7885       885.6614       887.1086       888.1404       889.2682
       889.1594       887.7046       885.9449       885.8184       886.9982
       887.9325       888.3321       889.6098       891.2431       892.0576
       891.4913       890.7112       889.0173       887.2186       886.5677
       886.2512       885.8853       886.5862       889.2651       893.8452
       898.8549       903.6010       908.0077       912.2035       916.1548
       919.7388       924.0353       926.9905       927.8106       927.0674
       924.5381       921.5508       919.5897       918.7152       918.1504
       918.0765       918.6195       918.3033       917.4722       916.4548
       914.7405       913.4496       913.4097       913.1412       911.4321
       909.5024       908.5316       908.2582       908.2448       908.8915
       910.4775       912.1351       912.8544       912.6091       911.5734
       909.7601       907.5427       905.8864       904.2382       902.4955
       899.9835       897.2584       895.7385       895.0997       895.4321
       895.6094       894.9785       894.3002       894.4885
       899.9307       900.5158       900.5464       899.8199       900.9390
       903.1840       903.8318       903.7616       905.4714       907.6042
       906.5583       903.6039       902.4022       903.1425       902.8022
       901.3021       900.3202       900.5013       901.2608       901.6792
       901.7562       901.0643       900.2172       899.6264       898.4709
       897.8330       897.7910       897.0270       894.4784       892.0820
       892.3467       894.5492       896.3725       898.1445       899.8836
       900.7168       900.9028       900.1866       897.8945       894.3683
       890.4901       887.7391       886.0329       885.9109       886.0733
       886.0328       886.4230       887.5334       888.9012       889.6926
       889.1221       887.0950       885.3417       885.2075       886.5828
       887.4998       888.1903       888.9604       889.9308       890.5966
       890.2629       889.3414       888.1328       886.9735       886.8489
       887.1724       887.7981       889.7133       892.7389       896.9037
       901.8282       906.5834       910.9792       914.7708       918.1808
       921.9303       925.7169       927.9884       927.9955       926.3561
       924.0099       921.5356       919.5787       918.7679       918.4111
       918.8950       919.7333       919.7014       918.8430       917.1182
       915.0908       913.4708       912.8576       912.3806       911.2112
       909.4665       908.2814       907.7148       907.5432       908.5441
       911.2725       913.3301       913.4382       912.4465       911.2343
       909.7668       908.0480       906.2263       904.9994       903.3637
       900.8979       898.4470       896.2558       895.5704       895.8571
       894.9677       893.7494       893.6453       894.5806
       900.9090       901.3480       900.7887       900.0552       901.4228
       903.5966       903.9356       903.9776       905.4479       906.3187
       904.8056       902.7814       902.6848       903.3801       903.0381
       901.9559       901.2711       901.1976       900.9131       900.5674
       899.8943       898.6797       897.7808       896.8100       895.6754
       896.6256       898.7728       899.1830       897.0894       894.7580
       894.7118       895.9488       897.1732       898.8384       900.5365
       901.6119       901.9688       901.9999       900.8475       897.4108
       892.2901       887.8907       885.9338       885.6694       886.1606
       886.1242       886.1125       887.0386       888.6171       889.2263
       888.4802       886.6545       885.1206       885.0392       885.9825
       886.9438       887.6648       888.2719       888.9509       889.2933
       889.2341       889.2960       888.9553       888.5474       888.3801
       888.6908       890.9005       893.9815       896.9785       900.2159
       904.3721       909.1048       913.8139       917.6424       921.2128
       924.8119       927.8840       929.0923       927.7021       925.1053
       922.6988       920.4391       918.8736       918.3188       918.3972
       919.1877       920.0251       920.2953       919.9004       918.6857
       916.5084       914.8408       913.4196       912.0475       910.8156
       909.4623       908.5817       908.2550       908.2339       909.8967
       912.7230       914.2590       913.8676       912.4200       911.0189
       910.1295       908.9457       906.8853       905.1431       903.4677
       901.3846       899.1565       897.0657       895.8248       895.5516
       894.1157       892.7723       893.5145       894.7730
       900.3347       900.7705       900.1665       899.8969       901.7429
       904.3298       904.5802       903.9803       904.8781       905.9204
       905.0380       903.5950       903.3763       903.3408       902.8388
       902.4048       902.2752       902.2374       901.8245       900.3397
       898.3520       896.5556       895.7834       895.4771       895.4339
       897.6028       900.0153       900.3657       897.9651       895.3347
       895.9307       897.1802       897.8892       899.0386       900.1530
       901.0629       901.6466       902.3237       901.7253       898.6061
       893.4857       888.6807       886.0882       884.9660       884.5648
       884.6070       884.9757       886.3155       887.4882       888.2144
       887.7911       886.5815       886.0020       886.0835       886.1102
       886.8199       887.7486       888.7186       889.5687       890.6214
       891.2783       891.5334       892.3094       892.4946       892.0728
       892.4774       894.5381       897.7611       901.1732       904.6124
       908.5231       912.5482       916.5008       920.4883       924.2623
       927.7446       929.6603       929.5160       927.5250       924.6455
       922.2544       920.0453       918.5576       918.4362       919.0330
       919.2824       920.2098       921.0475       921.3409       920.6825
       919.4237       917.4494       914.6459       912.2413       910.6526
       909.6557       909.3668       909.7159       910.5142       911.6734
       913.3436       914.2161       913.5273       912.2800       911.4124
       910.9808       909.7637       907.4069       905.2638       903.3746
       900.9111       898.8555       896.7322       895.3259       894.1669
       892.9056       891.8600       892.5830       894.3636
       898.2534       899.0914       898.6933       898.4142       900.6420
       903.6772       904.4641       903.7148       905.0688       906.9733
       907.0647       905.6042       904.0236       903.4392       903.3221
       903.0383       902.7343       902.6216       902.3182       900.3736
       897.6131       895.4777       895.1030       895.6802       897.2004
       899.9358       901.7344       901.6547       900.2614       898.7740
       898.9913       899.3013       899.2545       899.5214       899.5786
       899.8405       900.6974       901.2406       900.7750       897.8730
       893.7672       889.9803       886.8629       884.1838       882.5742
       882.5006       883.4089       884.8082       885.8603       886.2996
       887.0149       887.6840       888.2090       888.5806       888.2585
       887.5822       888.2232       890.0295       891.9476       893.1100
       893.6306       894.2087       895.2155       895.8697       895.1777
       895.4654       897.8159       901.2639       905.4044       909.7106
       913.2398       916.1280       918.8593       922.0655       925.7495
       928.9927       930.6879       930.1428       927.8245       925.2850
       922.9887       920.8568       919.6443       920.1821       920.5299
       920.5963       921.5517       923.2275       923.3787       922.7213
       921.7913       919.6818       916.1333       913.1899       911.4489
       910.6942       910.9017       911.6138       912.1407       912.8326
       913.2642       913.2579       912.6674       912.0560       912.0150
       912.2637       911.0369       908.6063       906.0480       903.6384
       900.7103       897.5977       895.2562       893.3190       892.5087
       892.1894       891.5294       891.5793       892.6715
       894.4612       895.7731       896.4324       897.0114       898.7122
       901.2433       902.9795       904.4578       906.5801       908.6867
       908.2241       906.3544       904.6491       903.8098       904.1129
       903.7117       902.6287       902.4177       902.1541       900.7589
       897.9210       895.8470       895.3346       897.2802       899.8479
       902.1573       903.5227       903.9373       904.7706       904.6760
       903.2986       901.6389       900.5967       899.7030       899.0939
       899.5311       900.0936       899.7814       898.7221       896.3258
       893.2735       890.8068       888.2872       884.6589       882.4340
       882.3937       883.2363       884.3754       884.6320       885.3777
       887.4496       889.3478       890.6091       890.8355       890.2200
       888.5636       888.9882       891.6545       894.5792       895.9479
       895.6851       895.7093       897.0503       897.8948       897.2743
       897.7462       900.5316       904.9634       909.7794       914.2629
       917.1624       918.9834       920.9222       923.1592       926.0129
       929.0900       930.8930       930.3659       928.2838       925.9481
       924.0686       922.1063       921.2708       921.7842       922.4227
       922.6782       923.6134       924.7276       924.6880       923.6562
       922.9800       920.8378       917.2186       914.4134       913.3246
       913.0001       912.9684       913.2818       913.5931       913.4494
       913.2147       912.6025       911.7155       911.1713       911.6022
       911.6875       910.9388       909.0280       906.7054       904.3517
       901.1310       897.4398       894.0259       891.6984       891.1758
       891.9506       891.9327       891.2868       891.0142
       891.5367       892.6246       894.6007       896.5629       898.1660
       900.0198       902.4813       905.0765       907.8850       909.3577
       908.7617       907.0325       905.0969       903.9578       904.2496
       904.0236       902.8376       902.0230       901.4826       900.3224
       898.6184       896.8651       896.9556       899.4824       902.4694
       905.0537       906.6536       907.4657       908.2802       908.0370
       905.5063       902.3646       900.1596       899.4323       899.2098
       899.7056       900.0588       899.2690       896.9749       894.4485
       892.1592       890.4590       888.5184       886.0965       884.2910
       884.3225       885.2206       885.6027       885.3970       886.2709
       888.3042       890.5699       891.5352       891.9199       891.3370
       890.5429       891.0175       893.6612       897.0169       898.8584
       898.3799       898.3059       899.2661       899.9822       900.1209
       900.5678       903.2734       908.2234       913.1921       917.2610
       920.1572       921.8915       923.3907       924.8812       926.8038
       928.9041       929.9412       929.5170       927.6074       925.5407
       924.0814       922.7676       922.4781       923.1273       923.5717
       924.4756       925.6425       926.1945       925.7569       924.8267
       923.6071       921.0032       917.9655       916.1729       915.7988
       915.7216       915.0465       914.5430       914.6686       914.4321
       913.5009       912.1418       910.6359       909.8062       909.9078
       909.9500       909.1030       907.7766       906.0114       904.1228
       901.0508       897.1608       893.7662       891.2031       890.8636
       891.9864       892.5725       891.8162       891.0568
       891.4521       892.5841       894.1425       896.0754       898.0331
       899.8805       902.1063       905.2515       908.1393       909.2040
       909.4272       908.9568       907.0453       905.4313       905.0733
       904.5195       903.2886       901.8746       900.8009       899.9758
       899.2195       898.6041       899.2137       901.4891       904.6925
       907.2396       908.9191       909.9351       910.3534       908.7949
       905.5000       901.4719       898.8951       898.3092       898.9472
       899.8936       900.4308       899.2263       896.6015       893.5714
       891.1582       889.3394       887.8516       885.9651       884.8188
       885.4384       886.8698       887.2017       887.4379       888.0404
       889.3209       890.5497       891.5824       892.4823       893.0396
       893.7245       894.8108       896.7817       899.5701       901.2976
       901.7846       901.8446       902.3494       903.2374       903.8490
       904.0793       906.3852       910.7092       915.7023       919.5538
       921.8427       923.1422       924.2297       925.2344       926.3909
       927.6108       927.8896       927.5129       925.7827       923.6264
       922.8450       923.2194       923.9031       924.2716       924.5461
       925.7426       927.0958       927.8550       927.3223       926.2662
       924.2844       921.1754       918.9593       918.1168       917.9701
       917.4894       916.1728       914.9740       914.8893       914.6875
       913.2710       911.3802       909.8401       908.9397       908.6646
       908.4506       907.7393       905.8713       904.0956       902.2628
       899.3311       895.8201       893.1221       891.3761       890.9415
       892.1222       893.0452       893.0293       892.6301
       892.1696       893.0963       893.9769       895.1274       896.9023
       899.4828       902.3276       905.3409       908.0423       909.4689
       910.6339       911.0720       910.2335       909.0594       907.3087
       905.2717       903.5090       902.0456       900.5459       899.7542
       899.6704       899.9673       901.0345       903.0262       905.5922
       908.4669       910.7331       911.6644       911.0391       908.4805
       904.3317       900.2372       897.8524       897.1281       897.8932
       899.5421       900.4758       899.3479       896.6233       893.5338
       890.6256       888.3459       886.7802       885.3018       884.5311
       885.4234       887.0170       888.3751       889.0999       889.5873
       890.3339       891.4194       892.6486       894.0351       895.5452
       896.9781       898.5605       900.4215       902.2089       903.6318
       904.5437       905.0137       905.6000       906.9152       907.3884
       907.7278       909.6931       913.5385       917.7850       921.1742
       922.5664       922.4855       922.7242       923.5757       924.2477
       924.5372       924.4702       923.8588       922.7556       921.6217
       922.0789       923.9022       925.8069       926.4577       926.1772
       926.3232       927.5089       928.4796       928.2103       926.6677
       924.4909       922.3068       920.7994       919.6664       918.9735
       918.5248       917.1252       915.7500       914.8505       913.8263
       912.3231       910.5980       909.0349       908.2868       908.3066
       908.0638       906.8372       904.7578       902.1979       899.6718
       896.6226       893.6655       892.2754       891.5564       891.4717
       892.1877       893.5953       894.4382       894.5154
       892.5051       893.2833       894.2959       895.1102       896.7363
       899.5988       903.0074       905.8110       907.7188       909.1050
       911.0750       912.3181       912.3099       911.5807       909.5637
       906.7077       904.4976       902.8520       901.3904       900.1791
       899.6856       900.1922       901.7333       903.8053       906.2238
       909.5507       912.5594       913.0934       910.6266       907.4709
       903.7423       900.3495       898.2444       897.6207       898.0382
       899.0495       899.8080       899.3716       897.1129       893.6503
       889.9887       887.6759       886.5355       885.8415       885.7958
       886.2443       887.0687       887.8486       888.5235       889.8383
       891.6774       893.3756       894.6700       896.2877       898.0077
       899.3925       901.1773       903.3348       904.6904       905.3070
       906.0269       906.9506       908.4175       909.8930       910.4035
       910.9166       912.8710       916.2821       920.1692       922.6947
       923.2397       922.1788       921.5649       921.9462       921.7289
       920.8511       920.0750       920.0051       920.2556       920.9579
       922.5626       924.7288       926.9488       928.3060       928.0911
       927.5131       927.5859       928.3385       927.7511       926.3036
       924.8023       923.6252       922.5969       921.1687       920.3912
       919.6460       918.2878       916.6249       914.8892       913.4091
       911.6943       909.8160       908.3832       907.6267       907.8624
       907.8118       906.4889       904.1846       901.4729       898.4951
       895.0392       892.5938       891.6943       891.6311       891.7202
       893.2414       895.0145       896.4332       897.0231
       892.8497       893.6475       894.8503       896.1584       897.7868
       900.4163       903.2619       905.6193       906.7553       908.1966
       910.1577       912.1641       913.4539       912.7882       910.4143
       907.6960       905.9024       904.7926       903.6917       901.8771
       900.5071       901.0419       902.3953       904.2001       906.3854
       909.6855       912.1824       911.8785       909.4501       906.4205
       903.8935       901.8990       900.4622       899.2088       898.0417
       898.0655       898.7393       898.3040       896.1037       892.8154
       890.0347       888.2768       887.2427       886.9611       887.6068
       888.1247       887.8668       887.3616       887.8359       889.9489
       892.6570       894.5454       896.4583       898.4894       900.0055
       901.4728       903.4522       905.2906       906.6321       907.0847
       907.2668       908.1768       909.9749       911.7749       913.0270
       914.2041       916.4099       919.5684       922.4125       923.7575
       923.7160       922.5474       921.2919       920.7291       919.5945
       917.8705       917.2767       918.0978       919.4540       920.9169
       922.5969       924.4056       926.9709       929.5847       930.2269
       929.3319       928.7425       927.9298       927.0250       926.0005
       925.3445       924.4730       923.5024       923.1121       922.7338
       921.7299       919.8416       917.8732       915.9664       914.1918
       912.3159       910.3697       909.1140       908.3046       908.0546
       907.6871       906.5332       904.4670       902.1152       899.3357
       896.0436       893.4008       892.2159       891.7068       892.7021
       894.9069       897.2155       898.8961       899.7159
       892.3736       893.2064       894.8440       896.5156       898.5214
       900.8336       903.1915       904.6759       906.1138       907.3080
       909.3734       911.7569       913.3844       912.9802       910.3376
       907.6092       905.9158       905.8558       905.5760       903.3021
       902.1895       902.3606       903.0510       904.1531       905.9882
       907.8290       908.8312       908.3553       906.3553       904.4055
       903.2977       902.7224       901.8364       899.9449       897.6860
       897.0753       897.5759       896.8101       894.4808       892.0156
       890.4754       889.5504       888.2810       887.6668       887.9798
       888.9141       888.9557       888.1217       888.4259       890.9223
       893.9719       895.8219       897.5955       900.1007       901.5499
       902.7955       905.2160       907.5374       908.7047       908.9368
       908.6918       908.7487       910.0992       911.9114       913.9524
       916.7126       920.0753       922.6203       923.6367       923.6041
       923.2963       922.5797       921.4606       920.2768       918.4946
       916.4720       915.9971       916.8871       918.3197       919.2678
       920.1672       922.8555       926.7919       930.3986       931.6545
       931.0682       929.8906       928.3367       927.1061       926.5269
       925.8019       924.8696       924.1960       925.1280       925.7837
       924.5919       922.6659       920.4534       918.3004       916.3251
       914.3837       912.7509       911.2236       910.2730       909.4233
       908.8356       907.5911       906.0337       903.8422       901.8749
       899.5320       897.0217       895.0095       894.1301       895.1431
       897.0208       899.2595       901.0710       902.1901
       891.4243       892.0414       893.6246       895.8770       898.2999
       900.7770       902.5175       903.7888       905.1256       906.7997
       908.7343       910.6378       911.6901       911.3959       908.9937
       906.7045       905.5444       905.2758       904.4448       903.3583
       902.7718       902.3500       902.7676       903.6061       904.5415
       905.2762       905.2867       904.2898       903.1136       902.2357
       901.9421       902.1033       901.9509       900.4904       898.0877
       897.2151       897.2165       896.0998       893.9557       892.0341
       890.8215       889.4706       888.1841       887.2041       887.3784
       888.4531       888.9012       888.8443       889.9910       893.0645
       896.1357       897.6898       899.2800       901.0131       902.2415
       904.0372       906.7975       909.3326       910.3506       910.0107
       909.1336       909.0344       909.6973       910.9981       913.7211
       917.7404       921.4429       923.6534       923.4351       922.5712
       921.9280       921.5647       921.2885       920.5455       918.4031
       916.2224       915.3971       916.0649       917.4395       918.1080
       918.8077       921.1933       925.3718       929.3113       931.5098
       931.2684       929.9077       928.8997       928.4316       927.6520
       926.4781       925.2305       925.3420       927.0480       928.0791
       927.3751       925.5364       923.3193       920.8643       918.2079
       916.3008       914.5029       912.9673       911.8454       911.5982
       910.7262       909.8652       908.5483       906.7480       905.0004
       903.6304       901.6447       899.2047       898.1479       898.7091
       899.8052       901.5662       903.3241       903.9765
       890.3739       890.2682       891.8029       894.6860       897.6152
       899.9341       901.4812       902.8578       904.1994       906.0293
       908.1030       909.5977       909.8956       908.3789       906.6489
       905.3439       904.8098       904.5681       903.5356       902.7174
       902.4833       902.5923       902.2766       902.0533       902.1740
       902.8267       902.6781       901.3366       900.2335       900.2988
       901.0946       902.2097       902.7368       901.4942       899.3033
       897.8179       897.0472       895.4998       893.6284       892.0934
       890.3097       888.0337       886.5289       886.1685       886.9354
       888.2443       888.9300       889.5258       891.3779       894.9363
       898.1484       899.9584       900.9892       901.9161       903.1283
       905.2693       908.1113       910.1735       910.3635       909.3358
       908.6152       908.9489       909.7745       910.7883       913.3704
       917.6125       921.3420       923.0661       922.7859       921.1094
       920.3456       920.5707       921.3608       920.5478       918.2799
       916.3420       916.0207       916.7289       917.8460       918.9267
       919.3320       920.4271       923.5806       927.5569       929.9565
       930.6093       930.0167       929.6424       929.6967       929.1720
       927.7204       926.5158       927.1086       928.6837       929.9521
       929.5836       927.7092       925.5752       922.7777       919.1942
       916.3820       914.8598       913.8088       913.5125       913.0952
       912.4091       911.8997       911.2542       909.5671       908.3053
       907.3169       905.2465       902.7511       901.9880       902.1636
       903.0069       904.0737       904.9241       905.2918
       888.9440       888.6340       889.7364       892.9977       896.3299
       898.6552       900.7604       902.4781       903.9856       905.3644
       907.8488       909.6503       908.4902       906.2036       904.4902
       903.8075       904.0510       904.3148       903.6384       902.6274
       902.8773       902.9500       902.0212       900.5446       900.0583
       900.6841       900.6332       898.3082       897.0574       898.3380
       900.7131       902.7430       903.4819       902.5441       900.5270
       899.0839       897.5726       895.8409       894.2574       892.6240
       889.9349       887.1708       885.8015       885.7729       886.7592
       888.3182       889.2146       890.1310       892.5208       895.8940
       899.2247       901.6450       902.8359       903.1141       904.3511
       906.4761       909.1832       911.3675       910.9147       908.7648
       908.1100       909.2268       909.8952       910.4697       912.8491
       916.8898       920.9583       923.6813       923.5781       921.6734
       920.5090       921.2221       921.7673       920.7178       918.4174
       917.3133       917.4854       918.3934       918.9982       919.6418
       920.1917       921.3608       923.6320       926.6422       929.2868
       930.9199       931.3265       931.0488       931.2456       930.8007
       929.5415       928.6898       928.9622       930.5700       931.7902
       931.6720       929.8584       926.7858       923.2369       919.6362
       916.7846       915.0790       915.0157       915.2098       914.3262
       913.1478       912.6934       912.6613       912.0464       911.1884
       910.2501       908.2703       906.3603       905.8783       905.9080
       905.8358       906.1292       906.6525       907.1776
       887.4761       886.9368       888.7918       892.0064       894.9627
       897.7857       900.2420       902.3583       903.6434       904.7770
       907.5498       909.5673       907.9412       905.1198       903.3971
       903.0231       903.4562       903.8928       903.5073       902.5607
       902.7568       903.3073       902.3060       900.5868       899.7461
       899.5164       898.2722       895.8776       894.9025       897.3121
       900.2751       902.1567       903.1185       903.0636       901.8747
       900.4997       899.3743       897.5204       895.3354       892.8495
       889.9663       887.4477       886.4034       886.0027       886.7043
       888.3698       889.3013       890.2951       893.0242       896.5420
       900.2280       903.2670       904.3333       904.6126       905.4673
       907.3158       910.2797       912.8889       912.2878       909.3167
       908.2872       909.3810       910.1490       910.6664       912.6009
       916.0467       920.5514       924.4495       925.2464       923.9272
       922.9799       922.6531       922.2526       921.1495       919.6456
       918.3697       918.5845       919.3906       919.6884       920.1494
       921.1858       922.6841       924.8392       927.2693       930.0141
       931.8896       932.5073       932.5074       932.3110       932.2231
       931.3577       930.3774       930.4919       931.8075       933.0869
       932.7157       930.9990       927.6996       923.5059       920.1866
       917.7525       916.6622       916.6766       916.1406       914.7007
       913.0178       912.4944       913.3074       913.7714       912.9916
       911.7018       910.2654       909.3624       909.4045       909.2534
       907.9599       907.3925       908.3123       909.2628
