!     RMS - Reservoir Modelling System GRID TO ZYCOR GRID
!     RMS - Reservoir Modelling System VERSION : 10.1
!     GRID FILE NAME   : Reflector1
!     CREATION DATE    : 2018.12.21
!     CREATION TIME    : 08:27:04
@Reflector1 HEADER                     ,      GRID, 5
      15,    -99999.0000,       ,      4,      1
     119,     65,    436910.1562,    440110.1562,   6469154.5000,   6475054.5000
         0.0000,         0.0000,         0.0000
@
+ Grid data starts after this line
       993.6480       994.1014       994.5026       993.7246       991.9208
       989.9989       988.4428       988.2314       987.4371       987.0491
       986.8101       985.8484       985.2086       987.6046       990.1479
       989.4860       987.7132       986.8613       988.3056       991.0748
       993.1387       994.5314       996.2703       998.4119       998.3311
       996.6609       993.7493       992.2753       994.2329       996.8953
      1000.2181      1003.5842      1004.6054      1003.2686      1001.6486
      1000.9676      1001.2846      1001.4288      1000.3511       998.1646
       997.1511       996.6871       995.2186       992.7076       991.1716
       990.4840       988.6892       986.9371       986.3450       986.2289
       985.2928       983.8154       983.8903       985.3989       986.0469
       984.9982       982.9750       981.7325       983.5211       986.2605
       988.0193       991.0554       994.3393       995.1761       993.5489
       991.0311       988.3861       985.6495       985.9062       987.7518
       989.9556       992.9878       995.9202       998.6600      1002.9697
      1006.9769      1008.0856      1008.8888      1010.0054      1011.3161
      1013.6556      1016.8416      1018.6058      1018.0405      1017.9290
      1018.6526      1019.0168      1019.0865      1018.8505      1019.4010
      1020.6461      1021.0079      1020.8304      1021.2053      1020.7635
      1019.4741      1017.4801      1015.9691      1016.7156      1019.2414
      1021.6263      1023.6157      1024.9014      1025.8389      1026.3647
      1026.5000      1026.3370      1025.4346      1023.5859      1020.8925
      1018.3050      1016.7083      1016.6342      1016.5656      1014.9950
      1013.1990      1012.2427      1011.3470      1009.5977
       994.5662       994.2891       993.5751       992.1443       990.5377
       988.2534       986.4490       984.7132       984.2924       984.2424
       983.8906       983.0504       983.9164       987.1140       989.7778
       990.1398       989.4384       989.4247       990.1958       990.6289
       992.3698       993.5701       994.4393       995.3023       996.1171
       994.8000       992.6682       993.1074       995.6169       998.0399
       999.7330      1001.5338      1001.9758      1000.2151       998.9380
       999.1737       999.8610      1000.5788      1000.2032       998.5909
       997.6548       997.4481       995.9830       994.8630       994.1055
       992.5226       990.8345       988.4006       986.2455       985.8759
       985.3291       984.6701       985.3601       986.7354       987.0961
       986.0772       984.3832       983.2677       984.1285       985.7682
       987.9888       991.8256       994.3010       994.3467       993.0517
       990.6781       987.1504       985.5578       986.2307       988.4614
       990.0244       992.3337       995.3005       998.5614      1002.5951
      1007.0311      1009.2946      1009.9998      1010.1978      1010.7077
      1013.3502      1016.5610      1017.4644      1015.2403      1014.2449
      1015.3664      1016.3629      1016.8062      1016.8174      1017.4610
      1019.1238      1020.4119      1020.7319      1020.1594      1019.0778
      1017.9146      1017.5925      1017.6351      1018.6424      1019.8201
      1021.1218      1022.4701      1023.4638      1024.2477      1025.3533
      1026.0677      1026.2917      1026.3318      1025.0742      1022.1814
      1019.2383      1017.7881      1017.1445      1015.7322      1013.1185
      1011.4081      1011.1761      1009.9642      1008.0446
       994.3207       993.5148       991.5466       989.9409       988.2471
       985.8558       983.0669       981.7233       981.5515       981.3986
       980.7938       981.1472       982.5323       985.6105       988.7164
       991.0880       992.4532       992.5301       992.0621       992.6334
       993.1639       993.5391       992.6117       992.2232       993.0104
       993.5607       993.1227       994.1362       997.3612       999.3138
       998.5978       998.2905       997.8851       996.1287       995.6904
       997.6909       999.4514       999.6378       998.6561       998.0613
       998.7151       998.5213       997.9804       996.7914       996.3597
       995.6088       992.7571       989.6206       987.0121       985.1699
       984.2263       984.4515       985.5367       986.0515       985.9476
       985.5568       985.0093       984.6618       984.5836       985.8307
       988.4187       990.6013       992.4901       992.4136       991.2676
       989.0806       985.6832       983.8909       985.7368       988.0001
       989.8437       991.5685       994.0963       997.0001      1000.4894
      1004.5435      1008.3446      1009.7627      1009.8828      1009.6230
      1011.6348      1014.8881      1015.7778      1013.2185      1011.8058
      1012.9791      1014.0756      1014.5086      1014.8011      1015.5455
      1017.6334      1019.6578      1020.2449      1019.1326      1017.2770
      1017.3287      1017.7767      1018.4785      1019.6923      1020.3713
      1020.7221      1021.3620      1022.2132      1023.1904      1024.2594
      1025.5594      1026.6477      1027.3143      1026.6141      1024.0934
      1021.1381      1019.4504      1018.3200      1015.5443      1011.7663
      1009.8409      1009.1525      1008.2483      1007.0701
       990.9523       991.2141       989.1597       986.7662       985.1412
       983.8383       981.3415       980.0718       979.8531       979.6533
       979.6648       979.8995       981.9090       984.8285       988.5737
       992.0967       993.5414       993.4919       994.0040       995.0662
       995.5171       994.5682       992.4258       990.0363       991.1021
       992.7849       993.3672       994.9430       997.7589       998.9012
       997.4724       995.5646       994.1185       992.8883       992.6821
       994.9031       997.5770       997.8308       997.0597       997.3359
       998.6478       999.6306       997.9278       996.4645       996.6242
       996.2031       992.9454       989.5223       988.1650       986.4238
       984.2571       984.8637       986.0352       985.5634       984.3699
       984.2489       984.2616       983.9386       983.9004       984.7092
       986.2849       987.8024       988.5003       988.9583       989.3094
       987.5751       983.5493       981.3477       982.6647       985.2950
       987.4542       989.6758       992.1280       994.9094       998.0294
      1002.1407      1005.7763      1008.1127      1008.3287      1008.4401
      1010.1442      1013.0329      1014.7275      1014.0817      1013.5183
      1014.0933      1014.3517      1014.4267      1014.2589      1015.1133
      1016.9933      1018.7498      1019.2633      1018.1988      1017.0567
      1017.0614      1017.5869      1018.0781      1019.2103      1019.9172
      1020.2317      1021.2482      1022.2438      1023.1428      1024.1768
      1025.6256      1027.3545      1028.3656      1027.9447      1025.2808
      1022.1080      1020.4308      1018.5389      1015.1537      1012.1049
      1009.7844      1007.8660      1007.1682      1007.0165
       986.5919       987.1813       985.7103       983.0981       982.4922
       982.1434       981.2887       979.7759       978.4413       978.2499
       979.0756       980.3125       982.4166       985.6143       989.7267
       992.5118       993.1782       994.0615       994.9408       995.7200
       996.5170       995.3710       992.1979       990.2040       991.1127
       991.8387       992.1342       993.9611       996.3290       996.7561
       995.8436       994.1570       992.9346       992.0946       991.8708
       993.4301       994.8768       994.7216       994.7215       995.8289
       996.9357       996.7371       995.3026       993.5984       994.0505
       993.8370       991.3078       989.5931       988.6901       987.5424
       986.9809       987.1329       987.4656       986.3188       984.8259
       983.2656       982.7125       981.8928       981.7294       982.4945
       984.1603       985.2324       986.2631       987.1643       986.9273
       985.5699       981.8176       979.1695       979.5928       981.5050
       983.8182       986.6483       989.4238       993.0585       996.3040
       999.7467      1003.1183      1005.6580      1006.0671      1006.4611
      1008.5922      1011.6336      1014.2111      1015.4492      1017.1948
      1018.1137      1017.5572      1016.5948      1015.9810      1015.8127
      1016.6980      1017.6484      1017.7944      1016.8518      1016.1977
      1016.4026      1016.6981      1017.3611      1018.1539      1018.7793
      1019.6116      1021.2198      1022.7935      1023.5459      1024.8452
      1026.4438      1027.4596      1028.2284      1027.3044      1024.2111
      1021.6404      1020.4213      1018.7366      1015.6373      1012.5204
      1010.2151      1008.5289      1006.7518      1005.5092
       981.8697       982.0580       981.2196       979.7781       979.3861
       979.8717       980.3506       979.2730       977.1870       976.4877
       978.3668       981.3077       983.4785       986.1747       989.4165
       991.4235       992.5161       993.7661       994.3530       994.4783
       994.5615       993.8732       992.5811       992.1394       992.6072
       992.5807       991.7905       992.3835       994.4639       995.5144
       994.6193       993.7127       993.4517       993.6591       993.2972
       993.3610       992.8270       991.4947       992.2055       994.0630
       993.7162       992.6631       990.8378       989.6299       990.0706
       989.7101       989.6057       989.2177       988.3763       987.2668
       987.3560       988.2617       988.2549       986.4545       983.7115
       982.2908       981.8961       980.7160       980.4546       982.2780
       983.9940       984.7104       985.9808       986.9362       985.4562
       983.1957       980.8006       977.9468       977.6798       978.9178
       981.4776       984.4832       987.2827       990.5842       993.6940
       996.1876       999.8104      1002.3090      1003.1211      1004.1789
      1006.3568      1010.1260      1013.3079      1016.2631      1019.1465
      1021.6660      1021.1950      1019.0133      1017.7293      1016.8316
      1016.4803      1016.3018      1015.4888      1014.7864      1014.8879
      1015.2864      1015.8685      1016.6973      1017.4451      1018.0960
      1019.1013      1020.9308      1022.8196      1024.1415      1025.6826
      1026.8855      1026.6639      1025.8130      1024.7225      1022.5177
      1021.7180      1020.9433      1018.9112      1015.9035      1012.6171
      1010.0405      1008.1070      1005.1213      1003.5229
       977.9803       978.1017       977.3021       976.8047       976.7957
       976.5650       977.5259       977.9349       976.9013       976.4337
       977.9760       980.5500       983.1596       984.8298       986.5717
       988.1232       989.8095       991.4463       991.4606       991.1697
       991.5613       992.8482       993.9142       994.8652       995.8534
       995.3411       993.2132       992.2220       992.4188       993.4694
       993.5147       992.7693       993.8897       994.1185       992.5569
       990.6746       989.5854       989.0419       990.7664       992.3116
       991.8122       990.9029       989.5302       988.3256       987.9360
       987.6678       987.7292       987.7250       986.6177       985.5025
       986.2136       987.9330       987.8529       985.3818       982.4370
       982.2420       982.4362       981.4086       981.4052       984.0107
       986.0620       986.3226       986.4423       985.9790       983.9474
       981.3604       979.0386       977.5668       976.6888       978.3433
       981.0355       983.2617       986.2975       988.4655       990.9332
       994.1971       997.2297       999.5543      1001.9514      1003.6765
      1005.8583      1009.2983      1013.3895      1016.6169      1019.2049
      1021.7589      1022.2667      1020.2139      1018.1695      1016.9797
      1015.6345      1014.1373      1012.6165      1012.2814      1013.0361
      1014.1401      1015.1144      1016.0144      1016.9193      1017.8177
      1018.7855      1020.3929      1021.9700      1023.4396      1024.9448
      1025.6227      1024.6528      1023.2135      1022.5310      1021.7473
      1020.5540      1019.8185      1017.7525      1014.1345      1010.2956
      1008.2935      1006.3278      1003.3134      1000.5279
       977.5120       976.6467       975.5431       975.4876       976.0792
       975.5817       975.8383       977.6818       977.9172       978.3170
       979.9536       981.0380       981.5641       981.5482       981.9746
       983.5988       986.1602       988.0106       988.1331       988.3641
       990.2410       992.8556       995.8821       997.9702       999.5505
       998.2912       995.1102       992.5696       991.1622       991.3513
       991.9457       992.4028       993.5567       993.4844       990.8815
       988.6636       987.7826       987.7053       989.0347       990.7296
       990.9164       989.9716       989.3270       989.0005       988.8141
       988.1015       986.5680       986.2299       985.1046       984.7739
       986.2213       987.9619       987.3870       985.1080       983.9869
       983.8101       984.1422       984.0011       984.6840       986.5882
       989.1893       990.0473       988.2507       985.2849       982.5480
       979.8945       978.4683       977.4614       976.7826       978.0939
       980.4493       982.9737       984.1823       985.8525       988.8456
       992.5295       996.0056       998.9224      1002.0162      1004.5611
      1006.6293      1009.8121      1013.5331      1016.0206      1018.2552
      1020.3277      1021.4673      1020.5040      1017.7631      1014.9024
      1012.6073      1010.5269      1009.6912      1010.0414      1011.1008
      1012.2229      1013.3894      1014.4891      1015.8445      1017.2770
      1018.4130      1019.5291      1020.5479      1021.1490      1021.8058
      1022.1487      1021.1157      1020.1743      1020.2678      1019.7621
      1018.4636      1017.3306      1015.0786      1010.6581      1007.3576
      1006.3201      1003.7205      1000.1501       996.7971
       979.5990       978.0969       976.8250       976.8016       977.1080
       977.1710       978.0305       979.7799       980.5292       980.7110
       981.7172       982.8932       981.5001       978.6357       977.9627
       980.4995       983.0463       984.3640       985.9759       987.1824
       989.0259       992.7059       996.6315       999.7662      1001.4831
      1000.6080       996.4155       993.2373       992.6406       992.1696
       992.0273       992.6202       994.0588       993.5142       991.3439
       990.4337       989.9388       988.9445       989.1143       990.4916
       990.5466       989.4249       988.5613       989.1441       989.8350
       988.7559       987.3904       986.2935       985.3077       985.3631
       987.0416       987.9353       986.9266       985.9431       986.2427
       986.5439       986.3983       987.3405       988.4650       990.3499
       993.3550       994.4958       991.2723       986.9669       983.2385
       980.3459       978.4956       977.6262       976.9875       977.3595
       979.2064       981.1269       981.6210       982.2662       985.8517
       990.1727       994.6359       998.7379      1001.5848      1003.7419
      1005.6779      1009.3801      1012.2578      1014.1448      1016.3399
      1018.7454      1020.1799      1018.2534      1013.5105      1009.7469
      1007.7856      1006.8008      1006.8970      1008.0967      1008.9654
      1009.5851      1010.4801      1012.0889      1014.2209      1016.2562
      1018.0223      1019.4084      1020.0051      1019.6107      1018.9545
      1018.0296      1016.7873      1016.0844      1016.4916      1016.9059
      1016.2312      1014.6804      1011.9375      1008.3505      1005.7161
      1004.0284      1001.2816       996.6517       992.9938
       981.8838       979.9567       979.4207       978.9896       978.8443
       979.6321       980.7836       982.1552       982.7695       982.2523
       982.1735       982.3655       980.1031       976.7363       976.0308
       978.8253       981.7485       982.9393       983.2687       984.7062
       987.4731       991.4651       995.4810       998.7200      1000.9326
      1000.6473       997.3437       993.6572       993.2303       994.1796
       993.3323       994.0966       995.0260       994.5763       994.1115
       994.2091       993.8436       993.1000       991.9280       991.9036
       991.4287       990.0837       989.5380       990.2152       991.3082
       991.0826       989.9037       988.4383       987.0933       986.8552
       987.9455       988.5527       987.3221       987.0294       987.9870
       988.5694       988.8770       990.2861       991.6605       993.6006
       997.0446       998.3743       994.9937       989.9709       986.5173
       982.9345       979.5804       977.7978       976.9280       976.7402
       977.9656       978.4760       979.0800       980.3752       983.0102
       988.6873       994.1450       998.1995      1001.3608      1003.0259
      1004.6336      1007.6819      1010.5933      1012.2331      1014.0505
      1016.7030      1017.5218      1013.9512      1008.2840      1005.1345
      1004.4000      1004.5335      1005.0938      1006.0816      1006.5911
      1006.6356      1007.2581      1009.3164      1012.1643      1015.0879
      1017.9267      1019.8604      1020.5565      1020.0367      1018.9452
      1017.7135      1016.2607      1015.1783      1015.0807      1015.2129
      1013.9366      1011.3215      1008.9131      1006.4814      1004.6028
      1002.0558       998.5581       994.3391       990.7519
       982.1051       980.6542       980.0315       980.4444       980.2969
       980.3235       981.0818       982.3130       982.8553       982.3965
       981.6698       980.6938       978.4538       975.6984       975.3348
       977.8836       980.8187       982.2427       981.5663       982.9462
       986.6437       989.8300       992.9938       995.8629       996.9333
       997.4919       995.9199       992.5065       991.9507       993.8737
       995.0106       996.1564       998.2648       998.6472       999.2485
       998.7061       998.2050       996.5873       995.0372       993.6565
       992.8854       992.0871       991.7687       992.7020       994.1558
       994.7877       993.7270       991.8870       990.7335       990.1156
       990.5735       990.5744       989.3355       988.4033       989.1028
       990.0052       991.2889       992.6835       994.9150       997.7082
      1000.6037      1000.7858       997.1203       992.6511       989.3928
       985.9700       981.6514       978.4951       977.2429       977.3145
       976.9977       977.2855       978.2611       979.6484       982.9739
       988.4779       995.0731       999.7543      1001.5560      1003.0614
      1005.5007      1007.9094      1010.1210      1011.0932      1012.2523
      1014.7327      1016.6115      1013.4764      1008.6775      1005.8294
      1005.1394      1004.8997      1005.1252      1004.9797      1004.3766
      1003.4285      1003.9656      1006.1272      1009.4222      1013.2320
      1016.7014      1019.6206      1021.0607      1021.2476      1020.8087
      1020.2983      1019.5989      1018.8751      1017.8896      1016.1577
      1012.8175      1008.5507      1005.1041      1003.7438      1002.4430
       999.0083       994.5830       991.4681       989.2346
       982.4429       980.7551       980.7387       981.6334       980.9230
       979.5353       980.7013       982.3997       982.3035       981.9163
       981.4233       980.2591       977.9875       976.2892       976.2252
       977.1307       979.2948       980.6686       981.2173       982.4636
       986.3558       989.4354       991.9194       992.7116       992.4218
       992.9750       992.0706       990.1664       990.2158       993.3117
       997.1945       999.8514      1002.2618      1003.2321      1004.2812
      1004.9159      1002.0782      1000.1776       998.3182       996.6938
       995.5826       994.2188       994.0298       995.9714       997.8592
       997.7432       996.7994       995.4719       993.5812       992.5754
       993.1882       993.6021       992.3561       991.5114       991.2706
       991.7078       993.1851       996.1720       998.8958      1001.9535
      1003.8587      1002.2035       998.1946       994.3781       990.8055
       986.6817       982.1766       977.9030       976.7692       976.7802
       976.3908       977.6743       978.8346       980.3882       984.4384
       989.8570       996.7145      1001.0022      1001.8040      1003.1638
      1005.7141      1007.6553      1008.7906      1009.3428      1010.0445
      1013.4060      1017.0635      1017.1294      1013.6624      1010.4496
      1008.1221      1006.6655      1005.8799      1004.7825      1002.5146
      1000.4893      1000.4749      1002.7111      1006.0685      1009.9028
      1014.1887      1017.7338      1020.3484      1022.2143      1022.0797
      1021.5439      1021.9878      1022.1778      1020.7697      1016.3341
      1011.2755      1005.7354      1000.9433       999.0017       996.4576
       992.1966       988.8470       987.3748       988.3139
       983.2673       982.0936       982.1079       982.2842       980.4315
       979.3958       981.5909       983.8463       982.8302       981.0464
       980.6865       979.7966       978.5643       977.1335       977.0026
       977.6878       978.3259       979.9607       981.3796       983.1793
       986.5753       990.0911       991.3235       990.7299       990.0654
       989.8600       989.3376       988.5178       989.2471       993.9533
       999.5834      1002.4445      1002.7861      1004.4232      1007.5541
      1008.9045      1005.5761      1002.9523      1001.8614       999.5496
       998.4146       997.5160       997.0270       999.0635      1000.8150
      1000.9440       998.6008       995.9509       994.2602       993.4147
       994.5027       995.3024       996.2616       995.6455       994.9156
       995.2368       996.2426       998.6835      1001.9301      1004.7756
      1005.7208      1003.8113      1000.4344       995.7940       991.2632
       986.7857       981.3763       977.2368       975.3488       974.1424
       974.7003       977.4492       978.8836       981.0373       985.4113
       991.2155       996.8915       999.6057      1000.4981      1001.8361
      1002.6106      1003.3069      1004.4984      1005.4911      1006.5074
      1008.9825      1014.6953      1018.2382      1016.8640      1014.2012
      1010.7162      1007.7490      1006.7169      1005.5219      1002.7025
       999.8137       998.7563       999.9465      1002.7736      1006.7529
      1010.9293      1014.2723      1017.0647      1019.4642      1020.9540
      1021.8051      1023.2103      1023.3013      1020.4327      1014.6160
      1008.9180      1003.4364       997.7679       993.4485       988.8060
       984.0992       982.4274       984.4060       986.2961
       983.7209       982.7115       981.8925       981.2252       980.3544
       980.3967       983.1011       985.4998       984.2280       981.3625
       979.3970       978.7720       977.6362       976.8765       976.8774
       978.2731       980.1869       981.8121       983.1639       984.9675
       988.0564       990.5936       991.1981       990.7803       989.6545
       988.4039       987.7986       987.6926       989.5662       993.9648
       998.3217       999.8265      1000.4703      1002.7217      1007.3169
      1009.7247      1007.5850      1003.9981      1002.0130      1000.6887
      1001.4213      1001.7350      1001.2787      1001.4050      1002.7397
      1002.2871       999.2416       996.2671       994.8692       994.3425
       994.5549       996.1673       997.4457       997.3985       997.2062
       998.5914       999.6551      1000.7512      1002.9377      1005.5431
      1007.0853      1005.6907      1002.5650       998.6079       993.5424
       988.6399       983.2200       978.7890       975.9422       973.0891
       972.5334       975.0912       977.6035       980.3574       984.9898
       991.1400       995.9420       997.0247       996.9274       997.7378
       997.5914       998.3839       999.8339      1001.4153      1002.1323
      1003.7181      1008.6202      1012.7194      1014.4551      1014.5286
      1012.1081      1009.7710      1009.0930      1008.4082      1006.0479
      1003.0137      1000.5304       999.9377      1001.6467      1005.1747
      1008.0980      1009.7688      1011.2856      1012.9343      1015.1689
      1018.7386      1021.9836      1023.1091      1019.7208      1013.2045
      1007.0139      1001.9561       997.3814       991.1520       984.6077
       979.7786       979.4391       981.6833       983.3637
       983.6177       983.1133       982.2190       981.7256       981.9579
       982.3544       984.3954       986.1160       985.3309       981.8229
       978.7073       976.9503       976.2770       975.5908       976.9199
       979.5261       982.2090       984.3924       985.3115       987.1981
       989.9470       991.6232       991.9398       991.5408       989.7902
       987.5873       985.6732       986.3635       989.9353       993.8234
       994.9097       995.3884       997.4905      1000.8779      1005.2220
      1008.7432      1008.7622      1005.1253      1001.5472      1001.9055
      1004.9572      1005.4532      1003.4469      1003.1192      1002.9475
      1001.3368       998.8558       997.4033       996.0297       994.8376
       994.3298       994.8351       995.9396       996.0971       997.1810
      1000.2237      1002.3369      1003.2014      1003.8576      1005.7222
      1007.0195      1006.2851      1004.0084      1000.4256       996.6859
       992.7047       987.9631       982.5401       977.9078       974.1784
       972.6099       973.6227       975.7740       978.8656       983.8461
       990.2774       995.2932       996.0844       995.4144       995.3586
       995.2568       997.0447       998.8532       999.2091       999.1805
      1000.4052      1002.6919      1005.6068      1008.4708      1010.4948
      1011.3215      1011.3019      1010.8627      1010.2754      1009.1768
      1006.8369      1004.7631      1003.3237      1004.6678      1006.6271
      1007.5338      1007.3836      1007.2541      1007.7655      1009.7288
      1013.2217      1017.2375      1020.0690      1018.2271      1012.5723
      1006.2473      1001.8376       997.2726       991.8276       984.8102
       979.7835       978.5648       980.6323       982.6820
       984.3613       983.2431       983.2105       984.2112       984.7426
       984.4801       985.3609       986.3931       985.2268       982.2392
       978.7579       976.9502       975.8733       975.8749       978.0895
       981.3875       983.7457       985.1643       986.7499       988.9859
       991.1490       992.7352       992.7279       991.1080       989.0532
       986.3440       984.8757       985.8694       989.6873       992.6516
       993.6384       994.2487       996.2442       999.7945      1003.8900
      1007.0485      1008.3652      1006.5228      1004.0015      1005.2478
      1007.1690      1005.9192      1003.4830      1002.7106      1001.3647
       999.1758       998.2135       997.7087       996.2322       994.4478
       992.8546       992.3717       993.4514       994.6556       996.6862
      1000.1041      1003.2967      1003.8268      1004.6545      1006.1821
      1007.2371      1006.8758      1005.1027      1002.2004       999.4241
       996.9351       992.6714       987.1068       981.1873       976.1989
       973.6929       974.3295       976.1505       979.3193       984.6568
       990.8584       995.2108       996.8301       997.1061       996.5831
       997.4791       998.6826       999.2535       998.4722       998.3754
       998.7431       999.2599      1000.2253      1003.1514      1005.5951
      1006.9810      1007.9912      1007.5768      1007.5399      1007.4576
      1006.9113      1005.5645      1005.3333      1006.0680      1007.9726
      1008.5012      1008.0152      1007.8821      1008.1122      1008.6349
      1010.2084      1012.8608      1015.3387      1015.5417      1011.6245
      1006.2064      1001.5751       997.4349       991.7932       986.0753
       981.2193       979.0530       980.5441       983.2607
       985.9380       983.9955       984.2624       986.2119       986.6387
       986.4955       986.4868       986.4267       985.8568       982.8035
       978.7342       977.1973       976.9289       977.6334       980.2696
       983.1179       984.4086       985.3091       986.3110       988.4836
       991.4747       992.5867       992.4962       990.0783       987.6395
       986.3604       985.0074       986.2768       990.0677       991.8954
       992.2955       993.3563       996.0862      1000.2876      1004.1351
      1006.2979      1006.7014      1005.9288      1006.0693      1008.2825
      1007.9321      1004.8403      1003.1902      1002.4517       999.6968
       996.9501       996.5189       995.9770       994.8170       993.0239
       991.6724       991.6709       992.3484       994.7368       997.3231
      1000.4526      1002.2429      1002.9616      1004.0991      1005.8120
      1007.4063      1007.8498      1007.1354      1005.0928      1003.2684
      1000.7950       996.7001       991.0373       984.8668       979.5188
       977.0391       977.2679       978.6528       981.7165       987.2271
       992.4236       994.9752       996.8898       998.0866       998.6540
       999.4838       999.4697       998.1371       997.8303       997.4744
       996.9860       996.3079       997.3040       999.2030      1000.0551
      1001.4330      1002.2962      1002.1060      1001.9915      1001.2914
       999.8345       999.4183       999.2272      1001.0314      1003.8719
      1005.6840      1007.0839      1008.2744      1008.5482      1008.6274
      1008.6202      1009.3887      1010.7638      1011.0167      1008.9684
      1003.9172       998.5247       994.4432       990.3151       985.9205
       982.5495       980.8318       982.3296       984.8693
       987.5136       986.7122       986.7487       987.6401       988.6760
       989.2030       988.0200       986.6389       985.6797       982.5696
       978.3302       976.9373       977.3730       978.3723       981.0294
       982.3620       982.8287       983.6049       985.3993       987.2109
       989.5084       991.7539       991.2238       988.9037       987.4144
       987.5239       986.7764       987.5163       990.8541       992.6327
       991.9719       992.4183       995.2700      1000.4470      1005.4453
      1006.5029      1005.8833      1004.9594      1006.3676      1008.3334
      1007.2888      1004.8501      1003.8805      1002.3247       999.1047
       995.9233       994.3602       993.9518       993.0122       991.4692
       990.0023       989.7468       991.8301       994.8466       998.1834
      1000.9822      1002.6956      1003.8447      1004.8181      1005.3190
      1007.0581      1009.0266      1008.4016      1007.1804      1005.5958
      1002.9528       999.0037       993.7787       988.2656       984.3787
       982.1757       981.0685       981.6972       983.9387       988.5405
       992.4800       994.2572       995.7166       997.6237       998.9476
       999.1665       998.0291       996.2398       995.4829       995.5845
       994.6733       994.1809       994.7294       995.0983       995.6741
       997.0740       997.5689       996.3483       994.7054       992.4806
       990.4569       990.3753       991.3051       992.8987       996.1022
       999.0637      1001.6130      1003.2424      1003.7142      1004.7582
      1005.4598      1005.2903      1005.1348      1005.4938      1004.3548
       999.5685       993.5723       990.7007       988.6102       985.9116
       983.8917       984.0710       985.7974       988.5250
       988.4880       988.5399       988.6990       988.7766       989.7679
       990.8409       989.8096       987.4954       985.1644       981.1964
       977.7386       976.5773       976.1987       977.1375       978.5734
       979.4044       979.0783       980.9937       985.0242       986.8048
       987.9012       990.2599       990.5701       989.3470       988.8419
       989.2753       989.0887       990.1725       992.0488       993.0755
       993.6642       994.4212       996.1842      1000.5800      1005.0333
      1006.8773      1006.2973      1005.9707      1006.3490      1007.1221
      1007.1165      1005.9315      1005.3956      1004.0323      1000.5866
       997.3099       994.8856       993.0477       992.4857       990.0748
       987.4634       987.2910       989.7206       992.9321       996.0790
       999.5925      1003.2037      1005.8626      1006.6488      1006.7424
      1008.1407      1008.5046      1007.9589      1006.7772      1004.6561
      1002.3340       998.7582       993.9929       989.8219       986.9839
       984.6729       984.3118       984.7685       986.0241       989.2590
       992.6088       993.8979       994.8515       996.8023       997.5293
       997.0345       995.6708       993.8657       992.4884       991.6876
       991.7328       991.3846       990.8562       991.1794       992.3996
       993.4061       992.1919       988.9133       985.9284       982.8701
       981.8204       983.7687       985.9531       987.3387       989.1180
       991.5117       994.6341       996.5972       996.7326       998.6850
      1001.2511      1001.0201      1001.0427      1001.6057      1000.1818
       996.1403       991.7522       989.0161       987.8975       986.7293
       986.1262       987.0166       989.0598       991.2993
       990.8930       990.7246       989.7292       989.1839       989.0586
       989.0457       989.0664       987.6803       984.4031       980.1127
       977.9009       976.0043       974.7088       974.7849       975.2840
       975.8345       976.9081       980.0792       984.1698       987.3895
       989.0446       990.2078       991.0361       990.3265       990.8674
       990.5319       990.6752       992.1571       993.4594       993.6462
       995.3350       998.0002       999.8742      1002.5057      1004.6368
      1005.9944      1006.4297      1005.6622      1005.6732      1006.5336
      1007.0586      1007.8094      1008.3546      1007.5844      1004.9962
      1000.7543       996.2549       993.5171       991.7784       989.4478
       987.4022       987.1920       988.6390       990.5054       992.2475
       996.7085      1002.9906      1007.2051      1008.5522      1008.7427
      1008.7530      1008.3673      1006.5040      1004.1191      1001.8728
      1000.0832       996.9045       992.2682       989.0463       986.7779
       986.3818       986.7946       988.0995       989.1911       991.1000
       993.4066       994.6097       995.4945       996.0516       995.4081
       994.3369       992.7054       990.8387       988.4335       987.2977
       986.1058       985.5552       985.1689       986.3746       987.9841
       988.0220       986.1156       983.1606       980.4502       977.1476
       975.9373       978.3892       980.7789       982.8096       984.1302
       985.5769       988.5793       990.3479       990.7891       992.6592
       995.6495       998.3068       999.9727       999.8992       997.2144
       992.5352       989.2220       987.4704       986.8514       987.4175
       988.0494       988.6528       989.2742       991.1268
       997.3214       995.3522       992.4756       990.0728       988.4702
       987.2000       986.7479       986.0655       984.3241       981.4581
       978.8651       976.4327       973.2850       972.7280       973.3334
       974.7367       976.9487       979.5432       983.5844       987.2111
       990.0203       991.4944       991.1212       991.3938       991.8060
       992.4333       992.8980       993.8807       994.3748       994.8673
       996.7500      1000.1347      1003.1062      1004.4369      1005.2507
      1005.0330      1004.8402      1004.0262      1003.9703      1005.2025
      1006.2757      1008.3329      1009.8640      1009.6807      1007.3181
      1003.3229       998.1369       993.8746       991.4613       990.1594
       989.3087       988.7513       989.3131       989.5471       989.8641
       993.9835      1001.4674      1007.6711      1009.8727      1009.4713
      1008.8087      1007.9290      1005.2963      1001.3657       999.5439
       998.5536       994.8657       991.6069       989.0001       986.9780
       986.4857       987.9150       990.8777       992.6322       992.7183
       993.8751       995.2862       996.4473       995.5086       992.9629
       990.8865       989.4311       986.3050       983.1071       980.7181
       979.2617       977.7948       978.4725       980.2187       982.0063
       982.2310       981.8718       981.8666       980.5867       977.7864
       975.6973       976.0035       977.2464       978.8452       980.7986
       982.1014       983.8725       985.6129       986.5356       987.6598
       990.7716       995.5648       999.3428       998.3380       993.4443
       988.1269       984.0681       983.9516       985.5109       986.7965
       987.9601       986.8998       987.3296       988.6627
      1003.4399       999.4276       994.7902       991.2291       988.3920
       986.7261       986.0820       986.5552       985.8374       984.0097
       981.1003       977.0032       974.1943       972.2243       973.1241
       975.5266       977.5476       980.0165       982.1098       986.0026
       989.2104       990.6812       991.1364       992.1191       993.4327
       994.0826       994.1989       994.3104       994.7155       995.8384
       997.9022      1000.3737      1002.0089      1003.7081      1004.5471
      1004.5136      1003.9566      1002.8245      1002.8654      1004.0338
      1005.6380      1007.7780      1009.2502      1009.5266      1008.2131
      1004.4702       998.8608       994.4111       991.7776       990.6996
       990.6606       990.2094       989.2707       989.5814       990.0301
       992.7634       999.8266      1006.5206      1009.3377      1009.4276
      1008.8154      1007.3461      1003.9697       999.9368       997.8450
       996.4247       993.9340       991.8285       990.0457       988.0918
       986.5315       987.8402       991.1224       992.8322       992.5122
       992.6613       994.5397       995.3297       993.2758       989.6984
       986.4391       984.2190       980.7851       976.7673       974.0395
       972.0349       971.7695       972.1808       974.4739       976.5466
       977.4910       979.1574       980.8083       980.7708       979.2103
       977.8770       978.0508       978.4261       979.1743       979.5947
       980.0808       981.8521       983.6199       984.4313       985.4707
       987.9681       992.3000       996.1988       994.9548       989.1948
       983.5056       980.2439       980.4998       982.7953       984.6260
       984.1132       983.1960       982.8129       984.3372
      1005.0506      1001.0948       995.5718       991.4310       987.9062
       987.1624       988.3190       988.8411       988.3990       986.1060
       982.5146       979.4451       976.8221       974.7557       974.7039
       976.0795       977.3520       978.7782       980.7924       983.8679
       987.2399       988.4685       990.7348       993.4020       994.2841
       993.5456       992.9744       992.7307       993.7692       995.5045
       997.6389       998.8438       999.6359      1001.2834      1002.2114
      1003.4932      1003.5395      1002.4574      1002.8141      1004.5771
      1005.9313      1006.9135      1007.5984      1007.6614      1007.3516
      1004.6835      1000.1973       995.5977       992.1901       990.3662
       990.4133       989.7556       988.7113       989.5843       991.0485
       995.0625      1001.3532      1005.5682      1007.3053      1008.6588
      1009.0123      1006.8090      1003.3741       999.7187       996.3123
       993.5994       992.1669       991.4670       990.4692       988.8278
       987.0721       987.0587       988.8502       989.7879       989.4399
       989.7278       991.4067       992.2825       990.0784       985.7926
       981.7338       977.6783       974.0328       971.2521       968.5491
       967.1407       966.8674       967.5191       970.2154       972.6074
       973.5494       974.6453       976.0479       978.3560       979.9717
       980.8748       981.6537       980.9915       980.7327       980.0928
       979.0524       979.5167       981.5245       983.8925       984.9142
       985.3008       987.4617       990.0273       988.8568       984.6924
       980.5416       978.1245       977.3074       978.3909       979.2942
       979.0548       978.2839       978.2643       978.2690
      1004.8321      1000.7734       996.0422       991.6175       988.6995
       988.2298       990.2908       991.6287       990.4104       987.1490
       983.8168       981.6719       979.8953       978.1035       977.7523
       976.9825       976.0438       976.0197       978.3436       981.9247
       985.0608       987.3424       990.0286       993.6756       994.2761
       992.7463       991.4786       992.1008       993.3781       994.9618
       995.7926       996.5356       997.2682       999.6370      1002.0029
      1002.8281      1002.9158      1001.6514      1002.2002      1004.3841
      1005.9164      1005.5286      1004.4684      1004.1610      1004.8010
      1004.1606      1001.2697       997.5140       993.7473       991.7446
       991.3759       990.6897       990.6798       991.2854       992.8992
       997.2255      1002.4110      1004.4139      1005.5143      1007.9376
      1007.9482      1005.7817      1003.1288      1000.1849       995.6203
       992.0107       990.6421       989.5619       988.6301       987.5155
       986.1285       985.7779       986.2368       986.1720       986.1020
       986.5667       987.4390       987.8403       986.3718       982.8179
       977.1989       972.2823       969.2942       967.3424       965.7297
       964.5069       964.3398       965.8057       967.4818       970.1567
       971.5331       971.9066       973.4617       976.3500       979.9316
       982.7900       982.7927       981.1406       979.8066       978.4180
       976.4265       975.5240       978.5138       982.7568       983.5225
       982.2278       982.1047       982.3636       981.6483       979.7150
       977.6512       975.4628       973.4411       972.9837       973.7179
       974.2676       974.6770       974.9648       975.3865
      1003.1453      1000.0861       996.0428       992.2468       989.1049
       988.8717       990.3658       991.9264       991.3911       987.8038
       985.1625       983.5360       981.1161       979.7076       979.3420
       978.1362       975.1927       973.8874       976.1531       980.1833
       983.8930       986.7671       989.4745       992.4885       993.6528
       992.3695       991.5855       991.9799       993.5013       994.2870
       994.3384       994.0059       994.9845       997.8832      1001.8996
      1003.1745      1002.1694      1001.2365      1000.7487      1001.7333
      1004.0660      1003.5569      1001.7237      1001.8292      1002.7968
      1002.5584      1001.5291       999.9166       997.8431       995.8807
       994.3514       993.3804       993.4607       994.1253       995.3831
       998.4352      1001.4364      1003.0052      1005.0011      1006.8222
      1006.5381      1004.0767      1002.7420      1001.3599       996.9407
       993.7252       991.0798       988.7592       987.4533       985.5286
       984.3198       984.3726       984.7169       984.7586       984.9982
       985.4008       984.9955       983.5250       981.8976       978.9943
       974.4760       969.9123       966.9417       966.2605       965.9016
       965.1627       965.2287       965.3640       967.1271       969.6672
       971.8975       973.8772       975.7038       976.2728       977.2243
       979.0682       979.6283       979.1103       976.9797       974.4622
       972.1304       971.6638       975.8445       980.7336       981.1996
       978.6666       976.8069       976.2460       975.4841       974.9754
       973.5909       971.7542       970.1277       968.9072       970.0142
       972.3827       972.8727       973.6309       974.8309
      1001.0593       998.7505       995.2821       991.6851       989.4991
       988.6968       988.9565       990.6163       990.8290       988.4254
       985.9978       984.1007       982.0596       980.0682       979.0643
       976.9393       973.4554       972.5429       974.7203       978.1299
       981.9880       986.4019       989.3481       990.8569       991.8762
       991.6598       991.0252       990.9584       991.7128       992.5620
       991.3288       991.2429       993.6243       996.4882       998.7480
      1001.3915      1001.9283      1000.7787       999.9589      1000.1848
      1001.8533      1001.4630      1000.7714      1002.1467      1003.0062
      1002.3576      1002.0956      1002.5032      1001.5395       999.5079
       997.2685       994.8577       994.2773       994.9443       996.3929
       998.4729      1000.2854      1002.3840      1003.6689      1005.7104
      1005.7771      1003.9703      1004.1048      1004.1703      1001.6767
       997.6373       994.0116       991.9123       990.3239       986.8190
       984.1072       983.8961       984.3329       985.0485       986.2073
       987.1923       985.8079       982.9919       979.6641       976.4270
       973.3813       969.2311       967.0328       967.4063       967.5256
       967.9271       967.7784       966.7393       967.7283       970.1721
       973.2097       976.9506       978.7328       976.2354       973.9266
       973.2585       974.4146       975.8181       975.5195       973.1389
       970.1154       970.2283       973.6701       977.0417       976.3286
       973.1472       971.3000       970.3494       971.1190       970.9716
       969.4050       968.0628       967.8444       967.5848       968.5871
       971.3441       973.3948       973.4393       974.0248
      1000.7419       998.3557       994.2828       991.6824       990.1407
       989.3813       988.4679       988.7711       990.5427       989.2686
       986.4707       984.7421       982.9573       980.9259       979.1913
       975.2955       971.7280       970.8721       972.7832       976.0046
       980.1603       985.2060       988.1900       989.1040       989.7952
       989.9003       989.1722       988.9952       990.0737       990.9833
       990.1478       989.0444       991.2736       993.2762       995.3560
       998.6379      1000.9007      1001.6730      1000.5318      1000.5198
      1001.4249      1001.4084      1001.9650      1004.1776      1004.7966
      1004.5974      1003.9166      1003.9085      1003.4603      1002.3318
       999.2484       995.3955       993.0730       992.8721       994.7596
       996.5273       998.4432       999.3257      1001.1147      1004.0149
      1007.2941      1008.1460      1008.5255      1008.7008      1005.9731
      1001.2963       997.8163       996.3744       994.4260       991.2485
       986.9494       983.8951       982.7845       984.2053       986.9175
       988.2231       988.2853       987.3563       983.9763       979.6606
       976.2580       973.1949       970.2258       969.9890       970.6051
       970.4950       969.7794       969.0492       969.6398       972.1947
       975.7143       979.2940       979.6905       976.1747       972.1144
       970.2033       970.4057       972.8368       974.5015       973.0574
       971.2037       971.3640       972.6445       972.3352       970.8346
       969.2191       967.8134       968.3715       969.4628       968.7539
       966.5602       965.0832       965.9288       967.4762       969.3536
       972.8405       974.3450       974.1127       972.7769
      1003.0981       999.7345       995.7709       993.2372       991.5418
       990.4239       988.3616       987.3181       989.1569       990.0264
       988.4489       986.3221       983.8323       982.2281       979.1581
       974.6835       970.4276       969.3435       971.9131       975.0300
       978.9527       982.5504       985.1907       986.7120       987.7159
       988.3679       988.5865       988.8946       990.1620       991.3141
       990.0032       988.2520       988.5040       990.5151       993.4571
       996.4731       999.8075      1001.4265      1000.6912      1000.6147
      1002.4282      1002.9244      1004.1173      1005.8066      1008.2386
      1009.3329      1008.4514      1006.4264      1006.5798      1005.5392
      1001.7932       996.6420       992.1069       990.7494       991.9711
       993.4107       993.9220       995.0112       997.3547      1001.3113
      1006.2690      1010.7957      1013.5768      1012.4078      1008.1757
      1002.9217       998.6980       996.4877       995.9059       994.0014
       989.9519       984.9834       982.2375       982.9061       984.9005
       986.6935       989.2966       990.6577       989.4186       986.1069
       982.4467       977.7391       974.7896       972.8835       972.7999
       972.1439       970.2202       969.0898       970.3293       973.8572
       977.4030       979.6298       978.2722       974.3781       971.0992
       969.3032       968.8497       970.2283       971.6773       971.5629
       971.3542       971.4489       971.7249       969.8892       969.4814
       970.3194       970.9390       971.7246       971.9778       970.6063
       967.3497       965.3454       966.2866       968.1702       972.1473
       975.7275       976.2520       974.3074       970.8867
      1005.1246      1001.6540       998.6969       994.7275       990.6864
       988.1005       986.4617       985.8415       987.3177       989.4009
       989.5555       987.1375       984.7766       982.2950       978.2531
       973.3238       969.4735       968.8539       972.5117       977.0085
       979.0103       981.0557       982.9540       984.7171       986.4320
       987.9178       989.6765       990.2955       990.9432       991.5095
       989.7057       987.8911       988.3478       990.6233       992.6008
       994.5327       996.8471       998.7347       999.1558      1000.1052
      1002.1878      1003.9173      1005.6151      1007.4343      1010.3841
      1014.2978      1014.0729      1011.8286      1010.3365      1008.5165
      1004.4910       998.5535       993.9944       991.9081       990.7697
       989.8483       989.5743       990.7374       992.9341       996.5870
      1001.5004      1009.0253      1014.2321      1013.6505      1009.0513
      1002.6870       996.5124       994.1252       994.3279       994.0752
       991.6521       987.1903       984.6317       983.8751       984.7302
       986.7960       989.0267       990.6520       989.8987       987.5910
       983.0386       978.0944       976.1628       975.5505       974.8759
       973.6071       970.9038       970.1287       971.4702       973.4722
       975.2378       975.7027       974.4521       972.1948       968.8384
       967.5404       967.7150       967.7686       968.3936       969.6313
       969.9847       970.5532       970.7582       970.5864       971.1912
       973.1462       974.8971       976.1892       976.5565       975.1296
       971.1735       968.4293       969.2833       971.7767       974.6851
       977.5922       976.5568       972.9468       969.6635
      1003.7492      1001.2888       999.0884       994.2288       988.1199
       983.5912       982.7604       983.5151       985.4909       987.4355
       987.4464       986.6434       985.0950       981.9960       977.1416
       972.3575       970.0543       970.7462       974.5052       979.1901
       981.7416       982.7878       983.6400       984.5284       986.2373
       988.2579       989.7875       990.3193       991.7050       991.6220
       989.2660       987.7629       988.9438       991.1917       992.3008
       992.5963       994.0476       995.4770       996.7360       998.5594
      1001.6112      1004.8303      1006.1534      1006.7740      1009.5995
      1014.0931      1016.6149      1015.5642      1012.9896      1009.2882
      1005.1310      1000.3270       995.5542       993.1382       991.5002
       989.8300       989.4822       989.6279       990.9988       992.7242
       997.0306      1005.9669      1012.3598      1012.6772      1008.6200
      1001.4567       994.4102       990.6653       992.1689       993.6327
       992.4357       989.3541       987.0505       987.4539       988.4435
       990.0488       990.9599       991.0916       989.7756       986.9194
       982.3551       977.8319       977.3044       978.0833       976.9312
       975.4565       974.5619       974.6867       974.6227       973.1387
       971.6956       970.5215       970.3354       968.8273       964.6251
       962.7684       963.4605       964.4678       965.8989       966.9329
       967.8826       968.9919       970.3380       971.5317       972.9262
       975.1865       977.7629       979.8369       980.8443       979.9738
       976.8242       973.5685       973.2807       974.7978       977.2045
       978.7629       977.4248       973.7073       971.4816
      1000.1908       999.5394       996.7327       992.3544       986.2665
       981.1978       979.6794       981.3748       982.9803       984.6516
       985.2011       984.8140       983.9952       981.5826       976.5873
       972.7264       971.9532       973.4427       977.2460       981.9780
       985.7919       987.1186       986.4318       987.4949       988.8140
       989.8636       990.0552       991.3718       991.8212       991.3956
       989.6400       988.4044       989.6442       991.4626       991.9919
       992.5340       993.5096       994.2816       995.5914       998.4124
      1001.3171      1004.3138      1004.7601      1004.2412      1005.9991
      1010.4828      1014.0671      1014.7160      1012.4708      1009.0200
      1005.0184      1000.6428       996.0991       993.9943       992.5305
       991.9357       991.4915       990.7391       990.1298       990.0056
       994.5487      1003.4851      1010.5557      1011.3657      1006.8962
       999.9492       991.8456       987.8341       990.5713       994.6636
       995.3290       992.4742       989.4080       989.6399       992.5189
       994.8024       994.5482       993.5303       993.5236       990.7551
       985.5571       982.1436       981.0996       981.6556       979.7551
       978.2228       978.2974       977.7382       976.4804       975.0048
       972.3743       969.9451       967.4417       963.8758       960.5166
       958.2923       958.5881       960.6680       961.9901       963.4778
       965.7281       968.5001       971.1730       973.1595       975.9622
       979.3503       981.9344       983.0972       984.3973       983.6877
       981.1002       978.7938       977.2543       977.9444       980.0549
       981.1501       980.7236       978.3126       975.7337
       997.4235       997.1341       995.4807       991.8110       986.8560
       982.4316       980.9111       981.1406       982.7905       983.8579
       983.4729       983.2247       982.1765       980.1520       978.1894
       975.9530       974.8884       976.1780       979.9175       986.3509
       991.4325       992.6880       992.5967       992.1729       992.4615
       992.6473       993.2754       993.0912       992.0310       991.6617
       991.2966       990.5269       991.1844       991.8282       991.9654
       993.3613       994.2155       994.3137       995.6075       998.1979
      1000.3791      1001.7747      1001.8019      1000.0252      1000.5908
      1004.6443      1010.0099      1012.4540      1010.7689      1007.1206
      1004.4138      1000.7928       996.5905       994.0174       993.0753
       992.0554       991.4848       989.6852       986.9166       986.0972
       991.0804      1000.6595      1008.6497      1009.5174      1005.1382
       998.8557       991.6756       987.5283       989.6478       995.8945
       998.7535       997.7667       992.5743       990.4607       994.3599
       998.5356       997.9278       996.6024       997.5997       996.0546
       991.8892       988.0845       985.9623       985.3962       983.5218
       980.9092       979.2100       976.9808       976.5687       977.8005
       976.8080       973.1899       967.8876       962.1586       958.2805
       956.8163       957.5749       958.7311       960.2032       962.1885
       965.1787       970.4470       974.1719       977.1329       980.4764
       983.6414       985.4006       985.5835       985.8602       985.4410
       983.3364       981.6562       980.4975       981.0520       982.8977
       983.8309       983.8585       981.9431       979.4829
       996.4334       997.0394       996.4536       993.7515       990.4404
       986.8303       984.2394       984.3461       985.4367       984.3862
       983.1900       982.4276       980.7950       980.4101       980.9055
       980.5807       980.0041       980.1166       984.1499       991.1657
       996.8965       998.8905       998.8635       996.3812       995.0640
       994.9930       994.5952       993.5167       992.6678       993.2031
       993.7431       993.0829       993.0400       993.1215       992.0813
       993.1185       994.0013       993.7068       994.9512       996.2985
       997.0031       997.8275       997.7733       996.0032       995.1622
       999.8751      1007.0431      1010.1268      1007.8179      1004.0317
      1001.9774      1000.0127       996.1638       993.6332       991.9703
       990.6450       989.4182       987.6902       985.4062       984.5803
       988.3203       997.4702      1005.1297      1007.4391      1004.4744
       999.0692       993.2743       989.3615       990.5580       995.1247
      1000.0561      1000.2905       995.9468       991.3783       994.4973
       999.7705       998.6839       996.0353       996.7179       996.1682
       993.6497       990.3218       988.2455       986.2614       984.2872
       981.3697       978.2489       976.5015       976.4831       978.2263
       980.5064       977.8060       971.3738       964.3270       959.2570
       958.5785       959.8554       961.2078       963.0604       964.2467
       967.5261       972.9205       977.8611       981.1992       983.6337
       985.3981       986.5856       987.8745       988.2141       987.4474
       985.7001       984.2423       983.0565       983.4924       985.2673
       986.0582       986.7043       985.7601       983.8840
       996.9318       998.2854       998.6660       997.1224       994.8125
       990.6680       986.5689       985.8127       985.5726       983.9484
       983.2089       982.2676       981.2604       981.1050       982.3932
       983.3700       983.6475       985.2363       989.9086       996.5105
      1001.3748      1003.2825      1001.3260       999.4233       997.5977
       996.8044       995.3290       993.3958       993.3057       994.5323
       994.9871       994.3787       995.0147       993.7397       992.3397
       992.4553       992.8923       992.5482       992.3063       992.5925
       993.1881       993.2906       992.6588       991.5231       991.8558
       995.6054      1001.7235      1004.4002      1002.2455       999.5828
       998.1409       997.9880       995.8857       992.5966       990.0364
       988.1254       987.1974       986.5419       985.8903       986.8120
       990.5750       995.7867      1001.0010      1003.5402      1002.9450
       998.3289       993.1418       991.4200       992.8187       996.2454
       997.7821       997.9678       995.3453       991.7072       993.4550
       996.8892       994.6151       991.4180       990.4006       990.7803
       990.3665       988.5419       986.5566       985.6351       985.2819
       983.9196       981.1832       979.0747       979.2755       981.0509
       983.2181       983.2489       978.0833       970.0580       964.9405
       964.0307       964.3356       965.5920       967.9610       969.2382
       971.9193       976.6570       980.9440       983.6243       985.7025
       987.3410       988.5920       990.2474       991.7648       991.5413
       989.6030       988.0995       987.4014       987.0674       987.2673
       988.2884       989.4645       989.5659       988.6619
       998.0157       999.7217       999.9108      1000.0496       998.3838
       993.6806       988.7164       985.7013       984.3275       983.6654
       983.4687       982.9828       981.6836       981.3860       983.6482
       985.2340       986.2924       989.0712       994.7904      1001.3334
      1005.4457      1005.8784      1004.0502      1002.0212      1001.0103
       999.8068       997.9598       995.6705       995.1608       996.0589
       995.6714       995.6376       994.9702       993.4589       992.6993
       991.7324       990.4291       988.7510       987.9008       988.7176
       989.6396       989.2528       986.9224       985.3140       986.5046
       989.3154       992.4948       996.1762       996.8298       995.4843
       995.2473       995.8475       995.5854       992.0312       987.6986
       984.4377       983.8339       984.3135       984.7752       987.9271
       992.6646       996.4296       998.4653       999.6971       999.7324
       996.5853       992.9885       992.2791       995.0195       997.1107
       997.3428       996.0017       993.5965       993.0561       994.8084
       994.9854       991.7657       989.8389       989.2856       988.4984
       985.5095       983.8314       983.3027       984.6553       987.7000
       988.8243       986.8807       984.8060       984.3749       986.0182
       988.1088       989.1031       985.9653       979.8477       974.7977
       972.2637       971.0604       971.7227       973.3235       975.1915
       977.2137       980.6685       983.5857       985.2531       987.3556
       989.0949       990.3138       991.8696       994.1216       994.4091
       992.8512       991.7523       991.7712       991.6882       991.3110
       991.2130       991.8206       991.7797       991.6745
       999.2757       999.5365      1000.4337      1000.3198       999.5789
       996.8605       992.1494       989.2208       987.2599       987.5027
       987.1835       985.6222       983.9009       984.0727       986.2635
       988.3464       990.0920       992.4205       996.8160      1003.5165
      1007.2239      1007.0686      1005.9354      1005.3900      1004.3051
      1002.8521      1000.4020       997.5325       996.7083       997.0933
       996.5238       995.0433       993.4962       992.2869       991.2617
       989.8535       987.7300       986.4365       985.7802       986.7261
       987.6233       986.4972       983.5135       981.0288       980.8076
       981.7377       984.4226       989.9465       993.3888       993.5320
       993.0756       994.0542       995.2766       992.4492       986.6016
       982.1555       980.8453       981.1884       982.4095       987.0085
       994.2261       998.0277       997.3981       997.9276       998.2362
       997.5399       996.9825       996.1243       997.1041       998.0850
       998.4042       997.5172       997.0110       996.6270       998.0389
       997.0803       994.2485       992.8002       994.0453       990.2144
       984.6053       981.0509       981.2816       984.0186       987.1251
       989.7328       989.6572       988.2485       988.6203       990.1997
       992.4901       993.4886       992.5441       988.1223       983.5696
       981.4491       979.2135       979.0438       979.5217       980.0837
       982.4323       984.4972       985.4993       985.8598       987.0251
       989.1474       990.1068       992.5705       996.1859       997.1642
       995.5914       994.5118       993.9846       995.6066       996.0164
       994.7778       993.7365       993.4136       992.4983
       999.6765       999.4818      1000.3739       999.9890       999.1092
       998.7723       997.9587       994.6811       992.8723       993.8918
       993.9833       991.0422       988.2836       987.7435       988.4045
       991.0214       992.4481       992.7507       996.4247      1001.7468
      1004.4009      1004.4467      1004.8973      1004.9321      1004.1187
      1001.8068       998.4532       995.4860       993.9820       993.6920
       992.7216       990.4091       988.9949       988.5424       987.8920
       986.4160       986.4023       986.8375       987.1055       986.8751
       986.6171       986.1526       983.9616       980.3459       978.3528
       977.3346       979.5210       984.6812       989.1561       990.2472
       989.9742       991.1559       992.7860       991.6769       987.2336
       983.1273       980.8972       980.5551       982.4528       988.5229
       996.8329       999.8647       998.6799       997.8194       998.6434
      1000.7135      1001.6050      1001.0186       999.0653       998.3773
       997.0287       997.1935       998.5406       999.7042       999.6609
       997.9848       994.9447       995.3669       994.2762       990.7089
       985.6516       982.0356       981.7602       983.7225       985.5548
       987.8380       989.3084       989.5569       989.5719       991.0258
       993.7307       995.1118       994.8354       992.6007       989.9753
       987.8557       987.0681       985.7224       984.5602       983.5146
       984.8770       986.7420       986.3536       985.1084       985.6567
       986.6639       988.5873       993.1386       998.1400       999.8950
       998.7670       996.7530       996.6968       997.5170       997.8604
       996.6570       994.5433       993.0043       991.9937
      1001.6208      1002.4635      1001.9913      1000.7599      1000.5439
      1002.1168      1001.9862       998.7239       996.1708       997.7718
       998.2992       994.5865       991.3188       988.8051       988.2388
       989.7523       989.8286       989.2508       991.2775       994.5042
       997.3601       999.6103      1000.4123       999.7349       998.1655
       995.8156       993.1800       990.6768       987.7156       986.7013
       984.9042       983.4370       983.3168       983.5130       983.1182
       982.6314       984.2902       986.9428       987.6934       986.3500
       985.4547       985.1940       982.9084       979.2946       976.9241
       976.0217       975.9965       980.1757       984.6284       986.2311
       987.0013       988.0818       989.1359       989.8999       989.1986
       986.7346       984.2755       983.8577       987.2397       993.0323
       999.3944      1001.9414      1001.5539      1002.7102      1003.6769
      1003.8966      1003.4857      1002.4113      1000.2283       997.3765
       995.8738       996.5026       998.7184      1000.3217      1000.3269
       998.3640       996.8917       993.9609       990.2753       986.7076
       983.6088       980.3042       980.7252       982.6605       984.6553
       986.7118       989.3222       990.5008       989.4847       989.3185
       991.5839       994.5461       996.3444       996.2687       994.2198
       992.0533       989.6265       986.8756       984.1210       982.7551
       984.4097       988.0872       988.2935       986.7153       985.1906
       985.8506       989.1709       993.7858       998.3549      1000.2849
       999.8540       999.2189       999.6583       999.5448       997.1549
       995.4127       993.2771       991.7923       991.0686
      1004.5366      1004.8082      1003.6397      1003.1017      1003.7165
      1004.4604      1003.5881      1000.1870       997.2460       998.0120
       997.1679       993.3746       990.3347       988.3188       987.5705
       987.0917       986.0156       984.8062       984.9822       987.1534
       990.3526       994.0279       995.8221       994.2934       991.6383
       989.6364       989.5815       987.7100       984.0167       981.6013
       980.3053       978.6456       978.3225       978.9283       979.0147
       979.6532       981.8300       985.6614       987.4125       985.9339
       983.6521       980.9388       979.0848       977.1491       976.9632
       975.7389       974.8979       977.5493       981.8228       984.7573
       986.0901       987.2310       988.2134       990.1520       992.1305
       991.3306       988.8250       989.0785       993.2118       998.3668
      1001.9174      1004.8625      1007.5004      1010.4105      1011.8137
      1009.9523      1006.6263      1004.1553      1001.6364       999.0515
       998.2507       999.0096      1000.4307      1001.1557      1001.7178
      1001.9039       998.6011       993.1219       986.7499       983.0508
       980.5659       978.9345       980.7273       983.7032       985.5926
       987.9407       989.7905       990.5587       989.4263       988.2692
       990.3196       994.5381       998.8959       999.8494       997.6843
       994.8829       989.3535       985.0800       983.7238       983.7000
       985.8792       990.5876       993.5146       991.6098       989.4912
       990.4495       993.0183       995.9659       997.4962       998.2065
       999.1342      1000.7324      1002.3938      1000.6100       996.5894
       993.2458       991.8063       990.5910       990.9557
      1005.0512      1004.0867      1002.9682      1003.6186      1004.2203
      1003.2125      1001.7278       999.8472       997.4320       995.6429
       993.2361       989.3541       988.1609       988.3713       988.2274
       987.7045       985.6126       983.2180       982.0875       983.7972
       987.1777       990.8892       992.9264       991.3897       987.8417
       985.8082       985.8502       985.1203       982.4028       980.2472
       978.1495       975.9744       974.8359       975.0928       975.9614
       977.1447       980.2077       983.4711       985.1412       984.6149
       981.7266       978.5898       976.7885       977.1130       976.9981
       976.6406       975.3530       977.5917       982.1033       984.4877
       985.4379       986.3474       988.2303       990.6754       992.9677
       993.4176       992.6074       992.7443       995.2630       999.1943
      1004.0761      1008.3819      1012.3140      1015.8215      1017.6331
      1015.9945      1011.9117      1007.6257      1005.3221      1003.4206
      1002.8961      1005.3280      1007.2119      1006.9761      1006.8121
      1005.4383       999.2759       990.7150       985.3326       983.9267
       983.4543       983.5246       986.2440       989.0677       989.2642
       989.7893       991.0823       990.9191       989.6767       988.8229
       990.7130       995.6183       999.2416      1000.2491       999.9610
       997.8361       993.9359       990.5297       989.3014       988.4904
       988.8480       992.2487       996.2739       996.3964       995.2890
       996.4238       998.8223       999.9084       998.7775       997.7550
       999.5021      1002.5438      1002.7245       999.6800       995.2049
       992.3958       990.9324       990.5741       991.2527
      1003.6365      1002.4875      1000.8643      1000.5015      1000.7130
       999.8092       997.9974       997.2870       996.3704       993.4468
       990.3518       988.6976       988.9363       989.4933       989.8992
       989.7574       987.6807       984.5145       982.6288       983.8237
       986.8537       990.0840       992.0451       990.1370       985.8500
       982.4376       981.7029       980.8839       979.4435       977.4559
       975.8162       974.0703       973.3925       973.5742       974.0391
       975.2536       977.4544       979.9016       980.9395       981.4146
       979.6921       977.4062       977.3774       977.7235       977.4252
       977.6420       977.9356       979.9546       983.0911       984.1077
       984.3691       984.9662       986.3948       988.8810       991.8793
       993.4566       993.3188       993.3217       994.1998       997.7845
      1003.4521      1009.2171      1014.5220      1018.0963      1018.7249
      1018.0389      1015.7042      1011.5837      1007.0526      1003.5692
      1005.5808      1013.9771      1017.5791      1013.9866      1010.3047
      1005.8289       998.5063       990.9517       987.0699       988.1877
       990.6647       992.6911       993.4686       993.8649       993.7676
       992.3862       991.5400       991.2773       990.0695       990.6388
       993.1503       995.9442       997.8925       998.6218       999.3800
       999.7922       998.5284       996.5872       994.5779       992.3260
       990.3191       991.0921       994.0489       996.6332       998.0541
      1000.0457      1004.0508      1006.1219      1003.8458      1001.4696
      1002.7043      1004.2143      1002.5177       998.5574       994.8485
       992.4466       991.2839       991.2092       991.3700
      1001.2368      1000.8194       998.9380       997.4365       996.6750
       996.6172       995.0795       994.4441       995.0104       993.2172
       991.2853       990.8781       990.5845       990.5159       990.4407
       990.6807       988.5665       985.7479       984.8097       986.4334
       988.1157       990.1815       991.6398       989.2696       984.1665
       980.6534       979.0961       978.9893       977.5444       975.6194
       974.4344       973.4785       972.7828       973.1312       973.3873
       973.5491       975.3990       976.9839       977.8827       978.0545
       977.1394       976.4664       977.7511       978.8276       979.9959
       980.5909       981.1014       983.1684       984.4080       984.2904
       984.2198       984.7839       985.6553       988.9400       992.1832
       993.1796       993.4819       993.6487       993.5512       996.1313
      1002.1339      1007.6035      1013.0327      1015.7426      1016.0695
      1016.4846      1015.4598      1012.4897      1006.9653      1002.0944
      1004.0065      1011.9058      1016.3183      1013.5137      1008.8858
      1003.9832       998.6922       993.9283       992.5707       994.0721
       998.1768      1000.1088       998.5509       998.0179       997.3011
       994.5190       991.9107       991.3436       991.9766       994.0349
       995.8237       996.6166       997.6690       998.2917       997.9222
       998.1835       999.1561       998.5241       996.4370       993.7046
       991.5963       992.0145       994.5800       997.6596      1000.3246
      1003.6966      1008.7831      1011.8784      1009.8817      1006.6917
      1005.8921      1004.9036      1002.3810       998.6132       996.1699
       993.8315       992.1456       991.6788       991.4257
       998.9000       998.3064       997.4236       995.5685       995.4224
       995.1238       993.5179       993.4327       994.2834       993.7525
       992.6463       992.3830       991.0224       989.1293       989.8262
       990.1713       988.0461       985.9391       986.6268       988.6156
       989.6248       990.6406       991.5574       989.1522       984.4447
       980.2076       978.0808       977.4498       976.8930       975.8746
       975.9401       973.7621       971.4584       971.9494       972.6299
       973.7442       975.3798       976.5023       976.3935       976.4531
       976.6962       976.9229       978.0363       980.1409       982.9274
       983.9507       983.9547       984.4833       985.8663       986.2281
       985.6508       986.2928       988.4188       991.8257       994.4969
       995.4857       996.0598       995.8651       995.0443       996.1677
       999.1470      1004.3557      1008.5178      1009.9531      1011.5529
      1013.8714      1013.4595      1011.0754      1007.6386      1003.6129
      1003.6208      1007.9595      1010.5108      1009.4580      1007.6105
      1003.9466      1000.2723       998.7612       998.1996       999.2011
      1001.8255      1003.6621      1003.0660      1001.9567       999.5902
       995.4765       992.9191       992.4033       993.5641       995.6109
       997.0152       997.2990       998.1257       998.5570       997.3689
       997.1604       998.8591       999.3395       998.0295       996.2369
       996.2556       998.5046      1001.8468      1004.9603      1007.3988
      1009.9218      1013.6883      1015.9359      1013.2424      1009.8599
      1006.7921      1004.0489      1001.3350       998.4431       996.2197
       994.3889       993.6236       992.9859       991.0333
       995.7599       995.2520       994.6487       994.2257       994.9861
       995.9225       994.6767       993.8086       993.9800       993.1934
       992.1296       991.7979       990.1285       988.4192       988.9200
       989.6223       988.5245       986.7225       987.1036       989.2575
       990.4193       991.3375       991.6436       990.4998       986.3894
       980.5192       976.6426       975.6312       975.6473       976.9205
       977.0197       974.1107       971.0214       971.3612       972.0924
       972.1351       973.4568       974.8394       975.6892       976.2966
       976.8986       976.9530       977.4885       980.1733       984.1681
       985.9752       985.0510       985.0686       987.6007       988.9670
       989.4340       990.7065       993.6239       996.6837       998.6619
       999.1609      1000.1765      1000.3105      1000.4397       999.9501
      1000.5090      1003.6440      1006.3452      1007.7153      1010.6766
      1012.9363      1013.4302      1012.3162      1009.1957      1006.6974
      1006.1909      1008.4950      1009.6787      1009.4626      1009.6305
      1009.0952      1007.6284      1006.7809      1005.2368      1004.2796
      1005.0356      1005.3438      1004.0455      1002.4953       998.7673
       994.9056       993.2395       991.7985       992.0866       994.2500
       996.6219       996.9423       997.6016       997.6791       997.5002
       997.9542       999.1751      1000.2974      1000.2323      1001.0714
      1003.1207      1006.6606      1010.3714      1013.1100      1014.7491
      1015.7472      1017.0798      1017.2585      1013.9006      1009.3266
      1005.3501      1002.3696       999.9933       997.6780       995.5535
       994.1282       994.6347       994.0675       990.9481
       992.2296       991.0159       991.2105       992.9659       995.5998
       997.3601       997.1366       994.5636       993.1885       992.4051
       991.4551       991.1072       990.4272       989.3991       989.8837
       990.2705       988.8297       988.1426       988.9032       990.6221
       992.7568       993.1197       992.5668       991.3894       987.2786
       980.9425       977.3368       975.9014       976.0586       976.7195
       976.1243       973.4271       971.3137       972.0601       972.3274
       970.8798       970.6776       972.5181       973.9823       975.4359
       975.5480       974.6685       975.2060       978.4225       982.2739
       984.8453       985.7767       987.3204       990.9207       993.7068
       994.8103       996.4209       999.0786      1001.6093      1002.9809
      1003.8107      1004.1470      1005.8725      1007.1660      1008.7931
      1010.2109      1010.5963      1009.5677      1009.9780      1011.6630
      1013.4144      1014.3495      1013.7998      1011.7772      1009.5211
      1009.7739      1010.6470      1011.3380      1011.9852      1014.6066
      1017.2336      1017.5947      1016.0051      1012.9848      1009.2842
      1006.0258      1002.3801       999.1011       996.6375       994.5607
       993.5177       992.4788       990.5088       990.3722       992.5381
       994.7250       996.0013       996.4185       996.9118       996.8114
       998.4578      1000.3016      1001.0272      1001.9805      1004.2565
      1007.1839      1009.7980      1013.3588      1016.0259      1017.5533
      1018.0004      1017.4163      1015.0988      1011.0115      1006.5392
      1002.5316       999.4200       998.0488       996.3249       994.7632
       994.6995       995.0588       994.3036       991.0023
       989.3060       988.4866       989.5228       993.0076       996.1041
       998.4550       997.4578       994.9906       993.9227       993.4561
       991.8003       992.4544       992.8431       991.3637       991.1631
       990.2327       989.1162       989.5574       990.9188       993.3177
       995.8041       996.7505       995.3142       992.3161       987.8643
       984.1992       980.7574       978.1487       975.8353       973.9777
       973.7579       972.3247       972.1744       973.2042       974.8283
       973.9456       972.5201       972.6845       973.8619       974.8651
       974.4075       972.8024       973.0775       975.6597       979.1650
       982.7026       985.4673       989.3767       994.8481       998.7529
      1000.1053      1000.7608      1001.4864      1003.0754      1004.6250
      1005.2189      1006.8509      1009.1641      1011.9528      1015.2592
      1018.6541      1018.9506      1016.6082      1015.5103      1015.1077
      1014.8260      1015.7787      1015.7537      1013.6927      1012.5822
      1013.5313      1014.1647      1015.1216      1016.9899      1020.1453
      1023.4371      1023.2448      1019.4995      1014.2953      1007.8157
      1000.7075       994.6729       991.7070       991.4081       992.6171
       993.2035       992.3123       991.0966       990.1960       991.4120
       993.3541       995.3956       996.8770       996.5940       996.2109
       997.5573       999.7472      1001.4958      1002.7346      1004.0542
      1005.7057      1007.9990      1011.0753      1014.4885      1016.0004
      1015.4653      1013.8341      1010.7576      1007.0178      1003.5189
       999.1387       996.7328       996.4735       995.3849       994.3713
       994.2806       994.5278       993.7455       991.8570
       988.5176       988.2299       989.9431       992.8409       995.8630
       997.1225       996.2160       994.6207       995.2512       995.2370
       994.0426       993.9686       993.9781       992.3690       990.0238
       988.4582       987.7936       989.0231       991.6271       994.8835
       998.4051       999.8124       997.9946       994.5816       991.4477
       988.6255       985.1342       980.0610       974.9056       971.4916
       971.7187       973.1642       974.5571       976.1175       977.5106
       977.2495       975.2080       974.4188       975.1224       975.6396
       974.2740       973.1435       973.5762       975.8283       978.3370
       981.2927       985.1400       990.4911       996.9484      1001.3384
      1002.7705      1002.7881      1002.0865      1002.0615      1002.9352
      1003.4612      1005.8681      1009.9557      1013.3426      1016.6577
      1020.2734      1022.4090      1021.1359      1020.2430      1020.2423
      1019.6626      1019.6295      1018.2961      1016.3117      1016.5156
      1018.0392      1019.7874      1020.9561      1022.9624      1024.6045
      1025.1460      1023.3538      1018.3826      1011.6869      1003.6135
       995.4781       989.3895       987.5408       989.9432       992.5660
       993.4772       993.4047       992.8796       992.5297       992.2522
       992.9334       995.3633       997.9838       997.6779       996.3334
       997.0224       998.8871      1000.8443      1002.7358      1002.9565
      1003.6019      1005.4584      1008.3553      1011.7232      1012.1260
      1010.1833      1008.6792      1006.5330      1004.5646      1000.6618
       996.5734       995.6356       995.3608       994.5555       993.8167
       992.6580       991.8323       991.5528       992.6044
       987.6189       989.0030       990.2386       991.7067       994.1926
       995.1588       993.3560       992.7769       994.7913       996.6909
       995.8875       994.1297       993.1138       991.2311       988.3170
       985.8029       985.5853       987.2622       991.0287       995.0391
       999.2339      1001.4301      1000.1915       997.9774       995.6241
       992.1219       987.7338       982.8243       976.5958       973.1432
       973.1473       975.5309       978.1882       979.9246       980.3383
       979.0811       976.5754       975.0650       975.4821       975.5179
       974.8661       974.8300       976.4443       977.5990       978.9412
       981.5673       986.0001       991.7703       997.6637      1001.6308
      1003.1088      1002.2505      1000.2562      1000.5506      1001.1743
      1002.0934      1004.6613      1007.8956      1012.3846      1016.0665
      1018.3868      1019.4304      1020.0510      1020.1310      1021.1810
      1021.9888      1021.5805      1020.0754      1018.8536      1020.4982
      1023.7795      1026.3658      1027.8007      1027.8251      1026.9905
      1024.7712      1020.7026      1015.7726      1008.8054      1000.6696
       993.0065       987.7806       986.2115       988.3292       991.8406
       994.0844       994.9708       995.0387       994.9650       994.7753
       994.4057       996.0538       998.9197       999.2407       997.2446
       996.8259       998.2567      1000.4409      1002.2755      1002.9167
      1003.0729      1004.3112      1006.6794      1008.9618      1008.8788
      1006.7633      1004.3463      1003.1197      1001.4523       997.9650
       994.5913       992.6254       991.8693       991.9404       991.7715
       990.6721       989.3708       989.1757       990.4698
       986.8651       988.1686       989.3518       990.7779       993.5809
       993.8361       991.3755       991.4141       994.1923       996.4678
       996.0026       993.1886       991.2955       989.9699       987.9941
       985.9334       984.6512       986.4412       990.0402       994.6420
       999.0840      1001.7383      1001.6950      1000.0433       997.8019
       993.4932       989.5834       986.4450       981.2072       976.7222
       976.9205       978.8631       980.5782       982.6418       983.0356
       981.3511       978.8664       975.9923       975.1448       975.7066
       976.1267       977.8607       979.3985       979.3622       980.2724
       983.2602       987.2503       992.1911       996.8656      1000.3466
      1001.8768      1000.4291       998.7164       998.5324       999.9258
      1002.1864      1004.0329      1006.9574      1010.1934      1012.6595
      1013.3952      1013.8155      1014.9008      1016.8611      1018.7893
      1020.1591      1019.8336      1019.0329      1019.9033      1023.9012
      1029.0115      1031.5114      1032.0374      1031.1772      1028.9106
      1024.1512      1018.2970      1012.4611      1005.3503       997.2341
       990.8011       986.8839       985.6779       987.4121       990.7640
       994.3278       996.2608       996.4811       996.5689       996.6172
       996.3631       996.9709       998.9484       999.7003       998.0612
       997.0648       998.1654      1000.1364      1001.5621      1002.3828
      1002.8832      1004.3036      1006.2800      1006.6451      1005.9120
      1004.3915      1002.0815       999.4894       997.3554       995.5949
       992.7795       989.8408       988.0322       988.6750       989.2347
       989.3939       988.8330       987.8175       987.3823
       987.0169       987.4832       988.3449       990.6359       993.5458
       994.2172       992.7866       992.6507       994.3488       996.6694
       995.4395       991.6441       989.0537       989.0058       988.5250
       986.7967       986.1833       986.4650       989.2256       993.7569
       997.8088       999.9092      1000.1515       999.4542       997.5927
       994.2684       992.2677       990.5553       985.6029       980.4431
       980.3109       981.6328       982.0407       983.9150       984.9258
       983.4064       981.5854       979.5256       978.3230       978.1326
       978.4518       980.4110       981.3898       981.9711       983.7908
       985.7702       988.4443       991.0644       993.5536       997.5245
      1000.4711       999.8422       997.3996       997.2051      1000.0411
      1002.4673      1003.6399      1005.5301      1007.2869      1007.7780
      1007.8163      1008.8563      1010.8356      1012.9843      1016.2040
      1018.2745      1019.1369      1019.5527      1021.2277      1026.1055
      1030.7100      1033.2883      1033.6444      1032.6108      1030.7131
      1026.0277      1019.1284      1011.8350      1003.8773       995.8829
       989.4178       985.8400       985.0228       986.1384       989.2090
       992.7686       995.0236       995.9532       997.1845       997.4998
       996.9224       996.9124       997.7396       998.5153       998.2203
       998.0258       999.4810      1001.2499      1001.9708      1002.2740
      1003.3788      1005.4110      1006.2822      1005.2609      1003.6922
      1002.1853      1000.4786       997.3223       994.7419       993.5811
       991.8303       989.0130       986.9418       986.8884       988.1494
       988.4620       987.8959       986.9886       986.3209
       987.6981       988.5291       989.0856       990.4427       993.0515
       994.7029       994.0835       993.0549       993.9703       995.3606
       993.2678       988.6279       986.8802       988.5179       990.0986
       989.1218       987.6221       988.0565       989.0584       991.8874
       994.8488       996.6194       997.5054       996.7885       994.6185
       993.6514       994.5215       994.4061       989.5245       984.2441
       982.7982       982.5400       983.4628       985.2357       986.2746
       986.2089       985.5828       985.6403       985.0703       983.3252
       981.8795       981.7679       982.3477       984.1298       986.7120
       987.8546       989.0775       990.0889       991.4478       995.2751
       998.7906       998.2447       996.0275       995.8944       999.3040
      1001.9836      1002.2332      1001.7589      1002.2435      1002.8729
      1003.5976      1005.0566      1006.7249      1009.8419      1013.7051
      1017.0235      1019.4526      1021.6202      1024.1517      1027.3191
      1031.0732      1033.6648      1034.8826      1034.4919      1033.0231
      1029.9928      1023.1323      1014.4009      1005.7695       997.0432
       990.0354       985.6812       983.8564       984.5465       987.0590
       990.1957       992.6458       995.2706       998.0469       998.7477
       996.9961       996.4119       996.5825       996.6484       997.8026
       999.6249      1001.2013      1002.7189      1002.9767      1002.9515
      1004.7947      1006.1596      1006.3107      1004.5720      1001.8306
      1000.5065       999.1204       996.1926       993.3997       992.5143
       991.2966       989.8981       987.2650       986.6627       987.9794
       987.0793       986.0126       986.0795       986.1514
       988.3679       989.0568       989.5692       989.9706       991.5261
       993.4257       993.1793       991.7899       992.0202       991.7568
       988.7146       985.9474       986.6566       990.6030       992.8751
       991.6096       990.0146       989.2701       989.1981       989.7936
       991.3384       992.7883       993.9589       993.2106       990.2047
       991.2411       995.2946       995.7783       991.2031       986.1126
       984.0583       983.2157       984.1273       986.8242       988.3896
       989.3842       989.5410       989.8669       989.9557       987.9277
       985.2123       983.0120       982.3541       983.9071       986.0494
       987.5091       988.9889       990.9290       992.9248       995.3212
       997.3154       997.0079       995.0103       994.4836       997.0598
      1000.2519      1001.0557       999.4823       998.9238       999.5165
      1000.0675      1001.4228      1004.1147      1008.3891      1012.2383
      1015.7787      1020.2048      1024.3412      1027.1089      1029.6787
      1032.8264      1035.4266      1037.4159      1036.6737      1035.7440
      1034.0120      1027.2025      1017.9540      1008.4600       999.5157
       992.2046       987.2039       984.5013       984.0557       985.7614
       988.6002       992.3859       996.9962      1000.6254      1000.1046
       997.7056       996.5951       996.3721       996.5290       998.1234
      1000.7305      1002.2413      1002.7568      1003.4017      1003.9148
      1005.1405      1006.5197      1006.5508      1004.5141      1001.3674
      1000.2319       998.8831       994.9661       993.1425       991.7438
       991.7140       990.4178       987.8939       986.3870       986.5068
       985.4324       984.1117       984.4469       985.5554
       987.0699       987.9243       988.0417       988.2969       989.9996
       992.6220       992.3433       990.6211       990.6666       990.5262
       988.2916       986.1368       987.7916       991.6574       994.1038
       992.9371       990.1867       989.0173       988.5191       987.4775
       987.2621       988.0117       988.9414       988.4731       987.6356
       990.8541       995.2748       995.9224       991.2980       986.5566
       985.7489       985.6545       986.4283       988.3754       989.7198
       990.7401       990.6666       991.0312       990.7088       988.9161
       986.0688       983.3740       981.8931       981.6953       982.7434
       985.1068       988.9662       993.0639       994.5096       995.3749
       996.5320       997.0571       996.0244       995.7035       996.8303
       999.1291      1000.9011      1000.2801       998.7968       999.2512
      1000.0325      1001.2461      1005.4349      1009.9688      1013.3297
      1017.0057      1021.7221      1026.4507      1029.7708      1032.1632
      1035.2257      1038.3976      1039.1360      1038.0137      1037.5720
      1037.0543      1031.9313      1022.2858      1011.7374      1002.2628
       994.8501       989.6490       986.2822       985.4897       986.6721
       989.5945       994.9731      1001.1787      1003.8612      1001.5659
       998.9577       997.9348       997.0452       997.3717       998.6200
      1000.9452      1003.0064      1003.9766      1004.4209      1004.7642
      1005.1379      1005.8331      1005.4211      1003.8676      1002.8922
      1002.9078      1001.1182       996.8065       992.7719       991.7524
       990.7495       990.1001       987.5174       985.5497       985.2552
       983.9202       981.6642       982.1315       984.9839
       984.9138       985.7169       985.9822       986.1782       988.4926
       990.7542       990.6948       989.4836       990.6358       991.7261
       990.6643       987.9634       988.0054       990.8713       992.9505
       992.1150       989.2349       987.4594       987.5887       985.8955
       983.8600       983.1497       984.4890       985.2747       986.8744
       991.1763       995.2025       995.7018       993.1356       990.8777
       991.0474       990.3378       989.6485       990.0604       990.5068
       989.7182       990.0242       990.2691       988.8214       986.4780
       985.0801       983.8519       982.0775       980.4672       980.7923
       983.8281       988.4958       992.4833       993.8810       993.0146
       995.0237       997.7225       998.6933       999.5355       999.5562
       999.1819      1000.8127      1001.9493      1001.0727      1000.6402
      1001.6299      1003.7330      1007.6919      1011.9311      1014.8694
      1018.1448      1022.8455      1027.6445      1031.6835      1034.7207
      1036.5574      1038.2092      1038.3910      1037.7139      1038.6007
      1039.0128      1035.6111      1027.0334      1016.2326      1005.9730
       997.9994       992.6966       989.6832       989.0936       990.2601
       993.4720       999.1106      1004.7272      1006.0821      1003.2914
      1000.8537       999.5223       998.6381       998.4900       999.3840
      1001.4174      1004.2768      1006.2955      1006.5452      1005.8376
      1004.8808      1004.1584      1002.9792      1002.7275      1004.2484
      1005.7312      1004.6084       999.9380       994.9070       991.8134
       990.6666       989.6594       987.1642       985.0961       985.7401
       985.4146       982.0859       981.0094       983.8568
       981.3883       982.3095       983.8149       985.3380       986.8879
       988.1458       988.4563       989.8453       991.2882       992.5758
       990.7154       988.1997       987.4666       989.1218       991.3397
       991.3034       988.8248       987.5004       987.1243       986.0898
       982.9734       981.0800       981.3105       983.9619       987.4104
       990.9900       994.4729       996.1327       995.9862       996.1162
       995.7029       993.8694       991.5291       990.6922       989.9971
       989.7567       989.6663       988.2785       985.5561       983.5935
       983.6373       983.7495       983.6113       982.3876       982.1090
       985.0270       989.0493       991.6879       991.6589       991.9185
       995.5690       999.4415      1001.3530      1001.6942      1000.9558
      1000.0690      1001.4930      1003.7861      1004.5843      1003.4931
      1003.3006      1005.2526      1008.6188      1012.4424      1015.5711
      1019.0759      1023.4311      1028.9746      1034.0292      1036.7029
      1036.3950      1035.9907      1036.9701      1037.2943      1038.4423
      1039.5222      1037.4249      1030.7224      1020.6359      1010.6174
      1002.9962       998.0475       995.9518       995.6741       996.7073
       999.4108      1002.8634      1005.6656      1005.8310      1003.8201
      1002.7065      1002.1039      1001.2363      1000.7929      1001.5339
      1003.6611      1007.0951      1008.9337      1008.4614      1006.4614
      1004.6956      1002.8984      1001.3143      1001.7938      1004.7676
      1006.6163      1005.8300      1001.8120       996.9147       994.4022
       992.4667       990.5723       988.1470       986.2047       986.4657
       987.0082       984.5425       982.7598       983.3732
       978.9443       980.1073       982.9323       985.4891       986.7073
       986.8333       988.3562       990.7195       992.6731       992.2995
       990.3969       988.3113       987.4675       988.3903       990.3237
       990.7976       989.8872       988.9167       987.7993       986.2543
       983.5471       980.8917       981.0130       984.6535       988.6585
       992.0754       994.7238       996.1154       995.9876       996.2567
       995.7521       992.9840       990.7691       990.7033       990.3065
       990.2201       990.1212       987.5004       982.9160       980.7579
       981.6250       982.3888       982.8915       984.0143       984.6243
       987.5644       991.4774       992.7070       992.1333       993.5155
       996.9995      1000.8135      1002.4728      1002.2375      1001.1551
      1001.7400      1003.0749      1005.7620      1007.6066      1006.8480
      1006.2072      1007.2409      1010.1406      1013.7203      1017.1389
      1020.6050      1025.1475      1030.4067      1034.6245      1036.2064
      1035.7594      1035.4045      1036.7448      1037.8026      1038.9119
      1040.0065      1038.5999      1033.0220      1023.7239      1014.9084
      1008.8771      1005.6378      1004.3893      1004.0382      1004.5991
      1005.0215      1005.2734      1006.1180      1005.6877      1004.4324
      1004.8809      1004.1130      1002.4704      1002.4819      1003.5435
      1006.1710      1008.6849      1009.7255      1008.8394      1006.9019
      1004.5150      1002.5018      1000.3085      1001.3561      1005.0561
      1006.4731      1004.7208      1001.6588       998.1765       996.2167
       994.3132       991.4994       989.6483       987.7556       986.6862
       986.4470       986.5978       986.0253       985.3397
       979.6647       982.0096       983.5274       984.7784       985.8637
       986.7286       988.1740       991.0306       992.3100       991.5124
       990.9684       990.6681       989.7679       989.7130       990.2351
       990.1343       989.8177       988.9258       987.8525       986.9324
       984.4802       981.6621       982.8627       986.2524       990.1453
       992.5552       994.4982       994.3632       994.3067       994.0160
       992.5581       989.9276       989.2763       990.0070       990.8492
       991.2112       990.1063       986.4539       982.4365       980.5616
       980.6189       980.8034       981.3478       982.3840       984.3436
       988.0137       992.1003       993.2260       993.8671       995.1437
       996.9814       999.1282      1001.7098      1002.2593      1002.3107
      1004.1567      1006.5750      1008.9078      1010.7493      1010.7086
      1010.5045      1010.8976      1012.6971      1016.4020      1019.5784
      1022.3773      1026.4847      1030.3146      1033.1001      1035.0027
      1034.6364      1034.5486      1035.6678      1037.6443      1039.6064
      1040.3528      1038.4897      1032.9423      1023.9426      1016.6620
      1013.5441      1012.6573      1012.5623      1011.6608      1009.5054
      1008.0347      1006.8377      1006.6901      1006.7432      1007.3228
      1006.6920      1004.3798      1002.3336      1002.3366      1004.2418
      1005.7045      1006.5725      1006.7223      1006.4266      1005.3313
      1003.7261      1001.8076       999.8646      1001.2911      1004.3880
      1005.1274      1004.1361      1000.8830       997.2714       995.7978
       994.1873       991.8567       989.7078       987.6738       985.9788
       985.9642       987.6844       988.8674       988.8472
       982.2972       983.4562       983.1272       982.7319       983.5295
       985.9177       988.7316       990.8146       991.8571       992.0598
       992.9456       993.6868       993.1165       991.6008       989.9650
       988.4771       988.1478       988.0574       987.9002       987.1473
       984.2634       982.5090       983.4575       986.5981       989.6458
       992.7214       993.7520       993.0250       991.9416       991.4025
       989.3759       987.2056       987.4484       988.2747       990.1082
       991.2810       989.7426       986.4637       984.0656       983.0270
       981.3810       979.8552       980.0398       980.5453       981.9702
       985.0991       988.6731       991.6558       993.2082       994.9599
       996.6945       998.7449      1001.6689      1004.2304      1005.6244
      1007.6740      1010.7514      1013.4357      1014.6198      1014.2526
      1013.7190      1013.7617      1015.3450      1018.8550      1021.7344
      1023.8038      1026.0887      1029.1223      1031.6217      1033.3561
      1034.3248      1033.6293      1033.7112      1035.6602      1037.8834
      1038.5508      1035.8713      1028.9240      1020.4558      1015.5601
      1015.5409      1017.0383      1017.5154      1015.8270      1012.4497
      1009.6343      1008.0918      1007.4282      1008.4787      1008.7923
      1007.9337      1004.9879      1002.7378      1002.7505      1004.0574
      1004.6209      1004.0261      1003.7399      1003.7747      1003.3443
      1002.6413      1001.1968      1000.0599      1000.5136      1003.3004
      1004.0248      1003.1041      1000.4753       996.2534       993.9298
       992.8431       990.6376       988.6530       986.8384       985.9832
       986.7831       988.9208       990.9050       991.2510
       985.5489       984.9233       984.1874       982.8533       982.7793
       985.1445       988.9535       991.6334       992.0590       992.9250
       995.3019       995.6224       994.4865       993.4884       991.1147
       988.3732       987.2050       987.6415       988.3779       986.8957
       983.8349       981.4992       982.5750       985.1858       988.0886
       991.4449       993.1274       992.1020       989.9086       989.3127
       988.1382       987.2880       987.6516       988.1415       989.7643
       991.0464       989.7108       988.7998       987.2957       984.7406
       981.4944       980.0107       979.5061       979.9144       981.8853
       983.6578       985.2407       988.0195       990.8209       994.1194
       998.3448      1002.5432      1004.8461      1007.7181      1009.3118
      1010.8646      1013.9553      1016.6878      1017.4244      1016.8308
      1016.0972      1016.0463      1018.0736      1021.0838      1023.2884
      1023.9691      1025.6200      1028.3887      1031.1819      1033.0277
      1034.1880      1033.4604      1032.1696      1033.0372      1033.9010
      1033.2365      1030.8282      1024.1233      1017.3040      1015.2025
      1017.2728      1019.3562      1019.2267      1017.6408      1015.1997
      1012.0627      1009.5738      1008.5291      1008.3251      1009.6354
      1008.8647      1006.2325      1003.9267      1003.0002      1003.7986
      1004.3092      1003.9843      1003.2612      1003.1025      1003.6917
      1003.0507      1001.3927       999.9316       999.8535      1001.6439
      1002.8985      1002.1226       999.7073       996.3658       993.7822
       991.0430       988.9429       987.6541       986.9505       987.3391
       989.8031       992.3700       993.4443       993.2855
       987.0806       987.0442       986.2404       985.6913       984.9688
       986.1805       988.6208       991.2103       992.2165       993.7577
       995.1367       995.5181       996.6618       996.1524       993.1515
       989.6935       988.5016       988.4402       988.4689       987.0552
       983.7811       982.3482       983.2031       984.8162       987.1296
       989.6592       991.5460       991.1296       989.3922       988.4293
       988.6935       988.8228       989.0161       989.2784       989.4297
       990.2753       990.4968       989.8923       988.7690       984.4615
       981.4279       980.5849       980.1295       980.9940       983.7311
       984.6298       984.3882       985.7620       990.4816       995.1490
      1000.5291      1005.2149      1008.5441      1010.5807      1011.6863
      1012.4297      1015.6597      1019.0712      1020.5381      1019.5091
      1019.2286      1019.9385      1021.0170      1022.5583      1023.1337
      1024.2290      1026.0613      1028.6305      1031.0571      1032.5587
      1033.4277      1032.6285      1030.9384      1030.5637      1029.5133
      1027.7872      1025.7401      1022.4186      1019.2219      1018.1918
      1019.0977      1020.1249      1020.1541      1020.1065      1018.0192
      1014.5755      1011.7880      1009.0817      1008.0329      1008.9570
      1008.9453      1006.9432      1004.6554      1004.1015      1004.4401
      1005.0784      1004.4974      1004.0391      1004.0346      1004.7291
      1004.0975      1001.6337       999.4320       998.8743       999.9518
      1001.5200      1001.6895       999.9311       997.5212       995.4714
       992.7384       990.3963       988.7577       987.7917       989.8152
       994.0464       997.1076       997.3136       995.8854
       985.5269       985.5736       986.2896       986.0038       985.6605
       986.7369       989.0652       990.8688       992.8924       994.2491
       995.0991       996.3173       997.9211       997.6527       993.0364
       989.7224       989.2309       989.9987       989.6426       987.1174
       985.0134       984.5649       985.8235       987.9001       988.9468
       989.5156       989.7169       989.6393       988.0622       986.8439
       987.7220       987.8937       988.0890       988.2954       988.2651
       989.0320       990.1555       990.2092       988.0117       984.2236
       981.8179       980.9549       981.2824       982.9726       984.0193
       984.4437       984.1812       986.5610       991.1140       996.5738
      1002.0444      1006.4605      1009.7456      1012.5254      1013.2707
      1013.7279      1017.1157      1022.0019      1024.3685      1024.1724
      1023.3344      1022.1013      1021.8451      1021.4949      1021.3038
      1022.8660      1026.7808      1028.9933      1029.0455      1029.6379
      1030.7769      1030.2285      1029.3336      1028.7195      1026.8801
      1023.6797      1022.2998      1021.9273      1021.1978      1020.4385
      1019.0576      1019.4612      1021.2331      1021.4562      1019.3976
      1015.9057      1012.4443      1009.4474      1007.4614      1007.0717
      1007.3932      1006.8079      1005.4158      1005.6124      1006.4477
      1006.4700      1006.7922      1006.0453      1005.8367      1005.9777
      1004.7227      1002.0526      1000.1141       999.9475      1000.6976
      1002.4997      1003.6971      1002.2267      1000.2991       999.7131
       998.9863       997.0122       994.5776       992.8403       994.6298
       998.0744      1000.8420      1001.2823       999.9783
       983.9425       983.3900       983.4761       983.4514       984.2363
       986.4431       989.1340       991.3645       993.4012       994.6499
       995.4009       996.2484       996.5873       994.4333       990.6003
       988.3527       988.8557       990.0488       988.5247       987.0389
       986.5313       986.0213       987.5624       989.7359       990.5994
       989.8417       989.0962       987.9918       985.8350       984.7339
       984.5377       985.4951       986.1936       987.1167       987.4900
       988.4787       989.4971       989.6658       986.8802       984.2031
       981.7236       980.5957       981.6292       982.8842       983.5385
       983.0533       983.9758       986.7887       991.0479       997.5502
      1004.2901      1008.4003      1011.4161      1013.3360      1014.3533
      1016.1152      1020.0696      1024.5994      1027.1393      1027.4467
      1025.2916      1022.9922      1021.2156      1020.0091      1020.2513
      1022.7292      1026.0226      1028.4067      1027.3778      1025.9296
      1026.0624      1026.5525      1026.5206      1026.2147      1024.0940
      1021.6625      1020.5105      1019.7734      1020.2734      1019.9809
      1019.4180      1019.1259      1020.5029      1020.7781      1018.0225
      1014.1396      1011.0043      1008.7572      1006.8354      1006.0329
      1006.5081      1006.4106      1006.3616      1007.1427      1007.8094
      1008.2482      1008.9155      1009.2422      1008.6683      1007.8622
      1006.3630      1004.4714      1003.4984      1003.8851      1005.8327
      1007.6044      1008.1789      1007.3969      1006.2249      1005.7382
      1005.2135      1004.5231      1002.3226      1000.6117      1000.9553
      1002.1335      1003.7743      1004.3798      1004.3251
       983.8104       982.2951       981.8149       982.9666       984.6196
       987.1285       989.5244       991.8470       993.5936       994.6336
       994.7969       994.9716       993.8209       990.4090       987.6336
       986.5861       987.9229       988.8555       988.0063       986.9309
       987.2332       988.0065       987.7067       987.8071       988.7261
       989.1821       989.0311       986.8010       984.2763       982.6976
       983.6264       985.8873       987.4198       987.2061       987.8746
       988.7569       989.4800       988.1611       986.0944       983.2108
       980.4741       978.5028       979.4568       981.4631       982.5847
       983.3344       984.7609       987.4982       991.6879       999.0735
      1006.8450      1012.0992      1014.4943      1015.1488      1015.3593
      1017.9071      1022.4109      1025.6117      1026.7195      1026.4321
      1025.3217      1023.9401      1022.1743      1020.0455      1020.5112
      1023.8746      1026.5476      1027.9413      1026.6465      1023.6728
      1023.7929      1024.5823      1025.1079      1024.0837      1021.7479
      1020.7322      1020.3491      1019.3121      1019.5579      1020.9121
      1020.0894      1019.0511      1019.3730      1019.1409      1016.4753
      1012.9130      1010.0212      1008.1746      1006.9885      1006.4066
      1006.6888      1006.9037      1007.1643      1008.4561      1009.1622
      1009.6564      1011.4790      1012.7062      1011.7868      1009.5434
      1008.3405      1008.2582      1008.5779      1009.9669      1011.5311
      1013.0158      1013.2916      1012.4686      1012.7930      1012.2239
      1011.0099      1009.2924      1007.4270      1006.2874      1005.8494
      1006.4507      1006.4607      1006.8303      1007.2541
       982.6235       981.6332       981.0112       982.3323       984.4723
       987.0944       990.3145       992.7164       994.3645       994.9293
       995.1194       994.4478       991.5029       988.1541       985.7454
       985.5566       986.8177       988.6831       988.7867       987.6207
       989.0512       990.1946       988.7985       986.2648       986.1672
       988.6549       989.1218       985.8185       982.3552       982.9254
       985.5755       988.9174       990.6716       990.4986       989.9493
       990.6836       990.3982       988.9384       985.9745       982.6840
       979.4711       977.3607       977.5182       980.2053       982.6317
       984.7318       986.9742       990.1700       994.7684      1000.8500
      1008.4107      1014.6877      1017.3743      1017.1190      1017.2382
      1019.1750      1023.5466      1026.5122      1026.9410      1025.5496
      1024.5785      1025.0027      1022.9050      1019.7283      1021.2394
      1024.9918      1028.2863      1029.8064      1028.0668      1025.0835
      1024.6273      1027.1766      1026.9404      1024.1965      1021.2397
      1020.8917      1021.0157      1020.3380      1020.2733      1020.9346
      1020.5101      1019.3380      1018.5544      1018.1269      1016.8281
      1014.7491      1012.3783      1010.2219      1008.8008      1008.2274
      1008.4375      1008.3116      1009.0420      1010.9337      1012.1732
      1012.8365      1014.3393      1014.6384      1012.5135      1010.2126
      1010.1675      1011.3551      1013.2499      1015.5213      1016.2005
      1016.5922      1016.4672      1016.9138      1017.8516      1017.8756
      1016.3239      1012.6304      1010.1111      1009.4165      1009.3876
      1009.4917      1008.9062      1009.5035      1010.6113
       980.8923       979.6250       979.5754       980.5271       982.0345
       985.2377       989.8304       993.8193       995.3934       994.9459
       995.1619       994.5069       990.3632       986.1700       984.8828
       985.3884       986.6104       987.5769       987.7488       988.1759
       990.0719       991.9506       990.7767       987.4226       986.1184
       988.4218       988.6675       984.4500       981.5751       983.6785
       987.2962       990.2849       993.6296       994.3254       992.9910
       992.4960       992.7645       990.7394       986.7888       982.5977
       979.4988       977.3036       977.2141       979.1660       982.6174
       986.5989       989.2737       992.0848       996.9846      1001.9937
      1008.2798      1015.6703      1018.3092      1018.1922      1018.9062
      1021.2819      1024.9274      1027.8484      1027.7681      1025.8488
      1024.8521      1024.4459      1022.5809      1020.6833      1021.9334
      1026.0876      1030.1017      1031.9932      1030.3394      1027.8170
      1028.4940      1030.1284      1028.9495      1025.4989      1022.8484
      1021.3489      1020.8475      1020.3173      1019.8592      1020.0878
      1020.3968      1019.4730      1018.1005      1017.5989      1017.8757
      1017.2850      1016.1268      1014.0583      1011.6830      1011.1455
      1010.7818      1010.4364      1011.7801      1014.1383      1015.6295
      1016.2420      1016.1264      1014.8136      1012.0574      1010.2261
      1011.2153      1013.9908      1016.9059      1018.7786      1018.9517
      1017.8452      1018.1610      1020.4989      1022.0489      1021.3105
      1018.1721      1014.1838      1011.5497      1011.4906      1011.9550
      1010.4036      1009.9994      1012.2584      1013.5577
