!     RMS - Reservoir Modelling System GRID TO ZYCOR GRID
!     RMS - Reservoir Modelling System VERSION : 10.1
!     GRID FILE NAME   : Reflector2
!     CREATION DATE    : 2018.12.21
!     CREATION TIME    : 08:26:47
@Reflector2 HEADER                     ,      GRID, 5
      15,    -99999.0000,       ,      4,      1
     119,     65,    436910.1562,    440110.1562,   6469154.5000,   6475054.5000
         0.0000,         0.0000,         0.0000
@
+ Grid data starts after this line
       955.1225       956.1496       956.5150       955.8097       954.9002
       954.3497       954.2040       954.3196       954.2383       955.1601
       956.0202       956.1895       955.6592       957.1094       959.4916
       960.1011       959.9169       959.8734       961.2064       963.0087
       965.1401       968.4431       971.3488       972.7061       971.7084
       969.7472       967.7164       966.8089       967.0172       967.3148
       968.3214       969.1222       969.0397       968.8359       968.6725
       969.4308       970.1331       970.0686       968.9186       966.7312
       966.2916       965.6735       962.9772       960.3988       959.8738
       960.2318       958.9443       955.6121       952.2387       951.1298
       950.3934       949.9578       951.0519       952.2844       951.7780
       950.3802       949.4579       948.7048       948.7814       949.5357
       950.0082       951.4561       954.2269       956.2485       955.6206
       953.7568       952.2784       950.7349       950.9297       952.9614
       955.4684       957.5518       958.9757       960.8467       964.3095
       967.5169       968.0342       967.5694       967.7383       968.9661
       970.7646       972.6736       974.4136       976.0510       977.8585
       979.8915       981.3297       982.3422       982.6327       982.1639
       981.7162       981.1811       981.1694       981.2464       980.2145
       978.7684       976.6178       974.8522       975.3777       977.2192
       978.4119       979.9341       981.5860       982.5482       983.4537
       984.0944       984.1791       983.4359       981.3381       978.9542
       977.1435       974.9085       973.2640       972.8148       972.6467
       972.5903       972.6756       972.1494       971.1004
       955.9996       955.7623       955.2967       953.8900       952.7004
       952.2347       952.4924       952.0337       952.0926       952.8091
       952.7870       952.6016       953.5735       955.9207       958.8658
       960.7930       961.1552       961.6790       962.7966       964.1718
       966.6761       969.0303       970.5488       970.6791       970.0538
       968.4293       966.7217       966.7110       967.3464       967.5692
       968.0732       968.3621       968.3616       967.5884       967.1041
       968.1116       969.1609       969.5278       968.9608       967.5508
       967.0967       966.2253       962.8992       960.6646       960.2023
       959.4550       957.8975       954.6426       951.2516       949.9233
       949.8541       950.0080       951.0839       952.2106       952.1232
       951.0838       949.7215       948.2303       948.1314       948.5559
       949.8063       951.7786       953.3092       954.2681       954.0078
       952.5008       950.5728       949.7975       950.7000       953.0488
       955.3643       957.1087       958.5451       960.8183       964.1809
       967.5253       968.8882       968.5922       967.9512       968.5135
       970.7626       972.5633       973.9374       975.6548       978.3740
       981.0347       983.1616       984.0819       984.0670       984.0333
       983.3755       982.2830       981.7831       980.8016       979.1650
       977.4869       976.2946       976.1559       977.0270       977.6488
       978.4489       979.4614       980.7405       981.7410       982.9849
       983.9518       984.4423       985.3398       984.4395       981.2338
       977.5563       974.2562       972.3000       971.2386       970.8431
       971.0469       971.3019       971.0491       969.9891
       955.4745       954.1243       952.5447       951.3564       950.1724
       949.6675       949.6661       949.7613       949.9093       949.9399
       949.7219       950.0867       951.6591       954.1268       957.5831
       961.2388       962.8558       963.4312       964.8310       967.2508
       969.6559       970.8136       970.1271       969.2588       968.4503
       967.5149       966.5862       966.8036       967.8511       968.4902
       967.9100       967.4503       967.0815       966.0106       965.2950
       966.4851       967.9474       968.5934       968.3005       967.6717
       967.8331       966.6985       963.8477       961.0112       960.2687
       959.6080       956.6948       952.9601       950.1552       948.5853
       948.4914       949.1822       949.7922       950.5288       950.3601
       949.7283       948.7609       947.6775       947.0436       947.5372
       948.5771       950.0542       951.0598       951.4432       951.6396
       950.5455       948.4663       947.7579       949.2143       951.4281
       953.9781       955.8169       957.5399       960.0678       963.3275
       966.5698       969.0580       969.5184       969.1152       969.1917
       970.9224       972.9304       974.4267       976.3394       979.1446
       982.5162       984.9023       985.8213       985.6642       985.4265
       984.9041       983.3599       981.6911       980.4026       978.7686
       978.2526       978.0222       978.0278       978.9213       979.3631
       979.2650       979.7263       980.6986       981.8729       983.7100
       984.9977       985.6546       987.0134       987.0397       982.8876
       978.1549       975.0916       972.7492       970.7190       969.3998
       969.4028       969.2917       969.2354       968.9065
       953.1840       952.3632       950.3248       948.8685       948.2128
       947.7374       947.4753       948.2301       948.3619       948.3708
       948.5231       949.0120       950.8209       953.4022       957.0062
       960.9732       962.8788       963.9875       966.7664       970.2283
       972.7337       972.7242       970.4918       967.9409       967.6569
       967.2690       966.6852       967.2640       968.2744       968.3197
       967.0572       965.7506       965.3614       964.9621       963.8845
       964.4185       966.3124       967.3179       967.7117       967.8715
       967.9155       967.1398       963.9056       960.5671       959.3838
       958.5778       954.7776       950.0645       947.8386       947.3092
       946.9355       947.4507       948.6205       948.8226       947.4866
       946.5073       946.3876       945.9913       945.8430       945.9271
       946.7072       947.4430       948.1831       948.4399       948.9749
       948.4906       946.3036       945.0609       945.7817       947.6987
       950.3311       953.2124       955.6944       958.7180       962.0468
       965.3024       967.5519       969.2800       969.5278       970.1099
       971.9009       974.3905       976.9099       979.0165       981.4188
       983.3979       985.1426       985.9939       986.2980       985.5718
       984.9434       983.6000       982.1285       981.0750       980.7627
       981.0105       980.8177       981.1478       981.4868       981.3016
       980.2415       979.9817       980.2032       981.3764       983.4860
       985.2637       986.2943       987.5908       986.2126       981.8621
       977.6442       975.5880       973.5431       971.0425       969.8025
       969.1960       968.2487       968.3196       968.3113
       950.4459       949.5010       947.9015       946.6845       946.9819
       947.2059       947.0636       947.4116       947.4645       947.4673
       948.2007       949.0219       950.9633       953.2477       956.7458
       960.0864       961.8177       963.9372       967.2922       970.8348
       973.4352       973.2264       969.7322       967.3154       967.2795
       966.7071       965.9553       966.7084       967.4611       966.6106
       964.9477       963.5843       964.0234       964.3108       963.3937
       963.0452       964.2318       965.1607       965.7514       966.6807
       966.5645       964.5664       961.5035       958.2745       957.0284
       955.5017       951.7341       947.8177       945.5288       945.4568
       946.1998       946.7074       947.3745       947.4618       945.7887
       943.8299       943.4316       943.5603       943.8050       944.3033
       945.1719       945.9753       946.0969       946.3168       946.1000
       945.9755       944.3294       942.8037       943.0705       944.3046
       946.6263       949.9541       953.5386       957.1364       960.0207
       962.7360       965.5299       967.9317       968.8328       969.7098
       972.4830       976.0366       978.7692       981.1760       983.2912
       985.0859       985.7789       985.7693       985.4703       984.4958
       983.1954       982.8034       982.9814       983.8312       983.9293
       982.9278       982.8190       983.4355       983.9332       982.4509
       980.8035       980.1145       980.0657       979.9390       981.5201
       983.6373       985.1600       985.4457       983.3767       979.2703
       976.7786       975.8932       974.7062       972.7822       971.0911
       969.8594       969.1942       968.6310       967.6038
       945.9839       945.2438       944.4132       944.4152       944.9341
       945.7765       946.8078       946.4331       945.7315       945.8482
       947.2491       949.1693       950.9295       953.3264       956.2341
       958.8889       960.7695       962.8081       965.6082       968.7949
       971.2930       971.0821       969.1157       968.0015       967.9056
       966.9423       965.6165       965.3414       965.7659       965.5010
       963.6482       962.5558       963.2380       964.1660       963.2230
       961.7501       961.6713       961.6206       962.0546       963.0364
       962.6127       960.7100       957.6024       955.0021       953.7168
       951.8120       949.1877       946.4374       944.7086       944.1339
       944.9231       945.9194       946.6349       945.8266       944.0831
       942.6708       941.7997       941.2219       941.5355       942.8048
       944.0647       945.0275       945.8290       945.5385       944.5648
       943.7859       942.7185       941.0765       941.5664       943.2664
       945.5146       948.4608       952.0885       955.1645       957.6123
       960.0075       963.5038       966.5194       967.6055       968.4038
       971.6951       976.1196       979.1005       981.3028       983.8419
       986.0391       986.4644       985.2063       983.7675       982.2488
       981.1746       981.1529       983.1367       985.7211       986.6616
       985.3510       983.7556       984.4543       984.5610       983.4833
       982.0952       980.6457       979.8139       979.8506       980.5444
       981.4072       981.9500       981.7173       980.4603       978.0223
       977.2963       977.6515       976.6138       974.6750       972.8779
       971.4147       970.4307       968.4492       966.8516
       941.8683       941.6400       941.4492       941.8678       942.6928
       943.5754       944.7731       944.8695       943.6940       944.1823
       945.5485       947.6102       950.2466       952.5767       954.6373
       956.2443       957.9756       960.2284       962.3483       964.8453
       967.2296       968.4446       968.7481       969.3453       969.6850
       968.6617       966.2805       964.3542       963.2845       963.5252
       963.0166       962.0872       962.7217       963.1512       961.5648
       959.3760       958.0582       957.5057       958.2489       959.2213
       959.0291       957.8146       955.7106       953.2174       951.2078
       949.1246       947.2868       945.9526       944.7819       943.7985
       943.9541       945.3786       945.5465       944.2156       942.7312
       942.4539       941.9270       940.6348       940.3395       941.9407
       943.7674       945.0881       945.6628       944.8882       943.5865
       942.3278       940.8500       940.0670       940.6185       943.0314
       945.7035       948.3130       951.1811       953.4570       955.8517
       958.9115       962.2589       965.3924       967.1721       968.4113
       971.3575       975.8893       979.5829       981.8228       983.6885
       986.1168       986.4379       984.4568       982.5936       981.7012
       980.6641       980.6028       983.0685       987.1691       989.2509
       988.3405       986.1912       985.0793       984.7214       984.1804
       982.9245       980.7834       978.8395       979.0665       979.8016
       979.7541       979.1697       978.8199       979.0734       978.4987
       978.0390       978.0370       976.6263       974.4889       972.6581
       971.6310       970.4555       967.8312       965.0604
       940.7516       939.8731       939.7696       940.5225       941.9042
       942.3918       942.9099       943.5120       942.9575       943.3717
       944.7279       946.1174       948.1141       949.7183       950.8685
       951.8453       954.1425       957.2931       959.5443       961.3561
       963.8275       966.1469       968.3934       969.9517       971.1667
       969.6154       966.2200       962.9663       961.1895       960.9842
       961.4109       961.2894       961.5453       961.4413       960.0396
       957.8976       956.2534       955.6160       956.0005       956.9849
       956.6384       955.2932       953.7796       952.5315       950.7278
       948.6177       946.8683       946.3353       945.1201       944.2567
       944.7336       945.2354       944.5569       943.1416       942.9283
       943.1208       943.0920       942.4633       942.1722       943.1467
       944.8715       945.7269       945.1051       943.6411       942.3859
       940.8687       939.9545       939.8512       940.3881       942.4058
       944.9485       947.7028       949.4040       951.3779       954.5507
       958.0353       961.8978       965.3842       967.9022       969.7592
       972.8313       977.3542       980.8588       982.2687       983.9148
       985.7046       986.3725       985.5120       984.9992       984.9168
       983.6550       982.8641       985.4536       989.0707       991.1549
       990.5436       988.2834       986.2653       985.1769       983.9657
       982.3701       980.6824       978.4449       977.7421       978.7814
       979.2796       977.9165       977.3423       978.2544       978.8387
       977.9955       977.1025       975.4493       972.8278       971.0887
       970.3560       968.6008       965.6660       962.7416
       941.3268       940.7343       940.7066       941.4250       941.9746
       942.3864       942.9976       943.4351       943.8104       943.8251
       944.4971       945.8181       946.5023       946.4638       946.9208
       948.5734       951.0748       954.0980       956.7798       959.0324
       961.3951       964.5930       967.2480       969.6055       970.4145
       968.7043       964.9612       961.9306       960.8389       960.5532
       960.3982       960.4716       960.9660       960.7956       960.0501
       959.3475       958.3592       957.4526       956.6236       956.3379
       955.1285       952.9318       952.0488       952.1105       951.2750
       949.2482       947.8528       946.8677       945.0148       943.9495
       944.7858       944.7548       943.2922       942.4387       942.6752
       943.7472       944.2885       944.7105       945.3022       946.0558
       947.1747       947.5004       945.4490       943.1954       941.5367
       939.9473       939.5928       939.8990       940.1912       941.4526
       943.3499       945.6320       947.6967       949.5739       952.8670
       957.0872       962.0193       966.3242       968.6089       971.0967
       974.6440       978.8520       981.3748       982.0779       983.1068
       985.0234       986.4543       987.4989       989.2290       990.0975
       988.3359       987.2371       988.5817       990.6352       991.6262
       990.4698       988.2598       986.1372       984.5788       983.7445
       983.0449       980.9868       978.9136       977.6841       977.2779
       977.8163       977.5212       977.3542       977.9075       978.1524
       977.4018       975.9701       974.2958       971.9891       970.2684
       969.3139       966.7324       962.9489       959.9999
       944.3452       943.5458       943.7751       943.8687       943.3932
       943.5818       943.7597       943.9948       944.5303       944.7675
       944.9450       945.4240       945.3052       944.8539       945.3188
       947.1757       949.6465       951.6725       952.9671       955.6254
       959.0488       962.2109       964.9380       966.9694       967.6490
       966.2132       963.7075       961.3623       960.7239       961.2795
       960.6444       960.9005       961.3497       961.5829       961.9239
       962.1179       962.2665       961.4945       959.3108       957.3466
       955.1180       953.3495       952.9656       952.7573       952.3145
       950.8903       949.2582       947.3705       944.8853       943.5030
       944.2372       944.2891       942.5789       941.4344       942.0530
       943.7276       944.8941       946.0529       947.2318       947.8915
       948.9517       948.9023       946.7449       943.6320       941.5324
       940.0532       939.3383       939.6157       939.7733       939.9857
       941.6122       943.9446       946.4225       948.8593       951.8725
       957.1658       962.9236       966.7806       969.6351       972.4689
       975.6785       978.8433       980.1650       980.2667       981.1600
       983.4103       986.0316       988.5558       991.7564       993.2188
       992.1696       990.7726       990.1249       990.4553       991.0873
       989.6375       986.9423       984.9026       984.2254       984.6298
       984.6042       982.6663       980.1123       977.1995       975.4754
       975.6866       976.8965       977.3331       977.5156       976.8977
       975.2942       973.4941       972.4142       971.2492       969.9481
       967.5862       964.2905       960.7252       958.0438
       949.1088       947.3800       946.6675       946.5329       945.4272
       944.3632       944.0466       944.1027       944.4318       945.1588
       945.3845       945.3270       945.0045       944.7364       945.2075
       946.6702       948.8242       949.9555       950.0443       952.1689
       955.8636       958.8324       961.1705       962.6431       963.0242
       962.8527       961.9457       960.6703       960.6707       961.2515
       961.4935       961.8220       963.1921       964.3294       965.4480
       965.8977       966.3665       965.0619       962.6504       959.4120
       957.1683       955.7703       954.8488       954.3449       953.8826
       953.0767       951.1828       948.5791       946.0928       944.8757
       945.2815       945.2619       943.5284       941.8316       942.3188
       943.7695       945.2805       946.9222       948.4536       949.3221
       949.3201       948.6083       946.5613       944.0174       941.8847
       940.4377       939.5343       939.2731       939.7539       940.3741
       940.9562       942.8441       945.7034       948.4359       952.2083
       957.5519       963.7109       968.2326       970.6613       973.3137
       976.5358       978.2623       978.3414       978.0038       978.8119
       981.4191       985.0007       988.5968       991.4587       993.6858
       993.4925       991.1536       989.0628       989.4275       990.6412
       989.4985       986.1660       984.4432       984.9493       986.5257
       986.8781       985.0522       981.1808       976.8471       974.4417
       974.8083       975.8112       976.5695       976.5301       975.4737
       972.9947       970.5782       969.1345       968.5928       967.5606
       964.0912       959.6970       957.1992       955.7210
       953.4691       950.2201       948.7863       948.6281       946.6526
       944.3964       944.5004       944.9082       944.4022       944.8258
       946.2024       946.7281       945.9556       945.2194       945.1866
       945.8881       947.3647       948.1009       948.3576       949.5269
       952.7767       955.7748       958.0308       958.5547       958.8081
       959.6827       959.8442       959.9142       960.0181       961.2123
       962.9716       964.0311       965.7502       967.4272       968.8987
       970.3320       969.6413       968.5641       966.0952       963.4067
       960.9697       958.5488       956.5812       956.2286       955.8906
       954.6384       952.7173       950.1120       947.5035       945.7495
       946.2955       947.1823       945.7137       944.0410       943.9281
       944.8736       946.1068       947.8225       949.2813       950.0473
       949.5309       947.7224       945.5629       943.7856       942.1656
       940.5171       938.6597       937.7485       939.0464       939.7594
       939.6451       941.5867       944.5236       948.0010       952.7002
       958.0911       963.8643       968.2365       970.7149       973.4124
       976.2181       977.3123       976.9802       976.2621       976.5058
       979.4391       983.6483       986.2158       988.2504       990.0332
       990.3950       987.6431       985.7855       986.9996       988.4349
       987.2259       984.5225       983.2557       984.5789       986.5298
       986.9319       984.9854       981.2107       977.5012       975.1608
       974.8760       976.0631       976.9606       976.5083       973.5887
       970.8156       968.0152       964.9344       963.3984       961.0452
       956.8711       953.3553       952.0828       952.4259
       955.3646       952.1992       950.0970       949.0034       946.4745
       944.6384       945.1906       945.7218       944.7795       944.6975
       946.6193       947.8362       947.2014       945.7427       944.9144
       945.3429       946.2556       946.6832       946.9431       948.2465
       950.7128       953.9188       955.7284       956.1391       956.4959
       957.4117       957.9080       957.9630       958.2834       961.2587
       964.9517       966.7291       967.3882       968.8611       971.2523
       972.4705       971.2427       970.4272       969.5623       966.6978
       964.8271       962.4878       959.4518       958.4185       957.9935
       956.8325       953.5218       949.9734       947.8410       945.8902
       946.6470       948.0992       948.2651       947.0945       946.3118
       946.7723       947.3867       948.0315       948.9111       949.9741
       949.5397       947.8753       946.3264       944.0858       941.7227
       939.5552       937.0182       935.6910       936.1834       936.3265
       936.9965       939.7667       942.5020       946.4849       951.9437
       957.3528       961.9196       965.5070       968.4293       971.6747
       974.0272       974.4838       974.4180       973.8360       973.7158
       975.7315       979.6041       982.0754       981.9257       982.9729
       983.6882       981.8441       980.6732       982.1154       983.0748
       982.2648       980.5973       979.9818       981.2976       982.8768
       983.5669       982.3053       979.9206       977.9737       976.6896
       976.4999       977.6770       978.3996       976.5414       972.2208
       968.6840       965.6412       962.2482       958.5773       953.6754
       948.4523       946.7631       948.2674       949.6837
       954.5309       952.2418       949.8442       948.2187       946.3742
       944.8691       945.3696       946.3267       945.6041       945.2322
       946.4091       947.5889       946.7782       945.5531       944.3262
       944.5859       945.6273       945.9287       946.1438       947.4949
       949.9119       952.6178       954.4821       955.2458       955.4741
       955.8871       956.2044       955.9794       956.8488       960.2957
       964.3207       966.0441       966.6638       968.2985       971.6454
       973.0919       971.4794       970.4127       970.0276       968.3613
       967.8683       966.5046       963.2704       960.7904       960.2673
       958.5078       954.3940       950.5676       948.7250       947.6176
       947.1336       948.5247       949.0187       948.0433       947.2391
       947.6484       948.1663       947.8483       948.3024       949.5927
       950.3495       949.2311       947.6942       945.3328       941.8842
       939.0208       936.5894       935.1758       934.5912       934.0250
       934.8369       937.2248       940.2347       944.2054       949.5210
       954.9396       958.9535       961.6680       964.7307       968.3231
       969.8571       970.3278       970.5789       970.6852       970.3659
       971.0233       973.9150       975.3843       975.4111       976.2695
       977.0706       976.2405       975.7578       976.6132       977.6354
       977.4011       976.5492       976.0635       976.7186       978.0810
       979.3946       979.3179       978.0672       976.9358       976.4878
       976.9252       978.3918       979.2634       976.5544       971.5775
       967.3594       964.5802       961.7339       956.9442       950.0662
       944.1608       943.3517       945.7392       947.7519
       952.7309       951.6351       950.0242       948.4564       947.2326
       946.0154       945.8697       946.6292       947.1711       946.0550
       945.8881       945.8821       945.2468       944.0555       943.2501
       943.2782       944.4232       945.3631       946.3159       947.6719
       950.1108       952.6748       954.1080       954.8332       954.9103
       954.8772       954.5635       954.5416       956.2687       958.7305
       960.5468       962.0327       963.7153       966.4855       969.7742
       971.8951       971.5236       970.3008       969.3159       969.5612
       970.6671       969.2277       965.6563       963.0943       961.0953
       958.5886       955.1670       952.2643       950.4413       948.8936
       947.9527       947.5996       947.4077       946.6840       946.8289
       948.0760       948.8677       948.2849       947.9027       949.5259
       950.7173       950.4227       948.7742       946.2416       943.2729
       940.7832       938.6656       936.3123       934.5954       933.7380
       934.1237       935.2522       937.8638       941.7448       946.6937
       952.6400       957.4893       959.4792       962.2130       965.4606
       966.5530       967.8636       968.5941       968.3312       967.7151
       968.0861       968.6425       968.6803       968.9025       970.3073
       971.4429       971.4227       971.2227       971.8726       972.7913
       973.0844       972.7079       972.0126       971.9721       973.0443
       974.8501       975.9569       975.7852       974.8177       974.3729
       975.3892       977.0420       978.0462       975.8152       971.2140
       967.0714       964.9525       961.9869       957.0992       949.8016
       944.4822       943.0828       945.0211       947.0653
       953.1414       951.8481       950.5877       949.9293       948.9962
       947.4339       946.9092       947.6122       947.8770       947.1909
       945.6686       944.7162       943.8477       942.6735       942.5967
       943.3938       944.0737       945.1988       947.0767       949.1478
       951.4517       953.3666       954.1853       954.1755       953.9052
       953.6013       953.5750       954.1329       955.5707       956.7740
       957.6746       958.7363       960.4243       963.5593       966.8771
       968.7674       969.6406       969.4114       969.5073       971.2703
       972.2429       970.2605       966.6744       963.6939       960.0942
       956.8766       955.0048       953.6126       951.2031       948.9213
       946.7119       944.9821       944.4993       944.9985       946.0788
       948.2810       949.4592       948.5728       948.3025       949.8553
       951.2922       951.2687       950.0616       947.8406       945.9471
       944.1829       941.7389       938.7305       935.8867       934.5581
       934.2438       935.2674       937.1335       940.6912       945.7627
       952.2188       957.2314       959.5736       962.0540       964.4392
       965.7003       966.7454       967.4450       967.0274       966.5074
       965.5687       964.5411       963.2643       963.5749       965.0013
       965.8010       966.0851       965.8154       966.3708       966.9175
       967.3727       967.1406       966.5944       966.3581       967.6000
       969.6010       971.5249       972.4112       972.2236       971.6591
       972.6558       974.3707       975.0933       974.0464       971.1773
       967.9551       965.4073       962.3766       956.9255       950.8700
       946.2669       944.6381       945.8488       948.0613
       954.8242       952.5988       951.0672       950.8553       950.3395
       949.2743       948.2947       948.1086       948.4982       947.6325
       945.1929       944.0717       943.2045       942.1511       942.6501
       943.7814       944.3237       945.3940       947.1374       949.5759
       951.8044       952.9083       953.4937       952.8950       952.3426
       952.7985       952.9670       953.4579       955.1826       956.1280
       956.0988       955.8174       957.6800       961.1383       964.2765
       965.6389       966.0004       966.8691       969.4382       972.4260
       972.3956       969.6805       966.6591       963.0426       958.3378
       954.6998       954.0165       953.1068       950.9855       947.9920
       944.9395       943.1885       942.9732       944.3209       946.0905
       948.1890       949.2138       948.6899       948.9315       950.3387
       952.3498       952.6876       951.7881       950.2172       949.0039
       947.7361       945.1420       941.3474       938.0223       935.9348
       935.4569       936.4136       938.4579       941.8084       947.2151
       952.8317       956.4017       959.5950       962.1949       963.8256
       965.0816       965.5272       965.3233       965.5727       964.6878
       962.6619       960.4818       959.6130       959.6943       959.5239
       960.0768       960.5990       960.5041       960.0705       959.7384
       959.4307       959.4102       959.0814       959.8292       961.9696
       964.2612       966.3637       967.7762       967.7589       967.7355
       968.4952       970.1150       971.1967       971.7372       970.8206
       967.5930       963.5919       960.1467       956.0443       951.4271
       947.8428       946.9228       948.4504       950.7507
       955.3470       954.0108       952.6942       952.0043       951.6427
       951.2899       949.7661       948.3476       948.4587       946.9540
       944.1736       942.5573       941.2512       940.6129       941.9301
       942.5117       942.7337       944.1097       946.3585       948.5842
       950.0197       951.0199       951.3621       950.7754       951.1362
       952.7083       952.9748       952.9322       955.0564       957.0095
       955.8824       954.0641       954.9425       959.3730       963.3630
       964.5150       964.1765       965.1241       968.3970       971.0806
       970.2808       967.7877       965.3080       961.3834       956.6366
       953.6201       952.6884       951.9767       950.2290       947.0089
       943.3751       941.5564       942.2625       944.3315       946.9435
       948.8321       949.7046       950.3881       950.4453       951.3812
       953.5029       954.4473       953.0831       951.4574       950.4384
       949.1964       946.5140       942.9681       940.0697       938.2098
       937.4666       937.8705       940.0015       943.1094       948.2433
       952.7470       955.7237       958.4931       960.9937       962.5058
       963.6455       964.1127       963.6871       962.8363       961.9356
       959.8524       957.8503       956.6664       955.8207       955.3428
       955.4713       955.3624       954.6066       953.0351       951.3268
       950.6323       951.4205       952.5304       954.2369       957.2285
       959.6555       961.5210       962.2624       961.8687       962.4442
       963.9899       965.6983       967.0761       968.6481       968.7705
       965.1724       959.9507       956.9938       954.5550       951.3701
       949.1168       949.1967       951.5262       954.3192
       954.9993       954.4248       954.2625       953.6734       953.0832
       952.7901       950.8835       948.9648       947.9327       945.2293
       942.3946       940.2318       938.0444       937.8859       938.9101
       939.5928       939.5965       941.0222       944.3491       946.7215
       948.1545       949.4732       949.7234       949.8055       951.0693
       952.9902       953.4269       954.1536       955.5258       957.0498
       957.1819       955.2037       955.0032       958.7070       963.3371
       965.0695       964.7405       965.1638       966.6727       967.8750
       967.7426       965.6891       964.3503       962.0707       957.7584
       954.8919       953.2451       951.5616       949.7650       946.0026
       941.8310       940.4384       941.4070       943.7356       946.5386
       948.5889       950.8052       952.7363       953.2737       953.6022
       954.9721       954.5679       953.0931       951.9362       949.8892
       947.8050       945.1503       942.7769       940.8362       939.6163
       938.9144       939.7177       941.2742       944.0114       948.0961
       952.3914       955.4504       957.7690       959.9090       961.1289
       961.6857       962.2265       961.3600       959.5164       957.8542
       957.1473       955.9611       954.2656       953.2489       952.9384
       952.1304       950.6033       948.2938       945.6295       942.8707
       942.4492       945.1258       948.4409       951.3177       953.6411
       955.6357       957.5446       958.1710       957.2949       958.3932
       961.1808       962.7397       964.6776       966.3404       966.1103
       963.1238       958.8952       955.5677       953.3036       951.6494
       950.5451       951.1224       953.7214       956.4589
       955.8095       955.8400       955.5896       955.1230       953.9825
       952.2501       950.8232       948.9802       946.0920       943.1644
       940.6297       937.7397       936.0300       935.3884       935.4073
       935.6515       936.4462       938.5991       941.4647       944.4763
       946.9744       948.6488       949.6696       950.2126       952.3751
       953.4229       954.1752       955.3624       956.3563       956.8344
       957.6394       957.5020       957.1384       960.1389       963.3987
       964.8288       964.9368       964.5466       965.0759       965.6508
       965.8635       965.9726       966.6419       966.2883       962.9791
       958.6068       955.0187       952.2791       949.6556       945.9586
       942.6111       941.5875       942.5468       943.9180       944.5023
       947.1531       951.6232       955.1165       956.6951       956.5087
       955.3992       954.1734       952.6976       950.7289       948.1970
       945.5230       943.5082       941.5068       940.6511       939.7399
       939.7919       941.1149       943.1113       944.9753       947.9925
       952.2820       955.5981       957.9234       959.6290       960.1661
       960.0724       959.3749       957.9124       955.6005       953.9645
       953.1450       952.5997       951.2254       950.5834       950.1326
       948.6290       946.3256       944.0944       942.1351       938.9142
       937.6682       940.9495       944.7007       947.9719       950.4956
       952.2598       954.0525       954.5009       954.7761       956.5101
       958.9266       961.4364       964.0016       964.9869       963.9023
       960.9998       957.7045       954.3687       952.5033       952.0301
       951.8723       952.3622       953.9358       956.4070
       959.3850       958.8979       958.3404       956.9609       954.2131
       951.8359       950.3083       948.2172       945.5181       942.8695
       940.3697       937.6188       934.9680       934.1198       933.3880
       933.1454       934.5421       936.8871       939.5359       942.0430
       944.9298       947.8345       948.9956       950.5767       952.5852
       954.4717       955.4578       956.3116       956.3887       956.5143
       957.4559       958.5601       959.4822       961.2850       963.4357
       963.8083       963.2925       963.2153       963.2900       964.1562
       965.1618       966.8216       968.4855       969.0082       966.3430
       961.8339       957.1467       952.6917       949.4937       947.5818
       945.5687       944.7180       945.4102       945.1359       943.9344
       945.7565       951.2928       956.3504       958.4116       957.1922
       954.8217       953.2330       951.2985       948.3646       945.7800
       944.1714       942.1707       941.2729       940.8326       939.7311
       939.5654       941.4743       944.2147       946.2865       948.4000
       951.9210       955.8160       958.5280       959.3788       958.5728
       956.9684       955.4912       953.4904       950.9946       949.2515
       948.3474       947.2062       946.4099       946.1168       946.0288
       945.4958       944.6005       944.3633       943.5684       940.6537
       938.9942       940.4164       942.7955       944.8417       947.6517
       949.6355       950.4901       951.6025       952.8176       954.5579
       956.9876       960.2650       963.2119       963.7729       961.4352
       958.0020       953.7236       951.2921       951.3369       952.0159
       951.8602       951.0062       951.9880       953.6847
       963.6026       962.0464       960.1399       958.0911       955.0569
       952.5532       950.8448       949.5641       947.3168       944.9219
       942.1284       938.5464       936.2734       934.2506       932.9111
       932.9212       934.1495       936.0153       937.4486       940.0948
       943.1465       945.8472       947.9459       949.5093       952.1221
       954.2139       955.3564       955.9695       955.5302       955.8489
       957.4566       959.0580       959.6127       960.3579       961.6615
       962.1845       961.9233       961.6497       962.2447       963.0972
       964.2586       966.2581       968.1398       968.6946       966.8685
       962.7778       957.5352       952.4619       949.3876       948.0715
       947.7077       947.8251       947.6442       947.0711       945.8220
       946.4672       950.8087       955.3997       956.8421       955.7673
       953.7979       951.4357       948.7289       945.7411       943.4706
       941.9288       941.2087       941.3670       941.0659       939.9586
       939.3199       940.6209       943.3484       945.4567       947.2792
       950.0406       954.2776       957.4259       957.2655       955.5169
       952.6732       950.8685       948.1952       945.3003       943.8472
       942.9066       942.1056       941.2789       941.8206       943.1240
       944.1851       945.0728       945.5027       945.1747       943.7089
       943.1259       944.5609       945.5613       946.3372       946.6962
       946.9794       948.2236       949.6282       951.2279       953.0239
       955.4062       958.6161       961.4920       961.1875       958.4872
       954.6777       950.6607       948.8224       949.9160       950.4850
       949.4993       948.1485       947.8011       948.9436
       966.3305       963.3820       960.4283       958.1032       955.2287
       953.2195       952.3464       951.3803       949.9719       947.2701
       943.6255       940.3715       938.1451       936.1329       933.7779
       933.1917       933.9297       934.9000       936.4034       938.6486
       941.5140       943.9115       946.6110       949.1420       950.9583
       952.3143       953.5163       953.7924       954.0173       954.6740
       956.4372       957.8642       957.8949       958.0637       958.7739
       959.7839       960.4660       960.2139       960.9281       962.6472
       963.6277       965.1011       966.9478       967.1302       965.5850
       962.3311       957.6755       952.8893       949.2926       947.2870
       947.4178       948.1533       948.7299       949.6350       949.2723
       950.1109       953.0401       955.0652       955.3289       955.0242
       953.1412       950.2150       947.4905       944.4084       941.2731
       939.5804       939.5543       940.4324       940.5483       939.8038
       938.6501       939.0118       940.5832       941.9364       943.5065
       946.5027       950.6219       953.4793       953.1549       951.2043
       948.9102       945.8500       942.6592       940.1641       938.6903
       938.1156       937.7245       937.8832       939.7578       942.3795
       943.8036       943.8801       943.5310       944.5925       946.5657
       948.1758       949.8229       950.4251       949.8719       948.1498
       945.9092       945.6949       947.7833       950.3132       952.1898
       953.5540       955.5195       957.4610       957.2473       954.9039
       952.0941       949.3136       947.9612       947.8413       947.0404
       945.6461       944.7856       944.0397       943.3092
       967.0613       963.4645       960.0250       957.6702       955.5439
       953.6371       953.1663       953.0995       951.7258       948.5204
       944.8620       941.7441       939.7043       937.8391       935.9909
       934.2838       933.3755       933.1267       934.8439       937.4352
       939.7347       942.1383       945.3207       948.5775       949.7070
       950.7295       951.4866       952.3355       952.5381       953.0363
       953.9913       954.7164       955.4031       956.7238       957.8722
       958.4476       958.5312       958.1545       959.2066       961.8082
       963.5613       964.1502       964.4091       963.7563       963.0573
       961.1664       957.4899       953.6213       949.9002       947.8130
       947.7900       948.5615       950.6711       952.4468       952.7944
       953.0389       954.7115       955.2206       955.1948       955.2979
       953.4446       949.9986       947.4730       944.4097       940.6724
       938.5964       938.3903       938.3356       938.0894       937.6307
       936.8006       936.4113       936.9053       937.9260       939.9348
       943.4245       946.8016       948.3477       948.2182       946.9944
       944.3939       941.4535       938.8380       937.0876       935.9509
       935.2806       935.7237       937.5730       939.7234       942.4708
       943.7117       943.1861       942.8359       944.8828       948.6741
       951.3729       952.2026       951.7827       950.6226       948.3760
       945.4903       943.8502       945.7618       949.6831       951.4404
       951.7999       952.1711       952.5804       952.3007       950.5777
       948.8016       947.3616       946.0031       944.7904       943.0141
       942.0629       941.8331       941.3568       940.7482
       965.9617       963.1940       960.0657       957.7601       955.3400
       953.9066       953.3178       953.2777       952.1533       949.1667
       945.7912       943.0090       940.4554       938.4141       936.9102
       935.0854       932.7690       931.7119       932.4847       935.0914
       937.9460       940.5238       944.0843       946.9898       948.2117
       949.1832       950.2001       950.6560       951.1485       951.2534
       951.5407       951.6158       952.7784       955.0800       957.3412
       957.9351       956.9109       956.5162       957.4786       959.4059
       961.9042       962.1509       961.2487       960.4932       959.9349
       958.6163       956.7156       954.4003       952.4061       950.8053
       949.6833       950.1497       952.1697       954.3958       954.6432
       954.2565       953.9976       954.4073       955.3457       955.5022
       953.9324       950.5546       947.5984       945.4634       942.2211
       940.3932       938.4814       936.7608       936.1513       934.6797
       934.0395       934.2377       934.2698       934.8768       937.7865
       941.3722       943.8639       944.4987       944.3389       943.4720
       941.3924       939.0009       937.2250       936.8661       936.5947
       936.4982       937.5438       938.7791       940.6454       942.6109
       944.3431       945.3292       946.1578       947.0487       948.2866
       949.2993       949.7510       950.1045       948.7712       946.4775
       944.0917       943.0286       945.4965       949.1633       950.3987
       949.8384       948.9500       948.3609       947.4253       946.3987
       945.2141       944.0172       942.8694       941.0003       939.9193
       940.2826       940.3853       940.3488       940.5397
       963.7714       962.0021       959.8561       957.6992       955.7621
       953.9234       952.6450       951.6445       950.6340       948.3480
       945.8445       942.9208       940.1071       937.6188       935.1104
       932.7618       930.8711       930.3082       931.2636       932.7142
       935.2416       939.3996       943.1169       945.2347       946.5518
       947.9581       948.8953       948.8058       948.9058       949.3538
       949.1130       949.4150       951.1144       953.2195       954.6126
       955.6502       955.8724       955.6199       955.5951       956.8485
       958.6173       959.3469       958.9942       959.2107       959.0173
       957.5966       956.2672       956.0756       955.4474       953.8409
       951.9208       950.3336       951.6291       953.4797       954.2837
       953.7028       952.6987       953.0053       953.5333       954.3900
       953.7652       951.3942       949.7021       948.5922       946.6895
       944.0007       941.0183       939.2408       938.2817       935.4415
       932.7548       932.6362       932.6745       933.1702       936.0410
       940.9578       943.4233       943.9747       943.3815       941.7227
       940.0304       938.0866       938.1591       939.3748       939.7247
       940.2743       940.8009       940.7752       941.1824       942.6481
       944.6713       947.5217       949.5424       948.1267       946.3831
       945.8419       946.7289       948.2322       948.4928       946.3107
       943.8435       943.9224       946.2092       948.3849       947.9080
       946.0803       945.0931       944.3915       944.3149       943.3649
       941.8842       940.4091       939.5833       938.3130       937.9113
       939.0710       940.3383       940.4540       940.4686
       962.9956       961.8765       959.8680       958.2327       956.4807
       954.4383       951.9058       950.2282       949.5980       947.6981
       944.8119       942.2360       939.5582       936.6771       933.8034
       930.1285       928.6151       929.2650       930.4714       931.4973
       934.0754       938.6793       942.4620       944.0955       945.1396
       946.5142       946.7384       946.7734       947.7810       949.0045
       949.0241       948.9233       949.5522       950.5251       952.0142
       953.5546       954.9910       955.6752       955.3562       955.2720
       956.9688       958.1335       959.2510       959.8989       959.4825
       958.7933       957.7792       957.9530       957.3824       956.0564
       952.9411       950.1732       949.4343       950.0054       951.5163
       951.5542       950.5450       949.4814       949.9745       951.6206
       954.2657       955.0535       954.7479       953.7388       951.4975
       947.9310       944.5652       942.9514       941.6531       938.2488
       933.5784       930.4457       929.4435       930.7728       934.9481
       940.6539       945.1446       947.0493       946.3696       943.6807
       940.8746       940.1319       940.8496       941.9588       942.3550
       942.3582       942.5373       941.7583       941.4491       942.5016
       945.0019       948.5519       949.8824       947.7774       945.8270
       944.9988       945.5843       947.6667       948.3077       946.6143
       944.8678       945.2163       946.7354       946.0288       944.3666
       943.2589       942.8110       943.3942       943.9592       942.4822
       940.0041       938.2604       937.6367       937.8565       938.3338
       939.9184       940.8337       940.8473       940.3722
       965.7414       964.1629       961.9023       959.7907       957.4933
       954.8951       951.8452       949.8786       949.4774       948.1445
       945.4344       943.2134       940.4977       937.4601       933.3815
       929.3986       927.3507       928.3588       930.2664       931.6674
       934.3118       938.0792       941.1284       942.5822       943.4445
       944.4843       945.5977       946.8965       948.8561       950.5145
       950.4716       949.1150       948.5611       949.3851       950.8433
       952.4511       953.9768       955.1790       954.6680       955.1219
       956.9391       958.7526       960.1500       960.4075       961.1033
       961.6196       961.5433       960.4875       960.1401       958.1693
       954.2723       950.3637       947.8329       946.9219       947.6633
       948.4457       946.9004       945.6844       945.8155       948.0742
       952.5590       956.7277       958.5888       957.5247       953.9413
       948.6029       943.2914       939.6473       938.6617       936.8233
       933.3590       929.7568       927.9568       928.8591       932.7836
       938.3641       943.9103       947.6177       948.5948       946.4287
       943.4763       941.8782       942.1535       942.2474       941.2197
       940.6951       940.1937       939.5301       940.0178       942.0175
       944.7917       947.5146       947.7765       946.5103       945.6613
       945.3018       945.2159       945.7258       945.4572       944.3617
       944.1885       945.0770       945.5638       943.7009       942.8311
       944.2850       946.0385       947.5885       947.8515       945.7788
       941.7514       938.9585       938.3997       939.2817       941.6194
       943.2820       942.5486       941.0594       939.6854
       967.6509       965.7243       964.3610       961.0866       956.7690
       953.0068       950.1187       948.8261       949.1061       948.5385
       946.8642       944.9652       942.7806       938.7537       933.1776
       928.1003       925.6428       926.9575       929.9249       932.3629
       934.2163       937.0236       939.3782       940.6945       942.1151
       944.2365       946.7216       948.6193       950.1458       951.5901
       950.9883       949.2975       949.2424       949.9110       950.3876
       951.0495       952.1411       953.2251       953.8234       954.6384
       956.7332       958.4877       960.0189       960.9835       962.1948
       964.8365       965.3447       964.5094       963.3065       960.7592
       956.1368       951.3516       948.3424       946.8450       946.0849
       945.0063       943.3483       942.1972       941.6219       943.0120
       946.4979       952.0659       956.1535       956.0112       951.4938
       944.6364       936.9825       932.4768       931.9989       933.3270
       933.1965       931.7779       929.9169       928.6799       930.9063
       935.2023       939.1008       942.3927       944.1879       943.3369
       940.6222       939.0931       939.8528       940.2341       939.8459
       938.9852       937.9698       938.0671       939.4754       940.6036
       941.7164       943.2873       943.6186       943.7318       943.0170
       942.6928       942.6107       942.1558       941.5148       941.6055
       942.9359       944.5392       944.5773       944.0295       944.6370
       947.3413       950.9001       953.8562       954.1033       950.7499
       945.5812       941.8542       941.2107       942.6631       944.6580
       945.8273       943.7834       940.7684       939.5312
       965.3810       964.7015       963.9256       959.7429       953.8903
       948.9666       946.7089       946.6751       948.0630       948.3802
       947.0053       946.1011       944.3564       939.9219       933.4762
       927.5115       925.0631       926.7473       930.1728       933.1278
       935.3955       937.6569       939.3013       940.1301       942.3063
       944.9053       946.9100       948.6429       950.9151       951.7021
       950.4398       949.0208       949.0984       949.7510       949.7994
       949.7834       950.6553       951.5413       952.8143       954.4172
       956.1324       958.0063       959.0089       959.5698       961.5801
       964.9706       967.1354       966.8279       965.1949       961.6700
       957.4471       952.5529       948.9415       947.7197       947.0649
       945.2285       943.1929       941.3209       940.0573       939.2108
       940.7123       946.2197       951.4406       952.1273       947.8245
       940.4219       932.5468       927.6874       928.7463       932.1950
       934.5163       934.3054       931.4161       929.8222       930.6840
       933.7132       936.1436       937.3310       937.3373       936.7876
       935.9191       935.9099       937.7968       939.5436       939.5276
       939.2368       939.5584       940.7261       941.0967       939.4834
       937.9432       937.7410       938.9306       938.7542       936.7686
       935.6161       936.2284       937.0593       937.8928       939.1818
       941.7417       943.5797       944.2091       945.3019       947.1388
       950.4394       954.8248       957.9064       957.9372       954.8820
       949.9968       946.4338       945.1197       945.6998       947.3277
       947.6151       945.5967       942.8866       941.5750
       961.9664       962.7816       961.6036       957.9001       952.2539
       947.1935       944.8397       945.7596       947.0750       947.3431
       946.8073       945.6939       943.9608       939.8530       934.1021
       929.0405       927.2639       929.1667       932.9307       936.7599
       940.3987       941.9787       941.8616       943.0026       944.6568
       946.4408       947.1918       948.9532       950.7526       951.3818
       950.1250       948.8781       949.0747       949.7067       949.8675
       949.8818       950.2772       951.5524       952.7868       954.6600
       956.2513       957.3200       957.4286       957.2221       958.8682
       962.5922       965.7799       966.4034       964.4084       961.2039
       957.2172       953.1376       949.5989       949.2037       949.2015
       948.1855       946.2944       944.0035       941.5218       938.7004
       939.3017       944.3398       949.8195       950.8573       946.4789
       939.0074       931.0324       926.2686       928.1086       932.9522
       935.8439       934.3914       931.6799       930.5953       931.9678
       934.0494       935.6694       935.6221       934.3093       933.6109
       934.5322       936.5015       938.9885       941.3593       941.3864
       941.0689       942.1392       943.0266       942.3501       940.7974
       937.9753       935.8856       934.8495       932.7172       930.2224
       928.7357       929.1788       931.9424       933.9432       936.1535
       940.0976       943.1271       944.8908       946.9076       949.9401
       954.0081       957.9672       959.8864       960.1281       957.8633
       954.6417       951.4780       949.4888       949.6505       950.5052
       950.2932       949.0352       947.4427       946.0184
       959.6906       960.8436       961.5129       959.5059       954.8146
       950.0244       947.5584       947.6569       948.1388       947.5901
       946.0325       944.3934       941.8970       938.6409       935.3255
       932.1274       930.6732       932.6177       936.9117       942.8898
       947.1801       948.0097       947.9404       947.7357       948.2633
       949.0490       949.8424       950.4100       951.0179       951.6516
       951.3315       950.4423       950.4241       950.8546       950.8792
       950.9520       951.4567       952.4111       953.5853       955.2256
       956.3777       957.0657       956.6801       955.0141       955.1611
       958.7410       962.9788       964.7411       962.9404       959.2413
       956.4439       953.1998       950.8244       950.4111       951.0298
       950.3855       949.1134       946.6078       942.5891       939.4911
       939.8448       944.9254       949.6693       950.2846       946.2072
       939.6619       932.3713       927.4251       928.2614       932.9139
       933.8707       933.4261       931.7875       930.9496       932.8807
       934.7023       935.1008       934.2126       933.0123       933.0024
       935.1105       939.0427       942.6635       944.9536       945.2402
       944.2552       943.7151       942.9587       942.7580       943.4502
       941.7341       938.0051       933.7115       929.5162       926.6075
       925.7148       926.9952       929.4941       932.5793       935.3038
       939.3167       944.6103       947.4259       950.3455       954.0856
       957.5441       959.8632       960.8097       960.9352       960.1948
       957.7634       955.3843       954.0557       953.6806       953.8950
       953.1659       952.2881       950.9473       949.9866
       959.8436       961.2496       963.1461       963.2036       960.1842
       955.4259       952.3226       951.4699       950.8587       948.5952
       945.6840       943.1277       940.1952       937.9292       936.3063
       934.7165       934.1960       936.1409       941.0346       947.7383
       952.5461       953.4736       953.3870       951.8713       950.9190
       951.2999       951.2045       951.0310       951.7177       952.8897
       953.2263       952.5944       952.3081       952.5280       951.8809
       951.9454       952.3726       952.6400       953.9769       954.2660
       954.3419       955.4924       955.6838       953.3506       952.1092
       955.9638       961.2684       963.0011       960.3366       956.9164
       955.1038       953.4238       951.4070       951.1138       951.1902
       950.9139       949.5351       947.2508       943.9395       940.4603
       940.6164       944.5677       948.5870       949.3685       946.6249
       941.3920       935.3750       930.8191       930.6843       932.1340
       933.0531       932.6917       931.1498       930.7654       933.1577
       934.8552       934.4465       933.1284       931.7989       932.8157
       936.3586       941.7228       946.5374       948.1594       947.9672
       946.4681       944.7350       943.5562       943.3049       944.1954
       945.2331       941.8813       936.3428       930.7054       927.1724
       926.8783       928.5878       931.3210       934.9968       937.8423
       941.7544       946.8990       951.0403       954.0269       956.9018
       959.1537       960.6666       962.1629       962.6100       962.1398
       960.3870       958.9293       957.9070       957.2156       956.3331
       955.5831       955.1594       954.5971       953.6621
       961.3297       963.0828       965.0664       966.1949       964.8237
       959.9971       955.0313       952.6431       951.3494       948.6274
       945.6121       942.4623       939.4613       937.2245       936.2860
       935.8705       936.9155       939.7499       945.5209       952.0709
       955.8589       956.7489       955.7455       954.7684       953.7609
       952.7180       951.9932       951.5375       952.0750       953.6554
       954.4554       954.0212       954.6866       954.0586       952.8114
       952.0630       951.8300       951.5898       950.9402       950.3187
       950.5856       951.7025       951.8035       950.7888       950.7323
       953.7612       958.2413       959.2071       956.4283       953.8334
       952.9680       953.1475       952.5238       951.5251       950.6102
       949.3700       948.0970       946.4279       943.7452       941.2750
       941.6436       944.2859       947.1577       948.0366       946.6884
       942.3331       937.1361       934.6251       934.0291       934.3381
       933.7820       932.5626       930.6699       930.7943       933.0405
       933.7927       932.8381       931.3573       931.4615       932.8859
       935.9869       940.4436       944.5626       947.0320       948.1942
       948.3947       947.2402       946.4770       946.2172       947.0301
       948.1254       947.3193       942.5986       936.3177       932.1587
       931.2465       932.0956       934.8688       938.9045       942.2128
       945.6082       950.1841       954.1252       956.2917       958.5511
       960.4272       961.6953       963.2278       965.3989       965.7491
       964.1457       962.9825       962.1826       960.4293       958.5691
       957.5397       958.2512       958.4918       957.5767
       962.7789       964.4437       966.2469       968.0700       967.2958
       962.5383       956.2936       952.4954       950.7903       948.6788
       945.5521       942.4504       939.1575       936.8110       936.8091
       937.6562       939.6069       943.5121       949.6463       956.1085
       959.0709       958.9241       958.2938       958.1080       957.3892
       956.2556       955.2040       954.0114       953.8514       955.0557
       955.2264       955.4238       955.5328       954.3578       952.8257
       950.8712       949.0613       947.0666       945.4178       945.7512
       946.8514       947.4980       946.5286       945.5067       947.1585
       949.7534       952.0511       953.7691       953.0043       950.9177
       951.0500       952.6633       953.4662       951.9224       949.3396
       946.5229       944.8345       943.7609       941.8824       940.5504
       941.6166       944.4967       946.3162       947.0438       946.0461
       942.1476       938.2796       936.2324       936.1230       935.9398
       935.4213       933.2120       931.4372       932.1442       933.2147
       932.5414       930.0087       930.0914       931.9897       932.6913
       932.1841       934.3380       938.2446       942.7188       947.2855
       949.9416       950.6897       950.7329       950.5588       951.7038
       953.0529       952.9299       950.1332       945.3318       941.0580
       938.9321       937.9324       939.5000       943.1844       946.6251
       949.6746       953.4195       956.2969       958.2472       960.4028
       961.8950       962.4454       963.9874       966.8033       967.8169
       967.0074       965.9233       965.2355       963.6982       961.8558
       961.0041       960.8102       960.8452       960.2468
       963.9253       964.5081       966.3097       967.9108       967.4576
       964.0639       958.7876       954.9800       952.7180       951.1174
       948.3945       944.5455       941.1756       939.2726       939.5350
       941.1764       943.3641       946.9579       952.3304       958.1954
       961.0015       961.0281       960.7697       960.6531       960.1785
       959.6984       958.2955       955.9312       955.1011       955.5197
       955.3660       954.5963       953.5280       952.6431       950.8869
       948.4321       945.7025       944.4028       943.6539       943.8412
       944.7499       944.6448       942.7953       941.5996       942.6959
       944.5750       946.9272       949.9282       950.7298       950.0108
       949.6002       951.5367       953.1566       951.6915       948.2218
       944.1908       941.4919       940.2920       939.0728       939.1812
       941.8701       945.3559       946.6259       946.8795       945.7487
       943.6789       941.5905       939.5152       938.1987       937.0138
       936.5391       935.0786       933.7537       933.4934       934.3055
       932.6792       930.0107       930.9592       935.4151       934.8066
       931.9844       931.5641       935.1653       940.5612       945.6202
       949.2690       951.2832       951.9289       953.1390       955.0201
       956.5601       956.5311       955.7266       952.8544       949.6475
       947.5968       945.6466       946.1316       948.5378       951.0739
       954.0487       956.6010       958.2170       959.6591       961.1384
       962.5236       962.8546       964.3238       967.1995       968.5385
       968.2174       967.5026       965.9596       965.9625       965.7612
       964.3531       962.8788       961.9974       961.1509
       964.2798       964.5612       966.6021       967.8660       966.8347
       965.2602       962.6321       958.8347       956.2427       955.2809
       953.1526       949.1159       945.4230       942.9509       942.4248
       944.7794       946.8146       948.9625       952.8572       956.9487
       959.3322       960.1147       960.2170       959.5309       958.8776
       958.1323       956.1352       953.6987       952.3046       952.0663
       951.2836       949.4361       948.7254       948.4689       947.6855
       945.3800       944.5603       945.2992       945.8754       945.3895
       945.1898       944.5885       942.7619       941.3179       941.6041
       942.4454       944.3145       947.2197       949.0172       948.4455
       948.0022       949.2030       950.5868       950.2992       947.8275
       943.7388       939.8821       938.3356       938.1866       939.8193
       944.3096       947.6942       948.4658       947.5901       946.7379
       946.6578       945.8240       943.7883       940.0546       936.9351
       935.2982       935.7243       935.4509       934.4047       934.3973
       933.2868       931.4352       934.6461       938.2982       938.4836
       935.9562       935.1086       936.8566       940.8212       944.3842
       947.7055       950.0795       951.7636       952.9944       955.0715
       957.0355       957.5973       957.8672       956.8171       954.9973
       953.6544       953.1667       953.5236       955.4421       957.2598
       958.8792       959.8674       959.9530       959.8650       960.1289
       960.5939       961.9115       964.4510       967.1881       968.8785
       969.0237       967.5345       966.7042       966.8181       966.9045
       965.7294       963.4849       961.9404       961.1273
       966.2161       967.4714       968.5908       968.7444       967.7968
       966.9943       965.4297       961.6799       958.6215       957.6412
       955.7010       951.8028       948.3074       945.0700       944.3281
       945.8200       946.8422       947.4018       949.4440       952.1141
       954.6277       956.4036       956.3727       954.7308       953.3463
       952.1331       950.5335       948.5705       946.5840       945.8966
       944.3530       942.7906       942.4694       943.0469       943.2366
       942.4214       943.0699       945.4900       946.9965       946.7452
       946.0525       945.5673       943.7838       942.2405       942.3304
       942.7504       943.1387       945.4482       947.1473       946.9793
       946.8715       947.0642       947.7543       948.6151       947.9820
       944.4345       940.7095       939.7952       940.5638       942.4545
       947.2318       950.6099       950.7766       950.7971       950.1020
       948.7863       947.4583       945.2318       940.4321       935.5344
       934.0281       935.5412       935.6784       934.9039       934.9235
       935.2203       936.5285       937.9891       939.7446       940.2773
       939.4556       937.6907       939.0408       941.4854       944.4263
       947.5378       951.3004       953.7239       953.4377       953.6069
       955.1633       957.4878       959.5145       959.6099       958.4140
       958.0472       958.1002       959.2838       961.4771       963.2147
       963.8672       963.4691       962.1165       960.5989       958.7172
       958.9442       961.4910       963.9138       966.4709       968.1377
       968.0322       967.6676       967.4427       966.9167       965.6124
       964.3522       962.4191       960.5239       959.6367
       969.2190       969.6414       969.4649       969.4800       969.1534
       967.9897       966.1833       962.9557       959.3770       957.2629
       954.5416       950.9413       947.9775       946.3286       946.1730
       946.0790       944.9023       944.0508       944.6973       946.8589
       949.4493       951.8399       952.1262       950.0378       947.6782
       946.4909       946.7342       945.7149       942.9291       941.2547
       939.9062       938.2614       937.8266       938.6381       939.0736
       939.4633       940.6609       944.2155       947.0793       946.9811
       946.1838       944.8007       944.0067       943.5740       944.2446
       943.7243       943.2007       944.2904       945.8105       946.2361
       946.2148       946.6323       947.2844       948.0710       947.8709
       945.3257       942.4858       942.1299       943.5901       945.8434
       949.2867       953.1035       954.6775       954.9419       953.8859
       950.9552       948.1808       945.6677       941.2101       937.4572
       937.0516       937.0090       936.4012       936.5971       938.4074
       941.2073       942.1682       941.4913       940.6857       940.7589
       939.9066       939.1321       940.9634       943.6623       946.2366
       949.8213       953.5308       955.4414       954.3378       953.0731
       954.2218       957.5125       961.6882       963.0267       961.9644
       961.7483       961.7076       962.6972       964.8085       966.4644
       967.4281       966.7836       965.2043       962.9234       960.9525
       961.3408       962.8896       964.5550       965.3507       965.6694
       966.6868       967.6339       968.2562       966.8132       964.1120
       961.5799       960.1999       958.1675       957.6804
       970.6555       969.5706       967.8972       968.0833       967.9613
       966.0884       964.1433       962.2545       959.0459       955.5511
       951.7937       948.2457       946.6450       947.0415       947.4229
       947.0848       945.1164       943.1566       942.8202       944.2456
       946.5443       949.3132       949.9000       947.6832       944.5512
       942.9906       943.7891       944.0341       942.0648       939.5558
       937.9641       936.6405       935.8471       935.7450       936.1210
       936.5980       939.2050       943.4213       946.6648       947.5228
       946.4326       945.1595       944.5585       945.5792       946.3373
       945.8331       944.1494       944.7015       946.0698       945.9458
       944.9180       945.7065       947.0172       946.9777       946.0263
       944.5848       943.3607       943.2760       944.4341       947.2977
       951.4929       955.4848       958.3239       958.8356       957.0464
       953.7632       950.6797       947.6707       944.9603       943.1111
       942.9878       943.9863       944.4205       944.5836       945.8945
       947.2119       944.9958       940.4740       938.8835       939.9198
       940.8419       942.2141       944.9778       947.9796       949.7152
       952.1340       954.9543       955.6094       954.1955       952.9057
       954.2575       958.1611       962.1921       964.1334       964.3480
       964.2784       964.5903       964.9990       966.1062       967.8989
       969.2237       969.4709       968.8087       967.6873       966.2046
       965.5337       966.1439       966.2614       965.0928       964.2839
       965.5207       967.7538       967.6495       965.5209       962.3958
       960.1890       958.3683       957.2080       956.6675
       970.3517       968.6994       965.7376       964.6135       964.4708
       963.0259       961.3878       959.9430       958.2167       954.6693
       950.5605       947.9503       947.5433       947.2566       947.6668
       947.2936       946.1928       944.9398       944.1814       944.6613
       946.5345       948.9335       950.0430       947.3800       943.3057
       940.5452       940.7719       940.9791       939.9240       938.0905
       936.8550       936.7042       936.0251       934.8446       934.5437
       935.2061       937.5684       941.9923       945.4141       946.9573
       946.8058       945.9979       946.2994       947.3069       947.8766
       947.9383       947.1724       947.1213       947.3762       946.1909
       944.8622       944.7090       944.9622       944.4801       943.7461
       943.2086       942.6671       942.3755       943.5197       947.0583
       952.1693       956.7432       960.6570       961.2303       958.3333
       955.7449       953.9181       951.2117       947.4412       944.7460
       946.9897       954.2082       956.9845       953.5392       950.4854
       948.2610       943.7214       938.6971       937.0557       940.0460
       944.6689       948.1871       950.2298       952.0641       953.5938
       954.1828       954.8090       955.0274       953.3653       952.7550
       954.9774       958.3762       961.4044       963.1153       964.2577
       965.0540       965.0206       965.0754       966.2008       967.9876
       970.7743       972.6879       973.0826       973.1013       972.8088
       971.7998       971.1045       970.1719       967.4370       965.3626
       966.2354       967.5246       966.2734       963.8430       961.5960
       959.7264       958.1677       956.8571       955.9828
       967.7701       966.6415       964.4302       962.6916       961.7545
       961.5676       960.2704       959.0771       958.3401       955.7018
       952.6637       950.8090       949.6170       948.5572       947.2791
       947.2733       946.9777       946.4926       946.5886       947.4554
       948.1254       949.3525       949.8716       947.6110       943.0131
       939.6580       938.5602       939.2409       938.9012       937.6609
       937.1911       937.4318       936.5042       935.2922       934.5538
       934.3590       936.5787       940.4887       943.4073       944.9165
       945.7297       946.2774       947.7321       949.3008       950.2427
       950.6344       950.1151       949.7207       948.7144       946.5742
       945.2029       944.6802       944.1634       944.1452       944.1507
       943.4401       943.0649       942.7437       943.7114       946.7525
       951.5505       956.0928       959.7295       959.8102       957.0175
       955.6331       954.3674       952.0209       948.0845       944.3636
       946.0223       953.0062       956.3652       953.3405       949.5092
       945.8480       942.0569       939.4608       940.2685       944.0697
       950.6107       954.7105       955.5084       956.9750       957.2421
       956.2253       955.4340       954.6743       953.8998       954.4890
       956.3405       958.7897       961.0602       962.6349       963.2145
       963.7051       963.8859       964.0083       964.7789       967.2391
       971.1951       975.1198       977.3313       978.6552       979.9055
       979.7155       978.3774       975.6273       971.8613       968.7099
       968.0027       967.3304       965.7454       963.0167       961.3508
       959.5703       957.9151       956.3944       954.7391
       964.2839       963.6879       962.6758       961.2527       960.8316
       960.7303       960.0350       959.5903       959.1196       957.3914
       955.0791       953.6744       951.7476       949.6207       948.7730
       948.4773       948.0406       947.5590       948.6552       949.8914
       950.1309       950.1096       949.9336       947.8636       943.8676
       939.7874       937.6929       937.8258       938.3740       938.4253
       939.2396       938.6404       936.8681       935.6938       934.3654
       934.5031       937.2294       940.4398       942.4828       943.8467
       945.2490       946.7130       948.8969       951.0960       953.0970
       952.7352       951.4054       950.0642       948.6868       947.0041
       945.3239       944.9456       945.4178       946.3171       946.3874
       946.1013       945.7466       945.7540       946.3443       948.2626
       950.4768       953.5511       955.6696       955.3372       954.3794
       953.9287       953.0181       950.9636       948.5092       945.3574
       945.0421       948.3090       950.2900       949.4084       948.1457
       945.4907       942.8446       942.9390       945.3627       949.6347
       954.7746       959.1021       960.8634       961.0415       959.7429
       957.5508       955.9999       954.9189       954.6835       955.8803
       957.7279       959.3846       961.2731       962.7980       962.8671
       962.5471       963.1882       963.4944       963.5687       965.4547
       970.0585       975.3948       979.2618       982.0486       984.1996
       985.4710       983.7991       979.6116       974.8034       971.6807
       969.1066       967.0756       965.1729       962.7954       960.6211
       959.1295       958.0796       956.2953       954.0942
       961.7241       960.5390       959.6072       959.1248       959.1938
       960.1670       959.7773       959.2148       959.0208       958.2875
       956.4953       954.8604       952.9023       950.8374       950.3265
       950.4205       949.9121       949.3491       949.4455       950.7348
       951.3937       951.2017       950.6660       949.1205       945.2132
       940.3063       937.3636       936.7625       937.4299       938.7916
       940.0284       939.3157       937.4327       936.1788       934.5978
       933.8193       936.1464       940.0519       942.5087       944.2753
       946.0838       947.3316       948.9520       951.3439       952.8723
       952.7316       950.9484       949.3956       949.1437       948.1935
       946.8589       946.6468       948.0982       949.2366       949.1247
       948.5140       948.3228       948.5347       950.5393       951.0619
       951.6672       953.3511       953.4430       952.8934       953.0264
       953.3231       952.8051       951.3132       948.6432       946.3096
       945.5610       947.2378       948.1927       948.8258       950.0787
       950.3174       949.2309       949.6468       951.6992       954.0678
       957.3073       960.3493       962.0259       961.6664       958.8246
       956.3260       955.1317       953.9099       953.7086       955.5776
       958.4307       960.0569       961.5776       962.7493       963.4789
       964.0108       964.0352       963.7090       962.9366       964.4266
       969.1073       974.4099       978.2568       981.3333       984.2054
       985.2878       983.2705       979.0279       974.9014       971.2709
       968.2159       965.7891       963.6872       961.4591       959.6181
       958.3094       957.6387       956.2075       953.8107
       960.4904       958.0767       957.2135       957.8865       958.9240
       960.1351       960.0721       958.6720       958.6132       958.8239
       957.5164       956.0576       954.4702       952.5627       952.0295
       952.2923       951.6613       951.0702       951.2394       951.8601
       953.3951       953.1148       951.8036       949.9996       946.2165
       941.6146       938.8331       937.8350       937.7918       938.3530
       938.5954       938.1993       937.3588       937.4589       936.7598
       935.0640       936.0560       939.4894       942.0381       944.5308
       946.4155       946.6786       947.2115       948.1751       949.2935
       950.0341       949.7099       950.0648       951.4771       951.6674
       950.4407       949.8350       951.3562       952.5021       951.8146
       951.2847       950.4879       951.3312       953.6357       956.0620
       957.8495       958.1956       956.3635       954.2804       953.4141
       953.2436       952.9050       951.0881       948.8668       947.0526
       946.8953       947.2114       948.2416       950.1439       954.1451
       957.4359       958.4311       958.9517       959.3448       959.5587
       959.5079       960.3149       960.8026       959.1246       956.3453
       954.5234       953.7508       952.9326       953.3514       955.0913
       957.8392       960.1724       961.6899       962.8033       963.6984
       965.1769       965.7199       964.0090       963.0281       964.7791
       968.6995       972.4763       975.7084       977.9084       979.8613
       980.2865       978.0272       975.0156       972.1343       968.7392
       965.2922       962.7009       960.9362       959.0120       957.6342
       957.2851       956.6129       955.3792       952.9612
       959.6302       957.3368       956.8531       958.6852       960.2290
       961.0255       960.3547       959.0045       959.1568       959.4235
       958.3901       957.8499       956.8502       955.2088       954.5644
       953.8731       952.9329       953.1729       954.0618       955.0930
       956.1050       956.0238       953.9036       951.3425       948.2477
       945.2023       942.1824       939.5358       937.4919       936.1351
       936.2848       936.8322       938.2964       939.8278       941.3054
       941.1154       941.0228       942.2356       943.8824       945.5956
       946.5113       945.2584       943.7677       943.9821       945.3692
       947.3190       948.8795       951.1580       953.9349       955.0530
       953.8778       952.9510       953.6544       954.4159       953.9225
       953.1467       953.3461       954.2607       956.2570       959.7690
       963.5294       963.8333       960.7303       957.6881       954.9250
       953.5203       952.5519       951.0006       948.8160       948.1378
       948.7328       949.3094       950.8257       953.9666       958.5613
       962.9576       965.1586       965.3243       965.4797       965.1429
       963.3369       961.9193       961.2308       958.5356       955.5789
       953.6365       952.7309       952.9009       953.4264       955.1731
       957.4743       960.2831       962.2706       962.7169       962.6539
       963.4313       964.1193       964.0676       963.1006       964.1803
       966.8823       969.7013       972.0548       973.7002       974.1432
       973.6827       972.1787       970.2640       968.1763       965.3809
       961.6008       959.3333       958.2865       956.7551       956.0345
       955.7866       955.6470       954.8027       953.4783
       958.4723       957.2491       957.4569       959.4881       961.1462
       961.2751       959.9053       958.2953       958.8820       959.8968
       959.5248       958.8456       957.7449       956.4786       955.6143
       954.7335       953.9072       954.6206       956.2628       957.9396
       958.9659       958.2246       955.9290       953.7388       951.4963
       948.8654       945.8090       941.2526       936.7064       934.1689
       934.8493       937.4385       940.6770       943.9368       945.8098
       946.3220       946.2189       946.6907       947.4872       948.2133
       947.0767       944.7039       942.5065       942.0031       943.3871
       945.5656       948.5827       951.9453       955.0332       956.1221
       955.0980       954.6707       954.8426       954.9069       954.4107
       953.3837       953.6309       954.8557       956.6543       960.2994
       963.8566       964.4802       961.8044       958.6929       956.5937
       954.2587       952.8324       950.7825       949.1599       949.4827
       950.8753       953.1151       955.4968       958.9778       962.5689
       966.1471       969.0589       970.1351       970.0235       969.1450
       966.7562       963.6774       961.6064       959.0416       955.8513
       953.5657       952.7967       953.3034       954.6663       956.1149
       957.7448       960.2572       962.8112       962.7787       961.1693
       960.7799       961.6336       961.9108       962.4343       962.5396
       964.2148       966.7417       968.6047       969.8434       969.4775
       968.1791       967.1769       965.7047       964.2506       961.1794
       957.9333       956.9805       956.2277       955.5853       955.4222
       954.7544       954.3031       954.7066       955.6821
       956.0773       956.5060       956.9494       958.3975       959.9430
       959.7976       957.5375       955.7817       956.9849       959.6754
       960.2294       958.7408       957.1701       955.6808       954.6371
       953.7311       954.1663       954.9670       957.1729       959.0680
       960.1531       959.5069       957.7394       955.8928       953.7386
       950.8126       947.2689       943.3137       938.0162       934.8879
       935.9133       939.5150       943.8705       947.1223       948.7964
       949.2800       948.9979       949.1185       949.2487       948.9452
       947.7606       945.5068       943.4926       942.4404       942.3546
       944.5835       948.2160       951.9350       954.9364       955.6064
       955.2746       954.8001       954.3021       954.3261       953.9147
       953.1343       952.6730       952.8541       955.2822       959.1064
       961.7131       961.5610       959.6553       957.7643       956.2983
       954.3668       952.3203       950.3057       949.5158       950.8151
       953.6218       956.9316       960.5176       963.0909       965.3761
       968.5634       972.4650       974.6595       973.7028       971.1985
       967.5372       963.9494       960.9049       958.3027       956.3558
       954.7093       954.3121       954.9431       956.4370       957.6956
       958.0248       959.6570       962.6031       963.1967       960.8692
       959.1946       959.1592       960.3061       961.2591       961.4436
       962.0075       964.1266       965.8151       966.0980       965.3479
       964.2736       962.5754       961.1671       959.7819       957.2680
       954.9841       953.9652       953.6135       954.2113       954.8148
       953.9615       953.4119       954.2103       955.6855
       954.7228       955.2092       956.0399       956.9818       958.0324
       957.3301       955.1091       954.0680       955.7634       958.6776
       959.5778       957.7606       956.2996       955.2779       953.9030
       953.0092       952.8274       954.3369       956.6105       958.7382
       959.5704       959.3593       958.4755       957.1161       955.1925
       951.3965       947.3591       944.4499       940.3769       937.1397
       938.6169       942.7451       946.1608       948.4572       950.2308
       951.2626       950.9645       949.6801       948.6783       947.7112
       947.1916       946.4760       945.2343       943.3890       942.7924
       944.9031       948.1993       951.4398       954.0010       955.1149
       955.2596       954.1696       953.3186       953.0873       953.2103
       953.2311       952.7140       953.0186       954.9619       957.5909
       958.6319       958.1911       957.3096       956.4734       955.7672
       954.2697       951.7320       949.7515       950.1135       952.9263
       957.0344       960.8975       964.2274       966.6111       968.0499
       970.5636       974.4298       976.7074       975.1326       971.7765
       967.8649       964.2592       961.2018       958.5696       957.2363
       957.0136       956.6689       957.1132       958.1444       958.6161
       958.3286       959.3538       962.0796       963.2661       961.3792
       958.8328       957.9861       958.8962       959.9489       960.5385
       960.9678       962.4530       963.6932       963.0289       961.9083
       960.6486       959.2365       957.2625       955.6058       954.6642
       953.5078       952.4843       951.4843       951.7734       952.7195
       953.3388       952.7508       952.7009       952.6995
       955.7384       955.8383       956.1932       956.6838       957.2943
       957.2508       956.0056       954.6500       955.5018       958.5060
       958.9462       956.6194       954.9908       955.3741       954.3615
       952.3730       951.8816       952.9901       955.2383       957.1681
       957.5095       957.1413       957.1392       956.7938       955.1386
       952.0369       949.0505       946.7440       943.5110       940.2015
       941.8010       945.5961       947.6000       949.2115       951.0929
       951.9610       952.0627       951.0637       949.1234       947.5358
       946.9850       947.0582       946.2686       944.9274       945.0797
       946.6578       949.1507       951.4698       952.7386       954.6619
       955.4149       953.9067       952.4369       952.4611       953.3672
       953.5002       953.1533       953.9241       955.4130       955.9529
       955.6950       955.3135       954.9366       955.0649       955.7199
       954.9958       953.1478       951.8112       952.5607       956.4322
       960.5720       964.3846       967.5905       969.8220       971.4191
       972.9991       975.4082       976.5337       975.1241       972.4366
       968.5986       964.5381       961.5711       959.5042       958.5779
       958.2910       958.5287       958.8923       959.4175       959.2245
       958.3332       958.7957       960.8863       962.2371       961.0060
       958.9420       957.7682       958.0519       958.6841       959.2952
       960.3467       961.7860       962.2545       961.1802       959.7826
       958.4185       957.1669       955.4920       954.1100       953.9589
       953.6371       952.5019       950.9404       950.1574       951.1682
       952.0313       951.5725       950.5203       950.5839
       957.1401       957.2087       956.7965       956.3045       957.0422
       957.9416       957.2275       955.6412       955.8832       957.9161
       957.3756       954.7405       953.8094       954.7891       954.7322
       952.8475       951.7999       952.5833       953.7991       954.6917
       955.1054       954.7539       954.8502       954.6671       952.9423
       951.7367       951.5128       950.6644       947.3330       944.0119
       944.3832       946.8525       948.6828       950.1453       951.9127
       953.3008       954.2733       954.3835       952.8190       950.6801
       948.6893       947.4948       946.5430       946.4868       947.1367
       948.2241       949.9459       951.3379       952.5933       954.7010
       955.2621       953.7487       951.9865       951.5459       953.0085
       953.9255       953.5717       953.4000       953.8828       954.2503
       953.7838       953.1833       953.1524       954.2281       955.2993
       955.7039       955.8448       955.9982       957.1961       959.8922
       963.9136       967.8180       971.0042       973.3654       975.0556
       976.6885       977.4589       976.6296       974.6111       971.6223
       968.3591       964.8530       961.9748       960.3422       959.2789
       958.9661       959.5930       960.3663       960.4937       959.6932
       957.9153       957.4688       958.9397       959.7617       959.8901
       958.7847       957.6061       957.3526       957.6760       958.5093
       960.3616       961.4251       961.2686       960.0131       958.2118
       957.2623       956.4849       955.3634       954.3513       954.1183
       953.8154       952.8699       950.4481       949.5580       950.7904
       950.4471       949.3724       949.1714       950.2619
       957.7113       957.6388       956.5936       955.5301       955.7184
       957.1176       957.2606       955.9750       955.8954       956.1673
       954.6750       953.0391       953.5872       955.1104       955.2758
       954.2960       953.4488       953.4649       953.1479       953.0081
       952.9097       952.4457       952.6945       951.8806       950.0356
       950.4793       952.7297       952.8900       949.1472       945.6443
       945.5663       946.8395       948.7358       951.2184       953.1898
       955.2841       956.5018       957.0994       956.7634       954.4767
       951.2292       948.2922       947.1072       946.8374       947.5007
       948.5688       949.8768       951.5394       953.5210       954.7903
       954.6503       952.9455       950.8286       950.0468       951.6866
       953.3687       953.5920       953.1825       953.0449       953.3992
       953.1007       952.8632       953.7754       955.1763       955.7856
       956.5370       958.8813       960.9292       962.2890       964.3584
       967.6274       971.2180       974.9026       977.2960       979.0368
       980.4368       979.9666       977.4941       973.4924       969.9944
       967.4417       964.9745       962.4831       960.4930       959.3192
       959.3077       960.3557       961.6534       961.7202       960.0400
       958.0007       957.2151       956.9753       957.3521       958.0846
       958.0944       957.2150       956.6150       957.3477       959.1091
       960.8120       961.6109       960.9327       959.2513       957.6360
       956.9707       956.6516       954.9440       954.0956       954.0696
       954.2111       952.5501       949.9729       949.0892       949.5651
       948.5414       947.1116       947.9946       949.6024
       957.1178       956.7934       955.4213       953.9047       954.2145
       956.9276       957.2589       955.5579       955.4923       956.0530
       954.8472       953.4821       954.1744       955.2869       955.6373
       955.4032       954.8397       954.2136       953.2278       951.8392
       950.0883       949.3000       949.4836       949.1592       948.7181
       950.9183       953.7512       953.9048       950.0410       946.4137
       946.8169       948.0241       949.7916       952.2000       954.0056
       955.5234       956.5487       957.7926       957.6328       955.9219
       952.6389       949.5004       947.6464       946.3629       945.9849
       947.2545       949.6501       952.3120       953.6926       953.9799
       952.9965       951.3153       949.9933       950.2520       951.5463
       952.8945       953.8788       954.2233       954.4214       955.2405
       955.5992       955.8021       957.4859       958.5786       958.6210
       959.6359       962.2893       965.4363       967.5490       969.3121
       972.1581       975.4527       978.2014       980.3163       981.9648
       983.1904       981.7083       977.4482       973.1975       969.6417
       967.6242       965.6091       962.8955       960.6224       959.4866
       958.6781       959.9467       962.1966       962.4989       960.6177
       959.5223       958.5747       956.4008       955.5596       955.8995
       956.5610       957.1279       957.7968       959.0268       960.2203
       960.8779       960.8096       959.7629       958.5917       958.0493
       958.3640       957.7043       955.4320       953.8792       954.1935
       953.2346       951.5851       949.3884       948.0676       947.6048
       946.3398       944.6796       945.6286       948.5275
       954.9838       954.9956       953.5764       951.7344       952.7663
       955.3729       955.9312       954.3539       955.5402       957.2393
       957.0075       955.4819       954.6518       955.1564       955.8786
       955.5734       954.7111       953.7159       952.9760       950.2712
       947.3694       945.9761       946.8091       947.6334       949.0101
       952.4875       954.9202       954.7952       952.8051       951.0361
       951.2922       951.6493       952.2167       953.6750       954.4937
       954.5316       955.6699       956.4313       955.9708       954.4532
       952.8062       950.8461       948.2000       945.5458       944.1841
       945.5827       948.7999       951.3776       952.4857       951.9696
       951.4730       951.3929       952.2933       953.6293       954.0490
       953.4611       954.5070       956.8729       958.1443       958.5463
       958.9840       959.7875       961.1295       962.1984       962.2076
       963.0984       965.7955       969.3301       972.5096       974.8804
       976.5331       978.3198       979.9339       981.3557       982.8087
       983.8239       982.3708       978.0800       973.9921       971.0813
       968.9675       967.1691       964.4692       962.5949       960.5553
       959.1210       960.0134       962.6272       962.8676       961.3920
       960.8867       959.6851       957.4094       955.5733       955.3148
       956.7352       958.6747       960.8506       961.7402       961.5388
       960.5670       959.3361       958.2305       957.8282       958.5960
       960.0793       959.6332       957.4765       955.5571       954.0460
       952.6639       950.7278       948.5100       946.4542       946.0813
       946.0237       944.2843       944.3359       947.1361
       950.4693       951.2987       951.5945       951.0005       951.0943
       952.4366       953.4453       954.7155       956.3250       958.4507
       957.9137       956.1257       954.7459       955.1575       956.4197
       955.6615       953.7687       953.1635       951.8910       949.6443
       946.4496       944.7422       944.9814       947.4147       951.0257
       954.0319       956.1700       956.5287       956.7013       957.0317
       956.2624       954.9141       954.1865       954.3983       954.8019
       955.0181       954.8511       953.9636       952.9393       952.0657
       951.6179       950.9060       949.1082       945.9863       944.4531
       945.9684       948.6259       950.9290       951.4520       951.4702
       952.6506       954.4678       956.4736       957.2786       956.3801
       954.7020       956.1046       959.9070       962.7326       963.0099
       961.9919       962.1052       963.3412       964.3962       964.9908
       966.1162       968.4036       972.8574       977.2941       979.7298
       979.8618       979.6359       981.0858       982.1885       982.9543
       983.6572       982.8326       979.5729       975.5543       972.3173
       970.3988       968.6700       966.6375       964.4396       962.3956
       960.7667       961.3698       962.9511       963.0056       961.8151
       961.5871       960.9001       958.8667       957.0402       957.4107
       959.2789       961.9766       963.7997       964.0632       962.3779
       960.2850       958.2961       957.1873       957.3804       959.1868
       960.1670       959.9581       958.5112       956.3414       955.2421
       953.7332       951.0668       947.9916       945.7018       945.5757
       946.7285       946.3307       945.6068       946.3947
       946.6741       947.9116       949.8500       950.6833       950.4346
       950.3930       952.3483       954.9666       957.6440       958.7338
       958.0290       956.3465       954.9421       955.1993       956.4750
       955.9937       954.0145       952.6373       951.3502       949.4880
       947.3205       945.3555       945.2031       948.5082       952.4919
       956.1734       958.3253       959.2753       959.3693       959.0557
       957.9448       955.5209       953.7773       954.4242       955.3837
       955.7574       954.7501       952.8303       950.5434       949.5005
       949.7295       949.4785       948.4971       947.0183       946.3275
       948.4512       951.3018       952.3265       952.4169       953.3613
       954.9004       957.5198       959.0276       959.0970       957.8174
       957.3953       958.8541       962.8616       966.5231       966.7794
       965.5078       965.1960       965.8058       966.5345       967.5649
       968.6730       971.0002       975.4295       979.9913       982.1277
       981.6194       981.4578       982.7952       983.6592       984.0518
       984.2460       983.1160       980.6884       976.4766       972.4308
       969.8752       968.6606       967.3888       965.5926       963.6428
       962.6954       962.6746       963.6323       963.6591       962.8548
       962.6395       961.5472       959.6029       959.0071       960.1552
       962.3895       964.0203       965.2281       964.8982       962.9924
       960.3381       958.0486       956.5137       957.0201       958.8129
       959.2849       958.2227       957.1270       956.2218       955.8000
       954.2759       951.0364       948.2882       946.2722       945.9799
       947.2872       948.2741       947.8828       947.6479
       946.1279       947.5746       948.5286       948.8053       948.9459
       949.6281       951.6224       955.0955       957.6268       958.1804
       958.2203       958.2384       957.1090       956.5983       957.2299
       956.5740       955.0626       952.7903       951.1284       950.2003
       948.8080       946.9265       947.0084       949.5605       953.8328
       957.0797       959.7243       960.9163       960.7624       959.1705
       957.1235       954.1417       952.3509       953.0337       954.8015
       955.5577       954.6047       952.1152       949.9156       948.6940
       948.1505       947.6685       947.1441       946.3698       946.4703
       949.4394       953.1129       953.9507       954.3112       955.1780
       956.5141       957.8143       959.4097       959.7226       959.6113
       961.1046       963.2488       966.2106       969.1426       969.4871
       969.2858       969.5572       969.6954       970.2611       970.9504
       971.7241       973.6768       977.0815       981.0232       982.5814
       982.1535       981.8815       982.5193       983.4238       984.3432
       984.1234       982.1959       980.1997       976.1507       971.1535
       968.4688       967.8748       968.2407       967.1367       965.1755
       964.4523       964.2365       964.5161       964.5430       964.4660
       963.6133       961.3582       959.7836       960.2842       961.9655
       962.7420       963.2902       963.8459       963.8661       962.3671
       959.9990       957.9581       956.5571       956.7726       957.6694
       957.8278       957.0690       955.1974       954.4917       954.5630
       953.1318       950.5814       948.3318       946.9579       946.5093
       947.8542       949.4929       950.1822       949.8526
       946.4034       947.1470       947.0054       946.2166       946.5742
       949.0067       952.2477       955.3903       957.9227       958.9097
       959.8320       960.4768       960.2648       959.5328       958.3331
       956.7599       955.1283       953.2388       951.1554       950.1408
       949.1176       948.1437       948.2072       950.5932       954.0197
       958.1078       961.0876       961.7247       960.4185       958.6082
       955.8911       952.6253       950.7786       950.8016       952.7997
       954.3193       953.9083       952.5825       950.9531       949.4312
       948.1863       946.6882       945.8601       944.9155       945.3006
       947.8299       951.3264       953.7355       954.5361       955.6814
       957.1051       958.7869       960.4931       961.5482       962.2131
       964.2715       967.3511       970.1894       971.7141       971.8214
       972.2367       973.0096       973.5704       974.2098       974.3191
       974.4415       975.6866       978.7845       981.4572       982.6016
       982.3392       980.8696       980.3923       981.1992       981.8428
       981.3809       979.2609       976.6320       973.6418       969.9172
       967.7411       968.1160       969.9429       969.6442       967.6037
       965.9357       965.6860       965.4510       964.8822       964.1428
       963.5349       961.9249       960.9559       961.1869       961.8754
       961.9817       961.8099       962.1119       961.4261       960.1228
       958.9600       957.4869       956.0349       955.5027       956.4497
       956.5909       955.6647       954.3121       952.8409       952.0850
       951.1976       949.0224       947.4080       946.9069       947.3873
       949.0090       950.6786       951.8364       952.1263
       946.2452       946.3046       946.5028       946.1512       946.8221
       949.5411       953.3456       956.5061       958.5923       959.8720
       961.6901       962.3345       961.8709       961.5870       959.4963
       956.8751       955.0362       953.4041       951.8541       950.1249
       948.6841       947.9415       948.9308       951.1121       954.2317
       958.8290       962.3537       962.1833       959.4592       957.3008
       955.1229       952.8276       951.1115       950.7447       952.1241
       953.2138       953.5243       954.1953       953.0644       950.7637
       948.2994       946.7097       945.4246       945.1703       945.9661
       947.3574       948.8472       950.8046       952.4379       955.2373
       959.0013       961.9617       963.3819       964.6034       965.3177
       966.9938       970.2495       973.4224       974.5297       973.9946
       973.7993       974.5182       975.8602       976.7256       976.5776
       976.3524       977.7153       980.1603       982.4349       983.4142
       982.7010       980.4158       978.7412       978.3075       977.7696
       976.3571       974.8497       973.2432       971.5776       970.0952
       969.2222       970.0099       971.3069       971.8642       970.2120
       967.7472       965.9555       965.4397       964.0228       963.3312
       963.2435       962.8172       962.4283       962.1916       962.3470
       962.3280       962.1237       961.5145       960.0287       958.7653
       958.1035       956.4916       954.3716       953.5239       954.5237
       955.1724       954.9923       954.1230       952.8102       951.3417
       949.3140       947.3123       946.3865       946.9085       948.4168
       950.6802       952.8275       953.9484       954.4012
       945.7825       946.3238       947.0333       948.2654       949.5021
       951.4376       953.9219       956.6556       958.1104       960.0366
       961.8252       962.6935       963.5746       962.9000       960.2834
       957.3923       955.9063       954.5158       953.3960       951.5867
       949.4648       949.1852       950.3008       952.1338       954.9291
       958.8407       961.6308       961.1813       958.6170       955.7256
       954.5793       954.0403       953.2873       952.5170       951.7343
       952.1378       953.1578       953.7544       952.9975       950.5853
       948.4843       946.9518       946.3660       946.8270       948.2798
       948.7682       948.3308       948.5560       951.3181       955.6711
       960.8000       964.0529       966.0999       967.2492       967.9505
       969.5253       972.9105       976.1987       977.6723       976.3309
       975.4337       975.8277       977.1341       978.0101       978.0891
       978.7018       979.8853       982.2706       983.9218       984.1423
       982.7332       980.3361       977.6951       975.7382       973.5660
       971.6648       971.1850       971.7722       971.6794       971.4254
       971.3201       971.2615       972.6436       974.2134       973.1539
       969.6255       966.6014       964.4830       963.2276       962.9958
       963.4496       963.3852       963.0947       963.6522       964.1812
       963.9865       963.0835       962.2561       960.7674       959.7407
       958.5139       956.2838       953.8514       953.0428       953.9074
       954.9608       955.2778       955.1691       954.3184       952.8928
       950.6732       948.7697       947.7513       948.0076       950.0312
       953.2240       955.5475       956.7521       956.6000
       944.5446       945.4444       947.1921       948.8690       950.7193
       952.2291       953.9705       955.7642       957.8758       959.5316
       961.1213       962.6216       963.9534       963.4547       959.9731
       957.1927       955.8637       955.7550       955.2724       952.9466
       951.3711       951.5364       952.3050       954.3206       956.5222
       958.2036       958.9124       958.1244       955.4631       952.9449
       953.0266       954.2469       954.4678       953.1038       951.1871
       950.8901       951.9737       952.3109       951.6489       950.1979
       948.5381       947.3231       947.5295       948.6895       949.0546
       949.0630       948.5189       949.2238       951.7808       956.6705
       961.6713       965.1205       967.2350       969.0715       969.8365
       971.4536       975.5603       979.6795       980.7804       979.6272
       977.7125       976.6250       977.1990       977.4053       977.9532
       979.6204       982.3354       984.1709       984.5810       983.3290
       981.6926       979.6221       977.1854       974.7112       971.7141
       968.7505       968.5381       969.8121       970.6224       970.2339
       969.9673       971.5367       974.1036       976.1393       975.5308
       972.2821       968.4343       965.2023       963.4562       963.2847
       963.4378       963.5391       963.5619       965.0273       966.0509
       965.4227       964.7999       964.1184       963.1027       962.1077
       960.3336       957.7357       955.9263       955.4908       956.0067
       956.7277       956.8579       956.9664       956.7575       956.9808
       956.5590       954.8708       953.1548       951.9492       953.2432
       955.8237       958.0345       958.8798       959.3848
       943.1682       944.0015       945.3565       947.4032       949.8771
       951.9861       953.6198       955.2133       957.2663       959.0468
       960.1462       961.5224       962.3871       961.2549       958.0159
       955.5431       954.9300       955.3375       954.3060       952.9099
       952.9575       952.5308       953.3128       955.0169       956.4365
       956.8987       956.3073       954.4984       951.9125       950.4424
       950.7470       953.2377       954.5474       953.6319       951.5839
       950.7772       951.2820       951.9980       951.4477       950.3958
       948.4496       947.0691       947.8268       948.8141       948.5330
       947.7133       948.0087       949.6730       952.9161       958.1685
       963.6400       966.7310       968.7686       969.9724       970.9858
       973.5734       978.0877       981.8843       982.9515       981.6599
       978.6151       976.8137       975.9163       975.3224       976.6291
       979.8847       982.9100       984.8782       983.9323       981.5585
       979.7114       978.3772       976.7828       974.6405       971.1967
       968.3644       967.7634       968.2542       969.1840       969.3853
       969.9506       971.7021       974.4939       976.2979       976.7211
       974.1920       970.0847       966.6403       965.1995       964.8116
       964.5032       963.9307       964.8071       966.4938       967.4898
       967.2429       966.9482       966.4788       966.0093       964.4337
       962.0316       959.9354       958.9319       959.1589       960.1999
       960.1373       959.8740       959.8593       960.5753       961.9570
       962.4447       962.0330       960.0558       958.0431       957.8945
       958.6349       959.9854       960.9838       961.8457
       942.5895       942.5776       943.9370       946.5715       949.3115
       951.9645       953.4898       954.9420       956.4011       957.8627
       959.2623       960.4209       960.5300       958.2245       955.3948
       953.7779       953.8570       954.1658       953.6978       953.3281
       953.6527       953.8626       953.3682       953.0110       953.3922
       954.4758       954.5617       952.0005       949.6685       949.3922
       950.9990       953.8338       955.7717       954.5082       952.6473
       951.5333       951.9404       952.0472       951.4995       950.0746
       947.4742       945.4591       946.3323       947.5694       947.5447
       947.4832       948.2265       950.6621       954.6115       960.4088
       966.0361       969.6533       971.0645       971.3688       972.2402
       975.0963       979.4803       982.3729       982.3515       980.6971
       978.5494       976.6575       975.0289       973.8210       975.7042
       979.7985       983.0345       984.6688       983.4071       980.0471
       978.5419       977.9291       977.3839       974.8052       971.2582
       969.3229       969.4185       969.6780       970.3513       971.9064
       972.2335       972.4977       973.8417       976.1267       976.4579
       974.2933       970.8469       968.2188       967.5457       967.7243
       966.9328       966.2875       967.2427       968.8055       969.6613
       969.7245       969.5732       969.6998       968.4454       965.5466
       963.2372       962.1594       961.9871       962.6666       963.2821
       963.6642       963.7184       963.8590       964.7817       966.0287
       967.0085       966.4719       964.9340       963.5328       962.4100
       962.3447       962.6624       963.4384       964.1646
       942.2150       942.0016       942.7762       945.0886       948.0192
       950.6185       953.4425       955.0889       956.0544       957.0295
       959.0775       960.6277       959.0588       956.0089       953.6888
       952.6727       953.1444       954.3170       954.4434       954.3607
       955.2734       955.4227       953.9109       951.3021       950.3723
       951.9165       952.7554       950.0081       947.6650       949.5927
       952.9724       956.0013       957.0699       956.1525       954.2366
       953.1460       953.3383       953.2446       952.2325       950.1961
       947.2189       944.9781       945.5183       946.9150       947.4960
       948.2607       949.9314       953.0316       957.2424       962.4286
       967.9069       971.8990       973.5563       973.2226       974.1490
       976.9929       981.0274       983.6694       982.7241       979.6321
       978.0258       977.4900       975.4420       973.8170       975.9366
       980.0099       983.6152       985.9867       984.9464       981.5198
       979.2468       979.9301       979.3566       976.2767       972.6218
       971.5461       971.9882       972.4935       972.8481       973.7606
       974.1911       974.1137       974.3237       975.7032       976.1529
       974.7692       972.7537       970.7380       970.1544       970.4706
       969.9789       969.4946       970.2664       972.1003       972.8414
       972.3571       972.4152       971.7860       969.2104       966.1649
       964.9846       965.2053       965.4609       965.7182       965.6071
       965.8748       966.4186       967.0070       968.0547       969.2889
       969.9832       969.2172       968.1829       967.3607       966.3460
       965.7314       965.7316       966.9312       968.1505
       941.2483       940.6870       941.2515       943.1387       945.2762
       948.3545       952.1235       954.9630       955.8572       956.3417
       958.8250       960.7390       958.0563       954.1207       952.5203
       952.5317       953.1284       953.8489       954.2770       954.6216
       955.5869       956.1788       954.5679       951.6694       949.9278
       950.6219       950.3524       947.7482       946.7065       949.8621
       953.9174       956.2139       957.6134       957.5806       956.1114
       955.1882       955.6364       955.2667       953.0091       950.5109
       948.0433       946.2114       946.1356       946.7835       947.6434
       949.3116       951.3486       954.3333       958.9576       963.6833
       969.2147       974.0933       974.9847       974.7232       975.9991
       978.9030       982.8735       985.5437       984.0074       980.1177
       978.2808       977.9573       976.4291       975.2446       977.0266
       980.6873       984.7556       987.6497       987.0413       984.5379
       983.1701       982.5372       980.8997       978.0792       975.6479
       973.9169       973.7584       974.0393       974.0404       974.3502
       975.2001       975.6052       975.7043       975.9221       976.4417
       975.9108       974.8130       973.4124       972.1000       972.3758
       972.3738       972.1299       973.2255       974.8103       975.2033
       974.4322       973.7084       972.2179       969.1927       966.9256
       967.1242       968.6728       969.2645       968.0097       967.0496
       966.9662       967.3058       968.9419       970.7285       971.3425
       970.7978       970.2113       970.0883       970.0892       969.2379
       967.5556       967.6633       970.0517       971.8343
