!     RMS - Reservoir Modelling System GRID TO ZYCOR GRID
!     RMS - Reservoir Modelling System VERSION : 10.1
!     GRID FILE NAME   : Reflector6
!     CREATION DATE    : 2018.12.21
!     CREATION TIME    : 08:25:19
@Reflector6 HEADER                     ,      GRID, 5
      15,    -99999.0000,       ,      4,      1
     119,     65,    436910.1562,    440110.1562,   6469154.5000,   6475054.5000
         0.0000,         0.0000,         0.0000
@
+ Grid data starts after this line
       875.1934       875.0163       874.6981       873.8527       872.7546
       872.1413       872.3280       872.9257       873.1155       872.7004
       872.6557       872.8485       873.1290       873.4099       873.8658
       874.7272       875.5879       876.2549       877.0289       877.8766
       878.4578       878.4935       878.1000       877.8211       877.3510
       876.4192       875.3159       874.4573       873.6888       872.6628
       871.7120       870.6885       869.3954       868.3178       868.2956
       869.2194       870.3995       871.4457       872.2464       872.5295
       872.8387       872.9150       871.4100       870.1024       870.0156
       869.5856       868.5570       867.4268       866.5936       866.8794
       868.0045       869.3163       870.6625       871.4099       870.8779
       869.9664       868.9546       867.4615       866.8781       867.3093
       867.6512       867.6051       867.7661       868.2975       868.5370
       868.9210       869.4449       869.9264       870.3478       870.7254
       871.5409       872.7502       873.8022       874.8063       876.1240
       877.4789       878.9725       880.0278       879.8500       879.9614
       880.8654       881.9011       883.0110       884.7627       886.6236
       887.6249       888.8267       890.3625       891.1314       891.7341
       892.1039       891.6341       890.2540       888.4334       886.7543
       885.5255       884.7808       884.2154       883.6990       883.0480
       882.5615       882.2305       881.9705       881.7188       882.0449
       883.4866       884.8192       885.0658       884.7424       884.0322
       882.6624       880.6746       878.7392       877.6844       878.0662
       878.3976       877.2695       875.9539       875.1329
       875.3638       875.0709       874.5515       873.6340       872.4025
       871.6437       871.5691       871.9760       872.0816       871.9352
       871.7417       871.8682       872.3715       872.8854       873.2292
       874.1623       875.3232       876.2982       877.3294       878.3072
       878.9167       878.8911       878.5999       878.2573       877.6416
       876.8023       875.7678       874.5060       873.5977       872.6180
       871.3184       870.0964       868.9543       868.2757       868.2400
       868.7223       869.2623       870.2078       871.4958       872.4290
       872.9544       872.7382       871.7330       870.5690       869.8449
       868.9207       867.7377       866.3488       865.3555       865.8086
       867.4449       869.1857       870.6884       871.3358       870.6961
       869.6459       868.5653       867.2998       866.2534       866.1082
       866.2528       866.1784       866.5067       867.0986       867.6467
       868.0685       868.5177       868.8514       869.1096       869.4611
       870.2243       871.5562       872.9335       874.3954       876.1125
       877.7245       878.8881       879.4927       879.8104       879.5679
       879.8228       880.8245       882.5641       884.7654       886.9415
       888.6274       889.8088       890.8274       891.6266       891.9255
       892.1448       891.8059       890.3207       888.4458       886.9692
       885.9253       885.0634       884.3271       883.4197       882.4658
       881.7953       881.6315       881.5740       881.7442       882.7208
       884.2733       885.6130       886.4082       886.1068       884.8921
       882.6064       880.2127       878.1974       877.1815       877.5562
       878.0064       877.5672       876.6639       876.1622
       875.3919       874.8239       873.8736       872.6542       871.3958
       870.6835       870.7775       870.9715       871.1376       871.1847
       870.8745       871.0814       871.7723       872.4423       873.0443
       874.1569       875.5178       876.4866       877.5121       878.5756
       879.4172       879.6528       879.2004       878.3837       877.6251
       877.0726       876.0149       874.9911       874.0242       872.8446
       871.1373       869.7606       868.9072       868.3476       868.0455
       867.7911       867.7211       868.4532       870.0697       871.7996
       872.7827       872.6725       871.6641       870.6158       869.3909
       868.0132       866.6320       865.0534       863.9845       864.7211
       866.7228       868.9014       870.4807       871.0344       870.4277
       869.3325       868.0741       866.7139       865.4662       864.7660
       864.4018       864.4368       864.9153       865.7046       866.5079
       866.7758       866.7704       866.8177       866.9468       867.3145
       868.0364       869.3460       871.3281       873.4448       875.5178
       877.4943       878.7277       879.0899       879.0115       878.8502
       878.7852       880.0558       882.4531       885.4163       887.7786
       889.6173       890.6193       891.3874       891.9235       891.9002
       891.8830       891.4568       890.2531       888.5062       887.1187
       886.3122       885.3647       884.3729       883.2291       881.9926
       881.3790       881.5930       882.1480       882.6047       883.5450
       885.1013       886.7437       887.5695       887.0790       885.0620
       882.3190       879.8409       878.0305       877.1455       877.6698
       878.2567       878.1162       877.9274       877.7780
       875.2488       874.4498       873.1042       871.7245       870.7192
       870.3996       870.4550       870.6095       870.7761       870.6784
       870.7895       871.0709       871.7818       872.7201       873.7530
       874.7007       875.5897       876.5893       877.6375       878.7886
       879.8493       880.0720       879.4634       878.4518       877.6234
       877.1371       876.4026       875.4534       874.6381       873.0240
       871.1891       869.4926       868.5842       868.0079       867.3701
       866.6710       866.3187       866.9210       868.3137       870.0996
       871.4359       871.3582       870.2346       868.8695       867.5942
       866.3940       864.9484       863.2833       862.6693       863.9597
       866.5580       868.9489       870.4268       870.7641       870.1691
       868.9349       867.4990       866.0068       864.8032       863.8298
       863.1158       863.0475       863.5833       864.1459       864.5201
       864.3514       863.8207       863.4844       863.4882       864.1224
       865.1263       866.5253       868.8350       871.4453       873.8943
       876.3488       877.9860       878.3691       878.1736       877.9725
       878.5652       880.3076       883.1900       886.3887       889.0999
       890.5760       891.2721       891.7179       891.5971       891.1517
       890.8900       890.3046       889.5381       888.5057       886.9263
       885.6694       885.1862       884.4775       883.3103       882.1185
       882.1257       883.2325       884.0192       884.2744       884.6271
       885.6940       887.0444       887.7979       886.8926       884.4271
       881.6498       879.2949       877.9652       877.6852       878.3439
       879.1857       879.3173       879.1324       878.8401
       874.4882       873.7319       872.5770       871.5112       870.8830
       870.6822       870.7176       870.7969       870.3909       870.2034
       870.4600       870.9322       871.9762       873.2117       874.2682
       874.9835       875.5234       876.4317       877.6170       878.9042
       879.7009       879.6117       878.7534       877.8587       877.6356
       877.4547       876.8506       875.5999       874.1910       872.9551
       870.8970       868.8949       867.6052       867.0831       866.2594
       865.1942       864.5081       864.8592       866.3289       868.0468
       868.8562       868.4741       867.1707       865.5258       864.5816
       863.5798       862.2638       861.1392       861.4163       863.4465
       866.2963       869.0103       870.6768       871.0382       870.0983
       868.4380       867.0945       865.7357       864.5944       863.6513
       862.7638       862.2137       862.2406       862.1666       861.5789
       860.8481       860.0173       859.3833       859.2724       859.7552
       860.7811       862.6294       865.2473       868.0483       871.1767
       874.3302       876.3685       877.0452       877.2112       877.8740
       879.3381       881.6462       884.5415       887.4660       890.0624
       891.5282       891.7778       891.3629       890.4633       889.3045
       888.4073       887.9097       887.4206       886.5206       885.2154
       884.3661       884.3754       884.1132       883.3787       883.3217
       883.9250       885.4260       886.3281       886.2533       886.2574
       886.3696       887.0577       887.4723       886.4600       883.5627
       880.7036       878.8167       877.7699       877.9586       878.8256
       879.6017       880.1720       880.1569       879.3956
       872.6276       872.4221       871.9987       871.6003       871.4321
       871.3476       871.1539       870.7729       870.0114       869.5508
       869.6263       870.2731       871.4239       872.7944       874.0875
       874.8905       875.4161       876.0204       877.0348       878.0641
       878.5964       878.2372       877.3347       876.8714       877.1484
       877.5989       876.7535       874.7686       872.9696       871.3138
       869.4534       867.3865       866.4553       865.9882       864.8583
       863.2111       861.9476       862.1396       863.8051       865.4214
       865.9472       865.1368       863.3073       861.8733       860.8923
       860.2666       859.6952       859.3978       860.3558       862.7108
       865.7308       868.8240       870.9168       871.1975       869.9108
       868.3004       866.9907       865.8502       864.9183       863.8547
       862.7235       861.6927       860.8789       860.0542       858.7067
       857.4310       856.4346       855.5787       855.0496       854.9329
       855.5366       857.4227       860.2350       863.8512       867.9853
       871.9032       874.8276       876.2072       877.1877       879.0289
       881.1553       883.5593       886.0742       888.5498       890.7971
       892.2111       891.8482       890.0406       888.2141       886.1111
       884.5081       883.8077       883.5107       883.4653       883.5053
       883.4597       883.3207       883.4243       884.1260       884.9697
       886.0712       887.1843       887.9743       888.0104       887.6816
       887.4406       887.4109       887.1294       885.2626       882.3680
       879.6182       877.8124       876.8737       876.9637       878.0868
       879.5652       880.6656       880.7835       880.1292
       870.5575       871.1467       871.6423       872.1213       872.3762
       871.9639       871.1609       870.1829       869.2798       868.6236
       868.5268       868.9242       870.0768       871.8046       873.3462
       874.3741       875.1546       875.7220       876.1847       876.8076
       877.0193       876.6945       876.1981       876.2128       877.0020
       877.5901       876.2471       873.5825       871.0687       868.9539
       867.2402       866.1912       865.5552       865.0364       863.5150
       861.3666       859.7921       859.9591       861.4377       862.5494
       862.7849       861.8289       860.0695       858.4874       857.7615
       857.3641       857.4647       858.0419       859.3858       862.1967
       865.8063       869.2907       871.1993       871.2490       869.9631
       868.5303       867.4202       866.5066       865.4744       864.2499
       862.6282       861.2501       859.8644       858.2927       856.7581
       855.4753       854.3493       853.2982       852.0593       850.9472
       851.1156       853.0766       856.5292       860.9857       866.1085
       870.9172       874.6415       877.1754       879.1336       880.9452
       883.1346       885.2075       887.3882       889.6833       891.5333
       892.5037       891.7086       889.4351       886.6636       884.4604
       882.4818       880.9600       880.8986       882.4234       883.8889
       884.0743       883.2579       883.2679       884.7337       886.6430
       887.7032       888.5652       888.8804       888.8283       888.4349
       887.8760       887.4055       886.2332       884.1146       881.6832
       879.2368       876.9011       875.2512       875.2455       876.9227
       878.9807       880.6356       880.8940       880.2549
       869.0342       870.2443       871.7451       872.7526       872.6644
       871.5491       870.1355       868.8795       867.8560       867.2911
       867.3942       868.0925       869.3449       870.8358       872.3538
       873.6507       874.5982       875.2695       875.7322       876.1600
       876.2445       876.0267       876.0739       876.4797       877.4255
       877.4124       875.6747       872.9759       869.9583       867.4886
       866.5104       865.7944       865.3878       864.5391       862.7798
       860.7359       859.8387       859.8958       860.4545       860.8395
       860.4483       859.3094       857.5368       856.3131       855.7549
       855.4495       855.8300       857.0320       859.1054       862.3598
       866.3135       869.5975       871.1860       870.8560       869.7491
       868.6635       867.8412       867.0481       866.1006       864.7867
       863.0473       861.1003       859.4128       857.7215       856.3756
       855.5664       854.8934       853.3297       851.0732       849.2728
       849.1264       851.5967       856.0242       861.3854       866.6990
       871.4823       875.7556       879.0518       881.3890       882.9603
       884.7894       887.0203       888.8579       890.5713       892.1655
       892.9276       892.4785       890.9713       889.3847       887.9603
       885.7493       883.7116       883.6699       885.6058       887.5766
       887.5928       885.8357       884.5944       886.0269       888.2141
       889.3215       889.4987       889.4612       888.9898       888.3362
       887.7291       886.9408       885.8226       884.4697       882.6456
       880.0784       877.1423       874.9567       874.5711       876.0536
       878.3132       879.9468       880.1392       879.4246
       868.2454       869.5552       871.5152       872.5101       871.7591
       870.1476       868.5388       867.1409       866.2798       866.2075
       866.9936       868.3651       869.5602       870.4303       871.7103
       873.1804       874.0797       874.6759       875.5333       876.1932
       876.2459       876.3004       876.6237       877.2601       877.3657
       876.7147       875.0374       872.7295       869.9019       867.6276
       866.2447       865.8940       865.5598       864.6675       863.1814
       862.1572       861.8204       861.8189       861.3662       860.6016
       859.4742       857.5908       856.1325       855.3105       854.7068
       854.5430       855.2623       856.7874       859.0826       862.3441
       866.0215       868.6614       869.3917       868.9384       868.1495
       867.5558       867.2731       866.8198       866.3024       865.1511
       863.4517       861.5214       859.4995       858.1096       857.1940
       857.0023       856.7886       854.9184       851.5466       848.9420
       849.3282       852.8721       858.3450       864.1096       869.0925
       873.3491       877.1914       880.5058       882.9177       884.7843
       886.8893       888.9361       890.1914       891.2641       892.4797
       893.4962       894.0493       894.1784       894.1230       893.5307
       892.0220       890.1782       889.5577       891.1052       892.9316
       892.5027       889.7357       887.7628       888.3400       889.8734
       890.4749       890.1157       889.4282       888.6082       887.9010
       887.5007       887.1081       886.6607       885.8964       884.2055
       881.1968       877.8592       875.3445       874.6317       875.9265
       877.9313       878.9053       878.6811       878.0226
       869.4022       869.8497       870.9266       871.2687       870.2427
       868.5842       866.8622       865.6450       865.0125       865.4232
       867.0321       868.8476       870.0299       870.6833       871.6554
       872.8746       873.7584       874.4837       875.4115       876.0522
       876.3577       876.7097       877.0208       877.1357       876.9479
       875.8419       873.9910       871.9046       869.8553       867.8823
       866.4282       866.0604       866.1307       865.4679       864.5727
       864.2154       864.3382       864.2863       863.3799       861.7993
       859.6646       857.6157       856.0839       855.3294       854.3634
       854.2015       855.4821       857.3436       859.3195       862.0618
       865.1317       866.8488       867.2206       866.4169       865.7052
       865.7595       865.9355       866.2979       866.2560       865.4139
       863.9990       862.0190       859.9883       858.4989       857.9539
       858.3722       858.7552       856.6080       852.0062       849.0055
       850.6411       855.8754       862.1111       867.7407       872.1841
       875.7433       878.9115       881.9969       884.5551       886.6523
       888.5557       890.1253       890.7906       891.0195       891.8070
       893.1343       894.7515       896.0716       896.7669       896.9749
       896.1578       894.5637       893.6950       894.4683       895.5892
       894.4428       891.7392       889.8246       889.6218       890.4537
       890.9114       890.1498       888.9883       888.2202       887.9182
       887.9586       888.0605       887.9496       887.3365       885.4263
       882.2644       878.6127       875.4671       874.6335       876.3252
       877.8329       877.6974       876.6288       875.9218
       871.8806       871.8062       871.5012       870.7114       869.0559
       867.2299       865.7255       864.7467       864.2835       865.0079
       866.9122       869.0143       870.2311       870.9166       871.6520
       872.6409       873.6474       874.5750       875.1205       875.5505
       876.0724       876.4857       876.4532       876.2986       875.9665
       874.6110       872.4246       870.3156       868.8819       867.7211
       867.0872       867.2496       867.4364       867.1061       866.8853
       866.8892       866.9682       866.8004       866.0881       864.3829
       862.2425       859.4729       857.7436       856.6100       855.3600
       855.0753       856.4102       858.2898       860.1302       862.2449
       864.5780       866.0414       865.7709       864.7597       863.9947
       864.1434       864.8588       865.8290       866.6022       866.3098
       865.1534       863.0178       860.4951       858.8530       858.4897
       859.1763       859.6815       857.7888       853.1614       850.5383
       853.2641       859.1506       865.1790       870.3529       874.3832
       877.3360       880.2483       883.2090       885.7981       887.9399
       889.4523       890.2429       890.3289       889.9124       890.0546
       891.4442       893.5011       895.1414       896.1818       896.8126
       896.5925       895.3143       894.4861       894.7595       894.9595
       893.5343       891.0899       889.4098       889.2482       890.2197
       890.5709       890.0734       889.2595       888.8401       888.9714
       889.2201       889.5223       889.6959       888.6952       886.1232
       883.1531       879.8355       876.4620       875.5222       876.8190
       876.8195       874.9597       873.4605       872.6821
       874.0974       873.8604       873.0393       871.3674       868.8707
       866.6616       865.5974       864.8218       864.2007       864.9271
       866.8503       868.6912       869.6001       870.1288       871.3658
       872.6619       873.6180       874.2762       874.7662       875.1041
       875.5668       875.7400       875.2988       874.7099       874.3612
       873.1803       871.0770       869.0742       867.9022       867.6440
       867.9789       868.7802       869.4323       869.6246       869.8555
       870.1917       870.1494       869.6554       868.6711       867.3215
       865.1597       862.7744       860.4143       858.9711       857.8281
       857.2358       857.6192       858.7042       860.4559       862.9390
       864.8314       865.6525       865.1420       864.0138       863.4325
       863.8017       864.3707       865.2142       866.3277       866.8795
       866.2499       864.2267       861.1838       859.4187       859.1273
       859.2840       859.4985       858.4770       855.3932       853.6180
       856.4127       861.4882       866.3143       870.6373       874.2803
       877.2916       880.2068       883.2111       885.8257       888.1596
       889.4077       889.3138       888.9523       887.9581       887.4585
       888.6566       890.4887       892.1273       893.1789       893.9603
       894.0053       893.3754       893.0219       893.1771       892.9144
       891.4500       889.5155       887.9003       887.8459       889.2186
       890.0837       890.4119       890.5942       890.3903       890.2347
       890.3672       891.1945       892.0560       890.6354       886.7793
       883.2538       880.5881       877.4367       875.4124       874.1638
       871.3130       869.1466       868.8317       868.7685
       875.4086       875.1882       874.1744       872.0627       869.1326
       867.2020       866.5655       865.6950       864.8620       864.9718
       866.4902       868.0698       868.6161       869.3383       871.0157
       872.5209       873.3782       873.9396       874.3684       874.7474
       874.9151       874.8496       874.1433       873.3048       872.5430
       871.6353       869.9916       868.2434       867.5033       867.7496
       868.7465       870.0778       871.2057       871.8880       872.3026
       872.9227       872.9788       871.8561       870.4210       869.0925
       867.4179       865.4676       863.2215       861.2747       860.3059
       859.6667       858.7679       858.5721       860.8719       863.7319
       865.5200       865.7720       864.8297       863.6927       863.7365
       864.6602       865.2281       864.6918       864.9597       866.0032
       866.1541       864.7729       862.1661       860.1194       859.4125
       859.2999       859.3160       858.6882       856.8325       855.6183
       858.1454       862.3260       866.1745       869.6487       872.9396
       876.2365       879.2459       881.9395       884.7927       887.3174
       888.0822       887.4596       886.4288       885.2893       884.7294
       885.4816       887.2087       888.6569       889.1884       889.5236
       890.1082       890.1390       890.1016       890.2319       889.3942
       888.0457       886.8282       885.5522       885.4115       887.1089
       889.0798       890.5009       891.3810       891.2727       890.3998
       890.5059       892.2287       893.5410       891.8278       886.9734
       882.2361       879.0244       876.1337       873.1099       868.3710
       863.3046       862.5065       864.3265       865.3006
       876.0334       875.6447       874.6983       872.5496       869.7520
       868.2266       867.9698       867.1396       865.8156       865.3053
       866.1407       867.2682       867.8149       868.6095       870.2824
       871.9420       873.0126       873.5566       873.7514       873.9363
       874.1108       874.0693       873.4632       872.3914       871.2336
       870.0800       868.6934       867.3792       867.0696       867.8344
       869.2119       870.8110       872.2697       873.3933       874.2743
       874.6370       874.1808       872.7441       871.3814       870.5727
       869.8773       868.0994       865.2409       862.7182       862.0505
       861.6307       860.1772       859.6649       861.8642       864.7650
       866.2530       865.9686       864.6566       863.5364       863.8030
       865.0870       865.5248       864.6427       864.1183       864.7761
       865.2806       864.6075       862.8450       861.1133       860.1874
       859.8326       859.5663       858.7793       857.2582       857.0767
       859.2858       862.5168       865.7368       869.0051       872.0456
       875.3252       878.1392       880.3438       883.0637       885.3934
       886.0891       885.2596       883.9456       882.6016       881.9614
       882.5591       884.0254       884.9155       884.7560       884.9158
       885.8126       886.4928       886.7142       886.2753       885.0347
       883.5847       882.5653       881.6574       881.5355       883.8993
       886.6846       888.5548       889.7719       889.6692       888.9230
       889.7087       891.6068       892.4712       890.8315       886.0002
       880.4877       876.5646       874.1983       871.4432       865.9554
       860.1733       859.1085       861.3947       863.2415
       875.9295       875.6928       874.9147       873.0749       870.7764
       869.5039       869.2364       868.3191       866.5986       865.4327
       865.3956       865.9673       866.3975       867.4099       869.1377
       871.0952       872.4116       872.7943       872.7864       873.0294
       873.3689       873.2922       872.7422       871.6918       870.2135
       869.0728       868.1902       867.3478       867.2382       868.2058
       869.7421       871.3547       873.1464       874.7192       875.3829
       875.1360       874.0245       872.8122       872.1074       872.2118
       872.3218       870.7487       867.0984       863.3242       861.8538
       861.9063       861.3450       861.6158       863.2296       865.1451
       866.1524       865.2738       863.8040       862.8036       863.0854
       864.0460       864.2610       863.5856       863.2507       863.8920
       864.3494       864.2128       863.2705       862.0045       861.0352
       860.3695       859.6085       858.6713       858.0909       859.0383
       860.9247       862.5780       865.0791       868.0494       871.1855
       874.4556       877.4117       879.8145       882.3229       884.3764
       884.5953       883.6967       882.4736       881.1309       880.4019
       880.8109       881.3578       881.5637       881.0229       881.0204
       881.9647       882.6131       882.2198       881.3353       880.0794
       878.5545       877.2169       876.7260       877.7231       879.9252
       882.4750       884.5619       885.8069       885.6587       885.3987
       886.9793       888.9648       889.4697       888.1973       884.4296
       879.5575       876.0681       874.1044       871.8245       866.9286
       861.4365       859.2033       860.9930       863.3102
       875.8511       875.6137       874.9797       873.5927       871.9616
       870.7202       869.8498       868.7322       867.0308       865.2327
       864.1339       863.9045       864.9261       866.6805       868.6861
       870.4949       871.6213       871.6547       871.4466       871.9205
       872.4888       872.2642       871.7103       870.6786       869.4374
       868.7205       868.4536       868.2067       868.1862       868.9868
       870.2972       871.9066       873.7636       875.1545       875.3144
       874.1600       873.0723       872.5056       872.4512       873.2513
       873.8357       872.6672       868.9880       864.1047       860.6690
       860.7794       862.1901       863.3099       864.2415       864.7842
       864.5383       863.2606       861.4111       860.6700       861.0326
       862.0569       862.3651       862.3444       862.7218       863.1055
       863.5800       863.8863       863.5659       862.7529       861.7126
       860.5920       859.4314       858.5179       858.5533       859.8348
       860.4257       860.8201       862.8273       866.1695       869.7881
       873.7796       877.6946       881.1092       883.7690       884.9894
       884.6240       883.4630       882.6096       881.7339       880.9124
       880.3798       879.9692       879.1962       878.4560       878.3866
       878.9647       878.7324       876.9380       875.1769       874.2805
       873.1791       871.9238       871.8890       873.2477       875.1272
       877.2148       878.9370       879.7267       879.7548       879.7534
       881.4380       883.7382       884.9457       884.9537       883.0591
       879.6205       876.7746       875.4003       872.8818       867.6224
       862.2869       860.8401       863.0480       865.5825
       876.5964       876.2634       875.5297       874.3685       872.9501
       871.4268       869.7674       868.5577       867.4570       865.5534
       863.0797       862.3947       864.2262       866.9016       868.9145
       870.1233       870.4400       869.8512       869.4135       869.9075
       870.4933       870.4459       870.0518       869.4917       868.9769
       868.8975       869.0024       869.0263       869.1560       869.5331
       870.4529       871.8247       873.6180       874.7527       874.1827
       872.7015       871.6484       871.4763       872.1139       873.3810
       874.4200       873.6286       870.1287       865.2636       861.9551
       861.2579       862.6360       864.0945       864.7988       864.4756
       862.4678       860.3369       858.6286       857.9685       859.1999
       860.3937       861.2193       861.9043       862.5484       862.8232
       863.1423       863.8209       864.0729       863.6653       862.7089
       861.2144       859.3049       858.0721       858.5883       859.3926
       858.3433       857.2053       859.1794       863.3222       868.2136
       872.8831       877.4963       881.7233       884.6996       886.1953
       885.7280       884.7022       884.0867       883.3066       881.9566
       880.3771       878.8158       877.3069       876.1370       875.9648
       876.0394       875.1422       872.8093       870.6680       869.3708
       868.0198       867.3466       867.4048       868.2114       869.8045
       871.4376       871.9945       871.7758       871.8525       872.6865
       874.4141       877.4041       880.5436       882.3902       882.1630
       879.7001       876.8977       875.0635       872.3419       867.6756
       863.9229       863.5518       865.8960       868.8392
       877.6728       877.6495       876.6379       875.3076       873.8709
       872.0597       870.1106       868.7601       868.3442       866.8050
       863.9010       862.4563       863.6754       866.1526       868.1870
       869.1306       868.4481       867.0688       866.5374       867.0240
       867.5543       867.7731       867.9572       868.2755       868.6692
       869.3114       869.7041       869.8385       869.9424       870.1127
       870.4542       871.3749       873.0126       873.9470       872.8405
       871.2690       870.4516       870.6257       871.8181       873.3745
       874.3509       873.4619       870.5834       866.7042       863.5511
       862.3341       862.7159       863.4979       863.5619       863.0272
       861.1605       858.4037       857.0518       857.2007       858.4800
       859.8676       861.0325       861.9682       862.6749       863.0352
       863.7554       864.4302       864.7163       864.1174       863.1802
       861.4051       858.8079       857.2284       857.9836       858.8582
       857.2220       855.4423       856.9863       861.3885       866.7416
       871.5242       875.2839       878.5897       882.9847       886.3083
       886.8888       885.9982       885.1816       883.9424       881.6965
       879.0699       877.1036       875.4267       874.0596       873.1931
       872.7468       871.4957       869.4424       867.3871       865.0477
       862.9098       862.0312       862.3288       863.5219       865.4285
       866.4569       865.8375       864.9374       865.6011       867.2164
       869.4425       873.2258       877.9723       880.9993       881.3473
       879.1839       876.1973       873.4407       870.5818       867.8555
       866.1776       866.1665       868.1920       870.9110
       878.6897       878.4295       877.5150       876.0128       874.2692
       872.8071       871.5329       870.3829       869.6973       868.2464
       865.5955       863.3756       862.7675       863.7974       865.6613
       866.2708       865.4503       864.1555       863.5605       864.1131
       864.7142       865.2095       866.1712       867.3176       868.5074
       869.7199       870.3871       870.7142       870.7562       870.5798
       870.5172       870.9413       872.4474       872.9868       871.5085
       870.2077       870.0303       870.3920       871.7584       873.2982
       873.7542       872.9015       870.8708       867.9573       865.2721
       863.8931       862.6652       860.9081       860.3873       860.7984
       859.4644       856.9655       855.8960       856.6451       858.1012
       859.7003       861.1574       862.3120       863.0309       864.0363
       864.8383       865.3039       865.1145       864.3249       862.9695
       860.8533       857.9831       856.0853       856.2717       856.9955
       856.4070       856.3025       857.8802       861.7817       867.1238
       871.5281       873.4467       875.5800       879.7216       884.3075
       885.9774       885.7321       884.9168       882.8302       879.0577
       875.8242       874.6711       873.8189       872.2322       870.5423
       869.3403       868.1638       866.6645       864.1401       859.5705
       855.3398       854.2563       855.8369       859.0721       862.3387
       863.6015       862.8891       862.3520       863.3273       865.5049
       868.3055       872.4427       877.2398       880.1923       880.0807
       877.8572       874.9476       872.0995       869.7180       868.1032
       867.1478       867.2208       868.8405       871.0232
       880.6108       880.1099       878.6262       876.3569       874.1165
       872.9039       872.4958       871.6760       870.5463       869.1160
       866.6682       864.0832       862.6088       862.7274       863.3445
       863.1156       862.6324       861.8634       861.5795       862.0964
       862.7607       863.5270       864.8583       866.6678       868.4611
       870.0571       871.5701       872.0512       871.4340       870.6313
       870.4603       870.9845       871.8274       871.9927       870.6792
       869.8187       869.7189       870.2767       871.6028       872.7834
       873.2892       873.0652       871.9304       870.1638       867.9962
       865.9417       863.0912       859.1571       857.5120       857.3322
       855.8735       854.1465       853.9467       855.4912       857.4224
       859.3098       861.0413       862.1479       863.2418       864.5160
       865.4011       865.7761       865.4057       864.3133       862.9254
       860.6900       857.8973       855.6671       854.6321       854.3183
       855.2462       857.5417       860.1671       863.8841       869.1780
       873.3480       874.8345       875.5721       878.0628       881.6074
       883.4598       883.4850       882.7114       879.8196       875.3724
       872.3945       871.9276       871.3907       869.5891       867.8596
       866.6534       865.9198       865.1851       861.9381       854.9531
       848.4822       847.0193       849.6573       854.1913       859.0055
       861.7535       862.2648       862.5744       863.8434       865.7208
       868.7086       872.9419       876.9193       878.8819       878.0991
       875.6119       872.8079       870.5203       868.8659       867.6993
       866.9426       866.8922       868.1035       869.4880
       883.0081       882.3126       880.1971       877.0582       873.9921
       872.4997       872.7497       872.4631       871.0540       869.5372
       867.7113       865.3589       863.9043       863.3663       863.1376
       862.6259       861.7369       860.9719       860.6426       860.9426
       861.6304       862.5620       863.8860       865.7468       868.0018
       870.5052       873.0034       874.0629       872.8727       871.3882
       871.0545       871.3942       871.5976       870.9978       870.1245
       869.4753       869.3782       869.9863       871.4056       872.7729
       873.8102       874.4332       874.2205       873.2779       871.5930
       868.5449       863.8267       859.6470       856.9901       855.2519
       853.5569       852.0225       852.4203       854.5024       856.8216
       858.7928       860.2115       861.3474       862.6491       863.9080
       865.1942       865.7401       865.3232       864.2930       862.9133
       860.9460       858.7869       856.6895       854.6387       853.2253
       854.0677       857.8361       862.1700       866.0645       871.7465
       876.2341       877.7965       877.7186       878.6952       880.9508
       881.3385       880.1383       878.6314       875.6412       872.1905
       870.2994       869.3557       868.1056       866.1531       864.8121
       864.2879       864.2531       863.7786       860.3035       853.0750
       846.5687       844.5600       846.4010       849.4504       854.1011
       859.5876       862.5233       864.0634       865.0011       866.0860
       868.8763       872.5922       875.4053       876.2133       874.9784
       872.6063       870.2117       868.1077       866.7330       865.9223
       865.1930       865.0981       865.8373       866.7095
       883.9590       883.2821       881.1207       877.6652       874.0311
       872.2309       872.8204       872.8954       871.2433       870.4098
       869.4584       867.7344       866.0157       864.5952       863.6334
       862.9238       861.9321       860.9357       860.4497       860.6650
       861.0948       861.6974       862.9016       864.8392       867.3328
       870.3654       873.4603       874.9543       874.0069       872.6550
       872.2108       872.1017       871.5269       870.3687       869.4108
       869.1669       869.3994       870.1772       871.6454       873.4034
       875.0705       876.4812       876.2195       875.5922       874.2521
       870.0414       865.2844       861.5031       858.6866       856.3971
       853.9911       852.0332       851.9092       853.8204       856.1904
       857.9314       858.9827       860.1626       861.2002       862.5743
       863.9901       864.8718       865.0791       864.7466       863.1437
       860.8478       858.9656       857.5290       855.4756       853.7389
       853.8212       856.9946       861.6543       866.2431       872.6614
       877.6832       879.5648       879.7874       879.9155       880.6617
       879.2963       876.9660       874.8005       872.6077       870.9381
       869.4951       867.7778       865.6346       863.5201       862.3628
       862.1156       861.8845       860.9628       858.3401       853.5630
       849.2806       847.8679       847.8199       848.2046       850.7977
       856.8864       862.7104       864.9442       865.3707       866.1631
       868.4120       871.2941       872.9063       872.7946       871.5146
       869.6075       867.5135       865.2668       863.6115       862.7368
       861.9362       861.4321       862.0627       863.1901
       884.1454       883.7397       881.5605       877.6743       873.7750
       871.6243       871.7111       871.7443       870.8755       870.9107
       870.6963       868.9781       867.1685       865.1859       863.4686
       862.4935       861.6462       860.7278       860.4462       860.6004
       860.7332       861.1254       862.3011       864.2924       866.8739
       869.7648       872.4694       873.5887       873.2165       872.4370
       872.3793       872.1732       871.2297       869.9481       869.3347
       869.3131       869.7250       870.5551       872.2924       874.5176
       876.6583       877.5610       876.5813       875.7169       874.4687
       870.3441       865.6273       862.0208       859.5800       857.4562
       854.3067       852.1165       852.2242       853.9509       855.9521
       857.4736       858.4221       858.9776       859.9174       861.3087
       862.6625       863.6491       864.8442       865.5425       863.7728
       860.3245       858.3325       857.3419       855.7974       854.0361
       852.9820       854.5718       858.5460       863.6132       869.5655
       875.1458       878.7357       880.2283       880.0879       878.9219
       877.4269       875.0546       873.0342       871.8209       870.6180
       868.5982       866.1307       864.1987       862.6050       861.7333
       861.2214       859.7914       858.2324       856.9996       855.7095
       854.6259       854.2509       853.8043       852.4772       852.7254
       857.2125       862.4976       864.7336       865.2947       866.0339
       867.9935       870.5751       870.9455       869.9062       868.6367
       867.1376       865.1970       862.8655       860.7774       859.6706
       858.6157       857.7527       858.7455       860.1227
       884.0848       883.8663       881.6143       877.4642       873.2524
       870.5269       869.5569       869.7417       870.1750       870.6651
       869.7415       867.5287       865.5923       863.9739       862.5172
       861.7285       860.7993       859.7801       859.6124       859.9868
       860.1917       860.7545       862.0410       863.8647       866.1605
       868.7960       870.6029       871.1503       870.7209       870.6136
       870.6829       870.5477       869.8730       869.6533       869.5280
       869.5317       869.8204       870.5414       872.0459       874.4039
       876.5724       877.1172       875.8619       874.1784       872.8806
       869.8808       864.6138       860.2258       858.5454       857.0994
       854.6595       852.7913       853.7307       855.4730       856.8024
       857.6636       858.3056       858.7473       859.5606       861.1561
       862.3905       863.3303       865.0102       865.9007       863.9388
       859.9968       857.7671       856.5901       854.9413       853.4077
       851.6864       852.0268       855.0840       859.3688       864.3775
       870.1655       875.6210       879.1579       879.4064       878.2458
       877.1010       875.2823       873.0762       871.5579       869.5347
       866.3378       864.0146       863.4283       863.1306       862.6922
       861.6710       859.6231       857.7468       857.2745       857.7280
       858.2844       858.9772       859.6347       858.6846       857.5557
       859.2705       862.3866       864.4201       865.5855       866.2797
       867.7284       870.0167       870.0007       867.9998       866.4644
       865.2679       863.8246       861.3589       859.1832       857.8380
       856.5999       855.8994       856.8483       858.3741
       882.8223       882.8325       880.7968       876.8385       872.9802
       869.9705       868.3001       868.1990       869.2154       869.5571
       867.6959       864.6519       862.4755       861.3690       861.1873
       860.9268       859.3315       857.6303       857.4891       858.4266
       859.0118       859.5419       860.9828       862.9023       864.8560
       866.9135       868.2509       868.2542       868.1279       868.1178
       868.0399       867.5943       867.7217       868.4825       869.1039
       869.2562       869.3923       869.5939       870.4672       872.4006
       873.9920       874.4207       873.5864       871.2657       869.1519
       867.4335       863.2186       858.2038       856.6420       856.8923
       855.6331       854.8005       855.9058       857.5792       857.9089
       857.9885       858.4558       858.9523       860.0379       861.9449
       863.3262       864.0791       865.0190       864.7856       862.4899
       859.1478       857.0995       855.6442       854.1661       852.7534
       851.1924       850.6460       851.9769       855.1847       860.9413
       867.4351       873.6201       878.0161       878.6851       878.4595
       878.5399       877.4886       874.4943       871.0605       867.8350
       864.4029       862.9177       863.4541       863.5796       863.3548
       862.7448       861.0256       859.2245       858.3536       858.1874
       858.6052       860.0902       861.5046       860.9106       858.9227
       859.6540       861.7731       863.9110       865.4435       865.6571
       866.7366       868.7607       868.5640       866.3554       863.9873
       862.9042       862.2012       860.0659       857.3271       855.9716
       855.3159       854.9088       855.5317       856.2846
       880.0580       880.5960       879.1133       876.1299       872.9275
       870.1176       867.9033       867.1149       867.8068       867.9504
       865.5349       861.9813       859.5443       858.8604       859.4824
       859.1336       856.4579       853.8473       854.2467       855.7643
       856.2676       856.9393       858.5748       860.8164       863.0979
       864.6777       865.2192       865.2048       865.4782       865.6797
       865.1826       864.7143       865.2332       866.1256       866.4988
       866.6677       866.6833       866.3834       867.1330       868.8423
       869.5548       869.3081       869.0621       867.7215       865.2925
       864.2969       861.5905       857.5911       856.2395       856.7649
       856.5890       855.9330       856.6870       857.9077       858.2960
       858.4553       858.9507       859.4099       861.0166       863.6766
       865.1003       864.8497       864.5888       863.9721       861.7020
       859.1723       857.5039       856.4741       855.1005       853.3683
       851.5085       850.0437       850.0764       853.0867       859.3935
       866.9434       873.2040       877.0526       878.1073       878.0221
       878.5813       878.2775       875.5566       871.9037       868.3257
       865.4676       864.3979       864.5328       864.7562       864.6541
       864.2545       862.8716       860.9028       859.1163       857.9063
       857.7921       859.0585       860.5248       859.8586       859.2640
       860.0555       861.9661       863.8402       864.3993       863.8233
       864.4247       866.0484       866.1705       863.4996       860.5626
       859.1093       858.4072       856.9747       854.4955       853.4669
       854.0067       854.4172       854.1649       854.4677
       877.0504       877.6658       877.2001       875.2261       872.7977
       870.5320       868.6324       867.4626       867.6718       866.6625
       863.3380       859.4823       857.1008       856.5711       856.9461
       856.2022       852.7361       850.0443       851.0175       853.1089
       853.7777       854.2205       855.7491       858.3304       860.8565
       862.4053       862.4647       862.4002       862.7925       863.0699
       862.5133       862.1545       862.7222       862.8414       862.4927
       862.4636       862.4310       862.3583       863.2729       864.8121
       864.8758       864.0261       864.3469       863.9627       863.2573
       863.1935       861.1495       858.1464       857.6606       857.9455
       857.6504       857.0902       856.7116       857.0431       857.7596
       858.5435       859.1582       859.6903       861.4425       865.4841
       868.4663       867.5566       866.5182       866.1773       864.1345
       861.5067       860.0134       858.5710       857.1599       855.5516
       853.2174       851.4128       850.7856       852.9125       859.2247
       866.7283       872.4515       875.6063       877.1073       877.4583
       877.6608       877.8869       876.8660       874.5063       871.6906
       869.4548       868.4777       868.3841       867.9497       866.8860
       865.6805       864.2395       861.7125       859.3111       857.7828
       857.2954       857.9667       858.2507       858.2999       859.1824
       861.0174       862.8711       864.0797       863.5645       862.3262
       862.3210       863.0978       862.7214       860.5432       857.7279
       855.1288       853.7775       853.0010       852.2485       852.4213
       853.6754       854.2277       854.2291       853.7238
       874.9518       875.4004       875.3082       873.9772       872.0252
       870.4899       869.4885       869.2488       868.7280       866.6236
       862.3212       857.6660       855.0231       854.1970       854.0833
       852.7477       849.6499       847.8751       849.3911       851.7639
       852.5409       852.3253       853.5477       855.9449       858.6299
       860.4825       860.8031       860.8558       861.6132       861.5420
       860.9714       860.8237       860.7893       860.0120       859.1329
       858.9985       859.6104       860.4567       861.3885       862.6342
       862.4044       861.5776       862.1072       862.2234       862.9299
       864.6415       863.1374       860.9952       860.4623       860.6885
       860.4165       859.7665       858.5436       857.7973       857.9052
       858.5441       858.8000       859.0761       860.6321       865.4452
       870.3514       871.2003       870.6564       870.3449       867.9684
       864.0742       860.4790       857.8947       857.1870       857.0195
       856.2087       854.7503       853.4186       854.4332       859.5707
       866.1525       871.2410       874.5209       876.5135       877.8341
       878.8162       879.5356       879.1774       877.6602       875.4642
       873.5093       872.5881       872.2834       871.2571       868.8693
       866.4897       863.9405       861.5615       859.2805       857.5999
       856.9728       856.4645       855.5087       854.8975       856.3829
       859.8028       862.8533       863.8536       863.3764       862.6945
       862.3180       862.5112       861.7479       859.5302       856.3176
       853.4140       851.6531       851.2183       851.7421       852.9603
       854.0017       854.1995       853.5804       852.7227
       873.2802       873.6925       873.5303       872.2056       869.9917
       868.2348       868.0459       868.6503       868.3672       866.3749
       862.8165       858.3693       854.2687       851.7687       850.7867
       849.2522       846.7977       846.3824       848.6123       850.8406
       850.9806       850.8077       851.9973       854.6270       857.4528
       859.0354       859.5524       860.2991       860.9387       861.1230
       860.6951       860.6342       859.7900       857.9908       856.7017
       856.8159       858.1076       859.7893       860.6473       861.4052
       861.3318       860.7944       861.9142       862.6782       863.9443
       866.0629       866.3013       865.0712       864.8571       864.8017
       864.5620       863.6755       862.1894       860.6833       859.9608
       859.7263       859.3036       858.9493       860.2782       864.1509
       868.7861       871.6709       873.5327       873.7432       870.3624
       864.1287       857.7571       854.0998       854.8325       857.7215
       858.7324       857.5294       855.5702       855.8434       860.0479
       865.5640       869.7804       872.9507       875.8768       878.4193
       879.9010       880.6794       880.6125       879.7063       877.9119
       875.8666       874.4211       874.0571       872.9221       870.1505
       866.5698       863.4499       861.1399       858.7753       856.3089
       855.1285       854.2686       852.9863       852.2180       854.1639
       859.1599       863.1813       864.1810       863.8702       863.4529
       863.8105       863.8152       862.8416       860.2406       856.8890
       854.2929       852.5096       851.6371       852.1523       853.2039
       853.5655       853.2473       852.7343       852.2139
       871.5881       872.3237       871.7047       869.6297       867.0512
       865.0766       865.1548       866.1684       866.4587       865.5046
       863.4841       860.2060       855.7803       851.6542       848.7355
       846.4164       844.6430       845.4717       848.9410       850.8122
       850.2779       850.0504       851.8412       854.8033       857.2369
       858.6757       859.1528       859.5290       860.5176       861.0308
       861.2866       860.6859       858.8286       856.5091       855.7341
       856.9703       858.8447       859.8300       860.8619       861.5012
       861.2908       861.0024       861.5839       862.4966       863.7614
       865.7253       866.8998       867.5040       868.1144       868.3581
       867.8691       867.0137       865.7722       864.0473       862.8862
       862.3818       861.7545       861.0103       861.4964       863.5848
       866.5283       870.0746       873.8107       874.8470       870.7958
       863.6849       856.2971       852.3810       853.7976       857.4290
       859.7546       858.8782       856.9421       857.4286       860.8735
       865.2264       868.3599       871.1753       874.5553       877.3147
       879.1220       880.2346       880.8185       880.4539       879.1102
       877.0421       875.5243       875.0006       873.7105       870.2563
       866.1924       863.3258       860.8782       857.4148       854.0884
       851.9301       850.6185       849.7225       850.9639       855.2383
       861.2045       864.9698       865.3039       864.2982       863.7548
       864.0818       864.4553       863.7392       861.4109       858.0219
       856.1514       854.7144       852.9666       852.8843       853.1454
       852.8538       852.9989       853.8334       854.0822
       869.7423       870.4561       869.1740       867.0339       865.4632
       864.0305       863.7222       864.8008       864.7740       863.9033
       862.8807       860.7844       857.2906       853.0887       848.6896
       845.0814       843.5944       846.0065       850.7441       853.1186
       852.4598       852.2668       854.2443       856.3003       858.1699
       859.4712       859.8110       859.8333       860.4597       861.6801
       861.5590       859.9611       857.6604       855.7358       855.8969
       858.4797       860.7765       861.5844       861.8115       862.3048
       862.1163       861.5620       861.5279       861.6040       862.2618
       863.6809       865.6293       867.6033       869.0352       869.4793
       869.0511       868.6715       867.6643       866.0961       865.5213
       865.3301       864.4334       863.3100       862.9161       863.5126
       865.2343       868.5457       872.6893       874.1249       870.6053
       864.3539       857.6156       853.8999       854.1147       856.5161
       859.1956       859.4839       858.3808       858.9458       861.6271
       864.5599       867.3427       870.2183       872.7326       874.7676
       876.9968       879.2208       880.4224       880.3958       879.4559
       878.1032       877.3411       876.4783       873.5517       869.4288
       866.1921       863.6602       860.5377       856.2288       852.2177
       849.4938       846.9333       846.7269       850.4913       856.9437
       863.2306       866.7347       866.8147       865.4285       864.5961
       865.0348       865.6989       865.2116       863.1703       860.5267
       858.3575       856.7674       855.1898       854.8273       854.2960
       853.3401       853.9772       855.2914       855.8514
       867.5105       867.6052       866.9199       866.4801       866.2527
       864.7278       864.2252       864.7944       863.4197       861.5599
       860.4434       858.7348       856.0542       852.4645       848.5732
       844.9880       843.7120       846.4482       851.8655       855.8554
       857.0273       857.6528       858.7101       859.7320       860.1696
       860.3525       860.5395       860.2559       860.1934       860.3001
       860.0289       858.8079       857.4180       856.6503       857.7899
       860.3658       862.3754       862.6677       862.1071       862.1398
       862.1562       861.5379       860.8197       860.5151       860.7870
       862.0436       864.1475       866.0510       867.4006       868.2708
       868.7190       868.7906       867.8098       866.6768       866.6903
       867.0247       866.1762       864.7286       863.8478       863.5161
       864.2693       866.8643       870.4965       872.0707       869.8130
       864.9397       859.9488       856.3019       854.7623       855.9000
       858.4489       859.5405       859.0871       859.6471       861.6465
       863.7642       866.6237       869.5112       870.7114       871.7200
       874.2034       877.2061       878.9607       879.5079       879.5272
       879.4786       878.7055       876.2274       872.1654       868.4730
       866.6494       864.9835       860.6135       855.6207       852.3840
       850.3465       848.6317       848.8451       853.4475       859.7434
       864.8544       867.7518       868.2319       867.6547       867.8338
       868.6097       869.4009       869.3807       867.8844       865.1322
       862.0717       859.1157       857.9299       858.2045       857.6545
       856.5241       856.4054       855.9586       855.7476
       866.3911       867.1923       867.3598       867.6344       867.5967
       866.2133       864.8441       863.7426       861.4460       859.3589
       858.2048       856.5743       854.1029       851.2770       848.0389
       845.2707       844.6993       847.5678       852.8489       857.7579
       860.6449       861.3771       862.1717       862.5924       861.1743
       859.7198       859.0357       858.6477       858.0307       857.4229
       857.5353       857.9854       858.3694       859.4417       860.7643
       862.2592       862.6090       862.2073       862.0174       861.6876
       861.2780       860.7591       859.8864       859.2082       859.5180
       861.1921       863.0546       864.3170       865.1784       865.9418
       867.1097       867.8701       867.6552       867.1875       867.3184
       867.5941       867.1235       865.6608       864.0739       863.0442
       863.2532       864.7657       867.1752       868.6677       867.7330
       864.8649       861.6989       858.6688       856.6392       856.8144
       858.2220       858.7425       858.4130       859.4760       861.7231
       863.5831       865.7819       868.1163       868.5934       869.0204
       870.8993       873.6833       876.4337       878.1119       879.4382
       879.7806       878.2142       875.1871       871.6134       868.8461
       868.3663       867.0212       862.5420       857.4730       855.4413
       855.5375       855.4446       856.1950       858.8089       863.1183
       867.0604       869.4498       870.2622       870.3730       870.7344
       871.6549       872.9955       874.0926       873.3694       870.4583
       866.2899       862.4703       861.2448       862.2529       862.0507
       860.8669       859.8950       858.1056       856.5052
       867.7896       868.9639       869.6033       869.7610       868.9304
       866.7750       863.8232       861.4023       859.5830       858.4834
       857.8740       856.0115       853.3372       850.9424       848.7854
       846.9129       846.6398       849.3761       854.4675       859.2532
       861.2866       861.8349       862.7355       863.3331       861.4450
       858.9657       856.4668       855.1376       854.6086       854.4885
       855.5523       856.9055       858.3408       860.1650       861.6388
       861.9321       861.7673       861.5953       861.5508       861.0292
       860.4526       860.1717       859.9058       859.2129       859.1082
       860.8212       862.7438       864.0234       864.6511       865.0844
       865.9339       866.8059       867.3643       867.6253       867.5447
       867.1831       866.4147       864.6338       861.9911       861.4627
       862.2773       863.1190       864.4496       865.7839       865.5707
       864.0344       862.4588       860.7228       859.1440       858.4278
       858.0936       857.7066       857.5413       858.8984       861.7477
       863.7733       864.9076       865.9108       866.4119       866.9004
       867.6821       869.4838       872.7083       876.0319       878.5205
       878.9442       877.6487       875.9427       874.3595       873.4032
       873.0370       871.9138       868.1138       863.4946       861.6447
       861.3794       861.4050       861.8182       863.4054       866.3171
       869.8620       872.8442       873.5865       872.0079       871.0855
       871.9410       874.0081       876.0320       875.8317       873.4034
       869.3995       865.8358       865.2749       866.3940       865.6818
       863.6002       862.4385       860.7386       858.7101
       869.1971       870.0976       871.0069       870.8173       869.6321
       866.8745       863.0388       860.3633       859.7743       859.5063
       858.9122       856.7789       853.8405       852.0225       850.8862
       849.9205       849.4852       851.3139       855.6882       859.7041
       861.3449       861.8615       863.3143       864.4615       863.7164
       860.8165       856.5547       852.7834       852.1577       853.4520
       854.6157       855.3626       856.1774       857.4955       859.0154
       859.6296       859.6071       859.9509       859.3992       858.1772
       858.2090       858.9217       859.7692       859.5566       858.9228
       859.8643       862.2650       863.9845       864.3035       864.2135
       864.8300       865.9205       866.6843       866.8320       866.1150
       864.7454       864.1649       862.7524       860.4456       859.8723
       861.3362       863.0762       864.2135       864.8896       864.9128
       864.1404       863.1063       861.9717       860.5767       858.9164
       857.7862       857.3257       857.4093       858.9321       861.7308
       863.7057       864.0588       864.1752       864.8622       865.2362
       864.8370       865.7037       869.2338       873.9417       877.3976
       878.6910       878.3755       878.5493       879.2410       879.9346
       879.7925       878.5953       876.1330       872.3243       868.7132
       866.4167       865.5154       865.9040       866.9822       869.1637
       872.9550       875.9744       875.8140       873.5168       871.1037
       871.1923       873.2455       875.4044       876.0221       874.6362
       871.6700       869.1937       869.2582       870.1727       868.9641
       866.4459       864.6876       863.2508       861.5169
       868.7409       869.7903       870.2680       870.2236       869.0613
       866.8918       864.1600       862.6915       862.2196       861.7427
       860.7382       858.6764       856.2382       854.2709       853.2912
       852.6686       852.2097       853.3403       856.8237       860.4686
       862.3856       863.2772       864.5811       865.5923       865.2149
       862.6561       857.5105       852.8544       851.8563       853.1724
       854.0438       853.7892       853.5751       854.2812       855.2385
       855.4960       855.5464       855.4272       854.4258       853.7660
       854.4394       855.8986       857.1341       857.0751       856.1038
       856.8959       859.7180       862.0560       862.3187       861.7864
       862.3159       863.6696       864.7952       864.9758       864.0208
       862.4570       861.9218       862.0595       860.8275       860.0703
       861.7881       864.5059       865.9030       865.6515       865.2065
       864.7906       863.9820       862.5082       860.4197       858.4581
       857.3060       857.1821       857.7682       859.3901       861.5421
       862.7981       863.0133       862.9955       863.6288       863.9981
       863.6343       864.6129       868.1580       872.7872       876.9731
       879.0967       879.8269       880.3713       882.0978       883.9746
       884.5430       884.0555       882.1744       878.7095       874.4614
       871.8649       870.8135       870.4608       870.6978       872.4633
       875.6273       878.0057       877.6742       875.1837       872.2083
       871.1595       872.5603       874.6035       875.9767       875.3073
       873.7000       872.1241       872.2062       872.8388       871.4955
       868.6327       866.1796       864.5945       863.6700
       868.6275       869.2960       870.1846       870.2090       868.8461
       867.1279       866.0891       865.7853       865.3157       864.2426
       862.6676       860.8465       858.8345       856.8842       855.3641
       854.4511       854.0749       855.0682       857.8060       860.9788
       863.1642       864.1278       864.4946       864.3831       863.3874
       861.0721       857.0239       853.2425       852.2639       852.9166
       853.0392       852.3336       851.6322       851.8918       851.9597
       851.1732       851.0585       851.0241       850.9713       850.8755
       850.9240       851.9799       853.4932       854.3259       854.3060
       855.1179       857.0117       858.5857       859.1404       859.2557
       859.6149       860.5024       861.5907       862.1984       861.4986
       860.4714       860.7335       861.7724       861.7637       861.8199
       864.0412       867.0239       868.1301       867.1506       865.7892
       865.1295       864.3730       862.6131       860.0963       858.0467
       857.3129       857.1863       857.5707       858.5942       860.0627
       861.2712       861.7117       861.9723       862.6639       863.5505
       864.3700       866.4349       869.4140       872.9191       876.5977
       879.4205       880.1694       880.8929       882.6408       884.8107
       886.3654       886.4238       884.9202       881.7697       879.0514
       878.0659       877.3339       875.7075       875.3509       876.4681
       878.3271       879.5382       878.8653       876.7263       873.7974
       872.0817       872.8254       874.7403       876.0749       875.7487
       874.6198       873.9496       873.9417       873.7898       872.0636
       868.8582       866.0291       864.0456       863.0331
       870.5507       870.7325       871.2144       871.0085       869.6454
       868.2816       867.8434       868.0018       867.4751       865.7180
       863.5994       861.5610       859.6812       858.3320       856.7988
       855.5635       855.1535       855.6946       857.3488       859.7650
       861.7413       862.5373       862.0948       860.9782       859.3307
       857.7061       855.5975       853.5182       852.6145       852.6669
       852.1774       850.8882       850.2466       849.6652       849.0093
       848.2548       848.1768       848.9056       849.5839       849.6145
       849.1813       849.7142       852.1553       855.1576       856.1149
       856.0807       855.6340       855.4271       856.4360       857.8271
       858.6638       858.8501       858.9908       859.3498       859.4973
       859.3123       859.8588       861.3864       862.4928       863.7001
       866.4962       869.3594       870.1477       868.9622       867.0876
       865.7464       864.7705       862.8987       860.5109       858.8822
       857.8382       857.2493       856.4629       856.5542       858.2238
       860.3018       861.3881       862.0440       862.9470       863.9709
       865.9775       868.9695       871.7662       873.8925       876.5685
       879.0390       880.3524       881.3508       882.9816       884.8414
       886.3580       886.8270       886.1788       884.4304       883.1356
       882.6384       881.4623       880.2654       879.8433       880.0419
       880.3527       879.7380       878.6987       877.0610       874.5627
       873.0561       873.5192       874.9802       875.5893       875.7178
       875.2638       874.7936       874.3950       873.2630       870.7876
       867.8743       864.8525       862.3857       861.2323
       873.1041       872.6370       871.9122       870.8087       869.7368
       868.7588       868.4758       868.1401       866.9120       865.0987
       862.8080       860.2716       858.3862       857.5595       856.6353
       855.7109       854.9573       854.1450       854.6652       856.2096
       857.5814       857.8995       857.1788       855.9890       854.9590
       854.4301       854.4254       853.5849       852.2233       851.6166
       851.2807       850.3224       848.8359       847.6241       846.3743
       845.4555       845.6469       846.9271       848.2716       848.9327
       849.0012       849.7228       852.9482       856.8708       858.0847
       856.7011       854.8231       854.1536       855.8619       858.0681
       859.0577       858.8520       858.4045       858.3977       858.7197
       858.8954       859.4760       860.9461       863.0005       864.8801
       867.2910       869.8897       871.2154       870.5962       868.6501
       866.8447       865.5483       863.8745       861.5751       859.5929
       858.6986       857.5981       856.0149       855.7157       858.1294
       860.9559       862.7576       863.8734       864.7919       865.6770
       867.7752       871.3608       874.1880       875.8880       877.7717
       879.7165       881.1379       882.2235       883.2997       884.7078
       886.1851       887.1440       887.2161       886.7786       885.9094
       884.7288       883.1394       882.2260       882.3820       882.6965
       881.7632       880.0944       878.4158       876.6876       874.8983
       874.0110       874.3318       874.7151       874.9629       875.2880
       875.1750       874.3649       873.1835       870.9525       868.6503
       866.1918       863.1658       860.6432       859.7695
       874.0739       873.1499       871.5025       869.9995       868.7031
       868.2910       868.1207       866.9002       864.7845       863.1196
       861.6094       858.8596       856.8641       856.1165       855.3682
       854.4103       853.0053       851.4427       850.7040       851.0650
       851.6516       852.0992       851.6652       850.8926       850.8538
       851.5864       852.4456       852.1220       850.6702       850.5392
       850.7163       850.1304       848.5646       846.4491       844.3407
       843.0864       843.3983       845.0016       847.0348       848.8035
       849.6716       850.6973       854.0642       858.0734       859.1403
       857.2364       855.6063       855.9308       857.2308       858.5983
       858.9404       858.7329       858.4619       858.2706       858.0692
       858.3211       859.1683       860.7719       862.5496       864.2305
       866.1902       868.7477       870.8630       871.1031       869.6669
       867.9709       866.5840       864.7951       862.4492       860.5882
       859.5943       858.6140       857.1139       857.3282       859.6898
       862.3768       864.1553       865.6150       867.0060       867.9547
       870.3004       873.8436       876.7661       878.6233       880.2043
       881.8140       882.6332       882.5497       882.9661       884.1736
       885.7663       887.2985       888.0042       887.6411       886.8622
       885.8185       884.3467       883.4564       884.0514       884.5203
       883.3179       881.1912       879.3817       877.9568       876.9833
       876.5109       876.4468       876.1199       875.6970       875.3214
       874.4872       872.7670       870.4398       867.9748       866.3867
       865.2632       862.1324       859.1114       858.3748
       873.3491       872.8492       871.0396       868.9646       867.9630
       868.3909       868.3310       866.6698       864.2736       862.5179
       860.8837       858.6030       856.7649       855.8719       854.7553
       853.0308       851.3344       849.8918       848.4557       847.2961
       847.3632       848.3986       848.9346       848.2227       847.6378
       847.9168       848.8409       849.1728       849.2583       850.0555
       851.0864       851.0128       849.3309       846.4662       844.0235
       842.6086       842.9023       844.6729       846.9186       848.8862
       850.0916       851.2767       854.2091       858.1740       859.8105
       859.1292       858.6412       858.9179       859.1841       858.6315
       858.0375       857.4568       857.0001       856.7628       856.8052
       857.1624       858.0431       859.0577       860.0702       861.2444
       863.2492       866.1356       868.7410       869.6987       869.2419
       868.4010       867.1399       864.9434       862.4279       860.7192
       860.2462       860.0162       859.4810       859.6514       861.2776
       862.6188       863.8380       865.8352       868.2534       870.2740
       872.7670       876.3823       879.5959       881.1520       882.3420
       883.7560       883.9035       882.8801       882.6746       883.8046
       885.3558       887.2107       888.2837       887.7708       886.8198
       886.0624       884.8955       884.3243       884.7620       885.1857
       884.3820       883.0825       882.2504       881.6780       881.1842
       880.7359       879.9584       878.9000       877.7773       876.5271
       874.5352       871.9910       869.3026       866.6328       864.9879
       864.0641       861.5794       858.4308       857.0182
       871.8503       872.6324       871.1138       868.2051       867.8929
       869.3854       869.3436       867.5762       865.4308       863.3486
       861.3428       859.1889       857.4383       856.2311       854.7776
       852.7881       851.1097       850.1419       848.8448       846.7123
       845.3257       845.9946       847.1359       846.8608       845.1249
       844.4028       845.6401       847.3018       848.8017       850.5513
       852.1526       852.3690       850.6132       847.7863       845.0791
       843.5955       843.7513       845.2543       847.0418       848.5184
       849.5728       850.7641       853.3058       856.9011       859.1481
       860.1010       860.8328       861.1887       860.5648       859.0994
       857.8780       856.5403       855.2574       854.7814       854.9729
       855.3378       855.3670       855.5842       855.8309       856.8740
       859.3298       862.5981       865.3579       866.5523       866.7683
       867.1730       866.3631       863.7910       861.1820       859.7079
       859.8748       860.9399       860.9962       860.9088       861.5952
       862.0460       862.8699       866.1022       869.4325       871.8881
       874.4929       878.3978       882.1777       883.6125       883.9147
       884.9714       884.9506       883.6310       883.2806       884.1110
       885.3156       886.9254       888.4043       888.0933       886.9856
       885.5289       884.0623       883.2086       883.3883       883.9083
       884.1541       884.6070       885.5266       886.2778       886.2794
       885.6606       884.1700       882.1871       880.2738       877.6787
       874.6125       871.7964       869.3547       866.7391       864.4699
       863.0262       861.2314       858.4330       856.2897
       870.1445       871.2731       870.5220       867.4333       867.7279
       869.6765       869.6956       868.3612       866.6445       864.5100
       862.4294       860.2500       858.1657       856.5355       855.1290
       853.1323       851.3878       850.6262       849.9294       847.6560
       845.2600       845.2375       846.4540       846.3030       844.3472
       843.3002       844.5259       846.7667       848.9684       850.8044
       852.4865       852.8304       851.2533       848.5906       845.9977
       844.1514       843.9537       844.9899       846.2061       847.3116
       848.3215       849.5800       851.7751       854.2885       856.3696
       858.4971       859.9747       860.5907       860.1157       859.0543
       858.0191       856.2266       854.2188       852.9763       852.9688
       853.0262       852.6880       852.0291       851.7263       852.9371
       856.1823       860.0498       862.2525       862.5585       863.1304
       864.3151       863.8907       861.4094       859.2813       858.5312
       859.3806       860.8525       860.7538       860.3544       861.6985
       863.1647       864.7087       868.4544       871.8785       873.9220
       876.3403       880.4297       884.6171       886.1633       885.7992
       886.0993       885.7532       884.2396       883.8140       884.6360
       885.3992       886.6729       887.9592       888.1524       886.9758
       884.9392       882.3452       880.5400       880.4620       881.5002
       882.9095       884.6004       887.2940       889.7847       890.5672
       889.5775       887.4136       884.5973       881.6473       878.0585
       874.2335       871.0981       868.4830       866.0565       864.2860
       863.0363       861.0965       858.4070       856.5107
       869.0072       869.8992       868.2908       865.9875       866.4880
       868.5180       869.3118       869.0609       867.8296       865.6910
       863.5236       861.2414       858.7191       857.1375       856.1629
       854.6781       852.3946       850.6847       850.0380       848.9592
       848.1064       848.9555       850.2795       849.7751       846.5623
       844.0376       844.2228       846.3322       848.7036       850.7056
       851.9411       851.9263       850.2980       848.0592       845.8687
       843.9424       843.0290       843.3551       844.5605       845.7156
       846.8391       848.3231       850.0542       851.7867       853.0280
       854.1375       855.8511       856.8834       856.7969       856.3451
       855.8388       854.4050       852.3824       851.4935       851.3575
       851.5777       851.5182       850.6513       850.0748       851.5419
       855.4476       859.4052       860.5267       859.8541       860.0266
       861.1806       861.0728       859.1525       857.6097       857.9278
       859.2785       860.7045       860.5765       860.6498       863.2425
       866.3588       869.3472       873.0830       876.2001       877.6891
       879.3962       882.8258       886.5556       887.9045       887.3466
       886.7393       885.8459       884.5518       884.2422       884.8137
       885.6279       886.8469       888.0303       888.0211       886.7936
       884.4520       881.5764       879.2667       878.6675       880.0235
       881.8631       884.2422       887.4514       890.3448       891.7852
       891.1248       888.6249       885.1715       881.2188       877.0800
       873.0617       869.6094       866.6060       864.2887       863.2303
       862.6265       860.9028       858.7192       857.3232
       868.4541       868.6815       867.0444       865.0062       865.6730
       867.8707       869.3864       869.8135       869.0900       866.8639
       864.1714       862.1057       860.0505       858.3854       857.8412
       856.8809       854.6161       852.2173       851.0330       851.6899
       852.9180       854.1297       855.2162       854.3955       850.6769
       846.2375       845.0281       846.7360       848.7483       850.1981
       851.0096       850.4750       848.8990       847.1696       845.6035
       843.6454       841.8940       841.9047       842.9980       844.4988
       846.0690       847.3602       848.4771       849.3278       849.6618
       849.7588       850.5340       851.9750       852.8466       852.8862
       852.5415       851.7064       850.9668       851.1092       851.4545
       852.1420       852.4406       851.9144       851.7752       853.6976
       857.4835       860.6166       860.9747       859.8156       859.1053
       859.3856       859.1662       857.6569       856.6414       857.5409
       859.5344       861.1099       861.4784       862.9611       866.6788
       870.1202       873.7803       877.8138       881.0690       882.1774
       882.6854       885.0282       887.6972       888.2766       887.6328
       886.8409       885.7006       884.8123       884.8267       884.7567
       885.1912       886.8408       887.8641       887.3854       886.1078
       884.5208       882.2151       880.0104       879.2244       879.8727
       881.3823       883.6418       886.0800       888.0668       889.5427
       889.5679       887.4167       883.8625       879.7404       875.4492
       871.3372       867.7304       864.5967       862.4681       861.7210
       861.3219       860.5615       859.4794       858.5987
       867.9019       867.7705       866.9432       866.0902       866.8053
       868.7639       869.9045       870.0204       869.4966       867.7382
       865.1672       863.1288       861.3776       859.6785       858.8288
       857.9702       856.4814       854.6456       853.9694       855.3482
       857.3297       858.0996       858.3496       857.5230       854.0623
       849.2924       846.8851       847.4348       848.3333       848.7268
       848.7268       848.3223       847.5380       846.8648       845.9279
       844.3545       842.6009       842.0018       843.0721       844.8140
       846.3948       847.2252       847.3909       847.2334       846.7289
       846.3290       847.0760       848.8961       850.6310       851.1751
       850.8354       850.2921       850.4830       851.2633       852.2067
       853.2748       853.8899       853.8469       854.4516       856.6359
       859.8530       861.9535       862.0896       860.9111       859.5148
       858.4294       857.1718       855.7410       856.5090       858.8223
       861.1925       862.5497       863.5819       866.4999       870.9503
       874.3629       877.6410       881.6036       884.8088       885.9514
       886.0165       886.9671       888.1509       888.1515       887.5646
       886.7324       885.6161       884.6888       884.8530       884.8155
       884.6759       885.7100       886.6058       886.0693       884.9249
       883.6147       882.0592       880.3716       879.5410       879.4327
       880.3121       881.8727       883.4435       885.0618       886.0347
       886.0773       884.5243       881.5136       877.7957       873.9203
       870.1838       866.7733       863.6840       861.7938       861.1044
       860.5883       860.2839       859.8654       859.2730
       867.2096       866.6625       866.4762       866.7226       867.6587
       869.1808       869.4720       868.6739       868.4964       868.0998
       866.1831       863.7313       861.5384       859.4179       857.8456
       857.2353       856.5587       856.0917       856.5681       858.4249
       860.5190       861.3577       860.5827       859.1578       856.1752
       850.9253       847.4567       846.8732       846.6850       845.8978
       845.3674       845.2094       845.8029       846.6276       847.2826
       847.7999       846.6439       844.7770       845.0896       847.0401
       847.6818       848.0675       847.6666       846.4267       844.9342
       844.4199       845.5521       847.6042       849.4583       850.4182
       850.3311       850.0190       849.9541       850.7321       852.1289
       853.3049       854.1207       854.6212       855.6395       857.4560
       859.4769       860.8182       860.6948       859.8828       858.7205
       857.1302       855.0779       854.5637       857.5490       862.0778
       864.4273       865.3479       867.4353       871.5454       875.6559
       878.5288       881.6896       885.1389       887.9849       889.2484
       889.0810       888.4589       888.0945       888.0558       887.6717
       886.7970       885.4326       884.8696       885.6222       885.7737
       884.9053       884.7352       884.9185       884.3228       882.9992
       881.6424       880.4137       879.1269       878.4360       878.3706
       878.5098       879.5779       881.2842       882.7819       883.6368
       883.1581       881.7392       879.1985       875.8289       872.4374
       869.1678       866.2493       863.9092       862.2216       861.2338
       860.8250       860.4298       859.7790       859.1756
       865.8679       865.2087       864.9584       865.2697       866.1849
       866.9849       866.9639       866.6581       866.9807       867.4389
       866.5552       863.7484       860.4790       857.7908       856.4930
       856.3301       856.3138       856.5961       858.3719       860.4158
       862.1888       862.8210       862.1075       860.7473       857.4141
       852.0561       847.7708       845.6916       844.4333       843.2751
       842.4262       842.5958       844.0614       845.8964       847.9769
       850.3526       851.2206       849.6112       848.5659       848.6303
       848.9500       848.4870       847.8033       845.9693       843.6360
       842.9529       844.2826       846.5608       848.4565       849.3511
       849.5889       849.5928       849.6854       849.8577       851.0079
       852.4631       853.4963       854.8837       856.1812       856.3771
       856.6891       857.0211       856.4161       855.5432       856.0073
       856.0225       854.9009       855.6567       859.4238       864.3186
       867.3116       868.8215       872.4288       877.5239       880.9016
       882.9844       885.6038       888.4826       890.7910       891.8568
       890.6526       888.8160       887.7001       887.6512       887.7620
       887.0383       885.8883       885.9827       887.1743       887.1613
       885.4688       884.1422       883.4141       882.5037       881.0875
       879.8147       878.8307       877.6899       877.2995       877.5569
       877.6075       878.3787       880.1029       881.6619       882.1407
       881.3677       879.8432       877.6484       874.6060       871.1604
       868.0842       865.7838       864.2144       862.6090       861.2762
       860.8963       860.5142       859.5532       858.6535
       864.2796       863.6296       863.0195       862.9799       863.4765
       864.1167       864.7390       865.6383       866.3909       867.3782
       867.3891       864.9356       860.7422       857.6552       856.6384
       856.4063       856.1043       856.9365       858.5283       860.2624
       861.7723       862.4795       862.2092       861.1567       858.2401
       853.5354       848.3871       845.4092       843.7557       842.4120
       841.4437       841.7806       843.5360       845.6597       847.8912
       851.1907       853.5685       852.9526       851.2753       850.1835
       849.0898       847.9180       846.8039       844.7949       842.4451
       841.9241       843.6115       845.9926       847.6216       848.2411
       848.8626       849.4832       849.4337       848.9686       849.0798
       850.2543       852.0892       854.4532       855.7458       854.6827
       853.6294       853.8011       853.2271       853.1224       855.4619
       857.1382       857.4576       858.8244       861.5945       865.3000
       868.4690       871.5541       876.8035       882.6640       885.8533
       887.0580       889.1860       891.6801       893.2174       893.0220
       890.7991       888.1418       886.9340       886.9979       887.4429
       887.3964       886.9938       887.1324       887.4984       886.8984
       885.4427       884.2626       883.0315       881.5733       880.1021
       878.8241       877.5153       876.2326       875.9344       876.5465
       877.2896       878.1441       879.4290       880.7843       881.1393
       880.3201       878.7854       876.5688       873.8431       870.8743
       867.8252       865.5446       863.9516       862.0974       860.6732
       860.2407       859.7715       858.9542       858.5999
       863.2740       862.1178       861.2930       861.3200       861.9471
       862.7756       864.1032       866.0186       867.8560       869.0330
       868.7573       866.0272       862.4053       859.9715       858.1294
       856.4737       855.8906       856.1240       857.3081       858.6555
       860.2480       860.9301       860.4407       859.2587       856.9433
       852.9130       848.6292       846.5732       846.3934       845.3346
       843.7871       843.3622       844.6894       847.0807       849.6794
       852.8403       855.0029       854.3348       853.3478       852.4155
       849.9577       847.1595       845.1978       843.8329       842.6630
       842.9162       844.8452       847.0867       848.2894       848.3654
       848.7352       849.7284       849.6783       848.8353       848.4939
       848.6295       850.7207       853.2620       854.2599       853.7161
       853.2156       853.7491       853.6855       854.3162       857.6963
       860.7869       860.9152       861.4955       863.5156       866.0698
       868.9543       873.0438       879.1235       885.6712       889.2822
       890.5699       892.7377       895.0891       895.2638       893.4521
       890.3976       887.5514       886.3483       886.4052       886.5939
       886.9215       887.0674       887.1422       887.2137       886.5732
       885.8512       884.9429       883.2423       881.1771       879.2404
       877.6056       875.9774       874.3234       873.5529       874.7842
       876.8932       878.2106       879.2025       880.0554       880.4061
       879.7701       877.9833       875.7274       873.1511       870.3696
       867.7099       865.6957       863.7205       861.4603       859.8793
       859.4979       859.5112       859.6856       859.9220
       862.7126       861.6078       860.3837       860.5988       861.7677
       862.6124       864.0665       866.7010       869.2280       870.0810
       868.0511       864.2401       861.9343       861.1896       859.4019
       856.8894       855.6550       855.5957       856.2243       858.2034
       859.6353       859.0236       857.7606       856.5836       854.1431
       850.8015       848.7044       849.2314       850.3433       850.2152
       849.0003       848.0866       848.8371       850.9749       853.1353
       855.0140       855.9889       856.0402       855.5327       854.1994
       851.2871       847.6970       845.3125       844.0929       843.8171
       844.6949       845.9028       846.9917       848.2182       848.7722
       848.2798       849.5585       850.2369       849.7499       849.9427
       850.9269       852.5995       854.5043       855.3516       855.2470
       854.9778       855.0677       855.6122       856.5558       859.2777
       862.1562       863.1921       864.0374       866.1377       868.4551
       871.1731       875.4103       881.4411       887.6194       891.3143
       893.3238       895.6987       897.4579       896.5326       893.5352
       890.1324       887.3977       886.2564       885.8940       885.5930
       885.5010       885.8585       886.7563       887.3509       887.0426
       886.3235       884.6724       882.4798       880.3137       878.2701
       876.3988       874.5770       872.5093       871.5980       873.6665
       876.6447       878.6628       879.3328       879.5971       879.7998
       879.3628       877.5109       875.1061       872.6948       869.6111
       867.4471       866.0032       863.7432       861.2035       859.4594
       859.1309       860.2807       861.1715       861.2328
       862.9578       861.9000       860.0776       859.8623       862.1342
       863.4206       864.0869       865.9291       867.9108       868.7557
       866.2273       862.4128       860.4640       860.8345       859.7812
       857.3456       856.5447       856.1361       856.6415       858.9109
       859.6898       857.3932       855.4531       854.5445       852.4938
       849.8817       849.6879       851.7995       853.6163       854.1879
       853.8859       853.5435       853.7603       854.9922       856.5198
       856.9551       857.1339       857.6698       857.2697       855.3098
       852.6847       849.8547       846.9805       844.1741       843.2786
       843.7391       844.3406       844.8181       846.7291       848.1680
       848.8046       849.8495       850.5828       850.4691       851.7664
       854.2273       856.0946       857.9517       858.5992       858.0850
       857.2177       856.6826       856.8354       858.2397       860.6080
       863.1148       864.9742       866.8970       869.6512       872.5696
       876.0021       880.3483       885.7142       890.3660       893.5384
       895.7257       897.8838       898.6550       897.0721       893.6006
       889.9197       887.2034       885.9307       885.2866       884.6264
       884.3685       885.1899       886.9114       887.7755       887.3655
       885.8702       883.5950       881.3060       879.3796       877.7276
       875.8589       873.5485       871.5335       871.7026       874.2914
       877.1223       878.7988       879.3298       879.0341       879.1104
       878.7004       877.0103       874.7590       872.6360       870.2328
       867.6158       865.4355       863.3530       860.9955       858.9848
       858.6145       859.9329       861.2014       861.6577
       863.3748       862.3026       859.9446       859.1619       861.9723
       863.9636       864.0707       864.3508       865.5245       866.9081
       866.1943       863.1398       861.1729       861.3036       860.3828
       858.4893       857.3428       856.7926       857.0908       858.6584
       858.8082       856.3899       854.7031       854.2943       852.6364
       850.4860       851.3654       854.2065       856.3774       857.2134
       857.0737       856.2477       855.8685       856.8198       857.6177
       857.8646       858.3171       859.2415       858.7275       856.2305
       852.9332       850.0348       847.0929       843.8207       841.6989
       841.6539       843.1930       846.1812       848.6871       849.4501
       850.1814       851.4470       852.2184       852.1947       853.6248
       857.0737       859.3572       860.3909       860.5908       859.7340
       858.4944       857.2749       857.3915       859.2004       862.2933
       865.2368       867.5111       869.8613       873.0662       877.1325
       881.5009       885.9964       890.2648       893.9861       896.6596
       898.6843       899.9838       899.8670       897.6299       893.7800
       889.9047       886.8944       885.2352       884.6817       884.2857
       884.2972       885.8163       887.7705       888.6810       888.1138
       886.2781       883.6025       880.9069       878.8677       877.1805
       875.5844       873.6459       872.2952       873.6485       876.2933
       877.8408       878.8030       879.0508       878.7563       878.6976
       878.2145       876.5536       874.4879       872.9958       870.8783
       867.7383       865.1013       862.9456       860.4691       858.1738
       857.6354       858.6448       860.4783       861.6764
       862.8613       861.9316       859.7676       858.7687       860.6758
       862.7310       863.5952       864.3163       865.7906       867.3400
       866.7064       864.2935       862.4401       862.0670       861.4783
       859.6738       858.0196       856.8135       857.0599       858.5330
       858.5895       856.8458       855.8215       855.3530       853.4847
       852.3405       854.1625       857.7719       860.0593       860.6667
       860.3618       858.8396       857.5394       857.1290       857.2570
       857.6979       858.9067       860.0306       859.7184       856.5259
       851.7679       848.4802       846.3398       844.2343       842.6938
       843.1257       844.9800       847.6298       849.8791       851.8017
       852.7744       854.4065       856.8409       856.9397       857.1490
       859.0779       861.1895       862.2668       862.1804       861.0141
       859.7355       858.7939       859.0519       861.5147       864.6284
       867.5712       870.2744       873.3361       877.1691       881.7300
       886.0831       889.8386       893.3943       896.8136       899.6190
       901.3378       901.8326       901.0219       898.2192       894.1359
       889.9495       886.7653       884.8661       884.5131       884.7488
       885.5404       887.2404       889.0835       889.7857       889.2792
       887.4850       884.4648       881.2270       878.6716       877.0107
       875.9418       875.1333       874.7422       876.2003       878.4833
       878.6288       878.5118       878.7405       878.5461       878.3976
       877.7852       876.1683       874.3809       872.9170       870.9301
       867.8569       864.9175       862.9474       860.3083       857.5845
       857.0411       858.2911       859.9910       861.2258
       861.4505       860.7665       859.0918       858.7349       859.9637
       861.6134       863.1169       865.0809       867.5005       868.5463
       867.3954       865.1839       863.0696       862.0982       861.0805
       859.6213       858.0331       856.8032       857.0590       858.9874
       859.3448       857.5029       856.7407       855.9974       854.8932
       855.3178       858.3340       862.1581       864.0368       864.2465
       863.9190       861.7385       859.0353       857.5021       857.0417
       857.7226       858.7841       859.8314       859.4610       855.8680
       850.5106       847.2091       846.7797       845.8215       845.0285
       845.7089       846.3311       847.1986       849.4953       852.6799
       856.2491       858.9379       860.5011       860.7579       860.3326
       861.0152       862.6915       864.2787       864.6296       863.4194
       862.3162       861.9021       862.5437       864.6605       867.3015
       869.5197       872.5258       876.2380       880.5238       885.1089
       889.3373       892.6318       895.3488       898.2219       901.1019
       902.9124       903.1436       901.6572       898.5076       894.0849
       889.7827       886.5773       885.2464       885.3442       886.1509
       887.3409       888.8967       890.2479       890.7593       889.8904
       887.8051       884.6884       881.4236       878.9623       877.5732
       877.1940       877.1575       877.3395       878.1080       878.6177
       878.3855       878.2580       878.1037       877.6562       877.3596
       876.5444       875.3458       873.9907       872.6125       871.1254
       868.2590       865.0662       862.9122       860.3705       857.6974
       857.2366       858.7519       860.3383       861.0536
       859.2456       858.4930       858.0077       858.7116       859.8968
       861.0381       862.7900       865.2379       867.9686       868.8461
       867.9870       866.0335       863.6468       861.4435       859.8871
       858.6422       857.3528       856.4472       856.7036       858.4028
       858.9250       857.0040       855.7995       856.1852       857.0485
       858.8218       862.0164       864.8774       865.7525       865.6109
       864.8292       862.5215       859.5350       857.7941       857.6658
       858.1219       858.6514       858.7237       857.7512       854.4241
       849.9858       847.7946       847.7425       847.9029       847.8093
       848.0544       848.3917       849.3931       852.4634       855.4903
       858.4338       861.1293       862.6382       863.2596       863.3105
       863.8940       865.1169       866.4246       866.5846       865.8660
       865.1602       864.8776       865.4180       867.1207       868.9119
       870.7954       873.7875       877.9080       882.5447       887.5440
       891.6440       894.6024       896.7399       898.7129       901.0719
       902.7504       902.8278       901.4006       897.9255       893.3896
       889.3613       886.8275       886.4967       887.3564       888.1324
       889.0477       890.1633       891.0500       891.0888       889.7442
       887.0292       883.9154       881.2640       879.3588       878.6494
       878.6317       878.5233       878.5420       878.6376       878.4294
       878.3604       878.0676       877.3550       876.7458       876.3186
       875.7332       874.6204       873.3878       872.5420       871.3787
       868.6576       865.7878       863.8105       861.3303       858.6379
       858.2596       860.1178       861.7195       862.3712
       856.3187       855.8994       856.6477       858.3499       859.5325
       860.4950       862.2083       864.7690       866.9849       867.8662
       867.2128       865.5765       863.7093       861.8951       860.1444
       858.2243       856.6260       855.6299       855.1804       856.4440
       857.2786       856.6170       856.1428       857.7137       860.2319
       862.8533       865.0069       866.0598       865.4843       864.4960
       863.5607       861.6127       859.1923       857.9945       857.8479
       858.6815       859.0503       858.7147       857.4812       854.2604
       850.7843       849.3474       849.6610       850.0005       850.5592
       852.0628       853.1223       854.2627       856.1321       858.3643
       860.2427       862.4351       864.5939       866.1497       867.0071
       867.3801       867.7794       868.2161       868.3303       867.7823
       867.3651       867.3865       867.8742       868.6502       869.6365
       871.4709       874.8555       879.3679       884.8234       889.9707
       893.6575       895.7317       896.9280       897.9697       899.2586
       900.2602       900.2340       898.8434       895.7369       891.8575
       889.0167       887.9234       888.5654       889.6310       890.1013
       890.6538       891.3392       891.6538       891.1969       889.4136
       886.2296       883.0793       880.9021       879.7346       879.6528
       879.5799       879.2232       879.0273       878.8184       878.8035
       878.6644       878.0638       877.0637       876.5723       876.4780
       875.5997       874.1360       872.6894       872.0740       871.0620
       868.7597       866.5118       865.0811       863.1456       860.6295
       860.4383       862.4188       864.1343       864.8583
       854.7904       855.1750       856.3069       857.7096       859.0389
       860.3885       862.0713       864.1155       865.8281       866.6306
       865.9316       864.9672       864.5457       864.0370       862.1831
       859.3277       856.7485       854.8698       853.8949       854.1498
       855.5986       856.1172       857.4724       860.2128       863.2997
       865.8044       866.9653       866.2803       864.3234       862.5477
       861.8751       860.7852       859.2419       858.1790       858.2427
       859.2167       859.9874       859.8573       858.8463       855.6507
       852.5363       851.4138       851.8350       853.0054       854.1844
       855.4781       856.5908       857.2261       858.2123       859.6448
       861.6373       864.1176       866.3829       868.2059       869.6194
       870.2524       870.2408       870.4061       870.4695       870.0959
       869.6096       869.6749       870.0712       870.5383       870.8698
       872.7600       876.6309       881.5313       887.0975       892.2202
       895.1693       896.1591       896.0585       895.9895       896.0558
       896.1900       895.9445       894.4683       892.0814       889.7415
       888.7736       889.0877       890.5295       891.9767       892.1993
       892.1839       892.4585       892.3165       891.4987       889.3693
       886.2216       883.2912       881.3086       880.3346       880.3668
       880.4727       880.3949       880.1343       879.4843       878.7989
       878.3616       877.8492       877.3738       877.4225       877.1526
       875.5229       873.5480       872.2762       871.7270       870.7504
       868.6516       866.5085       865.4413       864.3170       862.8527
       862.9625       865.0199       866.9886       867.6873
       855.8540       856.2128       856.9521       857.4969       858.6034
       860.2704       862.1535       863.8743       865.4846       866.2450
       866.0806       865.7076       866.2013       866.4146       864.6776
       861.1418       857.7933       855.9319       854.8008       854.0404
       854.2379       855.3526       857.6932       860.8845       863.7033
       865.8947       866.4202       864.9149       862.1779       860.3659
       860.1045       859.8700       859.8199       860.5522       860.5534
       860.2686       860.3411       860.2717       859.3395       856.8774
       854.0807       853.6495       854.3931       855.7318       857.2485
       858.2955       858.7667       858.5245       858.8984       860.1802
       862.4046       865.0682       867.3840       869.0670       870.4363
       871.3024       872.0813       872.7964       873.0779       872.3578
       871.6420       871.3823       872.0098       872.8617       873.7470
       875.6687       879.4275       884.3046       889.4216       893.7563
       896.0664       896.1945       895.3172       894.1647       893.2344
       892.3845       891.2341       890.0127       888.8206       888.4487
       888.9713       890.1744       892.3032       894.0609       894.2254
       893.7335       893.2843       892.7990       891.6168       889.3766
       886.6287       884.1804       882.3143       881.3336       881.2299
       881.6316       881.8846       881.6323       880.3074       878.7413
       877.9847       877.5712       877.5540       877.7078       876.9243
       875.1277       873.5552       872.7917       872.4857       871.6148
       869.5259       867.4883       866.1876       865.0174       864.2003
       865.1915       867.8734       869.9448       870.5599
       857.2797       857.1075       856.9863       857.3860       858.2034
       859.6849       861.4517       863.5381       865.1935       866.2169
       866.5081       866.7018       867.2236       867.1680       865.1821
       861.8629       858.9988       857.5391       856.3621       854.8767
       854.4440       855.3438       857.3636       860.0591       862.5875
       864.2457       864.1539       862.2762       860.0110       858.8329
       859.1155       859.7400       861.0417       862.6701       862.1588
       860.7783       860.3313       860.1100       859.2117       857.5646
       856.0903       855.4205       855.8584       857.3303       859.4448
       860.8080       860.6467       860.0903       860.0131       861.2942
       863.3976       866.0668       868.2402       869.5594       870.5383
       871.9207       873.4452       874.4381       874.3868       873.6229
       872.6828       872.5367       873.3141       875.0239       876.8671
       879.1450       882.6572       887.2709       891.6770       894.9508
       896.4203       895.9425       894.7253       893.5745       892.0959
       889.9788       887.9567       886.4854       886.1553       887.3500
       888.8705       890.7913       893.4139       895.4887       895.7433
       895.0113       894.0034       893.0157       891.7230       889.6578
       887.3842       885.4581       884.0183       883.1524       883.1035
       883.4533       883.6906       883.2337       881.4449       879.2094
       878.1435       877.7709       877.8463       877.9302       876.7927
       875.2141       874.4643       874.4037       874.0627       872.8253
       871.0898       869.5031       867.9851       866.2057       865.8911
       868.0644       870.8803       872.9475       873.6085
       857.7268       856.9911       856.4652       856.8507       857.8605
       859.1816       860.9169       862.6688       864.3179       865.4311
       866.2560       866.8116       866.7094       865.5156       863.3209
       860.5966       858.7057       857.7931       856.7642       855.6076
       855.2859       856.0552       857.6349       859.7718       861.8049
       862.8314       861.9374       859.9236       858.0756       857.9226
       859.3508       860.9270       862.6590       863.5614       862.3938
       860.7559       860.1057       859.7822       858.9110       858.0233
       857.3105       856.5922       856.6050       858.2265       860.5347
       861.8032       861.9452       861.6920       861.9354       863.4041
       865.5691       867.7064       869.3936       870.5841       871.4342
       872.6254       873.9150       874.2717       873.9270       873.2728
       872.8403       873.1906       874.6500       876.6580       879.0178
       881.7227       885.6252       889.8218       893.3600       895.5043
       895.8214       894.9024       893.7885       892.9874       891.5180
       888.9750       886.4389       884.9471       884.4636       885.2626
       887.5850       890.6047       893.6266       895.6891       896.2299
       895.6299       894.5665       893.3649       892.1327       890.5283
       888.6882       887.1413       886.3380       886.4545       886.6542
       886.5508       886.3177       885.7034       883.5999       880.8585
       879.0253       878.4411       878.6530       878.9130       877.9321
       876.6436       876.0930       875.8323       874.9980       873.8481
       872.5267       871.3312       870.2512       869.1877       869.5301
       871.6720       874.2047       875.9561       876.8760
       857.4212       856.2786       855.4911       856.2827       857.8185
       859.4240       860.7734       862.1285       863.2476       863.9318
       864.7224       865.4715       865.0204       862.8707       859.9352
       857.8486       857.1486       857.3337       857.1713       856.8846
       856.9730       857.5145       858.7851       860.4750       862.1009
       862.1308       860.4886       858.0849       856.6102       857.0248
       859.5726       862.4623       864.6514       865.5558       863.9132
       861.6419       860.2283       859.2806       858.5092       857.8831
       857.2581       856.7322       857.0098       858.5754       860.5821
       861.8509       862.5719       863.0806       864.0737       865.8701
       868.0750       869.6428       870.8918       871.6536       872.1462
       872.8842       873.4418       873.1778       872.4816       872.2032
       872.6511       874.0957       875.8397       877.9116       880.4448
       883.7924       887.7230       891.4769       894.0558       895.0355
       894.4733       893.0119       892.1078       892.0026       890.8828
       888.1103       885.7784       884.8160       884.6973       885.2410
       887.0798       889.9981       893.1107       895.1846       895.9849
       896.1325       895.4642       894.2338       893.1432       891.7608
       890.1848       888.8661       888.6363       889.6516       890.4384
       889.9490       889.2583       888.3815       886.2087       883.1287
       880.6186       879.2885       879.2728       879.1586       878.3300
       877.7243       877.6262       877.3380       876.6316       875.8451
       875.2438       874.4070       873.7327       873.6644       874.4584
       876.0740       877.7317       879.2926       880.3069
       856.2452       854.8322       854.2572       855.6187       857.9456
       859.5182       860.6055       861.8486       862.3046       862.2926
       862.8917       863.7991       863.2218       860.3273       857.5262
       855.9873       856.2009       857.6054       858.5361       858.6741
       859.0133       859.9577       860.7902       861.2543       861.4946
       860.8315       858.9529       856.7756       855.5530       856.6205
       859.9958       863.7047       866.3983       867.2291       865.9552
       863.6611       861.3100       859.3669       858.7247       858.3081
       857.1533       856.4637       857.0199       858.5098       860.5505
       862.2473       863.3890       864.4028       865.6943       867.7491
       869.9630       871.6687       872.3928       872.6329       872.6285
       872.8734       872.9386       872.3411       871.5496       871.2249
       872.6858       875.0472       877.1224       879.3836       882.1434
       885.7004       889.6646       892.8558       894.4921       894.3942
       893.0009       891.4321       890.9610       891.2804       890.4611
       888.0076       885.8267       885.3293       885.6930       886.3528
       887.6175       889.8462       892.3344       894.3722       895.9094
       896.9834       896.9621       896.0229       894.8014       893.4150
       891.9099       890.8839       890.8057       892.0543       892.9300
       892.4079       891.5012       890.4379       888.2228       884.9589
       882.1261       880.6299       879.8642       879.1145       878.2828
       878.3854       879.0382       879.3195       879.2665       879.2349
       879.0369       878.1869       877.6017       878.1852       879.3379
       880.4589       881.5847       882.5284       883.4860
       854.8959       853.6241       853.2703       855.1063       857.6353
       859.3738       860.6827       861.6639       861.8815       861.5927
       862.1816       863.1411       861.9145       859.3252       857.0085
       856.0874       856.8263       858.7112       859.9832       860.1516
       860.5447       861.6077       861.8146       860.8762       859.7177
       858.8805       857.5607       855.4976       854.6140       856.3761
       860.2516       864.6191       867.4334       867.6356       866.4798
       864.6987       862.3843       860.1677       859.3465       859.0150
       857.6500       856.9276       857.4516       858.6949       860.6702
       862.6172       863.9012       865.1171       866.8570       869.1152
       871.7368       873.5804       874.1498       873.6625       872.9761
       872.7955       872.9710       873.1807       872.7922       872.0392
       873.5099       876.4486       879.0004       881.4144       884.4821
       888.0610       891.7259       894.6961       895.6835       894.8583
       893.1428       891.6353       891.4094       891.8071       891.1477
       889.1575       887.1560       886.4407       886.7279       887.1271
       888.0292       889.8646       892.0684       894.3635       896.8121
       898.5887       898.8962       898.0262       896.4341       894.8291
       893.6544       892.8312       892.9108       893.7579       894.4394
       894.0783       893.0325       891.8018       889.6514       886.4769
       883.6769       881.8261       880.8390       879.7952       879.0776
       879.4558       880.7357       881.5292       881.6133       881.7835
       881.6403       881.1537       881.2339       882.1854       883.2910
       884.2511       884.7407       885.1649       885.6325
       854.1212       853.4994       853.4537       854.9854       857.3616
       859.3417       860.6773       861.6294       861.8110       861.5091
       862.4138       863.1533       861.6360       859.0106       857.1630
       856.7960       857.9867       859.6533       860.4525       860.5629
       861.3795       862.1456       861.4943       859.6669       858.2396
       857.4264       856.1514       854.3672       853.8606       856.2748
       860.4533       864.7701       867.2875       867.3390       865.9079
       864.1439       862.2662       860.3023       858.9862       858.3885
       857.8124       857.8944       858.5094       859.1978       860.7716
       862.7370       864.0200       865.2200       867.4730       870.4436
       873.2245       875.1575       875.3423       874.1423       872.9117
       872.7081       873.6334       874.9341       875.1035       874.6124
       875.5393       877.9352       880.6147       883.5587       886.6191
       889.9473       893.3561       896.0853       897.2001       896.2913
       894.5355       893.1056       892.8860       893.5247       892.7205
       890.3970       888.5012       887.6829       887.5178       887.7504
       888.4276       890.0789       892.6354       895.3328       898.4133
       900.7263       900.8322       899.1630       897.0284       895.4881
       894.4382       893.8267       894.0875       894.9533       895.4751
       895.2081       894.2829       892.8987       890.6885       887.8943
       885.2944       883.3148       881.6140       880.2104       879.6140
       880.4247       882.1237       883.3021       883.4948       883.1603
       882.7698       882.9539       883.9547       885.0357       885.8818
       886.5107       886.6873       886.6856       886.8831
