!     RMS - Reservoir Modelling System GRID TO ZYCOR GRID
!     RMS - Reservoir Modelling System VERSION : 10.1
!     GRID FILE NAME   : Reflector3
!     CREATION DATE    : 2018.12.21
!     CREATION TIME    : 08:26:28
@Reflector3 HEADER                     ,      GRID, 5
      15,    -99999.0000,       ,      4,      1
     119,     65,    436910.1562,    440110.1562,   6469154.5000,   6475054.5000
         0.0000,         0.0000,         0.0000
@
+ Grid data starts after this line
       930.7054       932.1934       933.1857       933.2321       933.1694
       933.3812       933.6732       934.3231       934.6594       935.1472
       935.1302       934.5309       933.8823       935.4626       937.6971
       937.6451       936.8109       936.7570       938.1842       940.1374
       942.2211       945.1959       947.6907       948.6161       947.9677
       946.9766       945.7180       944.8172       944.6108       944.6361
       944.9061       944.9881       945.1528       944.7020       943.5628
       943.4533       943.7697       943.6769       943.4626       942.8566
       943.0606       942.5081       940.3151       938.4595       938.0768
       937.9252       936.6035       934.3798       932.3620       931.5695
       930.8550       930.4446       931.3992       932.7052       932.6828
       931.7323       931.0216       930.9818       931.9470       933.1486
       933.8500       935.4000       938.3801       940.6459       940.6564
       939.7171       939.4562       939.5585       940.7725       943.2121
       946.0083       948.5743       950.7559       953.2733       956.3840
       958.7481       959.0138       958.9358       959.3563       960.1999
       961.4445       962.6526       963.7469       964.8383       966.6068
       968.7891       970.1605       971.4170       972.1107       971.3425
       969.5779       967.9045       966.8599       966.0016       964.5709
       962.9834       960.7763       958.9781       958.8777       959.4971
       959.5685       960.2074       961.2903       962.0342       963.0852
       964.1316       964.6683       964.4664       962.5394       959.9818
       958.0444       956.8882       956.6608       956.2540       955.9605
       955.8561       955.3206       954.0982       952.8364
       931.3724       931.5214       931.3961       930.6451       930.3284
       930.7564       931.5833       931.5951       932.1338       932.8412
       932.7340       932.5436       933.2601       934.9108       936.9410
       937.8744       937.7204       938.1395       939.4869       941.3259
       943.8768       946.0159       947.2599       947.5018       947.1528
       945.9634       944.4857       944.2639       944.5093       944.3847
       944.2532       944.1222       944.2814       943.5869       942.3766
       942.5120       943.1408       943.8970       944.3002       943.9362
       943.8224       942.9128       940.1876       938.4438       937.9316
       936.7917       934.7989       932.1212       929.8730       929.3298
       929.6199       930.1303       931.1536       932.6706       933.3275
       932.5461       931.5556       930.8744       931.2593       932.1084
       933.3809       935.5629       937.7490       939.3793       939.9953
       939.5537       939.0818       939.6455       941.0080       943.3686
       946.2427       948.7998       950.8281       953.5771       956.8604
       959.5527       960.6701       960.7633       960.7074       960.9721
       962.0952       963.1411       963.9411       965.1338       967.4390
       969.7762       971.8834       973.3497       973.7947       973.1547
       971.3849       969.4559       968.0475       966.4630       964.8516
       963.0601       961.0811       960.0836       960.0161       959.6517
       959.5227       959.7706       960.4818       960.9802       962.0539
       963.2647       964.1483       965.5277       964.4402       960.7833
       957.5789       955.3543       954.4170       953.9204       953.8615
       954.1813       953.8410       952.8729       951.5909
       930.8579       929.8567       928.6371       927.7375       927.2869
       927.8419       928.7159       929.1519       929.7348       930.1437
       930.2435       930.7238       932.0275       933.6210       935.5073
       937.8986       939.3121       940.1519       941.7445       944.2581
       946.5312       947.6208       947.3342       946.7515       946.1551
       945.2080       944.0258       943.7172       944.0255       944.2603
       943.7570       943.0419       942.7906       942.1963       941.3215
       941.7205       942.5967       943.8084       944.8079       944.8785
       944.9826       943.5332       940.8079       938.3923       937.5341
       935.9692       932.5359       929.3036       927.4095       926.7645
       927.5793       929.0342       930.3842       931.7701       932.2577
       931.6485       930.9592       930.3432       930.0955       930.9116
       932.2859       934.2397       936.1684       937.4218       938.2758
       938.4125       938.0069       938.4665       940.1129       942.4163
       945.5605       948.1924       950.8330       953.7494       956.6009
       959.6117       961.9524       962.7929       962.8769       962.7245
       963.2216       964.1155       964.8154       966.1534       968.2998
       971.1705       973.6676       974.9704       975.1385       974.4160
       973.3126       971.4431       969.1252       967.0978       965.3784
       964.2900       963.0979       961.9688       961.3804       960.4989
       959.7911       960.1716       960.6183       961.0669       962.3792
       963.5590       964.6190       966.3742       966.1077       961.8571
       957.6039       955.2314       953.6630       952.4670       952.0272
       952.4479       951.9525       951.2229       950.7566
       928.6519       928.0654       926.7181       925.6923       925.4593
       926.1831       926.7343       927.6691       927.9302       928.2083
       928.5637       929.1790       930.8660       932.5883       934.8160
       937.7272       939.8109       941.3268       944.0170       946.9520
       948.8670       949.0916       947.6104       945.6665       945.1980
       944.5437       943.7078       943.5262       943.8281       943.7178
       942.5992       941.2807       941.0069       941.1257       940.5846
       940.7547       942.1282       943.8391       945.0128       945.5194
       945.2723       943.9041       940.2684       937.3029       936.0265
       934.3039       930.1034       926.3977       924.8698       924.5709
       925.3515       927.1298       929.1602       930.0859       929.3105
       928.6439       928.6607       928.3934       928.6101       929.4550
       930.7614       932.4752       934.2494       935.0654       935.9891
       936.4894       935.8555       935.9538       937.4504       939.6359
       942.8586       946.5883       949.8467       952.9368       956.0625
       958.9145       961.4114       963.4471       964.0192       963.9947
       964.4868       965.6852       967.3446       968.7112       970.4462
       972.5532       974.3896       975.1283       975.1312       974.5717
       974.0640       972.6237       970.4370       968.5010       967.1732
       966.5441       965.6066       964.5570       963.3370       962.0175
       960.7104       960.4861       960.7909       961.4467       962.8778
       964.4370       965.3220       966.3751       965.2101       961.1569
       957.0754       955.1676       953.6759       952.3906       952.0329
       951.9542       950.9110       950.5720       950.5824
       925.9024       925.3432       924.6860       923.8305       924.4264
       925.8090       926.6821       927.0085       926.9419       926.9996
       927.6249       928.6038       930.1598       931.7345       934.2801
       937.1203       939.1606       941.3420       944.4084       947.3644
       949.0745       949.0901       946.7577       944.8511       944.3971
       943.6768       942.5977       942.8134       943.3086       942.6764
       941.0944       939.6156       940.0917       940.7406       940.2881
       940.1650       941.4042       942.7783       943.4429       943.8951
       943.4426       941.1397       937.7454       934.5137       933.2792
       930.9948       927.2632       924.4092       922.6301       922.4970
       923.7462       925.5402       927.1718       927.7291       926.9073
       925.6738       925.4983       925.8210       926.7688       928.0977
       929.5927       931.1863       932.3198       932.9683       933.2656
       934.0071       933.7769       933.6926       934.8426       936.7229
       939.9485       944.1658       948.1843       951.8203       954.5879
       957.3555       960.1022       962.6881       963.7501       963.8273
       965.0238       967.3506       969.4257       971.1167       972.9544
       974.7548       975.2563       975.0324       974.7469       974.1752
       973.0385       971.9549       971.3154       970.8202       969.7686
       968.2310       967.3917       966.5958       965.2418       963.0846
       961.3986       960.5265       960.6142       960.8132       962.3018
       963.9608       964.9066       964.7612       962.9552       959.3056
       956.5873       955.2589       954.4163       953.3974       952.7366
       952.0695       951.3038       950.8537       950.3490
       921.7006       921.6114       921.6782       921.9498       922.9967
       924.9185       926.4850       926.2493       925.5650       925.6269
       926.8701       928.3199       929.5380       931.1984       933.7271
       936.1978       938.0806       940.0732       942.8157       945.5621
       947.2302       946.9883       945.7584       945.0676       944.6970
       943.7232       942.5859       941.9730       942.3378       942.0714
       940.4862       939.6544       940.2858       941.2389       940.2510
       939.1592       939.7632       939.9713       940.0248       940.3710
       939.7156       937.3545       933.9966       931.6008       930.1567
       927.7462       924.8197       922.6597       921.7449       921.5901
       922.7203       924.1946       925.4545       925.5779       924.3956
       923.5246       923.3442       923.7617       924.7903       926.6745
       928.6591       930.0220       931.1238       931.3072       931.2161
       931.8223       932.3740       932.6129       933.9020       936.0204
       939.2778       943.1382       946.9451       950.3813       953.1858
       955.7385       958.9467       961.4803       962.5660       962.8594
       964.7908       967.8266       970.0055       971.7858       974.1901
       976.0303       976.1000       974.7405       973.3868       972.0449
       970.6874       969.8826       970.9105       972.2492       972.2437
       970.5243       968.3565       967.2703       965.5093       963.8057
       962.1991       960.7822       960.3054       960.5472       961.2955
       962.3845       962.7372       962.1375       960.8362       958.5933
       957.2186       956.5906       955.6588       954.6460       953.7197
       952.7084       951.9061       950.7259       949.9827
       918.0886       918.8097       919.6615       920.7999       922.1556
       923.4861       924.5600       924.8386       924.0297       924.4010
       925.5115       926.7180       928.2043       930.4846       932.6420
       934.3716       935.9631       937.7982       939.8491       942.1806
       943.8958       944.5556       944.8898       945.5356       945.9752
       945.3043       943.4671       941.6650       940.4116       940.6121
       940.3853       940.0834       941.1086       941.3674       939.4910
       937.5996       936.9325       936.4811       936.6663       936.9847
       936.4512       934.4016       931.9093       930.0077       928.3057
       925.8710       923.2779       921.9598       921.6355       921.6809
       922.4256       923.9045       924.4573       923.6287       922.3947
       922.3443       922.8616       923.0460       923.7126       925.8615
       928.0389       929.4122       929.8101       929.5234       929.4775
       930.1222       930.9503       932.2421       933.9841       936.6564
       939.8466       943.3530       946.8243       949.3997       952.3239
       955.6869       958.5256       960.7598       962.0249       962.8723
       964.8193       968.1735       970.9998       972.5473       974.0787
       976.1223       976.0268       974.0001       971.6644       970.2430
       969.1377       968.7383       970.5116       973.8175       975.2228
       973.6562       970.3752       967.6406       965.9246       964.5931
       962.9493       960.8301       959.4021       959.7354       960.2936
       960.6437       960.4357       959.8569       959.7390       958.8317
       957.7242       956.6642       955.3650       954.2292       953.1226
       952.3355       951.5873       950.1423       948.4928
       917.6047       917.8589       919.1215       920.7372       922.3811
       922.9094       923.2885       923.6948       923.5314       924.0528
       924.9750       925.3834       926.3393       928.1179       929.9794
       931.2495       932.8796       935.1350       937.0746       938.9484
       940.9794       942.6987       944.5664       946.0089       947.0801
       946.0369       943.5811       940.7546       938.9515       938.7319
       939.6479       940.3145       941.0320       940.8797       939.2114
       937.2592       935.6982       934.8739       934.4446       934.4509
       933.5307       931.7161       930.1676       929.3506       927.9879
       925.7767       923.4847       922.5208       922.0805       922.3422
       923.3270       924.2663       924.0841       922.9290       922.6475
       923.1161       923.9526       924.5059       925.1775       926.6078
       928.3704       928.8911       928.3922       927.9434       928.2761
       928.5776       929.7706       931.7122       933.6893       936.2618
       939.4446       943.1783       945.7596       948.5106       951.5999
       954.9421       958.5647       961.0445       962.7513       964.0421
       966.2001       969.7518       972.5045       973.3628       974.2149
       975.3206       975.5117       974.2664       973.1279       972.3950
       970.9789       970.1843       972.5649       975.7310       977.4197
       975.8821       972.1208       968.9302       966.9048       964.9926
       962.7729       960.5505       958.5069       958.2664       959.2047
       959.6273       958.8304       958.3086       958.8249       958.9185
       957.4286       956.0049       954.4883       952.7056       951.5998
       951.0956       949.9734       948.3448       946.5642
       919.2189       919.4869       920.7490       922.3752       922.9652
       923.2619       923.8309       923.9950       924.2718       924.6808
       925.2969       925.8098       926.2719       926.2794       927.1030
       928.5187       930.0919       932.1954       934.6359       936.8269
       939.0181       941.9611       944.3823       946.3399       946.7722
       945.1423       942.2216       939.9714       939.0335       938.7687
       939.3170       940.2150       940.8856       940.5955       939.7125
       938.8140       937.5941       936.0421       934.3490       933.2407
       931.6808       929.7690       929.3834       929.4077       928.5573
       926.5921       924.8397       923.5937       922.6764       922.6243
       923.6931       924.0894       923.4368       922.8699       923.2902
       924.6922       925.8946       926.7236       927.4608       928.3860
       929.2785       929.2534       928.1516       927.8184       927.8641
       927.7017       928.8537       930.8334       932.7149       935.1940
       938.1989       941.4857       944.7139       946.9998       949.7016
       953.4315       957.9648       961.8923       963.5546       965.1065
       967.7648       971.0005       973.2162       973.8043       973.8223
       974.5621       975.2550       975.6636       976.6985       977.0574
       975.2253       973.8806       974.9616       976.9547       977.3985
       975.4174       971.8186       968.5536       966.3839       964.8557
       963.2192       960.5316       958.3650       957.6007       957.6330
       958.1915       958.0816       958.2664       958.2949       957.7073
       956.4414       954.8235       953.6518       952.2800       950.9537
       950.2060       948.4537       945.8760       944.2767
       923.4001       923.2745       924.5666       925.1642       924.5738
       924.4068       924.5347       925.0368       925.6748       926.0746
       926.4089       926.9432       927.0480       926.6133       926.6323
       927.5732       928.8801       930.2682       931.6159       934.2975
       937.6356       940.8998       943.4329       944.9175       944.9381
       943.0233       940.3793       938.8667       939.2122       940.1409
       940.1562       940.9116       941.3842       941.2045       940.9528
       940.6502       940.2275       938.6619       936.1559       933.9291
       931.6838       930.3964       930.2925       930.2625       929.8099
       928.4600       926.5425       924.8303       923.3096       922.5848
       923.3533       923.9121       923.1385       922.3872       923.0944
       924.9413       926.5683       927.8983       928.9366       929.5525
       930.2332       929.9855       929.1034       928.2353       927.8295
       927.6822       928.3570       930.0808       932.0089       933.7686
       936.5795       940.0795       943.2352       945.7706       948.1401
       952.7207       958.2042       961.7618       963.6849       965.4628
       968.6487       971.6880       972.8593       973.0170       973.1837
       973.9468       975.0322       976.3745       978.8359       980.0622
       978.8739       977.0100       976.1511       976.5531       976.5728
       973.9445       970.2013       967.1011       965.7278       965.4094
       964.6024       962.0618       959.3796       957.2449       956.3651
       956.6282       957.7295       958.1403       957.7194       956.1193
       954.0746       952.3453       951.9753       951.6941       950.7256
       948.7919       946.2457       943.5038       941.9202
       928.6506       927.9456       927.9288       927.8151       926.6898
       925.2176       924.9596       925.8447       926.3992       927.0664
       927.4177       927.8766       928.0129       927.8492       927.8926
       928.1065       928.8351       929.3795       929.8047       932.0236
       935.5994       938.7250       940.9918       941.8820       941.3654
       940.2002       938.6575       937.9830       939.2383       940.7789
       941.5847       942.1766       942.8913       943.2014       943.3748
       942.9310       942.5763       941.2145       938.9217       935.8868
       933.6429       932.2601       931.6854       931.6379       931.8621
       930.9891       928.9059       926.8463       924.8741       923.7053
       924.2542       925.0386       924.2134       922.7866       922.9227
       924.4587       926.3465       928.0676       929.6097       930.7168
       930.9296       930.2825       929.1170       928.1526       927.4315
       927.2176       927.8961       929.3395       931.6436       933.8906
       935.7079       938.4490       941.6408       944.4140       947.7993
       952.3416       957.8900       961.9333       963.5742       965.7563
       969.3018       971.5267       971.9593       971.7737       971.9189
       973.0819       974.4418       976.1260       978.3503       980.1921
       979.7839       977.1056       974.8550       975.1840       975.5604
       973.0071       968.8339       966.6843       966.6947       967.5741
       967.0278       964.6044       961.0442       957.6414       955.9612
       956.2290       956.9743       957.4017       956.5502       954.8814
       951.9864       949.5275       948.7049       949.0466       948.1653
       945.2739       941.7498       939.8107       938.6459
       932.7321       930.9586       930.0161       929.9340       928.0427
       925.6725       925.7495       926.7109       926.6409       926.9481
       928.3231       929.1269       928.9319       928.4055       928.1812
       928.1326       928.2095       928.2697       928.7713       930.2731
       933.4789       936.4090       938.3875       938.3734       937.8167
       937.4905       937.3436       937.8089       938.7616       940.6572
       942.6915       943.6070       944.7062       945.5065       946.0585
       945.9585       944.6923       943.9736       942.1270       939.6718
       937.3188       935.2414       933.7031       934.0035       934.4655
       933.2407       930.9419       928.8058       926.6910       924.9844
       925.6541       926.9903       925.8955       924.2443       923.9515
       925.0979       926.5989       928.1006       929.2035       930.4745
       930.6191       929.4333       928.1261       927.3565       926.5923
       926.1249       925.8815       926.6185       929.6903       932.3568
       933.6855       936.2016       939.4370       942.9766       947.2393
       952.1213       957.0585       960.7684       963.0930       965.7695
       968.8156       970.4444       970.5316       969.9498       969.6627
       971.1975       973.5563       974.5110       975.4449       976.6061
       976.2443       973.4349       971.3696       971.8880       972.4778
       970.3777       966.8214       965.1581       966.1995       967.3993
       966.8639       964.5806       961.4733       958.5955       956.7339
       956.4562       957.2181       957.4845       956.3987       953.1947
       949.7684       946.5908       944.1339       943.4003       941.3906
       937.4462       934.6748       933.9305       934.0812
       934.6141       932.8431       931.4148       930.4872       928.1375
       926.1185       926.6562       927.4976       926.8195       926.7090
       928.6602       929.8392       929.4744       928.2154       927.3438
       927.3245       927.3102       927.2086       927.5218       928.8913
       931.7086       934.7565       936.0103       936.0632       935.7495
       935.7029       935.9216       936.2621       937.0528       940.2749
       943.5870       945.2057       945.8261       946.8538       947.8096
       947.7700       946.1765       945.4393       945.1590       943.1137
       941.5485       939.5660       937.2794       936.7664       936.7465
       935.4619       931.8757       928.7188       927.3264       925.8353
       926.5687       927.6809       927.8524       926.6562       925.6476
       926.0836       926.8481       927.1330       927.8330       928.9734
       929.1835       928.2610       927.4742       926.7127       925.5834
       924.5889       923.4379       923.3301       925.2803       927.4870
       929.8046       933.0508       936.3266       940.2053       945.3127
       950.4785       954.5004       957.5487       960.2589       963.3502
       966.0773       967.3091       967.3964       966.5583       965.9651
       967.0622       969.7121       970.8649       969.9243       969.8705
       969.5579       967.3653       966.0262       966.6430       966.7193
       965.2258       962.5704       961.3516       961.8694       962.4805
       962.3500       961.2053       959.7103       958.4357       957.6395
       957.4416       958.0634       958.2725       956.0748       951.5022
       947.1395       943.6212       940.7485       937.8329       933.2640
       928.1764       926.7374       928.3340       929.8458
       934.5326       933.0938       931.4305       929.9056       928.0031
       926.4973       927.1046       927.9034       926.9122       926.6943
       928.0085       929.5008       928.7557       927.4476       926.0768
       925.8826       926.3316       926.3472       926.4760       927.9857
       930.5790       933.0618       934.4587       934.7486       934.5159
       934.0969       933.8332       933.7188       935.1053       938.7712
       942.5956       944.2597       944.9364       946.0876       948.1503
       948.4075       946.6041       945.5654       945.4426       944.5580
       944.6231       943.7054       941.1769       939.2094       938.6439
       936.7122       932.6523       929.3787       928.1506       927.6404
       927.0256       927.9067       928.4453       927.4114       926.0692
       926.1447       926.4128       926.0356       926.6388       928.0115
       929.0361       928.3200       927.6297       926.8103       925.3630
       923.9737       922.6871       921.9927       922.3789       923.8203
       926.2462       929.4658       932.7784       936.6268       941.2531
       946.3458       950.3115       952.8483       955.5292       959.0137
       961.2355       962.4993       962.7424       962.1414       961.4171
       961.7050       963.3651       963.5831       962.8199       962.7858
       962.4705       960.9762       960.2767       960.5392       960.6830
       959.3545       957.3793       956.2795       956.2079       956.5140
       956.9727       957.2166       956.8800       956.3076       956.3029
       956.7538       957.6719       958.1989       955.6596       950.2926
       945.4316       942.0648       939.2087       935.1396       928.9971
       923.0377       921.8751       924.3148       926.7334
       933.1531       932.5563       931.5463       929.9310       928.6208
       927.6130       927.4461       927.7363       927.6624       926.8567
       927.4083       927.6766       926.8577       925.1542       923.8412
       923.4623       924.2162       925.0455       926.0295       927.8388
       930.2424       932.4402       933.4451       933.7520       933.1550
       932.2507       931.4135       931.6342       933.6281       936.3585
       938.6208       940.1714       941.6296       943.9426       946.4460
       947.3113       946.2847       945.0616       944.4639       945.5410
       947.2594       946.6045       943.6844       941.6253       939.6735
       936.8506       933.4388       931.0953       929.9280       928.7753
       927.7567       927.0488       926.9442       926.3389       925.5613
       926.0700       926.4849       926.0790       926.1902       927.9773
       929.2847       929.5437       928.6658       927.4961       926.3022
       925.4922       924.1180       922.1940       921.3370       922.0475
       923.8314       926.3086       929.4044       932.7425       937.0222
       942.2697       946.9848       949.0121       951.3989       954.8694
       956.8398       960.1519       960.5745       958.6809       957.4693
       957.3591       956.8319       955.4764       954.7655       955.3632
       955.5881       954.8810       953.9986       954.0515       954.2639
       953.5064       951.8685       950.3467       950.2039       950.7889
       952.0384       953.2977       953.4201       952.9340       952.9651
       954.0402       955.2961       956.1270       954.1347       949.3132
       944.4667       941.8069       938.7434       934.4042       927.9333
       922.9214       921.1412       922.7028       925.0508
       933.3990       932.6851       931.9634       931.2256       930.3766
       929.0034       928.3770       928.5470       928.3192       927.8755
       927.0768       926.1000       924.7089       922.7751       921.9227
       922.1730       922.9133       924.0482       926.1688       928.6573
       930.8658       932.1124       932.6242       932.3316       931.4739
       930.5411       930.2588       930.9008       932.5193       933.8773
       935.0781       936.7838       938.3571       941.1402       943.4577
       943.8926       943.8732       943.7969       944.7867       947.1570
       948.9054       947.9473       945.3631       942.8919       939.4454
       935.8755       933.6625       932.4110       930.9142       928.9833
       926.9527       925.2757       924.9093       925.0336       925.1973
       926.3032       926.9334       926.2928       926.6048       928.0571
       929.7545       930.5837       930.4236       929.3370       928.6091
       927.7769       926.0129       923.4270       921.4478       921.2603
       922.5464       924.9367       927.5112       930.8763       935.3300
       941.0212       945.3221       947.2369       949.3291       951.3707
       953.1539       956.6215       957.9550       955.5461       954.0562
       952.6436       950.8245       948.4390       947.7340       948.4604
       948.6036       947.9860       947.0977       946.6989       946.6166
       946.2303       944.8505       943.6709       943.3124       944.5899
       946.6796       948.4105       948.8734       948.6691       948.8299
       950.0189       951.7480       952.4122       951.3708       948.2281
       944.5764       941.7178       938.7671       933.9380       928.5480
       923.9962       922.2244       923.4215       925.2929
       935.0493       933.8277       932.7088       932.7898       932.3475
       931.2576       930.0953       929.6132       929.3079       928.3760
       926.5858       925.1196       923.4852       921.8821       921.5561
       922.1927       922.4563       923.6510       925.7535       928.5287
       930.3425       930.9460       931.0504       930.4154       929.5667
       929.8646       930.2728       930.5800       932.0947       933.0377
       933.5515       934.1374       935.9199       938.5844       940.6015
       940.7635       940.5799       941.7997       944.9135       948.2242
       949.0101       947.5487       945.8419       943.3519       938.7020
       934.7793       933.6586       932.7345       931.0699       928.6183
       925.7863       924.3560       924.0005       924.6243       925.6751
       926.8016       927.2184       926.7374       926.7380       927.9849
       930.4747       932.1054       932.1810       931.5206       930.9395
       929.8339       927.6054       924.6862       922.3389       921.7495
       922.8925       925.2136       927.8857       930.9969       935.7764
       940.8774       943.8921       946.1094       947.4721       948.0092
       949.1616       950.8031       951.5153       951.2474       949.3443
       946.9796       944.2890       942.4845       942.1491       941.9224
       941.5714       941.1046       940.6761       939.8073       938.7645
       937.7684       936.7164       935.7665       936.1603       938.0904
       940.5905       942.2343       942.8323       942.7142       943.0245
       944.5996       946.6114       947.8150       948.2094       946.9852
       943.6260       939.7477       936.4409       932.9225       928.9296
       925.1632       923.8657       925.3136       927.2640
       936.3917       935.6857       935.0237       934.7842       934.4032
       933.5996       932.2173       930.6038       929.7643       928.1490
       925.7054       923.7584       921.7026       920.5119       920.9788
       921.0989       921.1603       922.1901       924.4916       926.4922
       927.9177       928.8941       928.9166       928.0724       928.2589
       930.0451       930.7458       930.7941       932.3146       933.9297
       933.5353       932.2875       933.0095       936.5123       939.6973
       940.2722       939.6073       940.6224       944.0280       947.1677
       947.2142       945.6512       944.6391       941.9009       937.4637
       934.1777       933.2302       932.5525       930.6780       927.7057
       924.4611       922.7213       923.3555       924.8481       926.5590
       927.7047       928.2221       928.5033       928.1384       929.0810
       931.8731       933.5300       933.1422       932.3034       931.5966
       930.2106       927.8489       925.0705       923.2809       923.2397
       924.2522       925.7538       927.9997       930.9222       935.5644
       939.6108       942.0967       944.0243       944.8536       944.8430
       945.5684       946.3219       946.6078       945.7214       944.1425
       941.7017       939.2852       937.3798       936.5535       936.3607
       935.6951       934.9308       934.2132       932.5856       930.7848
       929.7322       929.3694       929.2762       930.3066       932.7156
       934.8913       936.3479       936.5209       936.1346       936.8843
       938.9169       941.2569       943.2850       944.6648       944.2076
       940.6756       935.9827       932.9824       930.6826       928.0733
       926.0574       925.6564       927.4177       930.0886
       937.2182       937.0200       937.2151       937.0003       936.3534
       935.7550       933.8594       931.7759       930.1334       927.1835
       924.4600       921.8845       919.1047       918.0467       918.2211
       918.4960       918.6535       919.7038       921.9556       923.8038
       925.4643       926.9727       927.1130       926.7783       928.0117
       929.9719       931.1835       932.3867       933.0914       934.2841
       934.6456       932.7173       932.2056       935.7562       939.7403
       940.8452       940.1582       940.3289       942.2646       944.1609
       944.6503       943.5023       943.2233       941.9387       937.9921
       934.9693       933.4766       932.1464       930.1334       926.2063
       922.2679       921.1502       922.1036       924.0743       926.0714
       927.3806       929.1885       930.8055       931.3643       932.0353
       933.6380       933.5844       932.5272       932.0877       930.4150
       928.4138       926.1195       924.0258       923.1415       923.6618
       924.5274       925.7945       927.5392       930.3518       934.3250
       938.0958       940.6237       942.0630       942.3751       941.9041
       941.3231       941.6448       941.3098       940.0904       938.6605
       937.3377       935.4695       933.3555       932.5472       932.4987
       931.6258       930.0685       927.8891       925.3943       922.7408
       922.1398       923.7650       925.7223       927.3733       929.0987
       930.9077       932.2980       932.6923       931.8543       932.5591
       935.1704       937.8400       940.4019       942.1696       941.4374
       938.0858       934.2556       930.9007       928.3965       927.3225
       926.5577       926.7093       928.7722       931.9036
       938.8418       938.8865       938.7354       938.6014       937.8367
       936.3369       934.6551       932.3217       929.1917       926.2264
       923.5562       920.6191       917.9227       916.1637       915.6547
       915.5817       916.1794       917.5676       919.1831       921.4606
       923.9779       925.5346       926.0732       926.4877       928.5426
       929.9539       931.9155       933.5387       934.0249       934.3379
       934.8663       934.3266       933.7046       936.4606       939.2533
       940.1125       939.5762       939.2155       940.3352       941.6609
       942.7612       943.8953       945.4418       945.9575       942.8998
       938.4211       934.9661       932.6998       929.7800       925.7618
       922.2034       921.3770       922.3727       923.6561       924.1589
       925.9803       929.8206       933.0946       934.8743       935.1289
       934.1614       933.0034       931.7169       930.0352       928.0482
       925.6669       923.7742       922.1118       922.1320       922.5580
       923.5186       925.2810       927.1311       929.4377       932.9030
       936.9097       939.7484       940.7376       940.6739       939.1890
       938.2725       936.4459       935.4552       934.1375       933.0465
       932.0948       930.8257       929.2711       928.9447       928.8501
       927.7679       925.7776       923.7515       921.4068       918.2497
       917.1926       919.7693       922.4401       924.7054       926.6245
       928.0719       929.3547       929.4296       929.4663       930.2278
       932.4571       935.6456       938.8839       940.1150       939.1361
       936.0300       932.5141       929.4548       927.6406       927.2875
       927.2216       926.9483       928.4050       931.4145
       942.0370       941.5113       940.9809       940.3132       938.4354
       936.4077       934.5878       931.9247       929.0414       926.2324
       923.9373       921.3837       918.1005       916.1143       914.8397
       914.2192       914.6718       916.3800       918.1219       919.9069
       922.3381       924.4227       924.9447       926.2758       928.2747
       930.8784       933.1406       934.4526       934.3690       934.2643
       934.9619       935.3253       935.5389       936.9235       938.9778
       939.1108       938.1861       938.0609       938.7767       940.4009
       942.4777       945.1207       947.8376       949.1755       946.8807
       942.0627       937.4067       933.0967       929.6103       927.0682
       924.4814       923.4132       924.4362       924.6714       923.1774
       924.5779       929.5820       933.9962       936.0599       935.3039
       933.2558       931.8359       930.0253       927.5381       925.0598
       923.3307       921.4274       920.9080       921.2798       921.1139
       921.5118       923.5974       925.9991       928.3929       931.4615
       935.4354       938.4586       939.7299       938.9941       936.7607
       934.3340       931.9857       929.6944       927.9716       926.7189
       925.9080       924.8296       924.0330       923.7330       923.9347
       923.6017       922.9014       922.4931       921.5015       919.1926
       917.9822       918.9288       920.4302       921.9457       924.1710
       925.4618       925.7597       926.3916       927.1526       927.9682
       929.7932       933.6273       936.9001       937.6667       935.7280
       932.4921       928.7266       926.5218       926.2981       926.7612
       926.4529       925.7043       926.6992       928.7010
       945.3369       944.0150       942.7005       941.1919       938.9015
       936.6038       934.5721       932.8161       930.4113       927.9724
       925.4658       922.2761       919.5882       916.8625       915.1353
       914.3779       914.2686       915.4695       916.9987       919.1547
       921.3124       922.9355       924.2728       925.5893       928.0286
       931.0313       933.5298       934.7795       934.2291       934.4262
       935.4609       936.2151       936.0685       936.7853       938.0371
       938.2429       937.7952       937.5361       938.4393       940.0829
       942.2950       945.4301       948.0614       949.0824       947.5590
       943.5191       938.0971       932.8220       929.4323       927.2772
       926.0236       925.6348       925.9434       925.5197       923.9041
       924.4601       928.7388       932.9780       934.1797       933.6770
       932.3138       929.8486       927.3586       925.0676       922.9274
       920.7485       919.3571       919.6752       920.3807       919.7827
       919.4081       920.6260       923.0714       925.4938       928.4545
       931.8764       935.5194       937.1821       935.7589       932.8981
       929.4305       926.5815       924.0362       921.8967       920.6336
       919.8795       919.2153       918.4498       918.6396       919.7169
       920.7534       921.4663       921.7323       921.9441       921.5377
       921.1656       921.9507       922.4824       922.8002       922.6370
       922.5671       922.9177       923.7305       924.7477       925.9589
       928.2013       931.3806       934.1072       934.1305       932.0076
       928.3889       924.9193       923.4330       923.9114       924.0444
       923.7056       923.1321       923.3804       924.8628
       947.4435       945.4576       943.3788       941.3672       938.7928
       936.7396       935.3892       934.0236       932.5295       929.8981
       926.7822       923.6382       920.7977       918.3240       915.8006
       914.5501       914.0616       914.6401       916.4867       918.3634
       920.4390       921.9513       924.1752       926.3722       928.3461
       930.5571       932.9611       934.1514       934.3276       934.1164
       935.1686       935.7752       935.6656       936.0349       936.6335
       937.2208       937.7827       937.3117       938.2063       940.5710
       942.5667       945.1319       947.7556       948.3156       946.6311
       943.2620       938.4928       933.5375       929.5613       926.6035
       925.6694       925.8218       926.1612       926.7961       926.3450
       927.3186       930.2935       932.4196       932.9747       933.1946
       931.6376       928.3415       925.7513       923.6475       920.8808
       918.3961       917.3403       917.7759       918.5396       918.0710
       917.0436       917.5946       919.0218       920.6910       923.1834
       926.7360       930.6026       932.6426       931.3226       928.3022
       925.7806       922.6661       919.4169       917.0304       915.7132
       914.9428       914.6176       914.4686       915.4419       917.5461
       919.0630       919.0936       918.8322       920.3879       922.8541
       924.4746       925.5090       925.5278       924.2839       922.4294
       920.2181       919.7443       921.0991       922.9693       924.7780
       926.4639       928.3312       929.9071       930.0468       928.2643
       925.5194       922.9002       921.8032       921.2374       920.4869
       919.7456       919.6378       920.1530       920.6075
       947.8793       945.7349       943.0472       940.9860       938.9463
       937.1431       936.1872       935.8100       934.1768       931.1959
       928.0488       924.9415       922.0056       919.2952       917.0615
       915.3806       914.3316       914.1343       915.7616       917.6569
       919.2684       921.3643       924.1998       927.4382       929.0049
       930.6016       932.3560       934.0921       934.1857       933.7143
       934.0431       934.1841       934.5103       935.7581       936.6436
       937.3489       937.3688       936.5753       937.4152       940.4735
       943.1633       944.9158       946.0437       945.6562       944.7743
       942.6891       938.9631       934.8315       930.5302       927.3804
       926.3817       926.7198       928.3276       929.6851       929.8838
       930.3920       931.9034       932.3086       932.4556       933.2498
       931.4600       927.4929       924.8513       922.7978       919.6218
       916.9531       915.6744       915.1379       915.0865       914.9684
       914.2571       914.2358       914.8784       916.2993       919.2654
       923.0333       926.1716       927.7507       926.9030       924.9926
       922.5787       920.0485       917.1963       914.7974       912.9368
       911.5770       911.7369       912.9868       914.2958       916.3677
       917.7638       917.4661       917.1776       919.3820       923.0797
       925.6090       926.0797       924.7973       923.1210       920.6663
       918.1151       916.8442       918.5094       922.0201       923.9634
       924.6924       925.2762       925.6065       925.4839       924.2249
       922.6837       921.2458       920.1054       918.9650       917.2988
       916.5752       916.9054       917.8772       918.4870
       946.6740       944.8555       942.1938       940.1453       938.6029
       937.5363       937.1549       936.7067       935.2068       932.1228
       928.8622       925.8191       922.5238       919.7250       917.9944
       916.1191       914.3297       913.6281       913.9000       915.8282
       918.0142       920.2989       923.6888       926.9722       928.7531
       930.1221       931.8107       932.9940       933.4935       932.9785
       932.6564       932.3037       932.8985       934.8074       936.8958
       937.7212       936.8094       935.8067       936.4421       938.9610
       942.2792       943.2898       942.9786       942.3798       942.0311
       940.9767       938.6656       935.7444       933.0802       930.3600
       928.6608       929.0431       930.7628       932.3309       932.1680
       931.8867       931.6210       931.2828       932.1282       932.7684
       931.2412       926.9833       923.7330       921.8593       919.1218
       917.0355       914.8109       912.9985       912.0627       910.9708
       910.4379       910.6380       911.3209       913.0892       916.9597
       920.6251       923.0018       923.8000       923.3164       922.0342
       920.6849       918.7947       916.5687       915.0563       912.8950
       911.2624       911.4278       912.6188       914.0194       915.4662
       917.1078       918.5057       919.3792       920.3074       921.3848
       922.4154       922.5931       922.1308       920.2697       917.8661
       916.0482       915.9114       918.1057       921.2692       922.8125
       922.8919       922.3196       921.7331       920.9934       920.1833
       919.1428       918.1812       917.5406       916.2155       915.0588
       915.2151       915.7773       916.8198       917.8366
       944.4821       943.2859       941.2890       939.4901       938.5940
       937.8922       937.2025       936.2000       934.4155       931.6987
       928.6653       924.9958       921.7714       919.5646       917.0222
       914.8810       913.1891       912.3226       912.6049       913.7239
       915.9617       919.5103       923.2347       926.0587       927.9163
       929.7412       931.1966       931.7444       931.7885       931.7157
       930.8221       930.4072       931.4956       933.3570       934.9841
       936.1237       936.1288       935.5500       935.3547       937.2734
       939.8547       941.1809       940.8653       940.9661       941.1383
       939.9048       938.1038       937.2278       935.8936       933.6420
       931.4715       930.0366       931.0317       932.1154       932.3773
       931.9239       930.6524       930.2698       930.8483       931.6786
       930.0436       926.2759       923.6714       922.5645       920.8765
       918.5864       915.8918       913.0950       911.2603       908.9348
       907.1833       907.1619       907.9973       910.1665       913.9968
       918.4366       920.6748       921.6148       921.2445       919.8901
       919.0273       917.7335       916.7707       915.9363       914.5090
       913.1754       912.7783       912.8696       913.3994       914.3594
       916.5009       919.8157       922.0867       920.6060       919.2076
       918.6713       919.4156       920.5968       920.0429       917.7266
       916.3824       917.4873       919.4697       920.8273       920.4537
       919.2561       918.5206       917.8729       917.6478       916.7973
       915.4391       914.5369       914.4861       913.5101       912.9354
       914.1217       915.7717       916.5826       917.1982
       944.1396       943.4758       942.0488       940.6981       939.3751
       938.3766       936.5960       934.9367       933.4833       930.9089
       927.5898       923.9638       921.1757       918.8953       916.3215
       913.2086       911.5921       911.5364       912.2681       913.1962
       915.7592       919.7001       923.4482       925.8361       927.7784
       929.8455       930.6548       930.7995       931.6421       932.0673
       931.0955       930.1921       930.5068       931.6592       933.1313
       934.5934       935.6979       935.9921       936.0231       936.5747
       938.8524       940.4851       941.5686       941.9022       941.4228
       940.4536       939.0558       938.6312       937.8600       936.2513
       933.1096       930.6970       929.5994       929.6049       930.6066
       930.6352       929.3029       928.0726       928.5597       929.4232
       929.8779       928.1283       927.1486       926.8677       925.4279
       921.8844       917.4616       914.2349       912.1017       909.7697
       906.8685       904.9183       904.7780       906.9437       911.0261
       915.3534       918.6514       920.5493       920.3223       918.0067
       916.0730       916.0195       915.9482       914.8042       914.1591
       913.6414       913.4963       912.7649       912.4784       913.3764
       915.9110       919.7919       921.4508       919.8851       918.1929
       917.7469       918.5975       920.4214       920.5883       918.9218
       917.9451       918.9207       920.3108       919.3146       917.4316
       916.2399       915.7258       916.3997       917.1641       915.9355
       913.5852       912.5137       912.4563       912.5315       912.8134
       914.5502       916.0337       916.6360       916.4995
       946.9513       946.2470       945.0051       943.2068       941.2386
       938.9171       936.1912       933.9146       932.6910       930.6004
       927.4656       924.7531       922.1174       919.6766       916.1092
       912.5408       910.3745       910.8334       912.6736       914.2072
       916.7330       920.2536       923.1842       925.4327       927.3391
       929.4212       930.8785       932.1965       933.7792       934.2275
       933.0190       931.1125       930.4734       931.3196       932.9083
       934.3677       935.3389       936.3677       936.3533       937.1090
       939.1371       941.2798       942.3718       942.2827       942.5228
       942.5272       941.9722       940.6984       940.3025       938.5083
       935.0785       931.5388       928.9322       927.7893       928.2837
       928.5812       927.1611       926.0466       925.9490       927.2222
       929.3948       931.2261       932.4982       932.4894       929.5936
       923.8889       917.5063       913.4390       912.2269       910.7153
       908.0990       905.4409       904.3033       905.3841       908.3586
       911.8188       915.3057       917.9320       917.6287       914.8434
       914.5248       914.6960       915.0649       913.9789       912.1310
       911.0457       910.4711       909.9939       910.7684       912.7840
       915.3391       917.9553       918.3575       917.4051       917.1639
       917.6133       918.1550       918.6272       918.1368       917.1990
       917.1295       917.9627       918.5864       917.0790       915.9924
       916.8566       918.2335       919.8208       920.8693       919.2715
       915.5061       913.0668       912.7275       913.3401       915.2437
       917.3582       917.3785       916.6434       915.6523
       948.7815       948.0354       947.4789       945.0211       941.2583
       937.5155       934.1634       931.9965       931.1932       929.9177
       927.7442       925.6720       923.9653       920.9333       916.3682
       911.5652       908.8352       910.0450       913.1208       915.3679
       917.2188       919.8357       922.3580       924.4601       926.9160
       929.5325       932.2015       934.2537       935.5038       935.6869
       934.1166       932.1154       931.6862       932.2169       933.1138
       933.8912       934.3345       934.9547       935.6889       936.5915
       938.7252       940.6661       941.8072       941.9791       942.5993
       944.8503       945.1400       944.2048       942.9784       940.7485
       937.2130       932.9985       929.9590       928.7205       928.2236
       927.1725       925.6781       924.4094       923.6121       924.5021
       927.2145       931.5850       934.8980       934.8659       930.3679
       922.9388       914.9046       910.5638       910.1617       910.5652
       909.3846       907.5826       906.4427       906.0487       907.7126
       910.0559       912.2812       913.5663       913.2523       912.5806
       912.0711       912.5754       913.4138       913.1074       911.9470
       910.7387       908.8054       908.3948       910.2565       912.0178
       913.2659       913.9929       913.9937       913.9232       913.5552
       914.0786       914.6960       914.4521       913.9167       914.3170
       915.5245       916.6837       917.0167       916.7215       917.3041
       919.5355       922.5247       925.3065       926.3603       924.0140
       919.1615       915.6880       914.7870       915.7433       917.9828
       919.6562       919.1797       917.2647       916.2709
       947.0045       946.8007       947.0234       943.9529       938.4532
       933.3474       930.1558       928.9443       929.3473       928.9432
       927.0888       926.0095       925.0657       921.9688       916.5328
       911.1260       908.7635       910.5715       914.2849       917.1785
       919.1570       921.2081       922.8834       924.4587       927.3375
       930.4799       932.4544       933.7942       935.4775       935.5527
       934.0263       932.2493       931.8254       932.5142       933.0073
       932.9946       932.9105       933.1865       934.3129       935.8088
       937.7310       939.4406       940.1138       940.0415       941.3170
       944.3958       946.6291       946.3440       944.4370       941.2448
       937.9743       933.9710       930.4982       929.9359       930.2218
       928.9169       927.2255       925.4484       923.8127       922.8048
       924.4453       929.7006       934.1556       933.9901       928.7735
       920.5380       912.3857       907.4589       907.7376       909.3571
       909.9485       909.2416       908.0192       907.9601       908.7565
       910.7510       911.4542       910.6702       909.2104       908.9036
       909.3937       910.5281       912.4777       912.9536       912.1376
       911.6720       910.8990       911.1555       912.3931       911.7581
       910.5245       909.5609       909.7285       909.1946       907.4642
       906.5367       907.0800       908.1907       909.6703       911.4902
       913.9614       915.6667       916.4451       917.4860       919.0806
       921.9645       925.5170       928.6070       929.7032       927.5669
       923.1489       919.6762       918.0950       918.4599       920.4274
       921.8354       921.6130       920.2642       919.2611
       943.4334       944.4849       944.4292       941.7809       936.3966
       930.6091       927.1800       927.2933       928.1480       927.8614
       926.5430       925.2993       924.5673       921.7826       916.7978
       911.9229       910.4393       913.2548       917.8444       921.7689
       924.7362       925.8719       925.9368       927.5505       929.9140
       932.0491       932.7386       933.5103       934.2100       934.7485
       933.5005       931.7791       931.7550       932.6688       933.2363
       932.9483       932.3652       933.0337       934.1447       935.9315
       937.4763       938.4432       938.1082       937.6042       938.7167
       941.7671       944.9211       945.3953       943.0759       940.0516
       936.9530       933.5080       930.5273       931.2317       932.5545
       932.3557       931.1821       929.2089       926.2938       923.1887
       923.8374       928.3414       932.5521       932.2551       927.2608
       919.5085       911.3183       906.3868       905.8544       907.4376
       909.4232       909.6113       908.4570       908.4559       910.0811
       911.7584       911.9128       910.1503       907.9125       905.9149
       906.7727       909.4781       911.9352       912.8403       912.5350
       912.7014       913.2140       914.3892       914.4458       913.6737
       911.1363       908.3959       906.3474       904.2563       901.9996
       900.4672       900.4710       902.9332       905.5853       908.1217
       912.2249       914.9961       916.5793       918.4731       921.1237
       924.7199       928.0576       929.9868       931.0238       929.8061
       927.0960       924.0351       921.8582       922.1906       923.6094
       924.5787       924.8878       924.8259       924.0181
       940.0897       941.7930       943.3379       942.2632       937.5932
       931.8786       928.6393       928.3983       928.7490       928.0123
       925.9096       924.1830       922.8411       920.8267       917.5966
       914.3817       913.5121       916.8585       922.0909       927.4672
       931.1944       931.9877       931.8754       932.3226       933.5585
       934.5522       934.6765       934.1647       934.0704       934.3755
       934.0998       933.2491       933.3187       934.0145       934.0799
       933.7458       933.5977       934.1514       935.3650       936.8558
       938.0468       938.7347       937.5175       935.2571       934.9349
       937.8543       941.4804       943.0523       940.9021       937.2312
       934.7234       932.4633       931.3301       932.1154       933.9182
       934.3079       933.7927       931.7629       927.5819       924.1694
       924.3110       927.8790       930.6170       930.1999       926.1688
       919.5888       912.5017       907.2488       905.0939       906.0088
       908.2256       909.1896       907.9346       908.0530       910.5879
       912.3215       912.5341       911.3402       909.2529       907.7667
       908.0539       910.3762       912.6148       914.5212       915.4546
       916.1520       916.6176       916.0201       915.7159       916.4077
       914.4882       910.4296       906.1812       902.3932       900.0129
       898.9773       899.7797       901.7488       904.5234       907.6135
       911.3991       916.1257       918.4952       920.8645       924.5229
       927.9250       929.9500       930.6562       931.1461       931.1700
       929.4837       927.2274       925.8506       925.6920       926.7601
       927.2208       927.7111       927.7169       927.9307
       939.0673       941.1962       943.9561       944.5997       941.4053
       936.0071       932.1672       931.0303       930.5955       928.6202
       925.6419       923.3025       921.5175       920.1298       918.5081
       916.9269       917.1885       920.3704       925.8001       931.7712
       935.9769       936.7428       936.7949       936.1624       936.1757
       936.6156       935.5488       934.1849       934.2885       935.1719
       935.8672       935.6239       935.6253       935.9661       935.2590
       934.7875       934.7557       934.8800       935.9630       936.3799
       936.8317       937.6083       936.7409       933.6008       931.9500
       935.1976       939.7852       940.8844       937.9658       934.3000
       932.8085       932.3647       932.1667       932.9003       933.6395
       933.9084       933.0924       931.2459       927.8451       924.5332
       924.3255       926.4083       928.1976       928.0407       925.4326
       920.3551       914.2078       909.0367       906.7202       906.9958
       908.0565       908.1303       906.9247       907.4035       910.5247
       912.8869       913.0715       912.3386       910.9200       910.5803
       912.1785       914.3170       916.9858       918.9772       920.1413
       920.2581       919.4074       917.7750       916.8490       916.8508
       917.1586       914.0033       909.0667       904.3604       901.6026
       901.4099       902.6232       904.6205       907.8630       910.6317
       913.9749       918.5530       922.0602       924.3902       927.1968
       929.7247       931.2145       932.4028       932.8525       932.8924
       931.7085       930.3259       929.1313       928.8162       928.8484
       929.4740       930.1775       930.6783       930.8134
       940.2649       942.2817       945.3086       946.8616       945.3716
       940.1384       934.4855       931.6376       930.4492       928.1773
       925.5934       922.8439       920.9658       919.7121       918.5972
       918.3105       919.8982       923.6730       929.6597       935.5934
       938.8113       939.4163       938.6311       938.6207       938.5203
       937.7239       935.8177       934.1019       934.1434       935.7411
       936.9606       937.2144       937.8615       937.6520       936.3696
       935.2375       934.6815       933.9913       933.0283       932.3598
       932.7516       933.3794       932.7186       931.0866       930.8192
       933.4072       937.0671       937.1809       934.1726       931.7382
       931.1704       932.3195       933.2849       933.5715       932.8986
       931.9253       931.0730       929.3293       926.6911       924.2909
       923.7939       924.6217       925.8019       926.2357       924.8541
       920.5240       915.0693       911.4156       910.0424       910.5212
       909.8011       907.6422       906.2072       907.2764       910.2456
       911.6389       911.0034       909.8038       910.1398       911.5912
       912.8540       913.9543       916.1541       919.3245       922.0739
       923.2536       922.3978       921.2209       919.8033       919.4703
       920.0234       919.1002       915.0170       909.8969       906.7866
       906.2885       907.0911       909.2330       912.5339       915.3947
       918.2729       922.0939       925.4647       927.1588       929.3185
       931.3317       932.8207       934.1707       936.2047       936.8297
       935.3521       933.9591       932.8256       931.7007       930.9782
       931.1994       932.9443       934.2130       934.4996
       941.9484       943.5565       946.1907       948.4641       947.6059
       942.5335       935.9083       931.8381       930.0764       928.3796
       925.9471       923.2863       921.0423       919.7918       919.4244
       919.7278       922.0324       926.6296       933.0017       938.9598
       941.5864       941.1522       940.6133       941.2653       941.6272
       940.2429       937.8986       935.6656       935.4506       936.6592
       937.1042       937.9870       938.7555       937.8843       936.2520
       934.1010       931.6765       929.2141       927.2072       927.3366
       928.1610       928.5881       927.3480       925.9190       927.1047
       929.3812       931.1794       932.2953       931.4941       929.9011
       930.0418       931.9394       933.8771       933.4488       931.8584
       929.7001       928.3433       927.1123       924.7646       922.9069
       922.5299       923.7520       924.7380       925.0791       924.0302
       920.1212       915.6307       912.9109       912.7064       913.5652
       912.4637       908.3750       906.1710       907.7391       909.5618
       908.5671       905.1431       906.2417       908.0724       910.7490
       910.1254       909.8667       912.4116       917.1199       922.2762
       925.1318       925.8471       925.5739       924.6135       924.7598
       925.2473       924.6895       922.3049       918.7438       915.5466
       913.9273       913.4279       914.6608       917.2733       920.1172
       922.6077       925.8719       928.2460       929.7975       931.7371
       933.3343       934.1300       935.4921       937.8689       938.8434
       937.8702       936.1894       935.2602       934.5236       934.1482
       934.3962       935.2866       936.3871       937.0667
       943.2203       943.9723       946.2307       948.1560       947.6738
       944.2252       938.6743       934.3509       932.2327       931.2659
       929.2183       926.1027       923.3651       921.9641       921.9457
       923.0639       925.2820       928.9423       934.5134       940.3585
       943.0622       942.9811       942.8393       943.3963       943.5850
       942.6067       939.9414       936.9916       936.2146       936.6023
       936.7958       936.8704       936.5938       935.7457       933.8731
       931.0465       927.6671       925.3973       924.4070       924.4885
       925.2542       925.4390       923.8270       922.3104       922.7603
       924.4216       926.4979       929.0876       930.0927       929.6418
       929.5084       931.5782       933.4774       933.0186       930.7408
       927.6398       925.1087       923.6764       922.3933       921.5273
       922.3379       924.2200       925.1368       924.7504       923.1744
       920.8799       918.0355       915.0372       913.7082       914.0009
       913.2314       909.7508       906.9693       906.9651       908.3970
       906.2944       903.1047       903.3862       909.7729       912.1344
       910.2573       909.2783       912.0206       917.0917       922.0441
       925.2608       926.8044       927.4628       928.0689       928.9359
       929.3044       928.6199       928.3488       926.5234       924.0952
       922.2590       920.6389       920.8143       922.7430       924.8978
       927.4174       929.6154       931.1211       932.3537       933.7188
       934.9114       934.9829       936.1825       938.3966       939.1528
       938.5692       937.2169       935.7823       936.6729       937.5937
       937.5029       937.0817       937.1323       937.2313
       943.5101       944.4468       946.7551       948.2327       947.7303
       946.0131       942.5566       938.1208       935.6839       935.3437
       934.4095       931.4168       928.0571       925.5766       924.9303
       927.0015       928.9282       930.6362       934.2491       938.6429
       941.2852       942.2678       942.5372       941.8851       941.0987
       939.9885       937.5206       934.8071       933.2055       933.1392
       932.5644       931.3567       931.1304       931.0292       930.0056
       927.2814       925.5206       925.0498       925.2971       924.9518
       924.8582       924.9262       923.7522       922.2971       922.2461
       922.7135       924.4053       927.0973       928.6282       928.4555
       928.7083       930.0594       931.5235       931.9238       929.9982
       926.3870       922.8348       921.0163       920.6315       921.5779
       924.2444       926.3268       926.5131       925.1798       923.6436
       922.7840       921.0106       918.0410       914.7777       912.3811
       910.6022       909.3703       907.5811       906.1912       906.9135
       906.3505       904.4777       908.1609       913.8618       916.1827
       914.5576       913.7812       915.4601       919.0511       922.0981
       924.6479       926.4963       927.8091       928.9527       929.6898
       930.2911       930.5099       931.2823       931.0324       929.3909
       928.0771       927.1182       927.2188       928.8889       930.8578
       932.4248       933.1860       933.5679       933.9179       934.3627
       934.5868       935.0641       936.7245       938.7360       939.6620
       939.1271       937.3926       936.7116       937.1788       938.0870
       938.2154       937.3273       936.4836       936.1718
       945.7869       947.4239       948.8268       949.2635       948.6029
       947.6828       945.5593       941.4698       938.5182       938.0618
       937.1497       934.5306       931.4174       928.2184       927.2935
       928.4738       929.2403       929.5424       931.1898       933.9827
       936.8133       938.5097       937.9837       936.1347       934.3022
       933.0443       931.5847       929.6932       928.0146       927.2692
       925.6487       924.0602       924.4332       925.5015       925.2070
       923.6661       923.2839       924.4670       925.4044       925.6006
       925.3872       925.5527       924.4778       923.6909       923.6209
       923.5757       923.9732       925.4106       926.6083       927.1467
       927.9777       928.4743       929.1004       929.9335       929.6223
       926.4739       922.9890       921.7626       921.6968       923.0049
       926.3445       928.5073       928.4249       927.7434       926.7225
       924.9835       922.3674       919.3403       915.4939       911.3087
       908.8655       909.1309       907.8516       906.4684       907.2562
       908.9583       911.7526       914.3939       917.2132       918.7847
       918.3611       916.9963       918.4737       920.7156       922.8660
       925.2349       928.2098       930.3436       930.0377       929.2422
       929.2857       931.2079       933.5441       933.9203       932.6429
       931.8771       931.5275       932.1513       934.2001       936.4485
       937.5718       937.0565       936.1104       935.2543       934.0574
       934.0775       935.5338       936.7702       938.5359       939.4764
       938.7294       937.8324       937.3031       936.9187       936.1565
       936.1676       935.5561       934.2902       933.7692
       949.1144       949.5722       949.6328       949.7388       949.2734
       947.9508       946.2762       943.3870       940.0470       938.1956
       936.2239       933.6277       931.3447       929.6587       928.9540
       928.5334       927.2033       925.9770       926.7085       929.0582
       931.7686       933.5722       932.9932       930.5479       928.1855
       926.8646       927.3126       926.7092       924.4629       922.8367
       921.4481       920.0861       920.0226       921.0710       921.1486
       920.2247       920.2402       922.3502       924.7422       925.4672
       925.7155       925.0599       925.0516       925.5345       926.1785
       925.2539       924.1420       924.1927       925.1332       926.2494
       927.3415       928.0676       928.4395       929.2275       929.1868
       926.9241       924.4013       924.0839       924.2692       924.6198
       926.2870       929.0549       930.6704       931.2077       930.1882
       927.2596       923.5786       920.0680       916.7088       913.0758
       911.4999       910.4783       909.0986       908.6768       910.6135
       914.4855       917.1945       917.9744       918.2562       919.1493
       918.6942       918.4667       920.6979       923.2183       925.5931
       928.5183       931.4272       933.0046       931.4718       929.4156
       929.2843       932.1697       936.3459       937.3599       935.7184
       934.6643       934.3560       935.2592       937.5180       940.1484
       941.7198       941.1328       939.4410       937.7374       936.1208
       936.2789       937.0211       937.6176       937.6493       937.7376
       938.1831       938.2847       938.1041       936.5234       934.6174
       933.2791       932.6316       931.4338       931.3203
       949.8853       949.0040       947.3867       947.3780       947.2332
       945.7748       944.2133       942.8138       940.1434       936.7473
       933.5256       930.8010       930.0064       930.2888       929.7787
       928.8101       926.4700       924.3987       924.2423       926.2774
       928.7461       930.7513       930.6463       928.4251       925.1757
       923.6936       924.5075       924.6023       922.7614       920.7389
       919.6861       918.6821       918.0229       918.2353       917.9158
       917.2507       918.1559       921.0527       924.0330       925.7669
       926.0504       925.6227       925.7718       927.5313       928.4090
       927.0729       924.4534       924.2509       924.9470       925.1988
       925.2550       926.5189       927.9158       928.2406       927.5003
       925.7507       924.7455       924.6390       924.2077       923.9858
       925.8707       929.3300       932.6126       933.4561       932.1053
       929.5038       926.1186       922.6877       919.9606       917.3820
       916.4380       917.2512       917.5996       917.3666       918.2219
       920.2985       919.8416       916.9025       916.0071       917.6602
       919.5178       921.4670       924.4224       927.7272       929.9532
       932.2197       934.2778       934.0516       931.7050       929.4081
       930.0942       933.7182       937.6992       938.9843       937.8670
       936.5094       936.3713       937.2498       939.1235       942.0308
       944.2603       944.2817       943.1086       942.0641       941.1277
       940.3012       940.2342       939.5153       937.8379       936.8541
       937.7326       939.1769       938.2838       935.9325       933.5968
       932.1177       930.7985       930.1978       930.0181
       948.4915       947.0992       944.2375       943.1154       943.2667
       942.5536       941.4020       940.4534       939.1629       935.7745
       932.0183       930.1264       930.2314       929.9711       929.8585
       928.9368       927.2275       925.5822       925.1906       926.0775
       928.0425       929.6837       930.3956       927.9784       924.1252
       921.3474       921.2269       920.9586       919.9697       918.5984
       918.2037       918.4725       917.8085       916.8143       916.0070
       915.4670       917.1102       920.6780       923.8729       925.8070
       926.4065       926.3655       926.8757       928.3406       929.0114
       928.0554       926.3580       925.8057       925.9061       924.4984
       923.6462       924.3549       925.5439       925.8377       925.2340
       924.2342       923.4172       922.7372       921.9354       922.2284
       925.2530       929.8361       933.8089       934.5121       932.5985
       931.0103       929.3679       926.8130       922.8952       919.3143
       920.8002       927.8760       930.7811       927.5063       924.4637
       922.8369       919.7809       915.3579       914.3526       918.2258
       923.5739       927.4431       929.5986       932.1475       934.6469
       935.4741       935.1899       934.1636       931.4662       929.7421
       931.4234       934.6744       937.3226       938.2873       938.0818
       937.7213       937.2203       937.5766       939.5015       942.4156
       945.5435       947.1133       947.0195       947.1523       947.1469
       946.2850       945.0000       943.3999       940.2707       937.8384
       938.2638       939.3744       938.1952       935.6984       933.6270
       932.1227       930.9027       930.1219       929.8885
       945.9264       944.7764       942.5997       941.3334       940.9337
       940.8958       939.9659       939.1641       938.7150       936.3257
       933.6915       932.3690       931.4989       930.7641       929.8116
       929.3399       928.3011       927.4879       927.1948       927.6850
       927.9728       929.0989       929.6336       927.8130       923.5396
       919.9615       918.3391       918.6317       918.4189       918.0768
       918.4980       919.0359       918.2917       917.0145       915.3703
       914.6942       916.9781       920.8381       923.5799       925.1221
       925.9507       926.4388       927.6014       928.8617       929.6663
       929.5053       928.4326       927.8979       926.9019       924.7522
       923.1326       923.2235       923.9736       924.7910       924.8956
       924.0129       922.9739       921.8429       920.5816       920.6625
       924.1086       928.8082       932.4965       933.1394       931.7709
       931.6997       931.2213       929.1205       925.1519       920.6722
       921.4619       927.9865       931.4646       929.0988       925.6313
       922.0621       918.6667       916.6792       918.1205       923.2040
       930.3201       934.4159       935.7150       938.0444       938.8710
       937.8373       936.3048       934.6400       932.6934       932.0486
       933.2517       935.3214       937.0615       937.8216       937.7216
       937.5666       937.1516       937.2435       938.6644       941.6436
       945.7071       949.1790       951.2125       952.5870       953.8298
       953.4287       951.5969       948.2302       943.9196       940.5983
       939.6265       939.2770       938.3689       936.0770       934.3019
       932.3969       930.9344       930.2653       929.5975
       943.0685       942.2612       941.2700       940.3415       940.2539
       940.4107       939.6870       939.2521       939.0108       937.7419
       935.9136       934.7347       933.2472       931.7211       931.0395
       930.1801       929.1582       928.3806       928.5210       928.6932
       928.5822       928.6870       929.1829       927.8430       924.2164
       919.9544       917.5800       917.4441       918.1465       918.8702
       920.5330       920.6266       919.0344       917.3034       915.3214
       915.0223       918.1824       921.9263       923.8815       924.7982
       925.7346       926.6169       928.1304       929.6610       930.8598
       930.2838       928.9495       928.0948       926.9333       924.9274
       923.2031       923.3184       924.6274       925.7131       925.6522
       924.8595       923.7312       922.4442       921.1782       921.4591
       923.2171       926.4693       928.9689       929.6560       930.4587
       931.5757       931.8328       929.7199       926.5739       923.0676
       922.2632       925.0773       926.9091       926.4815       925.3691
       922.7670       920.1947       920.7126       924.4056       929.8728
       935.1494       939.5276       942.2378       943.0503       941.8503
       939.4838       937.4338       935.5389       934.1361       934.0324
       935.0287       936.2945       937.5404       938.1039       937.5560
       936.6543       936.6655       937.0947       937.8880       940.1860
       944.7458       949.6632       953.6076       956.5209       958.5123
       959.1266       956.7922       951.9276       946.8088       943.5807
       941.3499       939.5026       937.8663       935.8931       933.9850
       932.4063       931.5637       930.6523       929.2740
       940.7715       939.7386       938.7833       938.5378       939.0990
       940.0808       939.8353       939.3499       939.1738       938.8431
       937.3105       935.7120       934.1354       932.7686       932.0803
       931.2745       929.9366       928.7318       928.2219       928.8077
       929.2335       929.5996       929.7658       928.6774       925.3685
       920.6815       917.5751       916.8058       917.2657       919.2730
       921.5245       921.9280       920.2214       918.0749       915.8488
       915.0961       917.6695       921.9021       924.0848       925.2300
       926.3022       926.8632       927.8311       929.3837       930.0619
       929.4534       927.9222       926.9300       926.9019       925.5432
       924.3526       924.8286       926.6055       927.4513       926.7394
       925.8246       924.7849       923.6099       924.0080       924.1039
       924.9998       926.9030       927.4095       927.9506       929.8989
       931.6919       931.5131       929.5930       926.9456       924.8531
       924.1306       925.4148       926.1125       926.6139       928.0458
       928.5816       927.6923       928.3817       931.2834       934.8129
       938.5737       941.9232       944.3108       944.3658       941.8189
       939.2858       937.7198       935.8301       934.3295       934.7180
       936.4435       937.6045       938.3572       938.2576       937.8927
       937.4562       937.0380       937.2469       937.3489       939.4106
       944.0109       949.4043       953.5137       956.6661       958.9912
       959.5386       957.0663       952.3699       947.7450       944.2053
       941.3353       938.5241       936.1547       934.1788       932.7100
       932.1070       931.8728       930.9907       929.3041
       939.9827       938.0950       937.0899       937.7036       938.9489
       940.3036       940.5714       939.5296       939.4026       939.4404
       938.1620       936.4590       935.2524       934.0526       933.4844
       932.7670       930.9792       929.2508       928.9880       929.7396
       931.2849       931.5734       930.9272       929.6958       926.4255
       922.0251       918.8926       917.4449       917.4957       918.8102
       920.5276       921.3275       920.7329       919.8683       918.5372
       916.6286       917.5536       920.7145       923.1005       925.2010
       926.2978       925.9891       926.0908       926.2825       926.8112
       927.0134       926.3056       926.5350       927.7484       928.0063
       927.1178       927.1458       928.9506       929.8009       928.8292
       928.1138       926.8239       926.5403       927.6458       929.4311
       931.4421       932.4222       931.1041       929.8817       930.1758
       930.8301       930.1248       928.2599       926.5916       925.6779
       925.9441       926.4197       927.3150       929.2440       933.3226
       936.7479       937.7181       937.9799       938.8389       940.3245
       941.5204       943.2803       944.1207       942.5734       940.0776
       938.5223       937.5816       935.9606       935.0696       935.3671
       936.8661       938.1641       938.7845       938.6937       938.3842
       938.8417       938.8028       937.6460       937.4959       939.5782
       943.8156       948.1259       951.7797       953.7665       955.1949
       955.1025       952.9507       949.6149       946.1947       942.7175
       939.0074       935.9625       933.8085       931.8721       931.0764
       931.3135       931.3040       930.7556       929.2238
       939.8144       937.8966       937.0798       938.4771       940.1087
       940.6970       940.6486       939.9749       939.8207       939.8694
       938.8190       938.0208       937.1778       936.0839       935.3137
       934.0236       932.0707       931.1128       931.4138       932.5061
       933.9867       934.4080       933.2238       931.5951       928.8552
       925.6840       922.4532       919.3765       917.6854       917.2729
       918.2954       919.8536       921.4438       922.5082       923.0209
       922.2838       921.5758       922.4667       923.8281       925.5436
       926.3759       924.9153       923.2280       923.0049       923.4839
       924.5350       925.4346       926.8434       929.1390       930.4945
       929.9268       929.5927       930.8036       931.4325       930.7855
       929.9553       929.8835       930.1395       931.5089       934.5312
       937.9291       938.6520       936.5602       933.7905       931.4264
       929.8903       928.4942       927.0623       925.9847       926.1888
       927.5807       928.8334       930.6826       934.2819       939.3116
       943.6544       945.1311       944.8211       945.2605       945.9172
       945.7133       945.6456       945.2850       942.8062       940.1306
       938.2241       936.8900       936.0482       935.4013       935.7917
       936.5663       938.2714       939.2036       938.9512       937.9153
       937.6927       938.0413       938.0710       937.6804       938.8704
       942.0493       945.6135       948.2063       949.7573       949.8665
       949.1526       947.6553       945.8152       943.2720       939.9449
       936.0668       933.6296       932.2455       930.8188       930.3080
       930.1662       930.5068       930.5471       930.1718
       938.6267       937.6249       937.5901       939.1036       940.4384
       940.5148       939.6679       938.8616       939.5059       940.3158
       939.7657       938.8414       937.9011       936.8774       935.6263
       933.8972       932.6940       932.5012       933.1223       934.6727
       936.3367       936.7389       935.5882       934.2828       932.4776
       929.6828       926.5405       922.1956       917.8752       915.7296
       916.8328       919.7917       923.2164       925.8241       926.7786
       926.8487       926.5663       926.5282       926.7383       927.4108
       926.6672       924.5185       922.5071       921.7123       922.0630
       923.2935       925.3495       927.7485       930.0530       931.1252
       930.8953       931.1291       931.3938       931.3549       930.8598
       930.2860       930.5415       931.5586       933.2344       936.6457
       939.7491       940.2294       938.2773       935.4838       932.6047
       929.7737       928.1416       926.4658       925.7859       927.0394
       929.5879       932.4854       935.3773       939.6660       944.0444
       947.6147       950.2166       950.6274       950.5320       950.4753
       949.4838       947.6945       946.0270       943.7785       940.8538
       938.4368       936.6479       935.9052       936.3387       936.1956
       936.3163       937.8736       939.4630       938.7792       936.7134
       935.5546       936.0801       936.5028       937.0391       937.5582
       939.7769       942.7917       944.9911       946.1487       945.7299
       944.4101       943.5497       941.9996       940.0471       936.5861
       932.9736       931.6602       931.2105       930.8516       930.3824
       929.5933       929.3768       930.4843       931.6097
       936.2408       936.4806       936.9348       938.1387       939.0638
       938.8094       937.4144       936.6481       938.1161       940.2980
       939.9287       938.1324       936.9482       935.7083       934.0532
       932.3698       932.0901       932.5063       933.7956       935.4915
       937.3425       937.8484       937.0149       936.1999       934.5409
       931.5614       928.1858       924.4456       919.3251       916.0900
       917.4326       921.5666       925.8192       928.3747       929.5165
       930.0023       930.0107       929.5179       928.6730       927.7584
       926.3640       924.5910       922.9417       921.6768       921.0948
       922.2845       925.0484       928.1297       930.4535       931.0091
       931.3594       931.4005       930.7942       930.4382       930.3428
       929.9001       929.8438       930.5016       932.9896       936.5219
       938.8264       938.3952       936.6087       934.7740       932.0860
       929.2680       927.1878       926.2078       926.4055       928.3802
       931.9161       935.7203       939.7316       943.2397       946.3568
       949.9711       953.8066       955.9689       955.1519       953.4926
       951.0582       948.1965       945.6385       943.3753       941.4091
       939.2670       937.7563       937.4638       937.6387       937.4463
       936.3889       936.8987       939.1682       939.1339       936.5225
       934.5883       934.2078       935.2758       936.3814       937.2014
       938.4854       940.9870       943.1321       943.8645       943.0367
       941.7518       940.2596       938.8726       936.8183       933.7200
       930.7573       929.3647       929.3384       930.1033       930.2981
       929.2808       928.9151       929.7245       931.1183
       934.8374       935.3987       935.8057       936.3142       937.0495
       936.5534       935.3034       935.3812       937.5181       939.8412
       939.2220       936.7234       935.5229       934.7439       933.0428
       931.5450       930.9679       931.9145       933.6543       935.4279
       936.8789       937.5701       937.0261       936.3136       934.9705
       931.6080       927.8785       924.9697       920.8771       917.9089
       919.8696       924.3093       927.8726       930.2650       931.7551
       932.8333       932.5446       930.6948       928.6243       926.4915
       925.3729       924.6344       923.6413       921.8740       921.0206
       922.4495       925.1884       928.4235       930.8660       931.9147
       932.2597       931.6573       930.4739       929.8483       930.0612
       930.0386       929.8202       930.7434       933.1500       935.8375
       936.5598       935.6414       934.3472       932.8626       931.2460
       928.7771       926.5037       925.8991       927.3960       930.7812
       935.0612       939.0625       942.5522       945.4858       947.7729
       951.1673       955.5086       958.0491       957.2416       955.0982
       952.1387       948.9208       946.1608       944.1258       942.5358
       941.3175       940.2504       939.6970       939.4595       938.5171
       936.9964       936.9417       938.6806       939.3845       937.0521
       934.5598       933.7865       934.5045       935.8386       937.0552
       938.2743       940.4575       942.2774       942.3046       941.2887
       939.9103       938.6817       936.7859       934.6125       932.7282
       930.6042       929.0193       928.2782       928.7402       929.3563
       929.4980       928.8089       928.5540       928.6434
       935.1328       935.6913       935.8779       935.6664       935.9583
       936.3580       935.8513       935.6422       937.3981       939.9647
       939.2769       935.9425       934.4634       934.6958       933.4814
       931.3601       930.2906       930.9994       932.7595       934.1091
       934.7062       934.8913       935.1458       934.8550       933.8445
       931.4663       928.8253       926.4772       923.6763       921.1384
       923.1921       927.2579       929.7336       931.6140       933.5401
       934.3568       934.0806       932.4247       929.5465       926.8320
       925.3278       924.8874       924.2496       923.1925       923.2168
       924.5367       927.0071       930.0192       931.7385       933.0572
       933.4767       932.3468       930.7610       930.0130       930.2749
       930.4719       930.2892       931.2912       933.4932       934.7894
       934.3544       933.4476       932.2388       931.1838       930.8293
       929.5693       927.9077       927.5940       929.7036       934.2007
       938.4199       942.1755       945.3853       947.6819       949.7861
       952.3281       956.0064       957.9337       957.5013       956.1093
       953.3768       949.7338       946.9352       945.2095       944.1658
       943.0579       942.4387       941.8918       941.1440       939.7888
       938.2241       937.3842       938.1736       938.5685       937.1260
       935.1970       934.1545       934.5892       935.5651       936.6884
       938.3782       940.7469       941.9542       941.3818       940.5117
       939.3478       938.2169       936.8849       934.9608       933.6098
       932.2466       930.1910       928.9634       928.8121       929.4347
       929.4688       928.3297       927.1011       927.2880
       935.9101       936.5615       936.5203       935.4274       935.5471
       936.3268       936.1754       935.7842       937.2974       939.6166
       938.4381       935.0589       933.6448       934.4036       933.6155
       931.2292       930.0249       930.4943       931.4481       931.7686
       931.8807       931.8414       931.9780       932.0001       930.8779
       930.6349       930.8512       930.3787       927.8975       925.6170
       926.5951       929.3732       931.2061       932.7504       934.5450
       935.8779       936.4055       935.9205       933.6776       930.5468
       927.6130       925.8512       924.8873       925.0376       925.6360
       926.6600       928.5664       930.6819       932.5641       933.8976
       934.0062       932.9550       931.2289       929.9993       930.5610
       931.1011       930.6794       930.7639       931.9376       933.2128
       932.8012       931.9203       931.2116       930.8741       930.8170
       930.2896       930.1241       931.2640       933.7518       937.0250
       940.8304       944.6602       948.3389       950.7811       952.4421
       954.8927       957.5559       958.3885       957.3464       955.5227
       953.0847       949.9166       947.2485       946.0286       944.8763
       943.9885       943.7753       943.7738       942.8475       941.0427
       938.8526       937.5045       937.4427       937.3578       936.8765
       935.8170       934.8499       934.8962       935.6220       936.8209
       939.2125       941.2673       941.9307       941.1409       940.0154
       939.3769       938.6505       937.7515       936.4872       935.1252
       933.4999       931.7626       929.7072       929.5809       930.5757
       929.4087       927.3419       926.5769       927.7546
       936.5240       937.0003       936.2877       934.8008       934.4821
       935.5095       935.7262       935.7042       937.1673       938.0224
       936.1291       933.6134       933.1732       933.7818       933.2020
       931.7530       931.0013       931.0974       930.8840       930.4431
       929.8586       929.0890       929.0590       928.6125       927.4633
       928.8026       931.8817       932.7457       930.3201       927.9209
       928.4307       929.9636       931.5491       933.4967       935.5203
       937.3290       938.2058       938.7398       937.9998       934.9738
       930.7715       927.1675       925.7190       925.4519       926.3168
       927.3326       928.6386       930.4106       932.3969       933.5477
       933.5950       932.3453       930.4010       929.3099       930.1171
       930.8465       930.7546       930.6163       931.1057       931.7708
       931.8305       931.8914       932.2033       932.2902       931.8881
       931.6753       933.2722       935.8021       938.4523       940.9144
       943.6257       947.1038       951.2059       953.9670       955.8989
       958.2734       959.8560       959.4400       956.9115       954.1234
       951.7619       949.2568       947.0320       945.6631       944.6976
       944.2329       944.3146       944.6238       944.1398       942.0489
       939.6778       938.4315       937.4053       936.7234       936.4067
       935.9514       935.5997       935.3019       936.0593       938.2157
       940.8217       942.4728       942.5317       941.0174       939.4902
       939.1360       939.1958       937.9340       936.9495       936.0089
       934.8866       932.6371       930.3049       929.9265       930.7203
       929.2364       926.9181       927.1085       928.2352
       936.1840       936.3704       935.0845       933.4069       933.6548
       935.9200       936.4176       935.7124       936.6617       937.2839
       935.4596       933.4232       933.1171       933.1012       932.5576
       932.1011       932.0432       931.9478       931.2254       929.7145
       927.7215       926.2571       925.9596       926.0704       926.2585
       928.9600       932.3959       933.5994       931.1084       928.3660
       929.2436       930.8752       932.3510       934.1395       935.9318
       937.3800       938.1248       939.1519       938.9191       936.4630
       932.1779       928.1295       925.8183       924.8126       924.8208
       926.1101       927.9513       930.2192       931.7152       932.3053
       931.7684       930.5888       929.5686       929.4971       929.6226
       930.1556       930.7250       931.3980       931.9894       933.0659
       934.0820       934.4577       935.4840       935.7271       935.0224
       935.2871       937.0315       940.2103       943.3147       945.5461
       947.7286       950.5649       953.7562       956.5763       958.9506
       961.2360       961.5089       959.4207       956.5055       953.4441
       951.4296       949.1651       946.8594       945.3166       944.6212
       943.6246       943.8466       944.8263       944.7101       943.2037
       942.1128       940.9490       938.5401       936.6611       935.8281
       936.0470       936.5552       937.2043       938.3367       940.0340
       941.8033       942.8986       942.1638       940.5121       939.5491
       939.7752       939.7265       938.3931       937.1891       936.8398
       935.0885       932.7963       930.3881       929.6437       929.7132
       928.4053       926.4625       926.6558       928.2878
       934.2857       934.4897       933.0844       931.3905       932.6360
       935.2947       936.1005       935.4152       936.4476       937.4733
       936.5649       934.5406       933.1979       932.9826       932.7507
       932.0537       931.8541       931.6030       930.9767       928.6480
       925.7394       923.8790       924.2195       925.2728       927.2642
       930.7018       933.5317       934.3129       933.3666       932.0481
       932.6470       933.4691       934.0598       935.2249       935.8545
       936.2372       937.3636       937.9553       937.3877       935.0637
       932.0889       928.9145       925.9006       923.6857       923.0217
       924.4734       927.0080       929.2120       930.2843       929.8805
       929.6479       930.0739       931.0967       931.6859       931.2201
       930.1771       930.8840       932.9830       934.8713       936.4299
       937.4680       937.9745       938.6973       939.3874       938.3680
       938.2086       940.6285       944.2006       947.6831       950.2858
       951.9625       953.6650       955.6253       957.8931       960.4266
       962.3799       962.1791       959.6725       956.5441       953.7833
       951.5040       949.6936       947.8778       947.0942       945.5961
       943.9972       944.1181       945.5865       945.3352       944.3952
       944.2373       943.2196       940.4698       937.8438       936.7541
       937.3927       938.7332       940.0685       940.7114       941.4575
       941.9753       941.8056       940.7745       939.8765       940.1393
       941.2301       941.2767       939.9512       938.4639       937.0411
       935.0607       932.3076       929.9479       928.5895       928.5439
       928.4708       926.7365       926.1172       927.4210
       930.1951       930.7483       930.6812       930.3646       931.0767
       933.0279       934.8372       936.1821       937.0935       938.0949
       936.8737       934.9194       933.6239       933.4231       933.3929
       932.3184       930.8840       930.7704       929.9478       928.1368
       925.2939       923.4964       923.6151       926.1685       929.5808
       932.4840       934.8055       935.9340       936.9936       937.6594
       937.2546       936.1049       935.3604       935.3799       935.6412
       936.3157       936.7031       936.1748       934.8224       933.0604
       931.1764       929.1778       926.8010       923.8701       922.9766
       924.6912       927.2084       929.0886       929.0858       928.7947
       929.7056       931.5745       933.6571       934.2029       933.0254
       930.9689       931.7462       935.0669       938.5697       940.5836
       940.6561       940.3443       941.1813       941.7339       940.6862
       940.7397       943.2553       947.6338       951.8772       954.7127
       955.5024       955.9236       957.3792       959.1489       961.0529
       962.7203       962.8448       960.7922       957.4868       954.0911
       951.8961       950.2761       949.5388       948.7144       947.1686
       945.4472       945.6055       946.5027       945.9611       944.9593
       945.2397       944.5721       942.1585       939.7643       939.4056
       940.4040       941.9246       942.7839       942.7025       942.1787
       942.1084       941.1730       939.9813       939.5335       940.3744
       941.3177       941.5491       940.6155       938.8516       937.6106
       935.5316       932.2240       929.3654       927.7621       927.8812
       928.8118       928.3670       927.2079       926.7632
       926.7978       927.5611       929.0753       930.1982       930.8815
       932.0253       934.5964       936.6329       937.7943       938.0388
       937.0729       935.3884       933.9778       933.3071       933.4692
       932.4999       931.0754       930.1583       929.3068       927.6026
       925.7933       924.2673       924.6301       927.9800       931.6077
       934.8414       937.0334       938.5355       939.3594       939.8815
       938.9113       936.5380       934.5767       934.8953       935.9413
       936.8178       936.7679       935.1527       932.4898       930.5234
       929.4126       928.3948       926.8218       924.9286       924.3090
       926.3780       929.1946       930.3568       930.0718       930.2017
       931.3660       933.4154       934.6432       935.1684       934.1987
       933.3378       934.0120       937.4722       941.7544       943.8600
       943.6927       943.4053       943.6462       943.5745       943.2020
       943.3652       945.4990       949.9240       954.4224       957.2402
       958.1098       958.2706       959.3251       960.7828       962.2627
       963.2457       963.2472       961.9473       958.4219       954.5327
       951.6797       950.3672       950.0009       949.6089       948.1701
       947.2067       947.2867       947.6405       946.9078       946.2519
       946.2474       945.1754       943.0577       941.9468       942.3568
       943.6200       944.3979       944.4946       944.0635       943.4561
       942.5373       941.1129       939.5297       938.9496       939.5400
       940.1470       940.0596       939.3965       938.2617       937.2750
       935.0103       931.6111       929.2635       927.7105       927.9444
       929.5394       930.2899       929.1981       927.8141
       926.5557       927.4085       928.4345       929.6900       930.9262
       932.3531       934.3543       936.7802       938.1039       937.7376
       937.4793       937.3533       935.5573       934.0948       933.9419
       933.3194       932.1769       930.5615       929.0959       927.9153
       926.7435       925.7490       926.6006       929.5413       933.5194
       936.3715       938.7238       940.1100       940.6099       939.5147
       937.8459       934.9158       932.9666       933.4721       935.2928
       936.7043       936.5949       934.3313       931.4985       929.3979
       927.7704       926.5358       925.5911       924.1865       924.1206
       926.7455       930.2153       931.5170       931.8705       932.3712
       933.3706       933.8038       934.6740       935.3439       935.6561
       936.8151       938.6530       941.2318       944.4622       946.3775
       947.0761       947.3521       947.2518       946.8245       946.4963
       946.3611       948.0664       951.5695       955.7391       958.3043
       958.9440       958.8071       959.4348       960.8349       962.0485
       962.6050       962.3196       961.5701       958.4545       953.9156
       951.1561       950.3817       950.7860       950.4360       949.1824
       948.6157       948.5552       948.6805       948.2393       947.9585
       947.2982       945.1633       943.5264       943.4060       944.2840
       944.8854       944.7578       944.3082       944.2878       943.7866
       942.3235       940.4934       938.8591       938.3687       938.6390
       939.1233       939.2006       937.6471       936.5096       935.5072
       933.4970       930.9250       928.9512       928.1299       928.4747
       930.2124       931.5582       931.1788       930.1855
       927.2861       927.7758       927.8478       928.2849       929.8563
       932.5990       935.2863       937.4727       938.9032       938.9515
       939.3731       939.6474       938.7150       937.1859       935.5800
       934.1117       933.0109       931.5257       929.5410       928.2003
       927.2934       927.2391       928.2213       931.0764       934.2361
       937.5175       940.2789       941.4207       940.6643       938.8088
       936.0989       933.1685       931.4871       931.5449       933.4504
       935.5541       935.9754       934.2783       932.0041       929.5032
       927.0113       924.9427       923.8527       922.9245       923.1838
       925.6674       928.9402       931.3638       932.5231       933.7258
       934.6616       935.4112       936.1323       937.0349       938.1086
       939.9925       942.8071       945.5164       947.5407       948.8396
       950.1387       951.0864       951.2479       950.9985       950.1012
       949.5786       950.6412       953.6736       956.6047       958.5201
       958.9545       957.7935       957.8803       958.9620       959.4265
       959.5040       959.0237       957.9810       956.0084       952.6988
       950.9040       951.4078       952.8734       952.7882       951.2296
       949.5780       949.4150       949.5272       949.1304       948.1946
       947.2268       945.6235       944.5600       944.2854       944.6242
       945.0214       944.2831       943.7616       943.1599       942.4008
       941.3812       939.7721       937.9307       937.3221       938.3521
       938.8855       938.0856       936.8219       934.9440       933.2949
       931.6055       929.8129       928.7599       928.4054       929.0771
       930.6705       932.3006       932.9323       932.6978
       928.1550       928.0724       928.1525       928.3615       930.0632
       933.1047       936.3263       938.5898       939.6237       940.0894
       941.3126       941.7118       941.0964       940.4051       938.1362
       935.6254       934.0001       932.4412       930.7190       928.8900
       927.6048       927.4977       929.3476       931.9456       934.6724
       938.3130       941.6586       942.1498       940.0432       937.7987
       935.1926       932.7248       931.2770       931.3691       932.8021
       934.2744       935.0298       934.9605       932.7601       929.5311
       925.9719       924.0236       923.2607       923.1808       923.9572
       925.4831       927.2547       929.2350       931.0541       933.5427
       936.3624       938.3032       939.1443       940.1913       941.0563
       942.5048       945.3923       948.6559       950.4390       951.0460
       951.8566       952.9502       953.9265       954.1145       953.1944
       952.4843       953.5160       955.9282       958.1812       959.4952
       959.3471       957.6564       956.6084       956.7183       955.9756
       954.7722       954.0743       954.0128       953.4545       952.4871
       951.9815       953.0544       954.7798       955.3671       953.9498
       951.7448       950.1500       949.9975       948.9263       947.8482
       947.2405       946.6631       946.0743       945.3251       945.4548
       945.4949       944.8773       943.7080       942.4493       941.5828
       940.8961       939.3162       937.4156       936.7164       937.8251
       938.3766       937.9947       936.5604       934.7172       932.7311
       930.6110       929.1827       928.6494       929.0653       929.9033
       931.8320       933.9480       935.0860       935.4719
       928.8317       928.7760       928.9332       929.9447       931.7371
       934.2662       936.6225       938.6552       939.4507       940.6065
       941.7369       942.7148       943.5552       942.8927       940.3445
       937.3322       935.4548       934.1612       932.9460       931.0497
       929.1815       929.1002       930.2602       932.3409       934.6428
       938.0648       940.6606       940.5232       938.7147       936.2958
       934.5865       933.4251       932.4605       932.1429       931.9974
       932.5564       933.5765       933.5219       931.4014       927.8419
       925.2845       924.0182       923.7323       924.1609       925.6008
       926.5240       926.7942       927.4525       929.8521       933.4886
       937.3813       939.7308       941.6368       943.1354       943.8929
       945.2742       948.3127       951.2079       952.9320       952.8823
       952.8321       953.4386       954.7272       955.5290       955.3256
       955.5920       956.9273       959.0184       960.4947       960.6830
       959.7957       957.8433       955.8475       954.7755       953.0061
       950.7802       950.6960       952.2433       953.1331       953.0825
       953.1056       953.7949       955.6979       957.5907       956.9828
       954.2560       951.7938       949.7699       948.4205       947.9716
       947.9956       947.5903       946.9379       947.1968       947.5717
       947.2166       946.2115       945.2283       943.6916       942.8151
       941.9395       940.2953       938.6719       937.9668       938.4794
       939.0518       938.9059       938.0209       936.3913       934.4881
       932.2528       930.6607       929.9535       929.9713       931.3712
       933.9504       936.1942       937.5488       937.9473
       927.8151       928.2496       928.9564       930.1972       932.4559
       934.7446       936.7937       938.2861       939.9660       940.8746
       942.2209       943.7938       945.0811       944.2170       940.9005
       937.8266       935.9343       935.6667       935.3817       933.0074
       931.4903       931.1216       931.3201       932.8309       934.6843
       936.1454       937.2415       937.0529       935.2455       933.5858
       933.2930       933.4771       932.9276       931.5986       930.4922
       930.6565       931.6586       931.2632       929.0892       926.4420
       924.7743       924.3513       924.3466       924.9062       925.6658
       926.4951       926.7466       927.6976       929.9409       934.0491
       938.0673       940.7574       942.7855       945.1631       946.1501
       947.4896       950.9055       954.1353       955.0192       954.5029
       953.5579       953.0646       953.8754       954.4955       955.3051
       957.4556       960.3188       961.6810       961.6238       960.4016
       959.0997       957.5760       955.7139       954.1813       952.0664
       949.5357       949.3560       950.9058       952.2006       952.0334
       951.5894       953.3503       956.4809       959.0749       959.2806
       956.9781       953.7980       950.6306       948.8497       948.6385
       948.4680       947.7702       947.4171       949.0182       950.1495
       949.4366       948.7153       947.7709       946.4655       945.5698
       944.4186       943.0283       941.8218       941.2386       941.0595
       941.2703       941.0952       940.6727       939.4651       938.2997
       937.0453       935.5065       934.1488       932.9744       933.9642
       935.9738       938.0863       939.5017       940.4946
       925.9835       926.4243       927.2651       929.0358       931.8737
       934.6418       936.4611       937.9822       939.8420       941.3597
       942.7053       944.0602       944.3625       942.7664       939.3732
       936.8746       935.8635       935.5336       934.3415       933.1050
       932.4683       931.5703       931.7961       932.8693       933.7733
       934.5198       934.3846       933.1989       931.9279       931.3488
       931.4988       932.4933       932.6405       931.3425       929.7571
       929.7393       930.4796       930.3275       928.4458       926.4340
       924.4733       923.4326       923.8613       924.3092       924.6782
       925.0292       925.8608       927.6777       930.8348       935.4006
       939.9135       942.3303       944.3092       946.1198       947.2707
       949.2588       952.8826       955.8021       956.4896       955.5606
       953.5484       952.4865       952.1934       952.3043       954.0533
       958.1312       961.5710       962.6756       960.9309       958.9526
       957.6124       956.7183       955.8251       954.7791       952.6493
       950.4099       949.5930       950.1254       951.3562       951.5363
       951.6534       953.1365       956.3143       959.1204       960.1888
       958.4428       954.9879       951.8541       950.4238       949.9825
       949.2723       948.0876       948.3431       950.4575       952.0687
       951.8545       951.2103       950.5411       949.6296       947.9930
       946.6669       945.8108       945.2667       944.7402       944.7833
       944.3511       944.0474       943.8472       943.2748       942.6602
       942.0328       941.3110       939.3566       937.9750       938.0298
       938.6368       940.0928       941.6868       942.4802
       924.5701       924.4318       925.5421       928.3090       931.7291
       934.4948       935.9811       937.3986       939.1416       941.1544
       942.5094       943.3369       942.6950       939.8152       937.0884
       935.6367       935.0319       934.1661       932.8613       932.3464
       932.7145       932.3563       931.3180       930.9460       931.7037
       932.8321       932.6013       930.6215       929.6769       930.2585
       931.4157       932.7997       933.6593       932.4105       930.6499
       929.8032       930.3267       929.9901       928.6202       926.7537
       923.8331       921.6159       922.0744       923.0484       923.7598
       924.6935       925.7142       928.0388       931.7706       937.1111
       941.9811       944.8624       946.2073       946.8844       948.1205
       950.4324       954.0251       956.1877       955.9738       954.8066
       953.2056       952.0671       951.3682       951.0473       953.5792
       958.1752       961.7226       962.2330       960.3086       957.3540
       956.2537       956.2401       956.6400       955.3847       953.1675
       951.5032       951.0086       951.3328       952.2925       953.4473
       953.6209       953.9491       955.7789       958.5977       959.3959
       958.2338       955.7185       953.3288       952.6348       952.4531
       951.1509       949.8864       950.3876       952.0146       953.6605
       954.0919       953.7209       953.4637       952.0706       949.3041
       947.8476       948.0128       947.9953       947.8273       947.3983
       947.0628       947.1365       947.2491       946.9666       946.5533
       946.0744       944.8926       943.3118       942.5568       942.3439
       942.3711       942.6573       943.5535       944.0931
       923.2461       922.9766       923.8981       927.0131       930.7839
       933.4651       935.6859       937.3729       938.9510       940.4499
       942.4767       943.2344       940.9706       937.8522       935.4822
       934.2889       934.0159       933.7797       932.8574       932.6110
       933.6168       933.3005       931.1815       929.0362       929.0719
       930.5820       930.6733       928.1996       926.9656       929.3026
       932.1188       934.4766       935.3931       934.5460       932.6750
       931.5991       931.4378       930.9085       929.7034       927.6132
       924.2490       921.6963       921.8594       922.7208       923.6053
       925.1210       926.9970       929.4663       933.2967       938.4943
       943.5635       946.9088       948.0755       947.8502       948.8281
       951.4633       954.9038       957.1777       956.2261       953.6639
       952.7453       952.6197       951.2025       950.7017       953.3711
       957.7967       961.2529       962.8445       961.4142       958.3973
       956.5852       957.5536       957.9561       956.3424       953.7845
       953.0206       953.0219       953.4401       954.0394       954.6000
       955.1057       955.6041       956.5099       958.0411       958.9106
       958.6974       957.6765       956.0054       955.3503       955.1286
       953.9475       952.8584       953.0529       954.7004       956.1265
       956.6589       956.4958       955.2982       952.7024       950.0618
       949.6172       950.3822       950.8409       950.5043       949.2403
       948.6562       949.0594       949.7102       949.8959       949.6164
       949.0668       947.5957       946.3442       946.0537       946.1689
       945.5474       945.2032       946.1932       947.0001
       921.6487       921.3433       922.7381       925.4435       928.3290
       931.6411       934.9040       937.2966       938.5381       939.4612
       941.9243       943.0533       940.2850       936.6847       934.4666
       933.7422       933.5793       933.2659       932.9731       933.0607
       933.7253       934.0011       932.0800       929.3895       928.2705
       928.6759       928.0853       925.4654       924.8540       928.3737
       932.2667       934.8439       936.3098       936.2367       934.8890
       933.9149       933.8749       932.9911       930.7282       928.0936
       925.3179       923.3041       923.0789       923.0977       923.4417
       925.5300       927.9752       930.4865       934.5482       939.2976
       944.4519       948.5658       949.3126       948.7719       949.6042
       952.0779       955.8643       958.7780       957.4991       954.0509
       952.6950       952.3720       951.2720       951.1131       953.5435
       956.9858       960.6280       963.4595       963.1031       961.0441
       959.9100       959.5559       958.8539       957.0993       955.5068
       954.4045       954.4435       954.8707       954.9993       955.3229
       956.0857       956.8337       957.7351       958.6114       959.6854
       960.0761       959.6183       958.4561       957.3521       957.2214
       956.3665       955.3561       955.8409       957.2605       958.5150
       958.9033       958.2386       955.8691       952.6982       951.1581
       951.5956       953.2386       953.9856       952.4282       950.4720
       949.3091       949.4567       951.0349       951.9790       951.3961
       950.3579       949.2841       948.4199       948.7750       948.8900
       947.4057       946.9884       948.7377       950.2526
