!     RMS - Reservoir Modelling System GRID TO ZYCOR GRID
!     RMS - Reservoir Modelling System VERSION : 10.1
!     GRID FILE NAME   : Reflector7
!     CREATION DATE    : 2018.12.21
!     CREATION TIME    : 08:24:39
@Reflector7 HEADER                     ,      GRID, 5
      15,    -99999.0000,       ,      4,      1
     119,     65,    436910.1562,    440110.1562,   6469154.5000,   6475054.5000
         0.0000,         0.0000,         0.0000
@
+ Grid data starts after this line
       850.7237       850.6675       850.5627       849.9202       849.0646
       849.5378       850.3111       850.2092       849.6261       849.6169
       849.6895       849.3678       849.4751       849.9803       851.0310
       851.9047       852.1676       852.1347       852.0596       852.2166
       852.1706       851.8487       851.4656       851.2300       850.7693
       850.1027       849.3807       848.6548       847.9589       847.0091
       845.9974       845.0969       844.1323       843.1711       842.6004
       842.9412       843.8431       844.5298       845.2269       846.4385
       847.8017       848.3078       847.7127       847.2552       846.1440
       844.4741       843.3364       842.4730       842.1868       842.8455
       844.5828       846.1749       847.6560       848.7236       848.9011
       848.9205       849.0314       848.6150       848.5371       849.1869
       850.1104       850.5203       850.9890       852.0856       852.6317
       852.3806       852.4777       852.9271       853.3560       853.8151
       854.9766       857.1152       859.1714       860.2338       861.0279
       862.5054       864.3204       865.2504       865.7138       865.7734
       866.1348       866.9985       868.4133       870.5898       872.6038
       873.2293       873.4360       873.9791       873.7239       872.9944
       871.9471       870.6776       869.7500       868.5179       866.6739
       864.7324       863.0212       860.6334       858.0912       857.4487
       858.7318       860.1735       861.2122       862.2656       863.5153
       865.1287       866.7529       867.3998       867.6178       867.1724
       864.8787       861.2678       858.5702       857.6837       857.2894
       857.4487       857.1295       855.6367       854.6167
       851.0051       850.3444       849.7362       848.6945       847.4741
       847.5532       848.5385       848.9658       848.7794       848.8398
       848.8165       848.7396       848.7311       849.7757       850.9017
       851.8896       852.5060       852.6832       852.8195       852.8325
       852.6825       852.2481       851.6662       850.9517       850.3574
       849.7825       849.0819       848.0450       847.0720       846.1588
       844.9539       843.9766       843.1023       842.0900       841.4532
       841.8215       842.8198       844.1478       845.9072       847.6194
       848.8159       849.1364       848.5533       847.6484       846.3372
       844.6719       843.3166       842.3603       841.7151       842.3624
       843.9772       845.8799       847.4781       848.6406       848.9174
       848.7343       848.5894       848.3076       847.8985       848.3112
       848.8376       849.2198       849.8687       850.8422       851.6249
       851.8700       851.9377       852.2750       852.9122       853.8370
       855.3522       857.7520       860.0894       860.9485       861.6058
       863.2872       864.8410       865.6844       865.7373       865.8569
       866.3979       868.0544       869.9227       870.9675       871.7949
       872.4733       873.3037       874.0316       874.4298       874.1923
       873.5041       872.8268       871.5604       869.5862       867.1846
       864.7071       862.2249       859.7881       857.2495       856.3134
       857.5516       859.3391       860.4626       861.4937       863.0118
       865.2154       867.2881       868.5150       868.5009       867.1136
       864.1085       860.3828       858.0399       856.9195       856.1401
       856.3384       856.7798       856.3403       855.4294
       850.8414       849.7629       848.4381       847.0419       846.0473
       846.1483       847.4698       848.1002       848.3327       848.2375
       848.1723       848.2069       848.5009       849.0427       850.2424
       851.2037       852.2192       852.9109       853.3427       853.3495
       853.2933       852.8867       851.7454       850.5558       849.7108
       849.1963       848.2674       846.9986       845.9064       844.7416
       843.6345       842.6079       842.0692       841.3655       840.7790
       840.9979       841.6602       843.4226       846.2773       848.8326
       850.4807       850.5966       849.4186       847.8444       846.4187
       844.1976       842.4634       841.4196       840.7454       841.0460
       842.8427       845.3091       847.1251       848.0581       848.2725
       848.1696       847.8986       847.4233       846.9315       846.9695
       847.2776       847.5400       848.3690       849.6058       850.6509
       851.3184       851.6516       851.7557       852.4380       853.8822
       855.4484       857.5492       860.1351       861.7343       862.8138
       864.2303       865.7968       866.2298       866.2951       866.3030
       866.5557       868.4545       870.5102       871.7948       871.8397
       872.2819       873.3697       874.5574       875.4905       875.3585
       874.6965       874.0550       872.4331       869.7933       867.1218
       864.5732       862.2218       859.8843       858.1652       857.4926
       858.2495       859.4847       860.1880       861.1348       862.7856
       865.2085       867.6202       868.9080       868.5671       866.5565
       863.7318       860.6539       858.3267       856.8349       856.1862
       856.6019       857.2834       856.9623       856.0255
       850.0224       849.0814       847.1251       845.7360       845.5961
       846.3621       847.0745       847.8301       848.0485       847.8032
       847.6834       847.9294       848.3275       849.0964       849.5965
       850.0563       850.9538       851.9929       852.4280       852.7775
       853.0842       852.7544       851.5415       850.0909       848.9429
       848.3116       847.5057       846.0458       844.4741       843.2471
       842.1884       841.5229       841.1117       841.0551       841.0578
       840.9500       841.4642       843.4265       846.2285       848.9321
       850.7115       850.7701       849.2849       847.4456       845.3401
       843.2739       841.2971       839.8010       839.1946       839.6461
       841.7899       844.3807       846.1138       846.8716       847.0797
       847.2313       847.4625       847.2538       846.6384       846.2098
       845.9860       846.2303       847.0093       848.1404       849.4280
       850.1769       850.1670       850.3020       851.1113       852.4870
       854.0126       856.1996       858.9954       861.3527       862.6226
       863.4695       864.7623       865.7055       866.0165       866.4865
       866.4633       867.5740       870.0995       872.0033       872.5081
       872.7540       873.7590       875.1100       875.1969       874.4041
       873.5239       872.8612       871.8632       870.2038       867.5158
       865.4167       863.8168       862.0246       860.8663       860.1614
       860.2734       860.7139       861.3162       862.2115       863.7409
       864.9116       866.1940       867.3840       866.8322       864.7168
       862.1007       859.6234       857.7054       856.5584       856.3904
       857.2879       858.0616       857.4006       856.4001
       848.6390       847.6597       846.2336       845.0873       845.3441
       846.4935       847.3033       847.8523       847.7051       847.2693
       847.2248       847.4926       848.3662       849.1810       849.2632
       848.8694       849.1174       849.9872       850.7993       851.5310
       851.9810       851.6558       850.4093       849.0028       848.1732
       847.6166       846.9543       845.3445       843.5678       842.2872
       841.2304       840.7559       840.9768       841.3306       841.4678
       841.4269       841.8350       843.2598       845.5027       847.7733
       849.0184       848.9687       847.4937       845.2514       843.1719
       841.3348       839.4672       838.0160       837.3807       837.9876
       840.0977       843.2524       845.5323       846.7292       847.2642
       847.4928       847.7632       847.6746       847.1509       846.1199
       845.4761       845.1557       845.4826       846.1207       846.7231
       847.1124       847.0792       847.2352       848.3601       849.8770
       851.6605       854.1245       856.6448       858.5806       859.2670
       859.9322       861.4399       863.4728       864.3708       864.6358
       865.5008       866.7966       868.6158       870.1876       872.1993
       873.6539       874.5229       874.7354       874.0662       872.6339
       871.7814       871.5662       871.7122       870.4609       868.2759
       866.8785       866.1035       864.6799       863.1229       862.3396
       861.8939       862.4808       863.4832       864.2336       864.3412
       864.2601       864.8643       865.3381       864.3651       861.8381
       859.2100       857.1121       855.9312       855.5035       855.8715
       856.8163       857.6455       857.4794       856.5155
       846.6173       846.2755       845.0821       844.3496       845.1611
       846.4865       847.5667       848.0511       847.7723       847.4747
       847.3489       847.4860       847.9943       848.5145       848.1188
       847.8539       847.8126       848.1520       849.0334       849.9343
       850.3731       850.1950       849.1772       848.0874       847.8189
       847.7098       846.7759       844.9183       842.8963       841.2382
       840.2798       840.2864       841.0837       841.7946       841.9305
       841.5575       841.1560       841.7970       843.6497       845.5844
       846.6239       846.1550       844.4779       842.4153       840.4324
       838.4698       836.6992       835.5807       835.2072       835.7766
       838.2530       842.2899       846.2286       848.5405       848.8754
       848.5463       848.3132       848.0682       847.6273       846.5687
       845.3174       844.3156       843.5482       843.2253       842.5120
       842.3918       843.0453       844.0197       845.5458       847.5421
       849.5091       851.5054       853.2542       854.2280       855.0270
       856.1978       858.3868       860.5017       861.8879       862.3153
       863.0630       865.1248       866.8680       868.5441       871.1998
       873.4911       874.5184       873.9229       872.8669       872.3666
       872.1525       871.7183       871.2718       870.1597       868.5422
       867.6351       867.1364       866.1059       864.6703       863.6691
       863.6868       864.5768       865.4794       865.2189       864.3624
       863.9443       864.2714       863.8471       861.6943       859.5055
       857.3728       856.0095       854.8715       854.4599       854.9342
       856.0659       857.3467       857.2838       856.6379
       844.9966       844.8343       844.4860       844.4155       845.2014
       846.1482       846.8789       847.4445       847.9680       847.9370
       847.6287       847.1742       847.0468       847.2024       847.0160
       846.4157       846.5238       846.7441       847.1085       847.7802
       848.3988       848.8934       848.8265       848.4312       848.3775
       847.8388       846.0371       843.6550       841.3163       839.6766
       839.1979       839.8809       840.7556       841.4484       841.5038
       840.6364       839.6826       839.9725       841.6328       843.2304
       844.0319       843.4655       841.7642       839.7956       837.7791
       835.7222       833.6593       832.1720       832.0658       833.5133
       837.0136       841.9970       846.5911       849.7512       850.4039
       849.7715       849.2800       848.9872       848.3110       847.0095
       845.1738       843.3336       841.5076       839.6409       838.2262
       837.7936       838.7717       841.0133       843.1722       845.1327
       847.1319       848.7599       849.8694       850.4795       851.6263
       853.8627       856.0222       857.9452       859.3616       860.2247
       861.6472       863.4665       865.2489       867.7651       870.1071
       871.9791       872.9374       872.9452       872.7422       872.8881
       872.6149       871.9530       870.5423       869.4977       869.0256
       868.6609       868.0212       866.6895       865.6104       864.6454
       864.3704       865.2584       865.5884       865.2030       864.4396
       864.2529       864.1699       862.8068       861.0123       859.2428
       857.2751       855.3134       854.2770       853.2581       853.7681
       855.6431       857.2447       857.6127       857.1042
       843.8591       844.1489       844.4829       844.8420       845.1781
       845.2958       845.6194       846.4568       847.4169       848.0429
       847.8376       847.0539       846.1940       845.7990       845.2795
       844.7706       844.5414       844.7378       845.2009       845.8447
       846.8212       848.0753       848.9341       848.8247       848.4080
       846.8685       844.1129       841.3241       839.2009       838.0582
       838.2838       839.0583       840.0652       840.5438       840.1410
       839.4047       839.0028       839.6037       840.8444       841.8123
       842.0782       841.5215       839.9714       838.1232       836.2533
       833.9697       831.3011       829.4430       829.8547       832.3903
       836.3448       841.4995       846.7961       850.0658       851.6555
       851.5875       850.9539       850.2880       849.3241       847.6307
       845.4311       842.9540       840.4535       837.9879       835.8651
       835.1895       836.5553       838.9337       841.0292       842.6112
       844.0642       845.7743       847.0379       848.1187       849.7717
       851.9808       854.3286       855.9125       857.6664       859.5651
       861.6807       864.2034       866.1688       868.4756       870.2310
       871.1317       871.6227       871.9657       872.8518       873.0909
       872.4985       871.4908       870.4589       869.6654       869.7340
       870.1633       869.1751       867.3510       865.7220       864.7554
       864.3392       864.0223       863.9028       863.9003       864.1768
       864.6447       864.4919       863.7471       862.4426       860.7452
       858.0355       855.4352       853.4307       852.7156       853.6261
       855.6685       857.2886       857.6215       857.1989
       843.4691       844.2312       844.9889       845.4609       845.4784
       845.3361       845.6666       846.5180       847.7525       848.5205
       848.2557       847.1930       845.7392       844.2914       843.5526
       843.1659       842.9352       843.2054       843.8415       844.9601
       846.3699       847.7946       848.5580       848.4872       847.3865
       845.0759       841.9768       839.2924       837.6424       836.9781
       837.1522       838.1523       839.2676       839.7107       839.1845
       839.0693       839.8193       840.9471       841.8093       842.0952
       841.8621       840.9225       839.4688       837.9443       836.2117
       833.9199       831.4556       830.4778       831.1233       833.2609
       837.1598       842.0092       846.7988       850.4763       851.9885
       852.2919       852.1394       851.5962       850.2657       848.7088
       846.7677       844.1223       841.3226       838.8309       836.7176
       835.8497       836.6890       838.2545       839.6360       840.5905
       841.6619       843.2886       845.3328       847.3590       849.3557
       851.5250       853.6602       855.7947       858.0754       860.5530
       863.4681       866.4299       869.1865       870.9432       871.6978
       871.4337       870.9941       871.3669       872.4246       873.3475
       873.1146       871.9706       870.9800       870.8399       870.9083
       870.4617       869.0419       867.0128       865.3461       864.3605
       863.7197       862.8958       862.4235       862.6962       863.5159
       864.4824       865.0859       865.0485       864.3787       862.4854
       859.4908       856.0726       853.5748       852.6799       853.5789
       855.2529       856.4188       856.6702       856.4043
       844.5493       845.2958       846.2483       846.8193       846.6772
       846.3198       846.5752       847.7897       848.9453       849.0990
       848.3737       846.6375       844.5699       842.7392       841.7079
       841.6345       842.1130       842.7098       843.4888       844.5781
       845.9575       847.0498       847.4586       847.1022       845.7783
       843.3683       840.4203       838.2397       837.1096       836.7166
       837.0445       838.0424       839.2106       839.5831       839.4422
       839.7994       841.1507       842.8123       843.7223       843.8095
       843.0178       841.6462       840.2643       838.8085       837.2113
       835.5604       834.2317       833.4053       833.5817       835.4286
       838.9181       843.1121       846.8538       849.3129       850.5545
       851.6666       852.6229       852.1830       851.2122       850.1097
       848.5620       846.0012       843.1028       840.5419       838.5864
       837.6861       837.9739       838.3587       838.6525       839.1958
       840.5602       842.7365       845.3573       848.0043       850.5688
       852.9338       855.0798       857.4306       859.8071       862.3349
       864.9025       867.7996       870.0076       871.0134       871.0655
       870.2838       869.9561       870.6644       871.9901       873.3347
       873.3140       872.1175       871.2355       871.1495       870.9832
       869.7894       867.8149       866.1217       865.0164       864.2805
       863.6458       862.7723       862.3121       862.6312       863.4601
       864.6839       865.8160       866.3939       866.0336       864.1245
       860.5683       856.5526       853.4789       852.2896       852.7439
       853.9231       854.8809       855.0293       854.8535
       845.8770       846.5844       847.4648       847.9830       847.6546
       847.1353       847.1742       848.2251       849.1948       849.1384
       847.5217       845.1009       842.5916       840.7718       840.0361
       840.4394       841.4970       842.7456       843.5406       844.3250
       845.1797       845.8634       845.9160       845.2635       844.0386
       841.9294       839.4363       837.7044       837.1285       837.1087
       837.9073       839.4967       840.6484       840.7930       840.8816
       841.5717       842.7969       844.3914       845.6617       845.7940
       844.8759       843.3976       842.0325       840.4231       838.9559
       837.7161       836.5063       835.3706       835.1041       836.7164
       839.9882       843.6028       846.2396       847.5476       848.7418
       850.9922       852.5852       853.0334       852.3851       851.4898
       850.1673       847.7203       844.6951       841.9847       840.0995
       839.1863       838.9091       838.6808       838.1870       838.7536
       840.6781       843.4205       846.3616       849.3755       852.6775
       855.4130       857.5364       859.6046       861.6649       863.4212
       865.5660       867.5027       868.5031       868.5762       868.3244
       868.0487       868.2667       869.3581       870.7190       871.7513
       871.9195       871.0606       870.4510       870.0931       869.5225
       868.1933       866.3356       865.1563       864.9168       864.8434
       864.4647       864.0945       863.6532       863.6579       864.0502
       864.9983       866.4349       867.3666       867.0767       865.1093
       861.2487       856.3051       852.8384       851.6173       851.8206
       852.6745       853.1608       852.9173       852.4497
       846.5118       847.1675       847.8405       848.0575       847.5097
       846.9485       847.2586       848.0747       848.5264       848.0018
       846.2513       843.5727       841.2258       840.0756       839.9612
       840.4234       841.5863       842.8140       843.9082       844.5845
       845.1655       845.3535       844.5793       843.3224       842.1867
       840.5215       838.6476       837.5119       837.1169       837.6281
       838.9854       840.8078       842.2009       842.6984       843.0082
       843.8691       844.9937       846.1851       847.2284       847.3582
       846.6323       845.5654       843.8885       841.9182       840.2067
       838.9709       837.6691       836.5878       836.4491       838.0706
       840.8842       843.5389       845.2705       846.3641       848.0270
       850.3873       852.5097       853.1867       852.8076       852.0410
       850.7643       848.7799       845.8110       843.0780       841.1871
       839.9860       839.4460       839.0266       838.6738       839.5083
       841.6236       844.3832       847.3904       850.6498       854.1423
       857.2750       859.3422       860.9880       862.6078       864.0464
       865.3651       866.2609       866.4033       866.1208       865.6843
       865.6985       866.3687       867.3241       868.0024       868.3322
       868.3120       868.4432       868.6010       868.2180       867.3823
       865.8371       864.2775       863.7477       864.4144       864.9460
       865.3288       865.3827       865.3217       864.7860       864.1803
       864.3964       865.7162       867.2141       867.2606       865.0721
       860.8594       856.1226       852.6473       851.2339       851.1431
       851.3309       851.0447       850.1314       849.2572
       846.8358       847.3989       847.8555       847.5319       846.8809
       846.7020       847.3226       848.0441       848.2016       847.2976
       845.6306       843.7432       842.3505       841.6976       841.7206
       841.7538       842.2430       843.1746       844.0390       844.7597
       845.1408       844.8550       843.5994       841.9602       840.6234
       839.3230       837.8307       836.8933       837.0106       837.8898
       839.4426       841.3793       843.1741       844.1439       844.6616
       845.4708       846.5880       847.4352       847.8902       848.1337
       847.8627       847.1766       845.1625       842.5380       840.5416
       839.1652       838.2737       837.9564       838.7911       840.3490
       842.2522       843.8129       844.6942       845.7709       847.6939
       849.8500       851.4993       852.2460       851.9501       851.2459
       850.3469       848.8530       846.5135       843.9332       841.7696
       840.5305       839.8760       839.4591       839.5754       840.4896
       842.5256       845.1681       848.0563       850.9584       854.1573
       857.2722       859.3952       860.9958       862.4293       863.6559
       864.2855       864.3441       864.2437       863.7822       863.4478
       863.5397       864.0632       864.4207       864.0500       863.4430
       863.6236       864.4187       865.4202       865.5591       864.2436
       862.4683       861.2977       861.4067       862.4684       863.7686
       864.3033       864.7200       864.7349       863.7932       862.3956
       862.1461       863.5587       865.6672       866.3701       864.2722
       860.3099       856.2189       853.1663       851.5507       850.6179
       849.8301       848.6560       847.2515       846.3684
       847.2667       847.7106       848.0822       847.9029       847.4160
       847.4687       848.0128       848.5723       848.6233       847.7557
       846.3738       845.3552       844.6796       844.5204       843.9582
       843.2286       842.9079       843.2705       843.7532       844.1909
       844.4287       844.2867       843.3119       841.8469       840.2503
       838.5917       837.0280       836.2504       836.4750       837.6794
       839.5765       841.6906       843.6249       845.0263       845.7687
       846.3137       846.7490       847.2656       847.9532       848.2944
       848.6720       848.0672       846.0459       843.1287       840.7598
       839.4700       839.1893       839.9529       841.4774       842.9631
       843.8260       844.4135       844.5233       845.1924       846.9591
       848.9483       850.3169       850.6609       850.3704       849.9717
       849.7466       849.0067       847.3047       844.9234       842.9375
       841.4794       840.5740       839.9987       840.0820       840.9778
       842.7948       845.1560       847.6324       850.3553       853.0947
       856.0661       858.5695       860.3357       861.8269       862.8339
       863.0643       862.8976       862.6351       862.2208       861.6854
       861.3305       861.3002       860.7495       859.5272       858.7467
       859.0453       860.4560       861.7903       861.8351       860.3037
       858.6321       857.6755       857.8150       859.0162       860.2610
       861.0551       861.1254       860.7338       859.6501       858.3934
       858.4979       860.4171       862.9271       864.2717       862.9657
       859.9659       856.7252       853.8512       851.6010       849.8672
       848.0947       846.4416       845.1399       844.8011
       847.7822       848.1835       848.8352       849.1752       849.2030
       849.2188       849.4711       849.6946       849.4573       848.3057
       846.8688       845.7885       845.5406       845.5043       844.7401
       843.7416       843.2603       843.1483       843.2037       843.3196
       843.5341       843.6262       843.1550       841.8956       840.0065
       838.2558       837.1905       836.4328       836.6906       838.1236
       840.1051       842.2568       844.2429       845.7272       846.3853
       846.4389       846.4553       846.7115       847.4238       848.4326
       849.3756       849.1334       847.1331       844.1057       841.6714
       840.5933       840.6715       841.9150       843.6370       844.6802
       844.9074       844.3759       844.2344       844.7444       845.9808
       847.4387       848.4205       848.6468       848.4497       848.8134
       849.3372       849.5107       848.3391       846.3479       844.4077
       842.8770       841.5389       840.8389       840.5946       841.2619
       842.7803       844.4031       846.6691       849.3513       852.2484
       855.2204       857.9622       860.1028       861.7062       862.7909
       862.9857       862.6240       862.3892       861.7536       860.6172
       859.8098       858.7866       857.3384       855.7868       855.0037
       855.4688       856.9899       858.4382       858.1854       856.4662
       854.8572       853.8595       853.5787       854.3988       855.4306
       856.0334       855.7423       855.0148       854.0663       853.5506
       854.6384       857.1918       860.0858       861.6091       861.3612
       859.7070       857.0649       853.9481       851.1787       848.6335
       846.4021       844.6445       844.0818       844.3187
       848.3895       848.6715       849.4716       850.2433       850.7487
       850.9348       850.9074       850.7881       850.1083       848.4177
       845.9717       844.0580       843.7603       844.1245       843.8686
       843.3065       843.0652       842.5546       842.2813       842.2954
       842.3195       842.3159       842.1567       841.2617       839.7442
       838.6539       838.1399       837.8242       838.0210       839.4083
       841.2841       843.3094       844.9756       845.8849       846.1653
       845.8124       845.8452       846.3514       847.1200       848.6606
       850.1255       850.2032       848.3782       845.5353       842.9684
       841.7642       842.2499       843.3691       844.3562       844.7433
       844.1024       843.4344       843.2615       843.6396       844.3945
       845.1451       845.7184       846.3486       846.9108       847.6597
       848.8962       849.8187       849.3405       847.6710       845.7598
       844.1089       842.9016       841.8312       841.1273       841.5177
       842.6899       844.0147       845.9030       848.7612       851.8995
       854.9631       857.7734       860.2303       862.2155       863.3019
       863.5384       863.1788       862.6381       861.7953       860.3033
       858.7512       857.0728       854.9401       853.2103       852.3057
       852.7864       854.1979       855.2745       854.5317       852.6981
       851.0739       849.5829       849.1610       849.7383       850.3566
       850.5207       850.4196       849.9851       849.5201       849.7983
       851.6899       854.7668       857.6194       859.7144       860.4408
       859.5307       857.0414       853.6755       850.3976       847.6824
       845.3445       843.8640       843.7575       844.3181
       849.4349       849.6785       850.2797       851.1596       851.6042
       851.7065       851.6542       851.5200       850.5016       847.8331
       844.1722       841.5936       840.9730       841.7039       842.3403
       842.3359       841.6149       840.8166       840.4624       840.4313
       840.4183       840.4773       840.5220       840.2557       839.8017
       839.6078       839.5667       839.5278       839.7982       840.7153
       842.4423       844.0620       845.4256       846.1592       845.8448
       845.7028       845.8442       846.3161       847.2664       848.8999
       850.3952       850.7106       849.0756       846.4212       844.0739
       843.0530       843.4407       844.1504       844.1851       843.4410
       842.2888       841.7067       841.6616       842.1402       842.7260
       843.2691       844.0468       844.8699       845.8405       847.0150
       848.6853       850.2346       850.2017       848.7857       846.8023
       845.2592       843.9446       842.5743       841.5834       841.6316
       842.5379       843.8641       845.6837       848.3304       851.4877
       854.7449       857.8570       860.5212       862.5533       863.7925
       864.0884       863.7569       863.0901       861.7701       859.9574
       857.7802       855.4563       853.1976       851.2042       850.1458
       850.2471       851.2930       851.4886       850.3027       848.8524
       846.9838       845.1822       844.4513       844.7742       845.2845
       845.7927       846.1307       846.1714       846.0933       847.1622
       849.3665       852.4369       855.8372       858.5037       860.0195
       859.2911       856.4893       852.8374       849.5410       847.0444
       845.1506       844.1738       844.1774       845.0623
       850.7878       851.1895       851.6949       852.1047       852.1650
       851.7553       851.5938       851.1704       850.1044       847.1098
       842.8931       839.5002       838.5846       839.3129       840.4207
       840.2493       838.8809       837.6752       837.3502       837.6823
       837.9730       838.2034       838.6320       839.2624       840.0736
       840.8160       841.1520       841.2856       841.5435       842.2275
       843.0822       844.1715       845.7864       846.9418       846.9613
       846.6074       846.6396       846.5945       847.4254       849.0295
       850.3464       850.5478       849.2944       846.9728       845.1008
       844.3355       844.2478       843.9313       843.0612       841.6948
       840.6452       840.0421       840.5642       841.4706       842.3197
       843.0143       843.7688       844.5486       845.5837       847.0717
       849.2156       850.8073       850.9751       849.4606       847.6138
       845.8354       844.3655       842.8677       841.8485       841.7906
       842.5280       843.7435       845.5325       847.9745       851.2763
       854.9020       858.3652       861.1124       862.9005       864.1154
       864.5782       864.1222       863.0552       861.4333       859.2599
       856.6875       854.1672       851.8665       849.8489       848.1682
       847.4664       847.4565       847.0201       846.1621       845.0593
       843.1697       841.0189       839.9932       840.0109       840.8665
       841.7102       842.2966       842.2955       843.0974       844.7184
       847.0964       850.1576       853.8177       857.2176       858.8633
       858.0861       855.3546       852.0818       849.1953       847.0660
       845.7589       845.0252       845.4524       846.5292
       852.6066       852.8308       852.8745       852.6057       851.9049
       851.4599       850.8839       850.2046       849.0156       846.5356
       842.4869       838.9434       837.3831       837.7397       838.0966
       837.3817       835.7231       834.3517       834.1420       834.7298
       835.4220       836.0773       837.2068       838.9221       840.4575
       841.6428       842.0087       842.2040       842.7379       843.3080
       843.6869       844.5150       846.3265       847.8472       848.1237
       847.8977       847.6122       847.2759       847.8486       849.1777
       850.4276       850.5964       849.7238       847.9517       846.2615
       845.3560       844.5402       843.1396       841.2225       839.8981
       839.0762       839.1791       839.9805       841.2404       842.5815
       843.4771       844.1467       844.9140       846.0397       847.9916
       850.0367       851.3776       851.3390       849.9518       847.9031
       846.1030       844.4704       843.1525       842.1752       842.0085
       842.5394       843.7546       845.5712       848.2598       851.7807
       855.9067       859.4717       862.0175       863.4891       864.2903
       864.5135       863.9858       862.5732       860.6327       858.2405
       855.6116       853.1379       850.8686       848.7398       846.7548
       845.3983       844.5217       843.7423       843.1926       841.8917
       839.8184       837.7791       836.6435       836.9781       837.6595
       838.5991       839.0848       839.5178       840.5977       842.7488
       845.4771       848.8312       852.6142       855.7155       856.9467
       856.0757       853.9098       851.3591       849.1864       847.6577
       846.4256       845.7702       846.2632       847.4133
       854.4047       854.3774       854.1490       852.8948       851.4612
       850.9584       850.6808       849.5551       848.3403       846.3475
       843.2075       839.7749       837.8685       837.2959       836.6699
       835.1977       833.4009       832.2228       832.1138       832.8628
       833.8364       834.8335       836.6375       838.7248       840.5182
       841.3653       842.1287       842.5771       843.0929       843.7088
       844.4014       845.6642       847.1940       848.4959       848.7027
       848.7548       848.3291       847.9196       848.5347       849.8846
       850.9022       851.0770       850.3000       849.0024       847.2961
       845.9516       844.5909       842.1565       839.7469       838.3428
       838.0159       838.5313       839.8010       841.4013       842.7754
       843.9172       844.9808       845.9766       847.1495       848.9351
       850.7328       851.5536       851.1733       849.7372       847.9467
       846.0340       844.5388       843.2868       842.5045       842.2260
       842.5590       843.7364       845.8486       848.7722       852.7982
       857.1060       860.7479       863.0106       864.0474       864.3713
       864.1815       863.2587       861.5920       859.4197       856.9444
       854.3599       851.9731       849.7894       847.9736       846.4758
       845.0953       844.0517       843.4299       842.1652       840.2352
       837.7975       835.8115       835.1022       835.4890       836.2230
       836.8795       837.2877       837.8613       839.3698       841.6545
       844.8143       848.6993       852.1927       854.5227       854.9800
       853.7996       851.9318       850.0424       848.4129       847.1304
       845.9830       845.1682       845.5677       846.4757
       854.5993       854.6710       854.3318       853.2657       851.8267
       850.9808       850.4451       849.6158       848.5601       846.9020
       844.2542       841.3698       839.4569       838.1951       836.6551
       834.5998       832.6496       831.5566       831.5680       832.4163
       833.3472       834.3339       835.7584       837.8962       839.8211
       841.3460       842.2871       843.1368       843.7568       844.4104
       845.5576       846.6125       847.7418       848.4353       848.7974
       848.8432       848.3400       848.0607       849.2027       850.8176
       851.7178       851.8715       851.2063       849.8896       848.2848
       846.5270       844.2300       841.5622       839.1673       837.8342
       837.6434       838.5118       839.9741       841.6066       843.0862
       844.4146       845.6833       846.8541       847.7635       848.8193
       850.1656       850.7921       850.3481       849.1523       847.5937
       845.8057       844.1107       843.0097       842.2592       841.9301
       842.3533       843.7858       845.9788       849.1556       853.3890
       857.9608       861.7393       863.9885       864.6897       864.4198
       863.3950       861.8601       860.0564       857.8203       855.5566
       853.1935       850.9687       849.3762       848.0486       847.1701
       846.4152       845.8365       844.4062       842.6166       840.5125
       838.0262       835.9217       835.0691       835.1569       835.7486
       836.2809       836.7297       837.4202       838.8529       841.3101
       844.7365       848.7029       851.7111       853.0807       852.7795
       851.3082       849.6805       847.9260       846.2676       844.9219
       843.7209       843.0103       843.2864       844.0069
       853.7906       854.0164       853.7992       852.9445       851.4837
       850.4708       850.0809       849.8918       849.3710       847.9410
       845.5513       843.4489       841.5410       839.6980       837.5109
       835.2446       833.1976       832.0619       832.1130       832.7877
       833.2929       833.6448       834.8898       836.8345       839.0869
       841.1056       842.6055       843.7916       844.5292       845.5174
       846.4256       847.1215       847.4971       847.9401       848.2717
       848.4500       848.4224       848.6097       849.9350       851.4451
       852.4709       852.9890       852.2388       850.9182       849.6388
       847.4577       844.5508       841.5567       839.2203       837.8440
       837.8345       838.7505       840.0262       841.7059       843.4080
       844.7730       845.8690       846.5843       846.7573       847.2048
       848.2968       849.3099       849.5411       848.9907       847.7399
       845.7955       843.6649       842.4467       841.6199       841.2248
       841.9274       843.4185       845.6896       848.9725       853.2980
       858.2222       862.3912       864.7156       865.0493       864.0211
       862.1807       860.2816       858.4142       856.4754       854.5977
       852.5173       850.5740       849.2631       848.6788       848.5649
       848.5862       847.4088       845.1514       842.9934       841.2536
       839.2664       837.2844       835.8490       835.3102       835.3738
       836.1900       837.5486       838.5657       839.5469       841.5239
       844.7197       848.0681       850.5414       851.2827       850.4449
       848.9941       847.3936       845.4938       843.4520       841.7349
       840.5603       839.9893       840.1385       840.7019
       853.8211       854.0221       853.2650       851.4576       849.8959
       849.1691       849.5329       850.2315       850.1900       848.8702
       847.2321       845.5294       843.5200       841.0709       838.7070
       836.2508       834.2498       833.0793       832.8239       833.0049
       832.8865       833.1011       834.5494       836.5781       838.6196
       840.5674       842.4604       843.8104       844.8784       845.7537
       846.5304       846.7346       846.7948       847.0574       847.7095
       848.4755       848.9104       849.5544       850.8069       852.2834
       853.3725       853.7830       853.1434       852.1465       850.9717
       848.9803       845.7667       842.2732       839.6030       838.2083
       838.1278       839.1328       840.6407       842.3783       844.0713
       845.4397       845.9683       845.7278       845.2928       845.3275
       846.4634       847.8351       848.6180       848.6849       847.9153
       845.8566       843.6460       842.1749       841.1487       840.3676
       840.7892       842.1665       844.5064       847.8400       852.2751
       857.5517       862.3640       865.0239       865.0759       863.3846
       861.3577       859.4094       857.5787       855.9800       854.2415
       852.0785       850.1136       848.9324       848.8109       849.4948
       849.6232       847.9410       845.1346       843.0179       841.5027
       840.0207       837.9163       836.0203       834.9523       834.9958
       836.4214       838.7648       840.4339       841.2400       842.7635
       844.9396       847.3315       849.1207       849.3680       848.3923
       847.0431       845.4443       843.3378       840.8474       838.7931
       837.7173       837.3380       837.4916       837.7402
       853.9778       853.5119       851.7225       849.5243       847.7862
       847.7764       848.8007       849.9484       849.9736       849.0214
       847.8950       846.3946       844.3975       842.0774       839.4615
       837.1808       835.0740       833.5255       832.9481       832.6578
       832.2256       832.5276       834.3369       836.5730       838.3880
       840.0314       841.5430       842.8296       843.6293       844.6971
       845.6297       845.9306       845.8665       846.3726       847.4900
       848.5159       849.2338       849.8793       850.8243       852.1256
       853.3627       853.9210       853.6219       852.4229       851.2542
       849.7443       846.4744       842.8043       840.4680       839.5416
       839.8544       840.7990       842.1103       843.7318       845.2137
       845.8706       845.9205       845.2911       844.6234       844.7327
       845.3840       846.4534       847.3616       847.7579       847.3245
       845.5492       843.4693       842.0984       840.4322       839.0526
       838.7195       839.9288       842.2577       845.7443       850.4019
       855.9079       860.9951       864.2787       864.9096       863.5429
       861.6163       859.8094       858.1968       856.5674       854.4115
       851.6782       849.3552       848.1444       848.0773       848.7267
       848.9965       847.5894       845.1421       843.0040       841.5809
       839.8392       837.7859       835.6811       834.5943       834.8613
       837.1292       840.3285       842.5275       843.8358       844.5444
       845.6265       847.1833       848.2245       848.0099       846.7365
       845.3389       843.7337       841.4967       838.9982       836.8491
       836.0002       836.0339       836.3841       836.8762
       852.9529       851.6817       849.7457       847.4921       846.1656
       846.4514       847.7701       848.7319       848.6849       847.8667
       846.5638       844.9783       843.3186       841.4641       839.3800
       837.1225       834.8999       832.9937       831.8275       831.4899
       831.4009       831.7913       833.5662       836.1553       837.9150
       838.9333       839.8226       840.8329       841.8033       842.6434
       843.8654       844.7074       845.2552       846.0281       847.0390
       848.0865       848.6866       848.8569       849.1664       850.1008
       851.4141       852.2046       852.2039       851.2657       850.2553
       848.9191       846.2722       843.1910       841.7168       841.6483
       842.2922       843.2060       844.1233       845.2204       845.7220
       845.8695       845.8190       845.5391       845.1292       844.9677
       845.2956       845.9464       846.7231       847.2493       846.9822
       845.6707       843.8361       841.7836       839.5143       837.3800
       836.4837       837.0858       839.2838       842.9296       847.8649
       853.5872       858.9478       862.8026       864.5042       864.1089
       862.5486       861.0182       859.6904       857.9882       855.2260
       851.8898       849.1577       847.7152       847.3980       847.9347
       848.4755       847.8655       845.7015       843.3538       841.2281
       839.4170       837.6781       836.0357       835.0219       835.9456
       838.8085       842.4126       845.1579       846.0144       845.7601
       845.9257       846.7518       847.3527       846.7748       845.1194
       843.3610       841.7220       839.6424       837.2745       835.6791
       835.2463       835.7220       836.5004       837.0645
       851.0999       849.9849       848.3188       846.6241       845.7520
       846.2797       847.2279       847.5515       846.7984       845.5236
       843.8815       841.9797       840.5647       839.5156       837.9244
       835.4793       832.8435       830.9097       830.0208       829.9246
       830.2540       831.0819       832.9680       835.3824       836.9382
       837.4435       837.9013       838.8151       839.8492       840.8297
       842.1581       843.4700       844.5212       845.4274       846.3757
       847.1876       847.3580       847.3976       847.3563       848.1014
       849.2390       849.9911       850.0553       849.8352       849.4852
       848.5460       846.7272       844.7157       843.6420       843.5019
       843.9390       844.6529       845.3058       845.3295       845.3672
       845.6673       846.0558       846.0981       846.0259       846.0544
       846.3013       846.9442       847.8658       848.7031       848.8502
       847.7942       845.3483       842.4078       839.3921       836.8248
       835.2203       834.7292       836.0897       839.5640       844.9812
       851.6392       857.6825       862.1171       864.4083       864.3507
       863.0435       861.8593       861.1340       859.6340       856.6871
       853.2900       850.7031       849.3582       848.8535       849.1167
       849.6080       848.8145       846.6624       843.6364       841.1599
       839.2622       838.1293       837.2995       836.7593       837.9308
       840.9423       844.2374       846.2062       846.3492       845.4161
       845.0513       845.5219       845.6340       844.8378       842.9921
       840.7856       838.9451       837.1308       835.3331       834.5249
       834.7434       835.7111       836.3766       836.5685
       850.1330       849.5278       848.4037       847.1670       846.7682
       847.1164       847.4614       846.7115       845.1371       843.0699
       841.0848       839.2341       837.9502       836.9434       835.1466
       832.4778       829.9186       828.4614       828.1894       828.7443
       829.5732       830.7983       832.6776       834.6973       835.7789
       836.3203       836.8539       837.5812       838.4927       839.7394
       841.1921       842.5735       843.9183       844.8423       845.6891
       846.2328       846.2610       846.2431       846.8973       847.8660
       849.1260       849.7520       849.8568       850.0146       849.8629
       849.5062       848.5444       847.0457       845.6827       845.1699
       845.0631       845.0933       844.8973       844.5694       844.8230
       845.5432       846.0752       846.1592       846.1909       846.9534
       848.1086       849.3888       851.2586       852.8121       852.8615
       851.0023       847.2268       843.2985       840.3776       838.0931
       835.9186       834.2853       834.0251       836.8736       843.1535
       850.6663       857.4167       862.1969       864.4667       864.4406
       863.1842       862.5462       862.6678       861.5756       858.7258
       855.9386       854.1959       853.1495       852.3809       851.8214
       851.0888       849.6289       846.9575       844.0113       841.2761
       839.4403       838.5649       838.0579       837.9722       839.1597
       841.6741       844.0031       845.1890       844.8480       844.2018
       844.0850       844.5273       844.3966       843.0428       840.9747
       838.4144       836.3521       834.9414       834.1091       834.0400
       834.8205       835.6401       835.9755       835.8448
       850.5618       849.9704       849.1153       848.1014       847.4929
       847.5987       847.1342       845.8109       843.6334       841.3744
       839.4855       837.8139       836.2840       834.4752       831.9636
       829.1411       827.0028       826.3354       826.7515       828.0178
       829.5230       830.8181       832.5255       834.1494       835.2891
       836.2002       837.2361       837.9662       838.6465       839.7639
       841.0969       842.3995       843.4457       844.0073       844.4535
       844.7540       844.9070       845.6948       846.9144       848.3852
       849.8632       850.8306       850.9612       850.7159       850.4796
       850.4385       849.8029       848.5764       847.7307       847.3882
       847.1237       846.5106       845.7983       845.2867       845.3956
       845.9474       846.3157       845.9578       845.7878       847.0020
       849.5351       852.8441       855.8610       857.5425       856.8275
       852.8994       847.2006       842.8870       840.9911       839.9711
       838.6961       836.7056       835.0195       836.5810       842.5291
       849.8936       856.6460       861.5188       863.8716       864.0314
       863.3666       863.5483       864.2931       863.6609       861.2803
       858.9136       857.6666       856.7388       855.5703       854.0892
       852.1862       849.4247       846.5906       843.4886       840.5856
       838.7654       837.7714       837.0266       836.8526       837.9007
       839.6462       841.5202       842.5817       842.9668       843.1929
       844.0321       844.9982       844.5961       842.9286       840.3323
       837.4367       835.2667       834.4462       834.4876       834.8801
       835.4949       835.7990       835.9266       836.0836
       850.2389       849.5869       848.7849       847.7504       846.6633
       846.0566       845.4620       844.1799       842.3140       840.5893
       839.0275       837.3565       835.3976       832.7170       829.3373
       826.0812       824.3698       824.3937       825.4708       827.2511
       829.2026       830.7637       832.2059       833.9429       835.6497
       837.1464       838.3496       839.1084       839.8438       840.7672
       841.6442       842.6196       842.9958       842.8645       842.5344
       842.6464       843.4051       844.8190       846.6985       848.2783
       849.7255       850.6722       850.7482       850.2571       850.0366
       850.1306       849.8918       849.6965       849.9535       850.4467
       850.5579       850.0970       849.0959       848.1595       847.5787
       847.5447       847.2427       846.5042       846.1209       847.4667
       850.9767       855.7072       859.5347       860.7823       858.3352
       852.2930       845.3374       841.0102       840.5577       841.6820
       841.9445       840.4817       838.1051       838.2918       842.7108
       849.0385       854.9302       859.3611       861.9888       863.0429
       863.3298       864.1882       865.2625       865.1808       863.2197
       861.0519       859.6687       858.7250       857.2357       855.1648
       852.2516       848.8395       845.6830       842.4575       839.2057
       836.8455       835.5572       834.7407       834.5903       835.1093
       836.4520       838.2480       839.8000       840.9744       842.2529
       844.2266       845.7273       845.8302       844.1110       841.0396
       837.8882       835.8438       835.3182       835.6530       836.1119
       836.2509       836.3903       836.8426       837.4540
       848.5308       847.9981       847.3019       846.0291       844.5070
       843.5399       842.9478       842.1774       841.2992       840.2874
       838.9409       837.1154       834.6641       831.3558       827.3181
       823.9440       822.6525       823.2596       824.9566       827.1219
       829.2787       830.9578       832.5667       834.5637       836.7596
       838.7336       839.8610       840.6914       841.3890       841.9745
       842.3795       842.5387       842.5571       841.8896       841.4105
       841.6483       842.8209       844.8560       846.8003       848.2095
       849.0334       849.3854       849.3639       848.9183       848.8033
       849.1199       849.7981       850.7021       851.9752       853.0765
       853.8000       853.7499       852.7283       851.3839       850.3583
       849.8906       849.6140       848.7180       848.2631       849.2948
       852.4216       856.9045       860.6685       861.2637       857.6970
       850.7768       843.4238       839.4269       840.1191       842.4286
       843.7311       842.9309       840.6705       840.3755       843.7238
       849.0264       853.5674       857.0522       859.8076       861.4596
       862.8179       864.3068       865.6255       865.6317       864.1036
       862.2249       861.0305       860.0049       858.0880       855.0077
       851.6397       848.4678       845.2757       841.7704       838.0085
       834.9395       833.2820       832.7897       832.8384       833.4832
       834.7691       836.3728       837.9911       839.3438       841.0815
       843.4943       845.6593       846.5204       845.3317       842.4846
       839.5187       837.6872       836.9331       836.8818       837.1632
       837.1798       837.3762       838.2473       839.1493
       846.3352       846.1877       845.5049       844.4315       843.1741
       842.0804       841.3059       840.7823       840.4367       839.8274
       838.4957       836.3717       833.6788       830.2348       826.3650
       823.4197       822.5206       823.8184       826.2942       829.2091
       831.8312       833.6732       835.2693       837.1987       839.2562
       840.8405       841.9536       842.5228       842.9227       843.0299
       842.7469       842.1932       841.7517       841.5652       841.4631
       842.0848       843.8451       846.3253       848.2510       849.1652
       849.2706       848.8431       848.3234       847.7682       847.4687
       848.1033       849.4282       851.1498       852.9308       854.4045
       855.1914       855.0414       854.2366       853.2440       852.6429
       852.7754       852.9449       852.5621       851.6323       851.7831
       853.5674       856.8707       859.8935       860.0972       856.3906
       850.0455       843.2140       839.5052       839.7485       841.7681
       843.7301       843.7892       842.1619       842.0914       845.1592
       849.3259       852.9205       855.7739       857.9770       859.7479
       861.7081       864.0533       865.6998       865.7162       864.4980
       863.3759       862.7501       861.4397       858.2727       854.4234
       851.5215       848.9450       845.5958       841.4324       837.3033
       834.2573       832.5468       832.3380       832.7032       833.5779
       835.2027       836.7234       838.0122       839.1802       840.7757
       843.1260       845.6328       847.0616       846.5868       844.4509
       842.0063       840.2568       839.0299       838.4085       838.2215
       838.1914       838.5777       839.2477       840.0376
       844.4942       844.5486       844.4895       844.2090       843.3924
       842.1974       841.0064       840.2739       839.5441       838.5173
       836.8403       834.8389       832.3783       829.3539       826.3403
       824.1436       823.9378       825.8600       829.2053       832.9816
       836.3649       838.6960       840.1396       841.4899       842.5313
       842.8683       842.9180       843.1180       843.2048       842.9866
       842.4295       841.7521       841.4836       841.6349       842.3730
       843.7611       845.8668       848.1114       849.8554       850.6022
       850.1408       849.0766       847.8745       846.9916       846.7235
       847.3666       848.9337       851.0272       852.9225       854.2675
       854.6966       854.4610       853.9315       853.7442       854.2534
       855.0031       855.5980       855.2647       854.3160       853.5345
       854.0867       856.1940       858.4178       858.3499       855.4929
       850.3351       844.5404       840.6320       839.7296       841.0782
       843.1000       843.6733       842.7715       843.0969       846.0164
       849.4854       852.4709       854.8849       856.4973       858.0664
       860.3264       862.8605       864.7932       865.5210       865.2437
       864.9588       864.4109       862.1566       858.0880       854.4727
       852.4768       850.2717       846.5717       842.0178       837.9492
       835.2352       833.9494       833.6369       834.2758       835.5860
       837.0976       838.6815       839.7911       840.7933       842.3569
       844.6051       847.1573       848.8970       848.7080       846.9285
       844.7093       842.7343       841.2499       840.1899       839.6273
       839.5379       839.7328       839.8534       839.8424
       844.4828       844.8452       845.2676       845.4218       844.7183
       842.9890       841.2686       839.7885       838.5020       836.8011
       834.8275       832.9120       830.7896       828.4001       826.1683
       824.9957       825.6435       828.2925       832.1555       836.2672
       840.0422       842.5988       844.0840       844.9066       844.5306
       843.1924       841.9387       841.3392       841.3559       841.2768
       841.1183       841.0467       841.2906       842.3194       843.8021
       845.8571       847.7500       849.1472       850.2231       850.5653
       849.7670       848.5818       847.5753       846.8841       846.6794
       847.2685       848.8107       850.6331       852.2522       853.0233
       853.2444       853.1326       853.2790       853.8276       854.6020
       855.5580       856.0501       855.6077       854.6797       853.8422
       853.6935       854.9156       856.4293       856.5203       854.7476
       851.3047       846.4953       842.4913       841.0282       841.5993
       842.6261       842.8871       842.5272       843.5594       846.4166
       849.4772       851.9738       854.1112       855.5420       856.6476
       858.2601       860.3560       862.6376       864.7201       866.0435
       866.1556       864.9039       861.9381       858.2795       855.5032
       854.0822       852.2217       848.8332       844.8661       841.0891
       838.2559       836.4870       836.0936       837.0519       838.4614
       839.8229       841.2615       842.4962       843.4194       844.8468
       847.0358       849.2888       850.8843       850.8099       849.1372
       846.8813       844.9340       843.5692       842.5159       841.7435
       841.4393       841.3185       840.8839       840.3801
       846.5701       847.1850       847.6003       847.3376       845.9592
       843.8394       841.4120       839.3749       837.8389       836.0626
       833.9389       831.7675       829.7123       827.7657       826.1246
       825.6093       826.9666       830.1324       834.1896       838.1581
       841.4011       843.9266       845.4936       845.9465       844.9207
       842.7144       840.2250       839.0524       838.8134       838.8307
       839.1921       839.6854       840.6547       842.4033       844.5877
       846.5912       848.2197       848.8236       848.9573       848.6320
       847.7815       847.0626       846.6813       846.3513       846.4418
       847.2737       848.6954       850.0584       851.0404       851.6749
       851.7235       851.8670       852.5395       853.2588       853.8490
       854.3240       854.3398       854.0840       853.5595       853.1481
       853.1328       853.6934       854.5236       854.9549       854.4575
       852.2255       848.4583       845.0178       843.3720       842.7981
       842.3939       842.1659       842.5005       843.9747       846.5419
       849.2756       851.5825       853.5002       854.7496       855.2088
       855.5072       856.5795       859.2606       862.9875       866.0173
       866.5948       864.8337       861.8533       859.1653       857.4908
       856.3456       854.9221       852.7531       849.7742       846.3748
       842.7211       839.8582       838.8936       839.6097       841.2490
       842.8279       844.2057       845.1550       845.7104       846.8616
       848.5695       850.3027       851.2775       850.9819       849.7461
       848.2195       846.9806       846.2525       845.5477       844.6871
       843.9963       843.6012       843.1195       842.6466
       848.2096       848.6490       849.0657       848.5001       846.7824
       844.5999       842.7089       840.9758       839.2077       837.1765
       834.9182       832.6169       830.4022       828.5187       827.2485
       826.9445       828.2264       831.1425       835.0385       838.8358
       841.8480       844.1084       845.6001       846.1193       845.3189
       842.9562       840.3453       838.5739       837.8417       837.5711
       837.7141       838.2669       839.0753       840.7118       842.9604
       845.1342       846.3863       846.7708       846.5004       845.8527
       845.1625       844.9147       844.7448       844.6066       845.1417
       846.3493       847.4191       848.6995       849.7355       850.1730
       850.4373       850.9135       851.5029       851.9316       852.1265
       851.9380       851.7145       851.5795       851.8075       852.3008
       852.9776       853.6865       853.9576       854.3127       854.2932
       852.9236       850.3728       847.6091       845.5614       843.7264
       842.2302       841.8749       842.6912       844.2938       846.3739
       848.6810       850.9269       852.9489       853.9308       853.3312
       852.0141       852.3118       855.6870       860.9327       865.0654
       866.3448       864.7582       862.4509       860.5441       859.6322
       859.3442       858.6907       857.3713       855.3315       851.7896
       847.2655       843.6104       842.1370       842.6223       844.2928
       846.1880       847.1619       847.3652       847.4116       847.9586
       849.0099       849.8671       850.1989       849.9074       849.3600
       849.1307       849.0076       848.7939       848.4425       847.6740
       846.7691       845.9958       845.4313       845.1489
       847.6019       848.3328       848.8480       848.7250       847.5698
       846.4247       845.6150       844.4627       842.5654       840.0187
       837.3105       834.9839       832.6951       830.6348       829.3741
       828.9103       829.5669       831.7767       835.1783       838.8588
       842.0211       844.1345       845.3886       845.8494       845.2343
       843.4454       841.2509       839.5967       838.4421       837.6600
       837.1339       836.8372       836.9833       837.9021       839.6675
       841.6809       843.0704       843.6263       843.7084       843.2042
       842.4906       842.1181       842.1196       842.2238       843.0196
       844.1606       845.3364       846.6438       847.7827       848.3849
       848.8134       849.3750       849.8790       850.0566       850.0496
       849.5925       849.1130       849.0660       850.1534       852.0988
       853.8294       854.8444       854.9348       854.4853       854.1548
       853.3753       851.8911       849.5095       846.3906       843.6082
       841.8526       841.3476       842.1373       843.7366       845.3156
       847.1324       849.6473       851.9112       852.8467       851.7408
       849.7556       850.0419       853.8566       859.1829       863.3680
       864.9796       864.4534       862.8874       861.8637       861.6987
       862.1363       862.1639       861.3386       859.5325       856.1776
       851.7524       848.1465       846.6894       847.0773       848.3954
       849.7098       849.9661       849.2952       848.7889       848.5798
       848.8076       849.0885       849.0684       848.9186       849.1380
       849.8089       850.1596       850.2467       850.0848       849.3271
       848.2269       847.1242       846.4490       846.0637
       847.1873       847.9181       848.9792       849.4097       849.0276
       848.7398       848.2822       847.2666       845.2382       842.2970
       839.3211       836.8874       834.7830       832.6757       831.2094
       830.5316       830.7241       832.2825       835.0863       838.4166
       841.3311       843.1993       844.0026       844.0556       843.3298
       841.9172       840.4855       839.4074       838.7422       837.9932
       836.9396       835.9222       835.4592       835.7075       836.9553
       838.6887       840.1378       840.8903       841.5876       841.5880
       840.5363       839.6894       839.8522       840.3356       841.1500
       842.3238       843.6249       844.9680       845.9452       846.4849
       846.7775       847.1086       847.6418       848.1732       848.2620
       847.9133       847.2568       847.3687       849.2870       852.5473
       855.3690       856.7697       856.6421       855.6666       854.7349
       854.0815       852.9249       850.3807       846.4320       842.9396
       841.0682       840.4668       840.9003       841.8268       843.1381
       845.1888       847.9267       850.4324       851.5773       851.0136
       849.7007       850.4705       853.7330       857.8281       861.2783
       863.2484       863.7163       863.5574       863.1506       863.2582
       863.7217       863.9734       863.7488       862.5042       859.8707
       856.4306       853.4586       851.9619       852.0980       852.8400
       853.0432       852.2158       850.9018       849.7376       849.0046
       848.6313       848.5958       848.5691       848.4174       848.8173
       849.4543       849.7771       849.9819       849.7548       849.0047
       847.6711       846.2957       845.3482       844.8404
       848.8146       849.3748       850.1938       850.7759       850.5947
       850.0503       849.5489       848.1672       845.7590       842.5184
       839.3738       837.1190       835.2671       833.6163       832.2894
       831.5841       831.5236       832.3111       834.3060       837.0833
       839.5854       841.0316       841.1318       840.5573       839.6258
       838.5600       837.8171       837.8809       838.4639       838.6358
       837.5894       835.9792       834.7001       834.4554       835.3211
       836.7737       838.1447       839.2692       840.2414       840.6606
       839.7800       838.9438       839.0041       839.7409       840.4794
       841.5826       842.9699       844.1442       845.0070       845.5193
       845.6266       845.6113       846.1447       847.1311       847.6094
       847.1443       846.3869       846.7811       849.0887       852.6928
       856.2080       858.0648       858.2251       857.5000       856.4259
       855.3698       854.1409       851.5019       847.4257       843.6398
       841.2159       840.2151       839.7462       839.9326       841.5211
       844.1395       846.9458       849.2432       850.6092       850.6284
       850.4395       851.4319       853.9401       856.9291       859.8870
       862.2676       863.8553       864.5638       864.4199       864.1453
       864.4146       865.1476       865.7061       864.9904       863.0060
       860.4699       858.0204       856.5538       856.3997       856.5874
       855.8993       854.2662       852.4489       850.9175       849.5718
       848.8210       848.5522       848.2009       847.9935       848.0363
       848.1843       848.3027       848.3260       847.9288       846.9593
       845.4576       843.7643       842.5199       841.7251
       851.0794       851.2781       851.7346       851.8098       851.3224
       850.4312       849.2819       847.4656       844.4957       840.9529
       837.8113       835.6391       834.3665       833.3920       832.5350
       832.0872       831.6907       831.5151       832.4359       834.3672
       836.2992       837.0353       836.7407       836.2034       835.7673
       835.3288       835.6924       837.1204       838.9396       839.6945
       838.5003       836.1923       834.2085       833.2702       833.3700
       834.3375       835.7570       837.3831       838.8665       839.7016
       839.6266       839.1321       839.1202       839.7437       840.8715
       841.9790       843.1801       844.2906       845.4216       846.1545
       845.9905       845.7230       846.2166       847.2903       847.6882
       846.9639       846.2766       846.8853       849.0861       852.0029
       854.9708       857.2241       858.3333       858.5213       857.7192
       856.4299       855.0800       852.9505       849.5038       845.9431
       843.3212       841.1043       839.6847       839.7892       841.6495
       844.3851       846.9733       848.8150       849.7589       850.1653
       850.7073       852.0964       854.3069       857.0447       859.9384
       862.6479       864.5339       865.2938       865.0245       864.6283
       865.2631       866.7272       867.7070       867.1544       865.5034
       863.5707       861.7106       860.4059       860.0167       859.8192
       858.8206       856.9093       854.9455       852.9877       851.0553
       849.7797       849.1486       848.5531       847.7994       847.2893
       847.0602       846.8133       846.2947       845.5303       844.2969
       842.5220       840.8197       839.3962       838.7138
       852.1652       852.3142       852.4775       852.2182       851.1772
       849.8105       848.2331       846.0509       842.8616       839.2709
       836.2227       834.1265       833.0472       832.5583       832.1544
       831.8419       831.2674       830.4896       830.4249       831.3624
       832.1617       832.1026       831.8817       832.2937       832.8766
       833.5436       834.8790       837.1353       839.5192       840.3204
       838.4293       835.5652       833.5070       831.9322       831.1887
       831.6008       833.2592       835.4388       837.4785       839.0161
       839.6870       839.5533       839.6723       840.5841       841.7626
       843.2893       844.5181       845.6611       846.7177       847.0725
       846.4164       845.7016       846.1188       847.0859       847.1930
       846.5588       846.0292       846.4508       847.8743       849.8358
       852.1160       854.5310       856.5399       857.6260       857.5247
       856.4653       855.2944       853.5943       850.9908       848.1276
       845.3040       842.7485       841.1469       841.5072       843.0805
       845.1640       846.9861       847.9697       848.4601       849.2574
       850.9983       853.2920       855.7216       858.4286       861.2068
       863.5795       864.8921       865.1512       864.9042       864.9139
       865.9310       867.7693       868.8694       868.4830       867.0779
       865.5643       864.3763       863.4654       862.8269       862.4351
       861.5903       860.2203       858.2107       855.9159       853.6304
       851.9618       851.0674       850.2802       848.9627       847.7012
       846.9387       846.1147       845.0273       843.9169       842.3109
       840.5777       839.1118       838.0046       837.4539
       852.2637       852.4335       852.5005       851.9813       850.7565
       849.0911       847.4821       845.4479       842.5283       839.0508
       836.1285       833.9708       832.6609       831.9713       831.7752
       831.5056       831.0381       830.3511       829.8268       829.7158
       829.5001       829.0061       829.1710       830.0178       831.1416
       832.5800       834.4223       836.6495       838.8432       839.5273
       837.7186       834.9865       832.9579       831.3105       830.3546
       830.6768       832.3249       834.7474       837.2702       839.1716
       840.0967       840.5378       841.0798       841.9280       843.3159
       844.7271       845.9955       847.0781       847.5264       846.9451
       845.6437       844.6187       844.7869       845.5334       845.7716
       845.0995       844.4768       844.3195       844.8797       846.1462
       848.1628       850.8711       853.4249       855.1191       855.7260
       855.5616       854.7216       853.0350       850.7220       848.3605
       846.0939       844.2278       843.5231       843.9979       845.0237
       845.8351       846.4325       846.6320       847.1021       848.8839
       851.8557       855.3221       858.2817       860.6464       862.8141
       864.4362       864.8995       864.7084       864.6604       864.8871
       865.8878       867.4423       868.4246       868.0563       867.0457
       866.0994       865.1511       864.3792       863.7504       863.4074
       863.3096       862.8879       861.7161       859.7590       857.6981
       855.9681       854.8162       853.6229       851.6663       849.5472
       847.9244       846.5459       845.0774       843.4302       841.8254
       840.3667       838.9296       837.8365       837.1770
       852.0213       852.0438       851.7455       851.3588       850.5294
       849.3467       848.0374       846.3237       843.5189       840.1953
       837.2065       834.8680       833.2554       832.4688       832.1140
       831.7531       831.3036       831.0443       830.3539       829.2734
       828.4184       828.0807       828.5743       829.6261       830.6404
       832.0177       833.8601       835.7357       837.2698       837.6368
       836.7798       835.4333       833.4548       831.8229       831.1519
       831.5909       832.8353       835.1151       837.5594       839.2353
       840.2285       841.1585       842.2299       843.4321       844.6768
       845.6580       846.4049       847.1397       846.9578       845.7903
       844.1302       842.8889       842.9667       843.6868       843.8033
       842.9703       841.6354       841.0224       841.0833       842.0884
       844.3929       847.4370       850.2204       851.9184       852.7818
       853.5433       853.1852       851.3584       849.1489       847.1354
       845.8499       845.4842       845.7838       846.5265       846.9266
       846.7341       846.4232       846.5557       847.6757       850.1158
       853.7966       857.7853       861.0905       863.2022       864.5337
       865.2824       865.1182       864.6420       864.4314       864.6470
       865.1969       866.0420       866.6158       866.3008       865.5647
       864.8734       864.1417       863.3830       862.8228       862.8191
       863.5209       864.5554       864.8784       864.1299       862.8223
       861.5927       860.2147       858.2077       855.4727       852.2667
       849.5758       847.4183       845.5930       843.7635       842.1375
       840.6122       839.2070       837.9044       837.0858
       851.2463       850.8687       850.4456       850.0222       849.9230
       849.6622       849.1281       847.6992       845.0566       841.6399
       838.6982       836.4872       834.8143       833.8433       833.3626
       832.7618       832.1920       831.6119       830.7092       829.1968
       828.1031       828.1241       829.0859       830.2391       831.1943
       832.2237       833.1577       834.2147       834.9906       835.3934
       835.6756       835.5665       834.3416       832.7940       832.2324
       832.4487       833.5275       835.2419       837.0549       838.5332
       839.6473       840.8013       842.3962       844.1102       845.2194
       845.3720       845.3906       845.4466       845.0797       843.8872
       842.3016       841.3466       841.4818       842.0472       842.0018
       840.9706       839.3816       838.0245       837.9127       839.2964
       842.3033       845.7433       847.9119       848.7767       849.8049
       851.1310       851.1378       849.4968       847.4053       845.7728
       845.5332       846.4697       847.6797       848.5549       848.9017
       848.6896       848.6412       849.4590       850.9397       853.1906
       856.4048       860.1516       863.3864       865.3395       865.9439
       866.0305       865.6072       864.7059       864.3042       864.3906
       864.5405       864.9145       865.0599       864.6906       864.0997
       863.4269       862.5912       861.7617       861.3436       861.6974
       863.1160       865.0981       866.7910       867.3731       867.2158
       866.4372       864.7228       862.1677       858.6423       854.6265
       851.0231       848.2087       845.6618       843.6434       842.0080
       840.7328       839.4933       838.2953       837.3718
       850.0010       849.4343       848.6547       848.3478       848.5461
       849.2548       849.6921       849.1096       846.7208       843.5070
       840.7191       838.4860       836.8028       835.8109       835.1556
       834.5179       833.5472       832.3295       831.0452       829.8744
       829.1063       829.3294       830.4398       831.3516       832.0118
       832.2847       832.1826       831.9584       832.4988       833.5007
       834.6716       835.0261       834.3378       833.3179       832.6299
       832.6766       833.6472       834.9142       836.1996       837.4785
       838.8703       840.4010       842.0641       843.6177       844.2248
       843.9276       843.4752       843.1529       842.7141       841.7183
       840.6353       840.2267       840.7099       841.2078       840.9959
       840.1168       838.7668       837.4122       837.2630       839.0350
       842.5210       845.8181       846.8689       846.8455       847.7422
       849.2573       849.4870       848.1762       846.2934       845.4435
       846.1839       847.9155       849.5538       850.8145       851.6519
       852.3132       853.4883       855.0527       856.3839       857.5648
       859.4259       861.9969       864.6564       866.2955       866.6319
       866.3854       865.7902       864.9216       864.2957       864.2207
       864.5369       864.9110       865.1102       864.6329       863.9416
       863.1152       862.0737       861.1702       860.6767       861.0825
       862.4964       864.6189       866.7305       868.1075       868.5857
       867.8962       866.0286       863.0250       859.2334       855.3195
       851.7383       848.2362       845.1649       842.6655       841.2582
       840.4848       839.5930       838.5298       837.5730
       849.1436       848.4116       847.5945       847.2819       847.7825
       848.9904       850.2434       850.2510       848.7048       845.9440
       843.1760       841.0474       839.2242       837.7864       836.9997
       836.3838       835.3447       833.8936       832.7195       832.0207
       831.7186       832.0025       832.3288       832.4539       832.2262
       831.8042       831.2345       830.9908       831.6803       832.9763
       833.9252       834.1099       833.5806       832.9799       832.6993
       833.0289       833.9568       835.1434       836.0754       837.3380
       838.6808       840.0149       841.2337       841.9854       842.0576
       841.6407       841.2695       841.2230       840.9757       840.2094
       839.5924       839.7189       840.5295       841.5165       841.4822
       840.9122       839.9135       839.0281       839.3621       841.3859
       844.5616       847.1224       847.5042       847.0011       847.1974
       847.9826       848.1555       846.9993       845.9461       846.1980
       847.7933       849.7147       851.7291       853.7301       855.4681
       857.2897       859.4698       861.4395       862.4249       862.4567
       862.5416       863.7019       865.3533       866.4351       866.8037
       866.5560       865.8339       865.0970       864.5548       864.1824
       864.4096       865.1791       865.6256       865.3435       864.4535
       863.3790       862.1247       861.1665       860.6367       860.8130
       861.7501       863.3135       864.9447       866.1177       866.6856
       866.1031       864.0776       861.1158       857.8019       854.6339
       851.3353       847.5972       844.0388       841.5291       840.4617
       840.0927       839.6253       838.6515       837.7042
       848.9236       848.1136       847.4656       847.4492       847.9817
       849.1416       850.4737       850.9175       849.9952       848.0310
       845.8566       843.9337       841.7528       839.7011       838.3343
       837.5235       836.9396       835.9960       835.1721       834.8190
       835.2183       835.2644       834.5043       833.3941       832.2830
       831.6984       831.4763       832.0497       832.8293       832.9587
       832.6989       832.4934       832.2711       832.1833       832.6595
       833.7991       835.1936       836.2000       837.1733       838.1780
       839.1464       839.7604       840.0748       840.1335       839.5453
       839.0394       839.1531       839.4647       839.6330       839.5754
       839.3348       839.4927       840.6202       841.9117       842.5051
       842.3797       841.8996       841.4417       842.2738       844.3289
       846.7301       848.2675       848.4331       847.7643       847.1877
       846.9145       846.4791       845.9297       845.7548       846.7016
       848.6650       851.0510       853.5345       856.4078       859.2712
       861.9401       864.6419       866.7358       867.3157       866.7330
       865.9396       865.7836       866.0427       866.4424       866.6129
       866.1113       865.5515       865.0939       864.6342       864.1547
       864.0318       864.6011       865.2449       864.9342       863.9708
       862.7236       861.4211       860.3810       859.8621       859.8234
       860.3184       861.2092       862.2614       863.2394       863.6360
       862.9709       861.1939       858.9879       856.4346       853.6658
       850.4570       846.8524       843.3096       841.0397       840.3425
       840.1113       839.7966       839.1326       838.4036
       848.3789       847.6347       847.3170       847.5908       848.0193
       848.7115       849.7753       850.1768       849.6586       848.5797
       847.1274       845.4465       843.2204       840.6404       838.6180
       837.8649       837.5606       837.0788       836.7360       837.2468
       837.8990       837.7050       836.3105       834.7608       833.7819
       833.4512       833.6383       833.6970       833.2825       832.0135
       830.6918       830.3624       830.8247       831.7934       833.1135
       834.6594       836.2078       837.6269       839.0150       839.8808
       839.8991       839.8992       839.7227       838.8752       837.7255
       837.1895       837.5986       838.1727       838.6633       839.2170
       839.5364       839.7709       840.5859       842.0815       843.0795
       843.4019       843.3652       843.5017       844.4935       846.3067
       847.7759       848.2241       847.8732       847.2969       846.7735
       845.9540       845.3132       845.1752       845.5757       846.5330
       848.6483       851.5304       854.6600       858.0712       861.7557
       865.2496       868.5687       870.6139       871.0186       870.1927
       869.1720       867.7910       866.6264       866.1924       865.8141
       865.4708       865.3088       865.0859       864.6351       864.0353
       863.4792       863.6520       863.7752       863.3411       862.3679
       861.2151       860.0867       858.9276       858.1865       857.8243
       858.0015       858.7192       859.6830       860.6630       861.2692
       860.5917       859.2430       857.5458       855.4072       852.7493
       849.6882       846.3684       843.2378       841.3097       840.6356
       840.5233       840.2755       839.7784       839.2903
       846.4954       846.1582       846.1433       846.5632       846.9785
       847.2079       847.6443       848.3569       848.3771       847.6548
       846.5590       844.9668       842.8615       840.3350       838.4814
       837.6843       837.1591       836.9523       837.4084       838.2904
       838.8990       838.4398       837.6133       836.7814       836.0023
       835.5412       835.1938       834.2935       832.4782       830.3524
       829.0808       828.9311       829.9883       831.7272       833.5754
       835.3282       837.1331       839.2120       840.8076       841.1107
       840.6030       840.1380       839.4208       838.0967       836.6902
       836.0842       836.4402       837.2576       838.2130       839.2142
       839.9556       840.4546       841.3943       842.3226       843.2366
       843.7267       843.7331       844.1861       845.7097       847.5347
       848.3836       847.9180       846.8485       846.3472       846.0567
       845.2958       844.6709       844.9544       845.5751       846.7770
       848.9393       852.0068       855.5919       859.5378       863.4066
       867.3452       870.9810       873.4753       873.8412       873.0480
       871.2294       868.7303       866.5964       865.5432       865.2612
       865.4135       865.7029       865.4683       864.8979       863.9862
       863.2330       862.7697       862.3938       861.7636       860.7678
       859.7643       858.5762       857.2445       856.3079       855.7340
       855.7052       856.6379       857.8336       859.0088       859.7241
       859.3587       858.1177       856.6031       854.4831       851.6542
       848.6639       845.8572       843.3087       841.4766       840.7400
       840.5869       840.4745       840.1581       839.6724
       844.5308       844.5385       844.5791       844.5146       844.6913
       845.1310       845.6587       846.5694       847.1563       846.8206
       845.6814       843.9542       841.8000       839.8592       838.5253
       837.6571       836.9142       836.7181       837.2585       837.9662
       838.4498       838.6420       838.3159       837.5967       836.4470
       835.2515       834.2436       833.1055       831.3293       829.8014
       829.2186       829.5248       830.3448       831.6960       833.4272
       835.5009       838.1722       840.4092       841.5983       841.4303
       840.6534       839.7235       838.5984       837.0999       835.7963
       835.3873       835.8342       837.0434       838.3210       839.4336
       840.6498       841.6579       842.3091       842.7704       843.0308
       843.5919       843.9961       844.6796       846.5792       848.2218
       848.6703       847.7419       846.2634       845.4866       845.2607
       844.9343       845.0172       845.5995       846.3950       847.9382
       850.3230       853.4163       857.2869       861.5388       865.5516
       869.1535       872.8347       875.5245       876.0186       874.4646
       871.7799       868.3572       865.8957       864.8865       864.7933
       865.3772       865.8464       865.7103       865.0495       864.2798
       863.3853       862.7448       862.0784       861.2592       860.0895
       858.6545       857.2308       855.8184       854.6562       854.1993
       854.6639       855.9203       857.2784       858.5805       859.2999
       858.7771       857.4847       855.7957       853.6148       850.9647
       847.8660       845.1938       843.0539       841.2084       840.1089
       839.8943       839.9303       839.7361       839.4964
       843.7816       843.6859       843.4504       843.0900       843.2933
       844.0336       844.7796       845.6101       846.3919       846.3580
       845.2441       843.0837       841.0098       839.5344       838.6744
       837.8132       836.7464       836.0313       836.4444       836.8378
       837.4860       838.2285       837.8481       836.7542       835.2335
       833.8324       832.3840       830.9839       830.6316       830.7470
       830.7578       830.9042       831.1398       831.7051       833.1494
       835.5867       838.5644       840.8826       841.9176       841.5996
       840.3854       838.9467       837.5906       836.4910       835.7389
       835.7632       836.6796       838.0180       838.9987       839.9409
       841.2374       842.3553       842.9451       843.0396       843.2648
       843.8833       844.6884       845.7160       847.0862       848.0418
       847.6577       846.5226       845.1567       844.7731       845.1545
       845.6320       846.3178       846.9755       848.0479       849.8301
       852.5766       856.0384       859.8040       864.0898       868.0563
       871.4300       874.8924       877.2881       877.1227       874.9252
       871.2829       867.4698       864.9033       863.9886       863.9031
       864.4345       865.1221       865.3145       865.1693       864.7025
       863.9910       863.2411       862.6129       861.6336       860.0995
       858.1938       856.5246       855.3152       854.4164       854.3322
       855.5170       856.9860       858.1407       859.0004       859.3937
       858.6937       857.0082       855.0208       852.9266       850.2759
       847.2787       844.5513       842.2932       840.2992       839.0712
       838.7251       838.7725       838.9821       839.3210
       843.1588       843.1443       842.9567       842.9173       843.4382
       844.0331       844.6646       845.2452       845.8630       845.8454
       844.5789       842.7626       840.8781       839.5385       838.5692
       837.4935       835.6925       834.6908       834.8287       835.4150
       836.1828       836.7853       836.3875       834.7927       833.7440
       832.7459       830.9319       829.9856       831.0323       831.9205
       832.0441       831.8229       831.6995       832.1572       833.5107
       836.3058       839.3719       841.7255       842.6844       842.1927
       840.6479       838.8568       837.4347       836.7367       836.6714
       837.1478       838.1079       838.8417       839.4511       840.2823
       841.3397       842.5807       843.2363       843.5337       843.8204
       844.3069       845.3168       846.1657       846.8069       846.7893
       845.6647       844.1472       843.7263       844.5136       845.8543
       846.8635       847.5151       848.5201       850.1361       852.2307
       855.0737       858.8919       862.9676       867.0708       870.5798
       873.6773       876.8182       878.6354       877.7655       874.6497
       870.5796       866.5956       863.9716       862.8233       862.6970
       863.3905       864.3157       865.0339       865.5023       865.4033
       864.7875       863.9028       863.0478       861.8915       859.9911
       857.8672       856.2789       855.6644       855.7825       856.4073
       857.5633       858.9238       859.2936       859.3254       859.2756
       858.5272       856.6536       854.3070       852.0386       849.4744
       846.5767       843.8188       841.1955       839.2552       838.0690
       837.4999       837.6472       838.4808       839.4044
       842.2546       842.0364       842.1036       842.6140       843.3405
       844.0349       844.4395       844.6699       844.9606       844.8958
       843.9748       842.6069       841.3127       839.8743       838.5717
       836.6777       834.6791       833.4804       833.5356       834.1384
       834.7521       835.1550       834.2358       833.1934       832.1307
       830.9860       830.5864       831.4343       832.5543       833.2864
       833.3513       833.0843       832.8864       833.6391       835.4958
       838.0832       841.0988       843.1092       843.7462       842.9810
       841.4246       839.5254       838.1198       837.3894       837.5030
       837.9747       838.5082       839.0066       839.4390       840.2646
       841.4918       842.8781       844.0374       844.2892       844.1792
       844.5148       845.3668       846.3622       846.3962       845.3576
       843.6572       842.4217       842.8421       844.7913       846.7299
       847.8879       848.8021       850.3452       852.4456       855.1325
       858.4420       862.3233       866.7269       870.3553       873.2659
       875.9810       878.5972       879.8479       878.2248       874.2381
       869.7097       865.7559       863.1097       861.7925       861.8342
       862.7349       864.0403       865.2828       866.1161       866.3756
       865.6730       864.2609       862.8304       861.2713       859.2646
       856.9996       855.8267       856.0868       857.1686       858.4493
       859.5162       859.9793       859.7079       858.9565       858.6505
       857.9534       856.0348       853.5392       851.3021       848.9453
       846.1746       843.2209       840.6456       838.6858       837.5662
       836.8702       837.0546       838.4429       839.7522
       840.7346       840.1815       840.2380       841.2288       842.4312
       843.1611       843.3158       843.2145       843.5410       843.8792
       843.4883       842.6390       841.7393       840.5408       838.7818
       836.6419       834.4164       833.2785       833.1365       833.1880
       833.6174       833.6559       832.7980       831.6661       831.0505
       830.6932       831.0824       832.5165       834.1898       835.3790
       835.9407       835.8382       835.6935       836.3047       837.8580
       839.9587       842.2867       844.1031       844.2947       843.5123
       841.9285       840.1149       838.6311       837.7370       837.4948
       837.8180       838.4745       839.0598       839.4822       840.3904
       841.8818       843.6189       845.1955       845.4714       845.0248
       845.1053       845.9590       846.6831       846.3982       844.9633
       843.0234       841.9276       843.0714       845.4750       847.6847
       849.2848       850.7631       852.7872       855.4342       858.7938
       862.3818       866.3002       870.3729       873.6093       875.9919
       878.3255       880.3309       880.5909       878.2133       873.7536
       868.7709       864.8888       862.4496       861.3297       861.5348
       862.7872       864.4207       865.7045       866.6976       867.0194
       866.0844       864.2203       862.0117       859.9354       857.7759
       856.0131       855.3735       856.2344       857.8124       859.2269
       860.0850       860.0705       859.2974       858.4717       857.8070
       856.9902       855.3745       853.1586       851.1891       848.9586
       846.0347       843.2113       840.6060       838.8349       837.6001
       836.9116       837.3728       838.9770       840.3874
       839.0274       838.4427       838.3060       839.1530       840.4867
       841.2999       841.5253       841.8041       842.6450       843.4450
       843.4235       842.8633       841.9383       840.8655       839.1177
       836.8115       834.7078       833.2422       832.7453       832.5978
       832.4916       832.1714       831.3763       830.3428       830.2029
       830.8369       832.3848       834.6168       836.6500       838.5079
       839.5903       839.2780       838.6075       838.4885       838.7408
       840.0533       842.1800       843.8330       844.4274       843.6302
       842.0345       840.1263       838.2679       837.2198       837.0198
       837.3195       838.2081       838.8832       839.6590       841.2348
       843.1064       845.1211       846.4007       846.7665       846.6490
       846.7253       847.0341       847.1984       846.6548       845.1348
       843.6174       843.1941       844.3179       846.4789       848.5556
       850.6662       853.2082       856.0316       859.2777       862.7059
       866.3031       869.7673       873.2584       876.2131       878.4045
       880.1261       881.2208       880.6671       877.8235       872.9523
       867.7312       864.1829       862.0848       861.4124       862.0450
       863.6711       865.2780       866.3973       867.1184       866.9742
       865.6603       863.6493       861.0565       858.4341       856.5828
       855.3833       855.3688       856.4936       857.8431       859.0462
       859.5681       859.1837       858.4643       857.7993       857.0870
       856.3176       855.1433       853.4097       851.4666       849.1761
       846.3673       843.3606       840.9429       839.1793       837.9919
       837.7568       838.5584       839.7983       840.7618
       837.8860       837.1937       836.7812       837.2545       838.4545
       839.7686       840.2448       841.3687       842.7709       843.5482
       843.6476       843.3521       842.3694       840.8547       838.9233
       836.4876       833.9413       832.4393       832.2705       832.0404
       831.4039       830.6529       829.8004       829.4980       829.7490
       831.9595       835.2812       838.1987       840.9818       842.5775
       842.5549       841.6029       840.0995       839.0182       838.8386
       839.6620       841.3181       843.0906       844.0940       843.3262
       841.4995       839.4318       837.5647       836.5349       836.1314
       836.4301       837.2078       838.2499       839.7935       842.1394
       844.9614       846.8030       847.5840       847.9872       848.0582
       847.7448       847.5786       847.7296       847.3546       846.3469
       845.7486       845.7182       846.5106       847.8478       849.5265
       852.1294       855.5878       859.2146       862.7462       866.2195
       869.3604       872.4281       875.1332       877.4745       879.3663
       880.5988       880.9959       880.1136       877.1473       872.0949
       866.9998       863.5931       862.3025       862.3652       863.5853
       865.2097       866.4987       867.4338       867.8508       866.8862
       865.0712       862.8045       860.0442       857.5934       856.1482
       855.7052       855.9144       856.6021       857.6066       858.3755
       858.5099       857.7732       857.0179       856.7380       856.4744
       855.8896       855.0547       853.5529       851.5821       849.4826
       846.7495       843.7802       841.5176       839.9020       838.9763
       839.1485       839.9188       840.7990       841.2141
       836.4522       835.7590       835.9506       836.8720       838.2327
       839.4167       840.4074       841.6698       843.4623       844.2834
       844.7508       844.3132       842.9415       841.0649       838.9122
       836.1378       833.2820       832.0334       831.9218       831.6770
       830.2098       828.8821       829.2910       830.2105       831.4277
       833.9547       837.7999       841.2942       843.6714       844.4764
       843.4949       841.2916       839.5994       838.9852       839.3143
       840.0506       841.4159       842.9511       843.6588       842.7163
       840.9011       838.9435       837.0869       836.0233       835.5817
       835.9487       836.7562       838.0506       839.9681       842.7879
       845.9697       847.8793       848.5090       848.9565       849.0381
       848.7941       848.7697       849.1501       849.4563       849.3444
       848.8837       848.8658       849.1570       849.8848       851.2725
       853.9942       857.7303       861.5109       865.1171       868.4499
       871.2158       873.6572       875.7698       877.3327       878.5623
       879.5283       879.7025       878.5277       875.4176       870.7712
       866.1804       863.3105       862.9836       864.3135       865.9262
       867.1358       867.7920       868.2778       868.3124       867.2032
       864.8169       862.1026       859.5291       857.5658       856.7217
       856.5827       856.5195       856.6996       857.1901       857.5336
       857.2882       856.4166       855.8601       855.9327       855.9337
       855.6712       854.7933       853.2750       851.3234       849.3018
       846.7861       844.2661       842.2563       840.9786       840.4499
       840.5044       841.2402       842.0959       842.5782
       835.4564       835.3469       836.1939       837.9951       839.5629
       840.3089       840.9680       842.4326       843.9725       845.2039
       845.5515       844.9178       843.1873       841.2288       839.7269
       837.6793       835.0526       832.8979       831.6401       830.5692
       829.2239       828.7698       830.0656       832.4524       834.0279
       836.3412       839.9333       842.7165       844.0811       843.6590
       841.4612       839.1499       838.2009       838.7594       839.9758
       841.2481       842.3497       843.5925       843.9286       842.9523
       841.1575       839.0658       837.1989       836.1329       836.2015
       836.9676       837.9927       839.0507       840.9905       843.5988
       846.3879       848.4586       849.6108       850.3270       850.9341
       851.3533       851.7898       852.2374       852.5610       852.3080
       852.1669       852.3422       852.3781       852.4224       853.4146
       855.9578       859.6323       863.3820       866.7728       869.8036
       872.1277       873.8616       875.3282       876.3021       876.9755
       877.4348       876.9059       875.3580       872.2767       868.5073
       865.2529       863.4144       864.0789       866.2287       867.9240
       868.7232       868.7321       868.4401       867.9638       866.6581
       864.3486       861.7916       859.6608       858.2361       857.7542
       857.5179       857.1130       856.8769       856.7802       856.7051
       856.1984       855.5007       855.2868       855.6607       855.8596
       855.4009       854.4825       852.7217       850.6843       848.4549
       846.2065       844.0831       842.4904       841.6359       841.4398
       841.7554       842.4939       843.5608       844.2620
       836.4846       836.7344       837.6007       839.2031       840.4077
       840.8939       841.5540       842.7920       844.0166       844.9281
       845.0638       844.2903       843.1816       842.4326       841.7321
       839.9226       836.9860       833.8611       831.4803       829.8412
       829.6108       830.6422       832.4500       834.9244       837.4011
       839.8463       841.9612       842.9814       842.7462       841.3730
       839.2069       837.6324       837.7832       839.0984       840.8467
       842.2318       843.4017       844.5031       844.7259       843.4981
       841.4821       839.4069       837.9685       837.4444       838.2391
       839.4604       840.2365       841.0853       842.1728       844.2418
       846.8392       849.0681       850.9141       852.5523       853.8428
       854.8008       855.3314       855.5640       855.4307       855.3535
       855.6334       856.0914       855.8781       855.2637       855.6219
       857.7716       861.0997       864.7965       868.0325       870.6768
       872.7279       873.9359       874.6171       875.0107       875.0906
       874.3691       872.9484       870.9645       868.6204       866.0602
       864.4006       864.0909       865.5386       867.8068       869.1695
       869.4699       868.9639       868.0936       867.2889       865.8890
       863.9677       861.8847       860.2862       859.3641       859.0340
       858.7047       858.1600       857.4895       856.6509       855.8989
       855.3237       854.9630       855.1375       855.6836       855.7061
       854.8549       853.6430       852.1995       850.2005       847.8707
       845.5654       843.5765       842.3691       841.8118       841.9373
       842.7616       843.8683       844.9903       845.5651
       838.5568       838.8101       839.4288       839.8357       840.2363
       840.8497       842.3459       843.2109       843.9119       844.5616
       844.4402       843.8969       843.4272       844.0168       843.9678
       841.5693       838.0222       834.6989       832.3420       830.9139
       830.8251       832.5355       834.5620       837.1139       839.8862
       842.0590       842.6071       841.8087       840.2899       839.4775
       838.5239       838.1584       839.1133       840.7479       842.1109
       843.2224       844.1032       845.0302       845.1764       843.6815
       841.4336       839.8735       839.2130       839.4391       840.8076
       842.2331       842.8561       842.7116       843.2744       845.0328
       847.6115       849.9954       852.3961       854.7624       856.4522
       857.5765       858.2305       858.5322       858.5330       858.5505
       859.0643       859.2268       858.6163       857.7488       857.8561
       859.4781       862.4840       865.7856       868.8177       871.2751
       873.0105       873.7119       873.8087       873.5950       872.7981
       871.0410       868.8853       867.1337       865.4185       864.2254
       864.0453       865.0121       866.9210       868.9501       870.1660
       870.1596       869.0972       867.8843       866.8563       865.7549
       864.0698       862.3582       861.2423       860.7869       860.6228
       860.4429       859.7964       858.6586       857.1549       855.7665
       855.1867       855.1462       855.3641       855.4764       855.2001
       854.3233       853.2921       852.1151       850.3780       848.2946
       845.9798       844.1318       843.0981       842.6936       842.8836
       843.8427       845.3781       846.4667       846.8691
       839.8420       840.4195       841.1031       841.0707       841.2537
       842.0033       842.9246       844.2739       845.1007       845.4553
       845.1124       844.2464       844.0010       844.5188       844.4260
       842.2267       838.4357       835.7802       833.8300       832.2905
       832.4852       834.0399       836.3228       838.5352       840.8310
       842.3121       842.0257       839.9864       838.7360       838.4905
       839.1914       840.2662       841.7161       843.0481       843.8652
       844.1575       844.6073       844.9771       844.8442       843.6916
       841.9092       840.4194       839.7851       840.6498       842.4408
       843.9620       843.9015       843.5900       844.1655       846.0711
       848.6929       851.5343       854.1373       856.2860       857.7410
       859.1172       860.3161       860.8647       860.8515       860.8888
       861.1458       861.0654       860.3732       859.5978       859.4738
       860.7595       863.3845       866.5320       869.0754       871.1984
       872.5173       872.8072       872.6996       872.1533       870.6346
       868.3832       866.3497       864.8096       863.7705       863.3663
       864.0229       865.5683       867.7832       869.9133       871.0972
       870.9670       869.6191       867.9669       866.8738       865.7843
       864.3167       862.9366       862.2858       862.2601       862.4525
       862.2396       861.4940       860.2470       858.4655       856.9079
       856.2285       856.0333       855.7739       855.4351       854.8895
       854.3898       853.7872       852.7059       851.3426       849.4706
       847.3716       845.6851       844.7162       844.4375       844.7073
       845.6351       846.9662       848.1735       848.5140
       840.2292       840.8176       841.9414       843.4213       844.3769
       844.3048       844.9323       845.8290       846.5460       846.8013
       845.9327       844.6080       843.6851       843.6392       843.0519
       840.7982       838.3098       836.5013       835.2360       834.5879
       834.8293       836.1451       837.6608       839.4072       841.0826
       842.0776       841.2478       839.3184       837.8384       838.2772
       839.9905       842.2908       844.0877       845.1359       845.1414
       844.8132       844.8564       844.9645       844.5162       843.5597
       842.3684       840.9326       840.2516       841.1073       842.8639
       843.9844       844.0756       843.8627       844.4754       846.6599
       849.8803       852.9842       855.5691       857.0829       858.0349
       859.3575       860.7642       861.2139       861.1859       861.4533
       861.7761       861.5339       860.8928       860.2033       860.2047
       861.2353       863.5858       866.4171       868.4462       869.9574
       870.8450       871.0129       871.0667       870.6802       869.2032
       867.1461       865.2966       863.9915       863.1196       862.8895
       863.6820       865.6548       868.1577       870.3738       871.6767
       871.6793       870.2408       868.4892       867.2883       866.2583
       864.8932       863.4927       862.9739       863.6278       864.2596
       864.0675       863.1085       861.8498       860.2045       858.6246
       857.6604       857.0108       856.2899       855.5358       854.7582
       854.4695       854.2018       853.5276       852.3210       851.0679
       849.3332       847.5978       846.7855       846.7251       847.2896
       848.2312       849.3696       850.4377       850.9519
       840.1553       840.5214       841.9399       844.2852       846.0302
       847.5331       848.3065       847.4756       847.0042       846.4951
       845.3351       843.9962       843.0824       842.4626       841.2327
       839.3821       838.3521       837.5738       837.0594       836.8013
       837.0990       837.6080       838.3483       839.1964       840.5196
       841.4214       840.5690       838.4724       837.4607       838.3435
       840.8492       843.5873       845.4992       846.1794       845.6653
       845.0880       845.0759       845.1489       844.5237       843.6611
       842.4140       841.1094       840.6937       841.5430       842.9566
       843.9267       844.1472       844.1626       845.0651       847.5319
       851.0820       854.0880       856.1642       857.0416       857.5890
       858.7520       859.8306       860.1165       860.2181       860.8066
       861.0922       860.8693       860.5251       860.2253       860.4095
       861.4500       863.5363       865.9297       867.5339       868.1849
       868.3441       868.5708       869.1390       869.5742       868.6570
       866.6232       864.7300       863.3931       862.7385       862.6569
       863.5060       865.5172       868.0787       870.2585       871.7601
       872.1736       871.1607       869.5394       868.4019       867.3050
       865.8158       864.2178       863.6879       864.7053       865.7956
       865.7390       864.9430       863.7318       862.0059       860.2106
       858.8917       857.8030       856.8041       855.6450       854.7888
       854.3960       854.3382       854.2064       853.7156       852.8985
       851.5247       849.8973       849.2007       849.4927       850.4597
       851.5599       852.6560       853.5461       854.1790
       840.0021       840.2395       841.6575       844.0327       846.5338
       848.9119       849.8648       849.2071       847.3323       845.9166
       844.7098       843.6957       842.8624       842.0742       841.0455
       839.9351       838.9001       838.6212       838.2837       837.7466
       837.5593       837.9634       838.4106       838.6674       839.3456
       839.9041       839.2166       837.5942       837.1749       839.0001
       841.8760       844.3680       845.9251       846.3268       845.7932
       845.1240       845.1136       844.7916       844.1530       843.1743
       841.8965       840.9300       840.8046       841.6936       843.0316
       843.9083       844.2681       844.6959       846.1505       848.9142
       852.0810       854.8621       856.3136       856.9523       857.4967
       858.3038       858.8521       858.8802       858.8210       859.4996
       860.1641       860.4596       860.6379       860.5575       860.5403
       861.6829       863.8541       865.9282       866.8045       866.6716
       866.3817       866.6307       867.9331       868.9633       868.1867
       866.0587       864.0176       862.9548       862.5244       862.7310
       863.6354       865.3181       867.6646       870.0239       871.7172
       872.7100       872.4959       871.2802       869.9644       868.7426
       867.1406       865.5380       865.0000       865.9122       867.0750
       867.3036       866.8408       865.8580       864.0033       861.6974
       859.9047       858.6786       857.4182       856.1957       855.1630
       854.8295       854.9133       855.1821       855.2105       854.6235
       853.3785       852.1246       851.7251       852.3961       853.3935
       854.6940       856.0057       856.8702       857.4700
       839.3824       839.7097       841.1803       843.8263       846.7245
       848.8607       849.8399       849.1977       847.9929       846.5311
       845.2836       844.8057       843.7840       842.6351       841.8743
       840.5924       839.6667       839.2799       838.8202       837.8994
       837.2250       837.8026       838.2079       838.2783       838.2809
       838.5513       838.1547       837.4089       837.8433       839.9150
       842.7116       844.9004       846.0523       846.2656       845.7728
       845.2624       844.9444       844.4914       843.6519       842.5280
       841.4482       841.1019       841.2388       841.8664       843.0886
       843.9902       844.6766       845.8765       847.8077       850.2833
       853.2832       855.8629       857.0868       857.2704       857.6703
       858.0342       858.2952       858.3398       858.3441       858.6648
       859.6701       860.7949       861.0184       860.4045       860.2736
       861.7483       864.1403       865.9734       866.4869       866.2797
       866.0447       866.3832       867.9333       868.9322       867.8337
       865.6324       863.9507       862.9495       862.5436       862.7075
       863.5844       865.2728       867.6252       870.0564       872.2916
       873.7888       873.9362       872.9266       871.6097       870.4489
       868.9283       867.2131       866.7969       867.7086       868.6688
       868.8989       868.4684       867.5187       865.5483       862.9778
       861.0319       859.5137       858.1911       856.8641       855.9430
       855.6058       855.8962       856.2725       856.2451       855.7267
       854.8607       854.0828       854.0567       854.7309       855.8937
       857.3464       858.6275       859.5621       860.0851
       838.5273       838.8510       840.4399       843.4980       846.6130
       848.6896       849.1842       848.5568       847.6304       846.7383
       846.7725       846.5974       844.9156       843.2632       841.9971
       840.6887       840.0611       839.8220       839.0560       837.8550
       837.4352       837.7700       838.2417       838.1299       838.0551
       838.1979       837.9827       837.7265       838.6614       840.8329
       843.1847       845.2133       846.2850       846.4100       845.9202
       845.4749       845.3134       844.7081       843.6708       842.4763
       841.5612       841.4584       841.7836       842.1522       843.1210
       844.4998       845.8111       847.3113       849.1541       851.5197
       854.3950       856.9990       858.0561       857.8494       857.5964
       857.6746       858.0970       858.6873       858.7351       858.6152
       859.5819       860.9184       860.7955       859.9363       860.3613
       861.9728       863.9581       865.7100       866.7272       866.8969
       866.8430       867.2139       868.4604       869.5840       868.3143
       865.9186       864.3155       863.0862       862.2788       862.5204
       863.5488       865.4781       868.0801       870.6916       873.1371
       874.7998       874.8963       873.7568       872.6010       871.7812
       870.2614       868.4778       868.1616       869.1458       869.9021
       869.9562       869.4615       868.3730       866.2703       863.8527
       861.9549       860.3712       858.7505       857.3209       856.4387
       856.1954       856.4600       856.8624       856.9316       856.4099
       855.7223       855.3538       855.5156       856.4512       857.7264
       858.9409       860.0797       860.9980       861.8061
