!     RMS - Reservoir Modelling System GRID TO ZYCOR GRID
!     RMS - Reservoir Modelling System VERSION : 10.1
!     GRID FILE NAME   : Reflector5
!     CREATION DATE    : 2018.12.21
!     CREATION TIME    : 08:25:49
@Reflector5 HEADER                     ,      GRID, 5
      15,    -99999.0000,       ,      4,      1
     119,     65,    436910.1562,    440110.1562,   6469154.5000,   6475054.5000
         0.0000,         0.0000,         0.0000
@
+ Grid data starts after this line
       884.1513       884.0165       883.9215       883.6244       883.5469
       884.0130       884.5000       885.2018       885.6532       885.9456
       886.4552       886.7925       887.0957       887.7037       888.2571
       888.6997       889.5568       890.4171       891.6331       893.1789
       894.4201       895.0082       895.1169       894.9624       894.2952
       893.6395       892.8881       891.9306       891.0491       890.0448
       888.9844       887.9457       886.9167       885.8030       884.8903
       884.5492       884.4977       884.8394       884.8002       884.1568
       884.5026       885.1853       884.6364       883.8354       883.6074
       883.1227       882.0797       881.0096       880.0671       879.9062
       880.5253       881.4985       882.3290       882.6703       882.6099
       882.0844       881.4209       880.8331       881.0026       881.7087
       882.3740       883.1888       884.4345       886.0320       886.9337
       887.2888       887.6893       887.8188       888.0318       888.6893
       889.9821       891.7039       893.1540       893.9530       894.6548
       895.4634       895.3810       895.1644       895.4613       895.8792
       896.4955       897.3213       898.1702       899.1281       900.2512
       901.4781       902.9716       904.4545       905.1891       905.7709
       906.2457       905.8949       905.1732       904.2424       902.9049
       901.5573       900.2212       899.1986       898.7844       898.9123
       899.1343       899.4362       899.8622       900.3784       901.1569
       902.2181       903.4642       904.1343       904.1465       903.4305
       901.5953       899.5504       898.2253       897.7437       897.7874
       897.6365       896.6995       894.7791       893.0533
       883.4413       883.2348       882.9777       882.7098       882.4137
       882.6736       883.4337       884.0518       884.4096       884.6697
       884.9116       885.6097       886.5704       887.5688       888.1587
       889.2377       890.3811       891.5500       893.1281       894.6523
       895.6382       896.0255       895.9766       895.3264       894.6461
       893.9892       893.2601       892.2462       891.3795       890.3350
       888.9355       887.8292       886.8620       885.6926       884.6350
       884.0826       884.0294       884.4410       884.9379       885.1284
       885.5055       885.7237       884.9949       884.1100       883.4813
       882.3914       881.1664       879.6682       878.4268       878.5411
       879.6507       880.9088       881.8768       882.2802       882.0177
       881.3277       880.4904       879.8382       879.7723       880.2786
       881.1058       882.2263       883.7968       885.3278       886.4865
       887.0408       887.1168       887.2993       887.6418       888.5202
       889.9098       891.8307       893.4689       894.2458       895.0068
       895.9041       896.0949       895.7515       895.6965       896.0269
       896.4412       896.9476       897.6813       898.9395       900.6771
       902.3149       903.9518       905.3075       906.2264       906.6448
       906.4849       906.1739       905.6624       904.5853       903.1236
       901.6130       900.3452       899.4684       898.8830       898.7286
       898.9178       899.3646       899.8845       900.3033       901.3101
       902.7772       903.9812       905.1298       905.2122       903.8088
       901.6484       899.0546       897.1876       896.4724       896.3796
       896.4167       895.8414       894.2418       892.5966
       882.0566       881.7323       881.2408       880.7717       880.5526
       880.8176       881.7301       882.3369       882.8353       882.9666
       883.3635       884.4263       886.0637       887.3621       888.5402
       890.0558       891.8816       893.4728       895.2175       896.7672
       897.4474       897.7640       897.1503       896.0987       895.2136
       894.5466       893.6920       892.8860       892.0236       890.6906
       889.0289       887.7137       886.8058       885.6556       884.4732
       883.9081       883.6832       884.0614       885.0549       885.9257
       886.6093       886.3827       885.2365       883.8917       882.7095
       881.4948       879.7779       877.9116       876.5665       876.5709
       877.9317       879.6102       880.8777       881.3909       880.9836
       880.1257       879.1269       878.4457       878.1769       878.4835
       879.3132       880.6294       882.4235       884.1940       885.4241
       885.8589       885.8364       886.0430       886.7594       888.0101
       889.7393       891.7068       893.5094       894.4500       895.2360
       896.1982       896.5712       896.0873       895.7490       895.7732
       895.9902       896.5337       897.4310       899.3099       901.6390
       903.6618       905.2175       906.3990       907.0928       907.1437
       906.8896       906.7263       906.1527       904.9257       903.4194
       902.1194       901.1316       900.1605       899.5830       899.3243
       899.3456       899.7266       900.3885       901.0811       902.3217
       903.8915       905.1854       906.2476       906.3317       904.4484
       901.9005       899.1520       896.8839       895.7951       895.6618
       895.7800       895.1471       893.8440       892.6070
       880.1863       879.8645       879.0875       878.4797       878.5659
       879.3782       880.2784       881.1870       881.6848       882.0851
       882.8747       884.3420       886.0679       887.7959       889.3441
       891.0851       892.8859       894.8061       896.6147       897.8513
       898.5914       898.5792       897.5763       896.2790       895.5604
       895.0826       894.3357       893.5221       892.4291       890.6213
       888.6291       887.2546       886.5686       885.5673       884.4293
       883.7472       883.3150       883.8047       884.8495       885.7734
       886.3179       885.9007       884.2005       882.2806       881.0834
       879.9932       877.9170       875.6354       874.3690       874.5101
       875.9822       877.7993       879.3844       880.0571       879.5765
       878.6754       877.9006       877.2230       877.0082       877.2482
       877.9302       879.2388       880.9153       882.5248       883.5458
       883.6642       883.5769       884.1507       885.2970       886.9937
       889.1162       891.1354       892.8403       893.9118       894.8258
       895.6957       895.9730       895.7570       895.4064       895.0736
       895.3953       896.3433       898.3503       900.8343       903.2180
       905.0717       906.4812       907.2818       907.5718       907.5209
       907.3640       907.0487       906.4811       905.5087       904.3055
       903.4087       902.7019       901.9374       901.4205       900.8245
       900.3601       900.6865       901.3517       902.5153       903.8706
       905.0533       905.9398       906.6778       906.1996       904.3864
       901.7838       899.2238       896.9995       895.9432       896.0799
       896.0344       895.1152       893.7385       892.7601
       877.7240       877.1972       876.4601       876.2598       876.9401
       878.2103       879.5424       880.7969       881.5703       882.3363
       883.6473       885.1932       887.0555       888.7047       890.1970
       891.6468       893.2413       894.8419       896.2855       897.1293
       897.9009       897.7063       896.4618       895.6777       895.6971
       895.4009       894.7972       893.8571       892.2454       890.0938
       888.0313       886.8046       886.3468       885.6533       884.5359
       883.3668       882.4933       882.4790       883.2722       884.0281
       884.1819       883.4107       881.5450       879.4002       878.1259
       877.1209       875.2455       873.2167       872.1042       872.4763
       874.1705       876.2244       877.9977       878.7197       878.2007
       877.1826       876.5754       876.2299       876.2186       876.5770
       877.3079       878.2131       879.3851       880.5706       880.9805
       881.0011       881.3483       882.3420       883.8531       885.7844
       888.0890       890.2224       891.8152       893.1158       893.7023
       894.1381       894.5748       894.8081       894.5972       894.6676
       895.4994       897.0583       899.3824       902.2783       904.6676
       906.4575       907.3778       907.7681       907.8115       907.3649
       906.7999       906.4507       906.3212       905.9617       905.4558
       905.0300       904.7139       904.3927       903.6021       902.4224
       901.5278       901.4304       902.3533       903.5009       904.6786
       905.4659       905.9026       906.0275       905.3658       903.4926
       901.2194       899.1722       897.3832       896.5708       896.4781
       896.0616       895.0762       893.7505       892.4386
       874.1567       873.8269       873.5131       874.0759       875.5941
       877.4236       879.2917       881.0101       882.0468       883.1085
       884.5172       886.1575       887.6697       889.0252       890.3257
       891.4157       892.4210       893.3868       894.2549       894.9636
       895.5752       895.4010       894.6973       894.9499       895.7125
       895.8865       895.1605       893.6302       891.8248       889.7324
       887.9620       886.9772       886.6702       885.9245       884.3693
       882.5275       880.7613       879.8080       880.1411       880.8969
       881.2123       880.1818       877.9398       876.1220       875.0697
       873.8741       872.4349       871.1418       870.5208       871.1536
       872.8898       874.9777       876.6635       877.0974       876.3122
       875.5635       875.1375       875.1801       875.6365       876.1235
       876.7430       877.3229       877.8536       878.2624       878.2847
       878.4111       879.3535       880.9150       882.7783       884.8564
       887.0599       889.1666       890.6495       891.7100       892.4972
       892.6816       893.0695       893.5921       894.0096       894.8609
       896.4044       898.2510       900.4311       902.9628       905.3917
       907.0323       907.4713       907.1307       906.7275       906.1259
       905.2288       904.7864       905.2726       906.3163       906.8350
       906.7009       906.6509       906.3233       905.1816       903.8470
       902.5385       901.8209       902.2284       903.2240       904.0150
       904.5898       905.1072       905.0741       904.5020       902.9738
       901.1551       899.7062       898.4312       897.4501       896.8893
       896.0590       895.0022       893.4997       892.0803
       872.4329       873.0221       873.5176       873.9965       875.2673
       877.2740       879.3224       881.2859       882.6144       883.4659
       884.5967       885.8982       887.1878       888.4289       889.2947
       889.8905       890.4465       891.0007       891.4625       892.0790
       892.7756       893.1062       893.3391       894.5189       896.0059
       896.3589       894.8591       892.8322       890.8885       889.1352
       887.8157       887.3885       886.9312       885.7409       883.6155
       881.0226       878.3647       876.5114       876.5394       877.3369
       877.8898       877.1654       875.4240       874.0225       873.1551
       871.8879       870.6530       869.8802       869.9045       870.8240
       872.5182       874.4647       875.5047       875.4343       874.8273
       874.4281       874.4216       874.8123       875.3560       875.9371
       876.2737       876.4891       876.3289       875.9241       875.6786
       876.1833       877.5234       879.7107       882.1531       884.2966
       886.2188       888.0777       889.3770       890.4468       891.6891
       892.4733       892.6565       893.2738       894.5004       895.7703
       897.3490       899.3608       901.5682       903.5704       905.1954
       906.7048       907.0299       906.2578       905.4911       904.8116
       903.8360       903.3810       904.6778       907.1776       908.8553
       909.2203       908.5401       907.5187       906.2335       904.8450
       903.0211       901.2829       900.6992       901.2386       901.9052
       903.0161       903.9182       904.1204       904.0582       903.3737
       901.9363       900.4241       898.8538       897.7548       896.8269
       895.6647       894.4904       892.7654       890.9781
       870.5812       872.1196       873.6203       874.2468       876.2156
       877.8249       879.3633       881.2625       882.5084       883.3895
       884.4762       885.4680       886.4802       887.2820       887.7088
       887.8833       888.2495       888.8664       889.3756       890.1075
       890.9271       891.7575       892.9309       894.4796       895.9691
       895.6867       893.5663       891.0045       889.2854       888.1586
       887.6564       887.4485       886.8196       885.0702       882.4178
       879.6779       876.8091       874.8204       874.3458       874.9009
       875.3006       875.0963       874.1952       873.2803       872.4675
       871.3740       870.1857       869.7469       870.0976       871.2898
       873.1196       875.0246       875.9818       875.5861       874.9496
       874.6958       874.8571       875.2780       875.9920       876.4494
       876.3905       875.9738       875.3109       874.5409       874.2729
       874.7735       876.4572       878.7936       881.2550       883.3464
       885.0398       886.7222       888.0519       889.5532       891.4075
       892.6056       893.2626       894.1156       895.6570       896.8857
       898.3687       900.3534       901.9526       903.2399       904.6102
       905.7322       906.4828       906.6468       906.6696       906.0717
       904.7632       904.0961       905.8115       908.5409       910.6276
       910.9252       909.8610       908.2764       906.7373       904.9939
       902.8038       900.6552       899.5828       899.5423       900.4501
       901.7745       902.6125       903.3378       903.9559       903.9647
       902.7772       900.8212       898.6636       896.9915       895.7415
       894.7159       893.4449       891.2949       889.1934
       872.7997       873.4638       874.7452       876.2782       877.6279
       878.6541       879.7677       881.0231       882.3909       883.6290
       884.8826       886.0533       886.6813       886.5903       886.3725
       886.4792       886.7732       887.3627       888.2377       889.0869
       890.0808       891.5041       892.9899       894.4216       895.0176
       893.8665       891.3416       889.1965       888.1887       887.8354
       887.6689       887.6102       886.8334       884.6779       881.9296
       879.4931       877.5059       875.9647       875.1631       874.9001
       874.7462       874.3793       874.0055       873.5317       872.8478
       871.8840       870.9561       870.4708       870.6275       871.6843
       873.7964       875.9520       876.9058       876.4692       875.6570
       875.4003       875.9032       876.5742       877.2913       877.5180
       877.1865       876.4326       875.3796       874.6179       874.1259
       874.3926       875.7747       877.8314       879.7977       881.5129
       883.1382       885.0004       887.0321       888.8706       890.6966
       892.5656       894.2748       895.8862       896.8162       897.9138
       899.6653       901.1719       901.8345       902.2892       903.4975
       905.0534       906.4531       907.9705       909.4645       909.8912
       908.2750       906.8538       907.6791       910.0334       911.2698
       910.8231       909.1302       907.3984       906.0960       904.7752
       903.3708       901.6342       900.0775       899.4666       899.9877
       901.0092       902.0003       902.9693       903.8442       904.0385
       902.7380       900.4603       898.0715       896.0853       894.8779
       893.8555       892.1456       889.6363       887.5317
       877.4857       877.6216       878.3314       878.9348       879.1633
       879.5922       880.0235       880.8903       882.1797       883.8069
       885.6298       886.8300       887.1125       886.5489       886.0120
       885.9506       886.2004       886.7814       887.4894       888.2302
       889.3491       891.0479       892.6393       893.4993       893.3734
       891.7197       889.2872       887.9492       887.8729       888.1775
       888.4286       888.4846       887.6193       885.3456       882.7948
       881.0445       879.8387       878.8252       877.6216       876.5907
       875.4356       874.6904       874.5828       874.7250       874.2772
       873.3057       872.2979       871.4460       870.9545       871.6977
       873.8925       876.0521       876.9501       876.4877       875.7170
       876.0136       877.1422       878.3239       878.8851       878.8011
       878.3358       877.3210       876.1213       875.1027       874.4534
       874.4305       875.3615       876.9252       878.5536       879.8328
       881.5657       883.7952       886.2028       888.2678       890.0022
       892.4412       895.5625       897.4489       897.8941       898.9014
       901.0672       902.6099       902.1362       901.6293       902.6945
       904.7068       906.7055       908.9263       911.5018       912.7899
       911.5178       909.5378       909.1671       910.4811       911.5329
       910.2809       907.6411       905.7003       905.1293       905.3999
       905.5140       904.2025       901.8292       900.1882       900.1740
       901.2162       902.2258       902.9481       903.7069       903.5293
       901.8486       899.3936       897.2322       895.8333       894.7551
       893.1290       890.8815       888.2123       886.3548
       882.7232       882.5331       882.1663       881.5377       880.6004
       879.9790       880.0669       880.7134       881.6935       883.4833
       885.4345       886.9617       887.3444       886.7974       886.0682
       885.8719       886.2202       886.6904       886.9554       887.4936
       888.4986       889.8083       891.0282       891.5734       891.2169
       889.7881       888.0510       887.2466       887.7062       888.6908
       889.7184       890.2681       889.2042       886.9221       885.0302
       883.7440       882.7668       881.8804       880.8289       878.9724
       877.2657       875.9601       875.8011       876.2522       876.1176
       875.0096       873.6157       872.3975       871.5045       871.7922
       873.7562       875.9448       876.6630       876.0223       875.5728
       876.5854       878.3851       880.0294       880.5093       880.0897
       879.2521       877.9398       876.7149       875.5920       874.6478
       874.2929       874.7339       876.1860       878.1652       879.8492
       880.9955       882.7390       885.3145       887.6125       889.5467
       892.2133       895.8594       898.3975       898.9434       900.0940
       902.6903       903.7559       902.5925       901.4199       902.1699
       904.5869       906.9124       908.6751       910.8818       912.5562
       912.2244       910.4508       909.5787       910.5150       911.5029
       910.1724       907.1640       905.3872       905.9305       907.6512
       908.6609       907.5479       904.3079       901.5942       901.1907
       902.0908       902.7609       903.0817       903.2504       902.7180
       900.6280       897.7988       896.1775       895.6318       894.1900
       891.2451       888.0696       885.8593       884.5696
       886.4250       885.8199       884.7814       883.4217       881.3777
       879.9467       880.2271       880.8955       881.3532       882.5591
       884.9664       887.0768       887.4463       886.4897       885.6991
       885.7728       886.1628       886.2546       886.5338       887.0150
       887.7128       888.3597       888.8450       889.0259       888.9805
       888.3112       887.3920       886.9233       887.2938       888.8217
       890.8439       891.7572       890.7619       888.7761       887.3676
       886.4736       885.4600       885.0576       884.0457       882.0980
       880.0444       878.5338       877.6341       877.8443       877.9272
       876.6063       874.4683       873.2011       872.3339       872.1208
       873.7830       875.8981       876.5514       876.1511       876.0491
       877.2056       879.2585       880.8155       880.9598       880.4724
       879.4178       878.2946       877.1929       875.9649       874.7011
       873.7594       873.6308       874.7250       877.0424       879.1078
       879.8754       881.3521       883.8822       886.5709       888.8917
       891.7676       895.2033       897.9796       899.6540       901.3614
       903.1020       903.3993       902.2833       901.0067       901.2216
       903.8224       906.4026       907.2938       908.0504       909.1691
       909.3558       908.5084       908.0486       909.0773       910.1382
       908.8823       906.5312       905.2462       906.4237       908.6174
       909.6578       908.8077       906.1409       903.3350       902.1682
       902.3480       903.0624       903.1666       902.6614       901.3478
       898.4925       895.6237       894.1136       893.3163       890.3154
       885.6956       882.4998       881.2828       881.1469
       887.9528       887.1037       885.8101       883.9104       881.5435
       880.1825       880.6614       881.3911       881.1091       881.6580
       884.5464       887.1528       887.1393       885.4937       884.6332
       885.0253       885.5859       885.6492       885.8429       886.3201
       886.6548       886.8904       886.9049       886.9919       887.0624
       886.9179       886.4496       885.9858       886.2657       888.4083
       891.0955       892.2078       891.3536       889.4528       888.3488
       887.7351       886.7457       886.3378       886.0209       884.1268
       882.7072       881.9860       880.5519       879.6781       879.3843
       877.7232       875.0000       873.3005       873.0248       873.0235
       874.3245       875.9564       876.8342       876.8535       876.8668
       877.6731       879.2549       880.0659       880.0155       879.6935
       879.0652       878.3972       877.6531       876.3614       874.8234
       873.6740       872.9722       873.1031       874.4900       876.0059
       877.6398       879.7430       882.0154       884.5693       887.5587
       890.6362       893.5185       896.0710       898.5230       900.5838
       901.6145       901.6598       901.0328       900.0138       899.6933
       901.1367       903.4677       904.3346       904.0439       904.0435
       904.3826       904.3097       904.4895       905.5524       905.9534
       904.8529       903.2556       902.7435       903.7109       905.4769
       906.6015       906.6653       905.3658       903.5135       902.0687
       901.9733       902.8895       903.2031       902.1956       899.2730
       895.8260       893.3076       891.9639       889.4844       883.7870
       877.8851       875.9512       876.6642       877.5545
       887.6506       886.7178       885.3529       883.4426       881.5549
       880.6752       881.0963       881.6254       881.3436       881.5932
       883.7982       885.9738       885.5586       884.0148       882.9949
       883.2820       883.9846       884.2728       884.4259       884.7125
       884.9869       885.4683       885.6116       885.6189       885.6245
       885.4613       885.1001       884.7339       885.2538       887.3298
       889.9568       890.9504       890.1145       888.7502       888.0370
       887.3069       885.9769       885.5770       885.9037       885.1417
       885.3590       885.4169       883.6873       881.5309       880.0458
       878.1445       875.5631       874.2798       874.5021       874.8666
       875.2136       876.2227       876.9035       877.1523       876.9709
       877.4345       878.4136       878.8001       878.7827       878.8423
       878.9227       878.8235       878.3503       877.2690       875.9609
       874.7499       873.5477       872.6760       872.9286       874.0174
       875.7984       877.8009       879.9371       882.5719       885.5267
       888.6866       891.2792       893.5720       896.1674       898.3086
       899.2928       899.2963       899.0413       898.5535       897.8490
       897.8939       898.8154       899.2684       899.0123       899.1827
       899.7208       900.2676       900.6923       900.8513       900.4756
       899.4647       898.4213       898.2498       899.2346       900.6271
       902.0193       902.6762       902.4048       901.1666       900.3141
       900.7523       902.0073       902.6781       901.1835       897.4962
       893.9070       891.9835       890.7365       886.9298       879.6171
       873.2765       871.8566       873.4684       874.9395
       886.5511       885.8200       884.5937       883.0264       881.6326
       881.2553       881.4382       881.8513       881.7327       881.7056
       882.7524       883.5424       882.8693       881.5536       880.5987
       880.5245       881.3727       882.0173       882.4247       882.7831
       883.3545       884.0761       884.5246       884.3641       883.9745
       883.9207       884.1091       884.0737       884.5256       885.8077
       887.2819       887.9588       887.7656       887.2610       886.8333
       886.0884       884.8553       884.6649       885.3390       886.3005
       887.3434       887.4773       885.6168       882.9071       880.5818
       878.3242       876.4066       875.8088       876.1580       876.1814
       875.8458       875.7091       876.1432       876.5430       876.7353
       877.2007       877.9258       878.1177       878.1847       878.5765
       879.3521       879.8942       879.6897       878.8351       877.7667
       876.6810       874.9462       873.2558       872.4153       873.2316
       874.6586       875.9462       877.8906       880.6811       884.0068
       887.2206       890.1742       892.4174       894.8188       897.1124
       897.7200       897.4936       897.4251       897.2305       896.2414
       895.6442       894.9716       894.1922       893.9559       894.6506
       895.7538       896.5280       896.6418       895.9009       894.9213
       893.7852       892.8483       892.9018       894.0424       895.6033
       897.2303       898.3493       898.3775       897.6086       897.2007
       898.0834       899.6143       900.4681       899.0249       895.7814
       892.8513       891.5730       889.6770       885.3609       878.2507
       872.4085       870.7083       871.9903       873.8744
       886.2427       885.3976       884.3848       883.2056       882.2570
       881.8408       881.9615       881.9526       881.7330       881.5600
       881.5960       881.1544       880.1128       879.0165       878.2460
       878.2543       879.0815       879.8234       880.5109       881.4058
       882.2587       882.8223       883.0922       882.6654       882.2842
       882.5661       883.3309       883.8173       883.8585       884.2548
       884.6137       885.0276       885.0798       885.1399       885.0471
       884.3778       883.9058       884.1210       885.1138       886.7297
       888.0049       888.0430       886.4254       883.9041       880.9823
       878.4175       877.1673       876.9258       876.7205       876.0126
       875.1985       875.0053       875.3760       875.9877       876.5703
       877.3985       877.9246       878.1205       878.3364       879.0010
       880.2883       881.2682       881.2498       880.6910       879.9108
       878.6463       876.8020       874.2593       872.3615       872.5511
       873.8873       875.1695       876.8627       880.0413       884.0677
       887.9847       890.8239       893.2303       895.6525       897.3176
       897.6103       897.0862       896.9688       896.5947       895.2574
       893.8619       892.3502       890.6691       890.1290       890.7240
       891.5386       891.8345       891.3596       890.4835       889.1010
       887.7925       886.6172       886.6536       887.9153       889.7604
       891.8148       893.1921       893.2675       892.8618       892.8591
       893.9882       895.4670       896.3728       896.0185       894.3490
       892.5975       891.0172       888.6656       884.2499       878.0851
       872.7927       871.1515       872.6494       874.7766
       886.8679       885.9505       884.9904       884.2113       883.2343
       882.6982       882.5114       882.3533       882.0590       881.4432
       880.5060       879.3801       878.1319       877.2263       876.8211
       876.9062       877.2481       877.8508       878.7662       880.1023
       881.1589       881.4148       881.0484       880.7148       880.9288
       881.9506       882.9349       883.1467       883.0400       882.8784
       882.8176       882.4224       882.2729       882.7371       883.1286
       882.8325       882.4378       882.9301       884.6231       886.7579
       887.9946       887.8718       886.7891       884.6949       881.4636
       878.3909       877.3583       877.4474       876.8626       875.4009
       874.3992       874.5292       875.2540       876.2169       877.3278
       877.9785       878.4987       878.8755       879.1978       880.0825
       881.6541       882.6097       882.6437       882.5374       882.0041
       880.6581       878.5077       875.6790       873.1613       872.7263
       873.9803       875.6295       877.3968       880.4343       885.2285
       889.6651       892.6330       894.9788       897.1161       898.3796
       898.2783       897.6664       897.2148       896.1675       894.4086
       892.1147       889.8122       888.0507       887.2424       887.0582
       886.7122       886.6912       886.4295       885.0773       883.4406
       881.9078       880.7136       880.6103       881.8849       883.6176
       885.5047       886.6119       886.6254       886.4174       887.2133
       888.5821       890.5201       892.1631       893.1242       893.2641
       891.8709       889.2911       886.4614       883.0542       878.2380
       874.0568       873.1667       874.9377       877.2141
       888.0306       887.4166       886.6760       885.7911       884.7412
       883.8973       883.5667       883.1747       882.6049       881.4419
       879.6107       877.7764       876.3877       875.5159       875.2902
       875.0077       874.7380       875.2561       876.6180       878.1891
       879.2250       879.3551       878.6341       878.4368       879.6498
       881.4850       882.4567       882.4763       882.1722       882.1113
       881.5967       880.0330       879.2124       880.3304       881.8765
       882.4283       881.9258       882.2751       884.4958       886.7166
       887.4674       886.7960       885.8992       884.5159       881.2164
       878.0942       877.1451       877.3373       876.6722       874.4960
       872.8253       872.9348       874.3314       876.4125       878.1995
       878.9545       879.6749       880.6385       880.8513       881.5557
       883.3651       883.8260       883.3670       883.6789       883.5651
       881.9676       879.6539       876.3610       873.7906       873.4376
       874.7003       876.3953       878.2281       880.9604       885.6912
       890.7547       894.1703       896.5260       898.4415       899.3531
       899.0727       898.1577       897.1714       895.7880       893.4844
       890.6726       888.1974       886.1802       884.8166       883.8691
       882.8292       882.3928       882.0001       880.0493       877.7811
       876.2869       875.5624       875.7644       876.8801       878.5369
       879.6875       880.1465       879.8533       880.1438       881.3804
       883.7269       886.3379       888.9805       891.2537       891.7958
       889.8823       886.6412       883.5260       880.9982       877.8633
       875.6136       875.7935       877.7934       880.0307
       889.5125       889.0363       888.4305       887.6266       886.4037
       885.4330       884.7567       883.9352       882.8314       881.1025
       878.8849       876.6232       874.5989       873.4220       872.8820
       872.2681       871.5986       872.1716       874.0366       875.6665
       876.5828       876.9016       876.7063       876.7992       878.4462
       880.6845       881.9466       882.2843       881.9385       881.7025
       881.1791       878.8578       877.3195       878.7653       881.3041
       882.6326       882.5363       882.7672       884.4656       886.1265
       886.4872       885.7639       885.7000       885.0203       881.9039
       878.5506       877.1266       876.7760       875.6022       872.9417
       870.3231       870.8276       872.8493       875.2838       877.5767
       879.0217       880.6064       882.3206       883.0649       883.5979
       884.7165       884.6115       883.7590       884.0043       883.7067
       882.0747       879.5557       876.3843       873.7303       873.3799
       874.9053       876.9391       879.0363       881.8409       886.2030
       891.3113       895.1171       897.6442       899.3094       899.7419
       899.1625       898.2052       896.7571       895.0106       892.5646
       889.9091       887.5972       885.2614       883.5836       882.2466
       880.5088       879.0185       877.5319       875.2012       872.2275
       870.6990       871.1154       872.3204       873.7134       874.9109
       875.7536       876.0142       876.0556       876.2510       877.7295
       880.6626       884.3218       887.8001       890.4868       890.4345
       887.9875       884.5438       881.3611       879.1588       877.7682
       876.9531       877.5292       879.6041       881.7392
       890.8472       890.6072       890.0040       889.1450       887.8225
       886.5084       885.4549       884.1044       882.5645       880.9028
       878.7285       876.0893       873.6339       871.8249       870.5048
       869.4675       869.0308       869.7452       871.6869       873.5295
       874.6385       875.2496       875.7387       876.4713       878.1024
       879.9111       881.8033       882.3484       881.8105       881.4418
       880.7148       878.9576       877.6000       878.6187       880.6100
       882.0546       882.1523       882.3630       883.6754       885.0877
       886.0369       887.1911       889.0511       889.5753       885.9164
       881.4881       878.7225       876.7980       874.7068       871.7068
       869.7256       870.3297       872.4307       874.4719       875.9246
       877.4876       880.5607       883.6335       885.2716       885.6945
       885.5375       885.0326       883.8935       883.0753       882.5516
       880.9420       878.5535       875.8605       873.5916       873.0616
       874.6353       877.2551       879.9825       883.0528       887.2750
       891.9513       895.7728       898.2766       899.4924       899.5839
       898.9940       897.9361       896.2443       893.7932       891.1621
       888.6314       886.1306       883.6692       882.0872       880.8488
       878.7220       876.4557       874.7418       872.3605       868.9586
       866.9860       867.9756       869.6780       871.3331       872.8501
       873.8076       874.0498       874.4224       875.2124       876.7314
       879.6263       883.6753       887.6588       889.5552       889.0846
       886.4248       882.6542       879.5655       877.9914       877.6595
       877.7022       878.1833       879.4821       881.0140
       891.8572       891.8589       891.4707       890.3329       888.5508
       886.8829       885.4685       883.9753       882.7632       881.3294
       879.2146       876.4656       873.8262       871.6104       869.7529
       868.3620       867.9632       868.7059       870.3606       872.1815
       873.5228       874.5042       875.1878       876.1329       877.7357
       880.0485       881.7985       882.3067       881.7233       881.2249
       880.6520       879.4434       878.4713       878.6398       879.7977
       880.6591       880.9213       881.3312       882.5585       884.0949
       886.2619       889.2804       892.7543       893.7105       890.3746
       885.3663       881.1389       877.4305       874.3781       872.0842
       870.8530       871.6581       873.3635       874.5933       874.4245
       875.5766       879.4677       883.5417       885.6769       885.9005
       885.3607       884.3365       882.5991       881.1616       880.3232
       878.9546       876.9594       875.0560       873.4200       872.9266
       874.2967       877.1983       880.2916       883.6069       887.8461
       892.2433       896.2114       899.0787       900.0674       899.6118
       898.5126       896.9750       894.7849       891.9891       889.0939
       886.1523       883.3089       880.7195       879.0917       878.6114
       877.6003       876.1798       874.8495       872.9211       870.2858
       868.3644       868.1602       869.0109       869.8674       871.6609
       872.5950       872.7431       873.4889       874.9019       876.6405
       879.2588       883.0281       886.3260       887.5424       886.4278
       883.7528       880.1422       877.2456       876.5524       876.9601
       876.9982       876.9535       877.3365       877.9380
       892.7378       892.5569       892.0856       890.7249       888.5418
       886.6434       885.1642       884.2699       883.6219       882.4951
       880.2664       877.4908       874.8723       872.4441       870.4094
       869.1440       868.3349       868.6779       869.9450       871.7572
       873.0594       873.8191       874.4178       875.4128       877.4198
       879.8848       881.6205       882.1093       881.8326       881.4934
       880.9159       879.8592       878.6365       878.3072       878.7838
       879.3137       879.9040       880.9066       882.2941       884.1468
       886.7003       890.4825       893.6608       894.3457       891.8570
       887.3862       882.4127       877.8651       874.8588       872.8445
       872.4253       872.9501       873.9620       874.5569       873.9303
       874.8385       878.6274       882.6082       884.6198       885.0205
       884.2336       882.3117       880.3681       879.1425       877.9445
       876.4807       875.1613       874.1627       873.3143       873.0139
       873.9618       876.1006       879.1054       882.5322       886.8144
       891.4718       896.0718       899.5343       900.5636       899.5818
       897.4760       895.1426       892.4775       889.6797       886.8173
       883.8400       881.1302       878.7215       877.6193       877.9312
       878.2374       877.6428       876.2844       874.9495       873.3681
       872.0674       871.7643       871.7009       871.4291       871.1970
       871.4289       872.0134       872.9406       874.2466       876.1697
       878.7107       881.4889       884.0090       884.5240       883.0148
       880.3164       877.1135       874.8655       874.6611       875.2293
       875.2518       874.3586       873.5822       873.8450
       893.6104       893.2021       892.1461       890.3094       888.1088
       886.1877       885.1772       884.9088       884.8552       883.8839
       881.6394       878.7958       876.0701       873.4664       871.2723
       869.7413       869.0458       869.0544       870.1991       871.6854
       872.7289       873.0958       873.9888       875.4160       877.3858
       879.6147       881.1398       881.7772       881.7988       881.3032
       880.6732       879.5057       878.1953       877.6501       877.9290
       878.4160       879.5187       880.7347       882.5460       885.0331
       887.6266       890.5458       892.8533       893.2542       891.4639
       887.7879       883.0783       878.8168       875.4694       873.4476
       873.0689       873.5830       874.0424       874.6696       875.1198
       876.5228       879.5686       882.4820       884.4952       885.1141
       883.6170       881.0032       878.8036       877.3644       876.0076
       874.7332       873.9954       873.6833       873.1219       872.6052
       873.0538       874.5035       876.8063       880.2004       884.4947
       889.2303       894.3807       898.5162       899.9423       898.6890
       896.1900       893.3004       890.3328       887.7205       885.1708
       882.3730       880.0760       878.7526       878.6014       879.4490
       879.9326       878.9792       877.3275       876.0547       875.1657
       874.7918       875.0496       875.0426       873.9965       872.2562
       871.2056       871.4575       872.6840       874.3973       876.3012
       877.9075       879.7964       881.2869       881.3024       879.9307
       877.7049       875.0198       873.1118       872.5701       872.8428
       872.8912       871.6548       870.4024       870.1321
       894.2195       893.6481       892.0490       889.7330       887.5147
       886.1934       885.6268       885.9530       886.0160       884.9607
       882.6648       879.6646       876.8514       874.2516       871.7858
       870.2963       869.5171       869.2837       870.0859       871.2962
       871.8798       872.5212       873.9484       875.7726       877.4338
       879.0394       880.4794       881.2512       881.0926       880.4625
       879.5984       878.1862       877.0880       877.1915       877.4926
       878.0829       879.0329       880.0773       882.1544       885.0765
       887.6822       889.7990       891.0267       890.7610       889.8060
       887.0215       882.9534       878.6962       875.5112       873.9616
       874.0769       874.8332       875.7184       876.7949       877.7599
       878.8200       880.5848       882.7426       884.6023       885.7694
       884.0803       880.4076       877.5423       875.8732       874.6531
       873.7142       873.2997       872.8467       871.9703       871.0839
       870.8677       871.8779       873.9584       877.3914       882.0172
       887.0875       891.7734       895.9699       898.3031       897.7288
       895.1746       892.3450       889.8016       887.2068       884.4031
       881.3973       879.5731       879.2433       879.7812       880.4072
       880.5585       879.4438       877.5598       876.0392       875.2374
       875.2790       875.7952       875.8842       874.8516       872.7794
       871.2664       871.3105       872.9279       875.4758       876.8302
       877.4327       878.3596       878.9252       878.5333       877.3109
       875.5563       873.5296       871.7158       870.9447       870.8543
       870.6965       869.5944       868.4180       868.5050
       893.7778       893.2003       891.4420       889.0594       887.4153
       886.5803       886.5832       886.8454       886.6403       885.2595
       882.6379       879.5358       876.6708       874.1193       871.9383
       870.4437       869.3793       868.7727       869.0494       870.1605
       871.1273       871.9291       873.3875       875.4014       876.7809
       877.9446       879.1061       879.7670       879.5976       878.8884
       877.5222       876.0156       875.6523       876.3022       877.0340
       877.6227       878.0867       879.0751       881.1369       883.7971
       886.1281       887.7585       888.1741       887.6179       886.6864
       884.8107       881.4291       878.0119       875.7831       875.1826
       875.6288       876.7260       878.1963       879.5497       879.8082
       879.6533       880.2051       881.7038       883.9120       884.9494
       883.6526       879.6800       876.2444       874.9076       874.1695
       873.5750       872.7490       871.4970       870.0667       868.5706
       867.7531       868.3300       870.3522       874.0526       879.3491
       884.9271       889.6971       893.7360       896.4598       896.6747
       894.9796       893.0358       890.9866       888.3611       885.0184
       881.8585       879.9394       879.5229       879.6396       879.9094
       880.2598       879.6588       877.7241       875.6741       874.3852
       874.1677       874.4232       874.5969       874.0017       872.3737
       871.1533       871.6245       873.8041       875.9531       876.2195
       875.8361       876.0912       876.4534       876.0756       874.6342
       872.8866       871.3840       870.2293       869.3382       869.1804
       869.1717       868.1957       867.5439       867.9363
       893.1124       892.5950       891.1235       889.3661       888.0299
       887.4225       887.2493       887.0970       886.3771       884.7239
       881.8940       878.4908       875.4893       873.1679       871.3566
       869.5934       868.2770       867.8536       868.1511       868.8132
       869.9433       871.1782       872.5956       874.2938       875.7625
       876.8688       877.7104       877.9034       877.7637       877.0461
       875.4421       874.0657       874.5837       875.4323       876.0897
       876.8101       877.3785       878.5894       880.3840       882.5529
       884.5097       885.5739       885.7301       885.6399       885.0438
       883.2543       880.8018       878.2839       876.4688       875.9318
       876.5343       877.2177       878.8121       879.8851       879.6713
       878.8077       878.0848       878.8555       880.7362       882.3846
       881.4604       878.7121       876.8084       876.4066       876.2067
       875.2424       873.3291       871.2244       869.0473       866.9929
       865.7569       865.5657       867.0272       870.6859       876.5215
       883.0818       888.6280       893.0309       895.7349       895.9177
       895.0372       894.1516       892.7917       890.3604       886.9826
       883.9814       882.1280       881.1572       880.3226       880.1560
       880.5586       880.1033       878.4218       875.8158       873.9618
       872.8932       872.8776       873.3465       873.3689       872.5425
       871.7262       872.5585       874.5340       874.9622       873.5530
       872.4166       872.6871       873.4936       873.4858       871.9760
       869.8003       868.3823       867.7046       867.1446       867.0704
       867.3474       867.2314       866.7039       866.8914
       894.0820       893.7802       892.6230       890.7357       889.0573
       888.0237       887.5900       886.9554       885.8964       883.8727
       881.0005       877.6099       874.4957       872.1014       870.1732
       868.3944       867.0269       866.8009       867.2499       868.0331
       869.0455       870.4907       872.0817       873.5943       875.0781
       876.4371       876.9094       877.0312       877.1489       876.6155
       875.2431       874.3841       874.6136       875.1364       875.7313
       876.4383       877.2733       878.4567       880.6102       882.4985
       884.1937       885.1168       885.6088       885.7305       884.7790
       883.5523       881.6236       879.6121       877.8775       876.8797
       876.2112       876.3750       876.8189       877.4372       877.5774
       876.6226       875.5470       875.1689       876.8656       879.2811
       880.5170       880.1376       880.4268       881.2571       880.8995
       878.4836       874.7824       871.5231       869.3729       867.6603
       866.0444       865.0277       865.4503       868.8173       875.0636
       881.9763       888.1816       893.0925       895.5833       895.5617
       894.7814       894.5189       894.0665       892.4046       889.7109
       887.5587       886.1642       884.6157       883.0992       881.9724
       881.4933       880.6524       878.3324       875.8701       873.7949
       872.4338       871.9433       872.4739       873.0153       872.7063
       872.3360       873.4490       874.8643       873.5231       870.9468
       869.7032       870.3342       871.9879       872.6801       871.2576
       868.3243       866.2105       865.5568       865.6554       865.8688
       866.3653       866.3047       865.9141       865.6131
       896.1285       895.9413       894.5584       892.1163       889.7608
       888.1172       886.9255       886.0493       884.9045       883.1359
       880.5721       877.5246       874.3228       871.4156       868.8704
       866.6096       865.1006       865.1138       866.3212       867.6967
       869.0225       870.0723       871.6566       873.3578       875.0071
       876.4340       877.2574       877.6840       878.0728       877.7053
       876.5352       875.5639       875.3319       875.4090       875.5590
       875.8954       876.4933       878.1681       880.3038       882.6791
       884.4755       885.5624       885.8984       885.5667       885.3345
       885.0327       883.9802       882.0560       880.5961       879.0164
       877.2462       875.6981       875.0506       875.1771       875.1389
       874.4095       873.3911       873.3500       874.4606       877.1886
       880.0758       882.7004       885.0665       886.2243       884.7501
       880.2637       874.3397       870.4955       869.2312       868.4354
       867.5818       866.8427       866.7858       869.3242       874.6774
       881.0142       887.1582       891.8389       893.9509       894.0189
       893.7336       893.9914       894.7052       894.2095       892.4832
       890.6871       889.2494       887.6941       885.7942       884.0297
       882.2991       879.8903       877.2449       874.8688       872.9296
       871.5353       870.9728       871.0697       871.3947       871.5701
       871.8555       873.2106       874.2400       872.8217       870.8065
       870.5840       871.9988       874.0115       875.3674       873.8922
       870.1100       866.8500       865.8969       866.2910       866.7852
       866.9363       866.3041       865.4021       864.8762
       896.0605       895.6431       894.5310       892.2256       889.1618
       886.3451       884.4290       883.4151       882.7905       881.9954
       880.3037       877.7522       874.7201       871.2803       867.6600
       864.5443       862.8445       863.5070       865.3922       867.4044
       868.7745       869.8237       871.2251       873.1920       875.0941
       876.7106       877.7234       878.5399       878.9297       878.6088
       877.6625       876.4697       875.9056       875.3952       874.5601
       874.1487       874.9016       876.6859       879.3068       881.8431
       883.8416       884.8163       885.2484       885.0693       885.2848
       886.5674       886.5856       885.1371       883.6815       881.8362
       879.3116       876.9966       875.3544       874.9767       874.8609
       874.0957       873.2925       873.0301       873.4331       874.9989
       878.4391       883.2371       887.3141       888.3087       885.3057
       878.7393       871.8271       867.8511       867.6436       868.5826
       869.2702       869.4866       869.6136       871.2375       875.1689
       880.2640       885.3601       888.9032       890.6152       891.3129
       891.8206       893.1362       894.6051       895.1473       893.9683
       892.0090       890.3278       889.0878       887.4042       885.1808
       882.1425       878.7208       875.7198       873.1770       870.9297
       869.3690       868.8521       868.8452       868.9340       869.8472
       871.5272       873.2102       873.8418       873.1100       872.3850
       873.5978       876.2153       878.7800       879.6754       877.7236
       873.3809       869.4337       867.8339       868.1282       868.6918
       868.4175       867.2048       865.7976       865.4446
       893.0233       892.8998       892.6242       890.5862       886.8870
       883.1196       880.7628       880.0625       880.2948       880.4111
       879.6878       877.8040       875.1777       871.4177       866.8570
       863.0416       861.7055       862.9170       865.6456       867.9374
       869.6868       870.9439       871.9272       873.2180       875.2598
       876.9501       877.5715       878.0536       878.8783       878.7155
       877.9252       876.8358       875.6877       874.5823       873.5684
       872.9091       873.5421       875.6426       878.0618       880.8225
       882.9854       884.1894       884.0098       883.3099       883.8254
       885.9051       887.5151       887.0073       885.5727       883.5920
       881.1271       878.3290       875.8714       875.5666       876.4777
       876.5125       875.7503       874.7289       873.9377       873.8191
       876.4563       881.9025       886.8256       887.8850       883.8525
       876.8259       869.6114       865.7202       866.1037       868.1776
       869.9358       870.8564       871.1783       872.9130       876.3525
       880.7590       884.4376       886.5425       887.5939       888.4737
       890.0934       892.2147       894.2798       895.0538       894.1667
       892.3934       891.0297       890.0626       888.1906       885.1212
       881.6750       878.1689       874.7026       871.2793       868.5511
       866.8807       866.1779       866.2300       866.7964       868.6965
       871.9182       874.1343       874.4359       873.9014       873.8978
       875.9690       879.7043       882.6850       883.0856       880.6815
       876.6246       872.8027       870.6746       870.4203       870.9027
       870.6951       869.3721       868.0035       867.8802
       889.6137       890.1007       890.1849       888.5768       884.8806
       880.6974       878.3210       878.0829       878.7429       879.1272
       878.7209       877.3158       874.8759       871.0886       866.4750
       862.9810       862.1738       864.5032       868.1334       871.6213
       873.9177       874.7306       874.5800       875.2559       876.7765
       877.9006       877.8913       878.0470       878.3573       878.6263
       877.8622       876.5552       875.5947       874.9221       874.2262
       873.8219       874.5755       876.3314       878.5493       881.1671
       883.1851       883.7955       882.8240       881.2664       881.4395
       883.5013       885.9144       886.7899       885.6890       883.7656
       881.3623       878.3809       875.7745       876.2067       878.4036
       879.6005       879.3211       877.9852       875.7004       874.2000
       875.6604       880.4101       885.3050       886.3569       882.6655
       876.1846       869.2220       865.1075       865.1218       867.0775
       869.3928       870.8228       871.4239       873.5049       877.5875
       881.7018       884.8169       886.2729       886.2823       886.6038
       888.4726       891.3365       893.7602       894.7396       894.0737
       893.0280       892.4380       891.2576       888.3168       884.7619
       881.6379       878.4080       874.3687       870.1565       866.9246
       865.2086       864.5238       864.7645       865.8612       868.4968
       872.5089       875.2807       875.7695       875.5026       876.3759
       878.8110       882.2639       884.6773       885.1215       883.3153
       879.9337       876.4736       874.1362       873.4182       873.4965
       873.2211       872.4784       871.5718       871.2040
       886.3058       887.2214       888.5300       888.2845       885.2028
       880.9100       878.5499       878.4326       878.5972       878.3767
       877.4246       875.8229       873.4111       870.2799       867.1968
       864.9576       864.9106       867.4590       871.9420       876.5505
       879.5704       880.2021       879.6812       879.3927       879.8420
       879.9122       879.4563       878.8751       878.6764       878.4683
       877.9276       877.3342       876.9858       876.7620       876.7370
       876.7130       876.9946       878.1765       880.1409       882.3640
       884.0389       884.5677       882.6319       880.0446       879.3439
       881.0338       883.8422       885.4340       884.4232       881.9225
       879.7774       877.7175       876.5839       877.4604       879.7117
       881.1976       881.4930       880.3816       877.4224       874.9620
       875.6058       879.3860       883.5948       884.5455       881.6791
       876.2523       870.0408       865.7384       864.7994       866.3685
       868.7982       870.1920       870.8206       873.4115       878.1660
       882.4189       885.3563       886.6231       886.0890       885.8779
       887.3881       890.0848       892.8570       894.5195       894.6137
       894.4126       893.9047       891.8010       888.2464       884.9391
       882.5267       879.4534       875.1265       870.4247       867.0950
       865.7307       865.6393       866.0540       867.8714       870.7531
       874.0682       876.8413       877.7509       878.1146       879.7596
       882.3362       884.1927       885.4748       885.9203       884.9364
       882.2112       879.2153       877.1307       876.0060       875.6573
       875.5798       875.3660       874.5079       873.8236
       884.3090       886.1883       888.6192       889.6571       887.5078
       883.3441       880.3656       879.3738       878.8755       877.7808
       876.0770       874.0930       871.7787       869.8591       868.4504
       867.5184       867.8234       870.3658       875.0032       880.3625
       883.7541       884.7808       884.6316       883.8472       882.8863
       881.9526       880.5350       879.4947       879.0339       878.5613
       878.4403       878.4875       878.6481       878.8807       878.8494
       878.6911       878.7571       879.3332       880.6078       881.9595
       883.2097       883.6060       882.2858       879.4872       878.0952
       880.0988       883.3691       884.0490       881.3656       878.5115
       877.2176       877.1422       877.5971       878.5786       879.8160
       880.8322       881.3909       880.4787       877.8359       875.1510
       875.1650       877.9855       881.0302       881.9929       880.3029
       876.4254       871.2637       867.0526       865.6138       866.6860
       868.2563       869.0056       869.5374       872.7851       878.5963
       883.1151       885.5291       886.6099       886.2803       886.0171
       886.7281       888.1729       890.7727       893.3783       895.0297
       895.4390       894.4897       891.9216       888.6427       885.9517
       883.9341       881.1713       877.1098       872.8698       869.9004
       869.2009       869.3241       870.2814       872.4592       874.8093
       877.1235       879.1493       880.2121       880.6057       881.8445
       883.7991       885.1595       886.0507       886.6033       886.1177
       883.9006       881.6707       879.9681       878.7076       877.8820
       877.9027       877.8667       877.1173       876.4126
       884.8887       887.2040       889.9860       891.6423       890.2090
       885.8873       881.6852       879.4565       878.2811       877.0531
       875.4454       873.0793       870.8947       869.5024       868.8649
       868.6312       869.3221       872.4980       878.0200       883.3912
       886.9044       887.8078       887.5593       887.1263       885.8450
       883.7521       881.3466       879.9069       879.4141       879.2699
       879.4238       879.4744       879.4886       879.8656       879.5800
       878.7972       878.3522       878.1763       878.1867       878.5406
       879.2889       879.7845       878.9962       877.3718       876.9448
       878.9431       881.5433       880.6311       876.9885       874.3733
       874.4902       876.1745       877.8339       878.9344       879.2668
       879.4590       879.5649       878.7249       876.5326       874.4955
       874.4780       876.2485       878.2038       879.2671       878.8622
       876.1561       872.1585       868.7591       867.3296       867.3257
       867.4982       867.6444       868.8134       872.8179       878.9630
       883.4642       885.3644       885.8597       885.8372       885.6329
       885.0297       884.7488       886.8041       890.6688       894.1740
       895.4205       894.5171       892.4420       889.8554       887.6492
       886.0458       884.2098       881.3788       877.7987       875.4297
       874.4258       874.1170       875.0775       877.0374       879.1152
       880.8333       882.2465       882.6639       882.4067       883.1894
       884.7903       885.8057       886.6685       888.1924       888.5049
       886.7847       885.0304       883.6817       882.1285       880.8044
       880.3156       880.3907       880.1401       879.7667
       885.8434       887.8724       890.8059       892.8346       891.7292
       887.8005       883.3795       880.2678       878.5968       877.3028
       875.5756       873.1983       870.9030       869.4100       869.1268
       869.2465       870.2528       873.8113       880.1505       886.3408
       889.5178       889.8043       889.5052       889.5818       888.7286
       886.1632       883.2997       881.4500       880.8931       880.7194
       880.4952       880.1661       879.5282       879.0287       878.3792
       876.8694       874.9378       873.6122       873.4102       873.8862
       874.4148       874.6901       873.7654       872.6441       873.2020
       875.3315       876.4408       876.1080       873.8121       872.0853
       873.0443       875.4249       877.5354       878.4702       878.4259
       877.7103       877.2075       876.4335       874.7839       873.6515
       874.2143       875.8177       876.9503       877.6834       877.4993
       875.7036       873.0468       870.5240       868.9651       867.6579
       866.5618       866.6070       868.7985       873.4507       878.8646
       882.6389       884.1388       884.4449       884.2772       883.5345
       881.6833       880.5927       882.8054       887.7943       892.5220
       894.6489       894.0479       892.6938       891.2864       890.3688
       889.8967       889.0565       887.3753       884.9117       882.3279
       880.2126       879.0239       879.6793       881.5081       883.2442
       884.8304       885.6384       885.3688       884.7051       885.2184
       886.2881       886.7125       887.4907       889.0186       889.6764
       888.9530       887.5938       886.3954       885.1617       883.8600
       882.9863       882.7744       882.6143       882.4062
       885.6931       887.7157       890.2139       891.8835       891.3956
       889.1196       885.9482       882.8939       880.9323       879.8024
       877.8724       874.9092       872.2471       870.7667       870.8286
       871.6227       872.5577       875.1740       881.0264       887.2769
       890.1300       890.4531       890.3428       890.4603       889.7505
       887.7031       884.8902       882.6362       881.5382       880.9631
       880.4116       879.4145       877.9861       876.6274       875.2704
       873.2151       871.1428       869.9054       870.0461       870.7968
       871.0176       870.6372       869.6542       868.6694       869.1603
       870.7062       872.3058       873.2320       873.0255       872.5629
       873.2141       875.0745       876.9342       877.5175       877.1633
       875.8218       874.6699       873.9661       873.4291       873.7620
       875.1827       876.8113       877.6646       877.3719       876.5067
       875.5972       874.0662       871.7841       869.3037       867.1413
       865.6553       865.8572       868.5377       873.2139       877.6508
       880.5245       882.0607       882.0842       881.8547       881.1936
       879.1766       878.4315       880.9601       885.7587       890.3282
       892.9639       893.4089       892.7056       893.1002       894.2026
       894.2441       893.6606       892.9832       891.0931       888.4221
       885.8992       884.3597       884.9006       886.4144       887.6419
       888.6752       889.0801       888.5296       887.7749       887.6564
       887.9147       887.7015       888.2865       889.5822       889.9256
       889.6860       888.6537       887.4575       886.8211       885.9969
       884.9283       884.1466       883.5851       882.9439
       885.4479       887.2250       889.5620       890.6179       890.3542
       889.5669       887.7947       885.3456       883.5082       882.7111
       881.3709       878.2790       874.7831       872.7822       872.8369
       874.7422       875.6376       876.5901       880.9233       885.5535
       887.9130       888.5941       888.3939       887.5481       886.5106
       884.9206       882.7021       880.5356       878.8248       877.6671
       876.5380       874.9312       873.5416       872.7089       871.6854
       870.0853       869.0899       868.9697       870.0104       870.6669
       870.0615       869.1673       868.6301       867.8816       867.9733
       868.7806       870.1969       871.7618       872.6245       872.7385
       873.1045       874.0174       875.1127       876.0337       875.4966
       874.0817       872.6811       872.2578       872.8685       874.6926
       877.1636       879.0967       879.4928       878.3914       876.9310
       876.2127       874.9420       872.2673       869.1276       866.6303
       865.2196       865.4471       867.8726       871.7377       875.2288
       877.8016       879.2305       879.3268       879.4329       879.5873
       878.6379       878.7172       880.8427       884.3751       888.1324
       891.2735       893.5565       895.1513       896.0931       896.7519
       896.7737       896.5753       896.4261       895.0053       892.9092
       891.2153       890.1981       890.3420       891.2190       891.8193
       892.0840       891.9146       891.1716       890.1353       889.2634
       888.5944       888.4320       889.3182       890.5341       890.8231
       890.2471       889.0162       887.8478       886.8513       886.0602
       885.0240       883.7029       882.5158       881.7264
       886.7518       888.3985       890.0385       890.5898       890.0955
       889.6808       888.9583       887.0412       885.2798       884.1260
       882.6481       879.9572       876.5189       874.1608       873.9787
       874.9599       875.0482       875.5566       878.2152       881.3107
       883.1443       883.7424       882.6361       880.6122       878.8580
       877.6665       876.6566       875.4181       873.5926       871.8144
       869.8840       868.1223       867.5777       868.1785       868.1219
       867.4539       867.5107       868.5713       870.0181       870.8711
       870.1674       869.3778       868.8994       868.8094       868.8251
       869.0826       869.7651       870.9108       871.8780       872.4634
       872.7419       872.8267       873.4527       874.1133       873.9886
       872.7762       871.7020       872.0316       873.6670       875.9101
       878.8692       881.0756       881.5881       880.6513       879.1997
       877.9916       876.3594       873.6703       870.5879       867.9980
       866.2021       865.8681       867.0306       869.5720       872.7773
       875.3909       876.4913       876.7852       877.7692       878.7332
       878.9294       879.3832       881.3732       884.2200       887.6370
       891.4507       895.5585       898.4206       898.6708       897.7554
       897.4661       898.2063       899.2977       898.8798       897.1780
       895.8474       895.0575       894.8340       895.2155       895.4713
       895.1880       894.3187       892.9307       891.3127       889.7704
       889.2646       889.6340       890.5243       891.6253       891.6517
       890.3256       888.9338       887.4930       886.0790       884.7000
       883.1739       881.4354       880.0649       879.2503
       888.7922       889.5573       890.5415       890.8433       890.4794
       890.0787       889.6764       888.3890       886.1546       883.7811
       881.3323       878.5428       875.8756       874.1959       873.6869
       873.4152       872.2499       871.5065       873.4163       875.8956
       876.9135       876.8871       875.3450       873.0065       871.3564
       870.6982       871.2678       871.2501       869.6571       867.4316
       865.6511       864.3078       864.2311       865.0864       865.1208
       864.5881       865.2092       867.1877       869.1656       870.3066
       870.4260       869.9689       869.7987       870.2420       870.6945
       870.4408       870.3691       870.7406       871.7133       872.5897
       872.6854       872.5121       872.6481       873.1730       873.0967
       871.8882       871.1908       872.4887       874.5819       876.6843
       879.1147       881.4398       882.7654       882.8536       881.8840
       880.2118       878.3688       876.2383       873.5906       870.7742
       868.6255       867.1215       867.0596       868.5500       871.5265
       874.2844       875.2164       875.6223       876.8088       877.9958
       878.8295       880.4604       883.1334       886.3099       890.1259
       894.2266       898.0367       900.1724       899.4819       897.9784
       897.7998       899.6058       902.4742       903.1339       901.0578
       899.3146       898.3370       897.8026       898.1522       898.4052
       897.8883       896.4977       894.7043       892.8704       891.2713
       890.8765       891.5120       892.2158       892.4767       891.8376
       890.5590       888.9374       887.1172       885.1462       883.0789
       880.8446       878.8177       877.2443       876.8450
       889.0787       888.9762       888.8060       889.3397       889.2742
       889.0085       888.9005       888.0004       885.5939       882.4291
       879.0804       876.0322       874.0710       873.4457       873.1511
       872.3952       870.5012       868.9046       869.2669       870.7019
       871.2478       870.8016       869.5876       868.2446       867.1791
       867.0980       868.0330       868.5230       867.6502       866.2044
       864.7753       863.6671       863.3312       863.3752       862.6069
       861.9390       863.0988       865.4981       868.1387       869.9532
       870.8348       870.9830       871.2965       872.1382       872.5378
       872.2907       871.4427       871.5198       872.1064       872.3013
       871.6244       871.0160       871.3950       872.1066       871.9012
       871.1838       871.1136       872.2705       873.9717       875.7325
       878.0338       880.7050       882.8795       884.0105       883.7330
       882.3112       880.5128       878.4769       875.9930       873.2620
       870.7729       869.0986       868.6214       869.9533       872.4772
       874.8098       875.2418       875.2906       876.1959       877.9103
       880.4021       883.1983       886.3918       890.4900       894.5341
       897.6914       899.8854       900.5140       899.0890       897.5561
       897.9464       900.6924       904.1913       905.0634       903.2333
       901.3127       900.0717       899.3723       899.7463       900.3517
       899.9203       898.6072       897.1700       895.9299       894.5519
       893.7862       894.0385       894.2020       893.3630       892.0953
       890.9604       889.5151       886.9149       884.0892       881.5696
       879.2729       877.2381       875.8764       875.4187
       887.7178       887.3932       886.3666       886.1923       886.7655
       887.1424       887.2357       886.3506       884.5737       881.6298
       878.2162       875.2282       873.6486       873.1326       873.1666
       872.4750       870.5432       868.4583       867.5621       867.6156
       867.6965       867.4447       867.0828       866.3021       865.1263
       864.3875       864.8448       865.0815       865.0375       864.8299
       864.5803       864.1142       863.5168       862.3823       860.9857
       860.3546       861.8348       864.9203       867.6733       869.8254
       871.0253       871.7782       872.7253       873.6586       874.1095
       873.8648       873.3937       873.0978       872.8682       871.7571
       870.1911       869.1840       869.3470       869.9445       870.2987
       870.4713       870.6152       870.9197       871.7035       873.2104
       875.9204       879.1761       882.0253       883.7825       884.2140
       883.7355       882.2954       879.8467       876.8801       874.1304
       872.2192       871.3125       871.5777       872.9045       874.7462
       875.5040       875.1735       874.7416       875.7443       879.1837
       884.4037       888.2919       891.1076       895.1581       898.7261
       900.3318       900.8975       900.4648       898.6120       897.1845
       898.3199       901.3659       904.0853       904.8098       903.6728
       902.0820       900.4560       899.6061       899.7897       900.6465
       901.2244       901.1021       900.6860       900.1325       899.3179
       898.3743       898.0243       897.2889       895.2448       892.9269
       891.1860       889.4542       886.7828       883.5560       880.8782
       878.8022       877.0574       875.7421       874.7966
       885.9996       886.0756       885.1232       884.6340       885.3450
       886.4160       886.5537       885.6536       884.2587       882.1702
       879.3460       876.6638       874.8831       874.0004       873.6206
       872.8472       870.9942       868.9833       867.7333       866.8555
       866.1172       866.1470       866.5029       865.9963       864.0018
       862.1890       861.8046       862.6729       863.3900       863.9556
       864.6183       865.0084       864.2825       862.7932       860.6009
       859.7392       861.8585       865.1403       867.6482       869.3618
       870.7587       872.1761       873.7457       874.8151       875.3632
       875.6019       875.3380       874.7781       873.6600       871.7192
       869.7208       868.4230       867.9935       868.4393       869.1735
       869.5256       869.2153       868.9195       869.0662       870.6398
       873.8187       877.3339       880.2741       882.0370       882.8446
       883.4542       882.4766       879.5163       876.3000       873.8729
       872.9655       873.5531       874.4648       875.5078       876.2685
       876.1418       875.4028       875.4381       877.3320       882.0839
       888.9788       894.0054       896.8524       900.3757       902.4302
       902.4047       901.6170       900.4215       898.6552       897.8861
       899.2664       901.4458       903.2491       903.5618       902.5609
       900.9011       899.5007       898.5775       898.5179       899.5396
       901.1910       902.9543       904.2429       904.9678       905.1738
       904.6610       903.6490       901.5427       897.9507       894.1901
       891.3218       889.0115       886.4157       883.3508       880.7852
       878.7355       877.2701       875.9542       874.4851
       884.6973       884.6022       884.2024       883.7887       884.6882
       886.0764       886.2579       885.2729       884.2193       882.9282
       880.8659       878.5780       876.5771       875.0210       874.0875
       872.9002       871.0345       869.3120       868.1746       866.8566
       865.6793       866.0167       867.0286       866.8595       864.3312
       861.0200       860.2581       861.8024       863.3445       864.1489
       865.2781       865.8209       865.1390       863.2482       860.4998
       859.4465       861.8430       865.1169       867.0616       868.7114
       870.2843       871.8312       873.7579       875.2203       875.9462
       875.8648       875.5568       874.8818       873.7369       871.9749
       869.8934       868.4828       867.9695       868.0980       868.4667
       868.4692       867.8619       866.8221       866.8231       868.9109
       872.5507       876.1570       878.4326       879.3994       880.2695
       881.3315       880.5465       877.6158       874.9088       873.4843
       873.7546       875.2969       876.4221       877.1396       878.1256
       878.4580       878.5977       879.9552       882.6139       887.0117
       892.6664       897.8748       902.2010       904.9296       905.4214
       904.3650       902.4935       900.1931       898.6914       898.7894
       899.9500       901.3094       902.0860       901.9121       900.4930
       898.5886       897.3098       896.9523       897.0262       898.1202
       900.5258       903.3202       906.1769       908.5146       910.0352
       910.1789       908.3104       904.6818       900.0839       895.4752
       891.5830       888.5583       885.6111       882.7020       880.2797
       878.5987       877.4817       876.1720       874.7155
       883.6758       883.1259       882.6095       882.7443       883.7256
       885.3822       885.7805       884.8790       884.1042       883.6312
       882.0629       879.7947       877.7931       876.2379       874.9313
       873.3652       871.1342       869.1033       867.8098       866.7952
       866.5042       867.4298       868.8669       868.6948       865.6074
       861.6397       860.2349       861.3760       862.9388       864.3322
       865.5281       866.2568       865.7546       863.9055       860.9600
       858.9172       860.4997       863.7961       866.0511       867.7535
       869.3842       870.9251       872.6552       874.4031       874.7275
       874.0961       873.5807       873.4166       873.1481       872.0756
       870.5566       869.3221       868.8035       868.5848       868.3460
       868.1304       867.5352       866.3038       866.3226       868.5554
       872.5937       876.2622       877.4658       877.2574       877.6593
       878.5668       877.9438       875.6897       873.9500       874.1006
       875.5898       877.3445       878.4414       879.8778       882.0907
       884.0082       885.5748       887.7698       890.4066       892.9305
       895.8635       899.7341       903.6603       905.5786       905.3751
       904.5275       902.6616       899.9692       898.4421       898.9519
       900.4622       901.5632       901.8572       900.9139       899.2936
       897.5807       896.6143       896.4248       896.5171       897.7694
       900.3215       903.2726       906.3647       909.2277       911.0217
       911.0549       908.7824       904.7180       900.0668       895.4093
       891.1169       887.4538       884.4016       881.3959       879.1615
       878.1454       877.4365       876.3847       875.0495
       883.3392       882.3114       881.7874       882.4472       883.8524
       885.2990       885.9006       885.1337       884.7305       884.4476
       882.8445       880.7050       879.0278       877.6376       876.3170
       874.4252       871.6912       869.2198       868.0007       867.9999
       868.8025       869.9996       871.0700       870.7406       867.8439
       864.4656       862.8325       862.6761       863.3036       864.1273
       864.9264       865.9166       866.4080       865.9530       863.9510
       861.2476       861.3383       863.6705       865.3075       867.0015
       868.7067       869.9899       871.3431       872.0924       871.8339
       871.2040       871.0054       871.6775       872.5309       872.3818
       871.5506       870.6752       870.2311       870.2279       869.6797
       869.5518       869.2175       868.5223       868.7266       871.3369
       875.4690       878.3724       878.4333       877.1154       876.5153
       876.6269       876.0629       874.7437       874.2397       875.4800
       877.7380       879.4906       881.2370       883.9705       887.8290
       891.2140       893.3373       895.2590       897.0583       897.8745
       898.5602       900.8311       903.3923       903.8815       903.3028
       903.1010       902.0499       899.8589       898.6369       899.1627
       900.5745       901.7390       901.6077       900.3141       898.8489
       898.1667       897.7395       897.1556       896.8077       897.9732
       900.3527       902.6989       905.2092       907.3065       908.4222
       908.0114       905.7330       902.2398       898.1763       893.7828
       889.4118       885.6486       882.5907       879.7598       878.0067
       877.4244       877.1372       876.4562       875.2543
       883.5438       882.4581       882.2254       883.5099       885.1022
       886.1502       886.2258       885.3389       885.3281       885.4702
       883.7347       881.6851       880.2133       878.8802       877.3594
       875.0640       872.6068       870.6798       870.1661       870.8972
       872.2078       873.1097       873.3796       873.0808       871.3647
       869.2380       867.7446       866.0259       864.4512       863.5549
       863.9098       865.6939       867.8635       869.0176       868.7980
       867.3419       866.4555       866.5380       866.8171       867.9503
       869.3409       870.0675       870.1667       869.8812       868.8915
       868.1359       868.6872       870.3159       872.0238       872.9241
       872.6462       872.0509       872.0623       871.9979       871.4879
       871.3038       871.6389       871.5964       872.4453       875.4258
       879.2383       881.0400       880.2357       878.2753       876.6351
       875.6287       874.9438       874.5012       874.9101       876.6547
       878.8899       880.9589       884.0058       888.4083       893.5110
       897.3867       898.9382       899.6138       900.6243       901.2491
       901.4680       902.6827       904.1950       904.1459       902.9153
       902.0991       901.2225       899.6666       898.7939       899.1769
       900.0065       900.6647       900.3840       898.8086       897.6025
       897.3888       897.3273       896.9261       896.5414       897.2651
       898.9354       900.8094       902.7365       904.4228       905.0165
       904.4479       902.2944       899.0930       895.6555       891.7533
       887.4827       883.7433       880.7947       878.8192       877.7957
       877.2278       877.1334       876.8093       876.1813
       883.4732       882.9119       883.1100       884.3642       885.8674
       886.4995       885.8176       884.7281       885.3250       886.4342
       884.8772       882.3965       880.6649       879.0864       877.0952
       875.0555       873.4072       872.4399       872.7963       874.0665
       875.4280       876.0690       875.9430       875.9287       875.4214
       874.0867       872.4861       869.3079       865.1504       862.4993
       863.2917       866.7025       870.0906       872.0554       872.6738
       872.3042       871.5214       870.5870       870.2344       870.6746
       870.8995       870.6323       870.0328       868.5834       866.7573
       865.9915       867.2374       869.5710       871.5867       872.7001
       872.9633       872.7830       872.7228       872.4010       871.8529
       871.7540       872.1309       872.6630       874.2031       877.2179
       880.1456       881.2279       880.3671       878.5503       876.5826
       874.9763       874.2219       874.3968       875.3798       877.2266
       879.4940       882.6607       887.3036       892.6608       897.4989
       901.2849       903.2241       903.6111       904.1211       904.5273
       904.2909       904.0448       904.3461       904.2137       902.9429
       901.5552       900.3989       899.3463       899.0008       899.1015
       899.0400       899.4061       899.2960       897.8066       896.3391
       895.9156       896.1609       895.9511       895.6555       895.8400
       896.6992       898.2986       900.2251       901.8816       902.6017
       901.5643       899.1717       896.2144       893.2247       889.6181
       885.1531       881.5206       879.6246       878.9871       878.6525
       878.1386       877.7729       877.6907       877.5070
       882.2643       882.6407       883.0280       883.5720       884.8565
       885.2676       883.9519       883.1450       884.7550       886.5125
       885.2460       882.1826       880.0359       878.2386       876.3546
       874.8712       873.8340       873.7087       874.7136       876.3979
       877.8096       878.3401       878.3149       878.3282       877.8900
       876.6094       874.4086       870.8463       865.5743       862.0859
       863.5480       867.9733       871.8074       873.9284       874.8140
       875.2697       875.0336       873.8472       872.5431       871.8191
       871.0290       870.5610       869.6651       867.4940       864.9885
       864.3284       865.9446       868.5975       870.7177       871.8987
       872.4559       872.4701       872.0107       871.5006       871.2426
       871.0548       871.0179       871.7072       873.9630       876.9040
       878.9309       879.3694       878.6281       877.2724       875.5987
       874.0585       873.3685       874.1558       875.5474       877.6269
       881.0764       885.6174       891.1276       895.9720       900.0501
       903.8566       906.8857       908.4808       908.5488       907.7014
       905.7161       903.8156       902.9703       902.5170       901.8688
       901.1561       900.3256       899.7678       899.7274       899.5805
       898.6874       898.4973       899.0422       898.1783       896.2865
       895.4436       895.6176       895.6044       895.0359       894.5685
       894.8940       896.3854       898.3802       899.9615       900.3441
       898.8690       896.2897       893.6392       891.0170       887.2657
       882.3632       879.2546       878.6299       879.1727       879.5032
       878.8705       878.1290       877.8277       877.6652
       880.6577       881.6885       881.9820       881.7785       882.5128
       883.1229       882.1050       881.9561       883.9333       885.8076
       884.7139       881.7448       879.5184       877.9947       876.6771
       875.3946       874.4938       874.7235       875.9974       877.5704
       878.7673       879.2277       879.1556       878.9253       878.1545
       876.4094       874.0415       870.9170       866.4138       863.5066
       865.3812       869.2929       872.6261       874.9206       876.3463
       877.1490       877.1124       875.5183       873.1670       870.8608
       869.7624       869.3279       868.6736       866.5180       863.8725
       863.3081       865.0947       867.7746       870.0374       871.2051
       871.9930       871.9886       871.0445       870.2593       870.0662
       870.2074       870.3505       871.3452       873.8310       876.2200
       877.3484       877.2280       876.3149       875.2557       874.1983
       873.3511       873.1766       874.1130       876.0245       879.2136
       884.0443       889.4910       894.2237       898.4932       902.2737
       905.7542       909.1830       911.4363       911.2592       909.0679
       906.1360       903.2988       901.8029       901.2596       901.0396
       901.1098       901.1776       900.8433       900.4542       899.8090
       898.6731       898.2689       898.6121       897.9122       896.2925
       895.1587       894.7878       894.3477       893.6108       893.2660
       893.9397       895.5186       897.1017       898.1929       898.0450
       896.2740       893.9081       891.5042       889.0419       885.7327
       881.3532       878.4309       878.0857       878.7502       879.0934
       878.5355       877.5819       876.9591       876.6974
       880.6473       881.5387       881.4221       880.5812       881.2050
       882.4472       882.3248       882.4419       884.1225       885.7646
       884.6489       881.6689       879.4552       878.6675       877.8205
       876.4749       875.3279       875.0971       876.1083       877.1907
       877.9572       878.0607       877.8270       877.5520       876.8109
       875.5824       874.0642       871.9501       868.9879       866.9465
       868.5358       871.4095       873.9646       876.4698       878.0425
       878.4553       877.9905       876.3419       873.5522       870.7487
       868.9727       868.3747       867.7384       866.3925       864.7579
       864.3870       866.0453       868.4348       870.2310       871.3699
       871.8044       871.3238       870.2979       869.5059       869.4764
       869.9008       870.4335       871.7352       873.8939       875.7227
       876.2623       875.7819       874.6245       873.7994       873.7052
       873.8301       874.3080       875.4105       877.9381       882.2801
       887.5190       892.5081       896.7658       900.9119       904.5280
       907.4749       910.6025       912.6119       911.9445       909.5392
       906.5075       903.5381       901.6515       900.9906       900.8815
       901.4929       902.0933       901.8455       901.0607       900.0062
       898.9673       898.3811       897.9675       897.0086       895.4044
       894.0905       893.1918       892.4086       891.7040       892.0449
       893.8372       895.5548       896.4027       896.6270       896.0844
       894.5089       892.3768       890.2996       888.2853       885.6401
       882.1824       879.3005       878.1332       878.2180       878.4951
       877.8577       876.6118       875.9539       876.2225
       881.4979       882.0540       881.3687       880.2949       881.2069
       883.0844       883.5991       883.5366       884.6470       885.4811
       883.9528       881.1364       879.4291       879.0359       878.4147
       877.1462       875.7369       875.1060       875.2081       875.7753
       876.2161       876.0289       875.6099       875.0851       874.5146
       874.6382       874.9935       874.5136       872.7811       871.4894
       872.2743       874.1523       875.9727       878.1799       879.7409
       880.0577       879.4493       878.0414       875.4725       872.4318
       869.7195       868.0495       867.2482       866.8876       866.4940
       866.5568       867.6089       869.2961       870.7679       871.5200
       871.3568       870.6686       869.9152       869.4941       869.7878
       870.0412       870.6223       871.6739       873.0736       874.5086
       874.8199       874.2159       873.3938       872.9939       873.4454
       874.4039       876.0779       878.3864       881.5977       885.7977
       890.4206       895.1039       899.5818       903.5017       906.5809
       909.4745       912.4387       913.9514       912.6539       909.6536
       906.6953       903.8281       901.7983       900.9393       900.9049
       901.7983       902.6384       902.4807       901.8383       900.6917
       899.6310       898.6729       897.5575       896.0757       894.3230
       892.8134       891.7980       891.1318       890.9525       891.8480
       894.0441       895.9802       895.8750       895.1382       894.7444
       893.8203       892.1059       890.0654       888.3738       886.4938
       883.6549       880.7264       878.5080       877.8951       878.0126
       877.2895       875.9099       875.6796       876.6553
       881.3387       881.5849       880.9789       880.2142       881.4758
       883.5199       884.0171       883.8632       884.4927       884.3556
       882.5464       880.2880       879.5803       879.4356       878.6735
       877.3516       876.3529       875.6887       875.2178       875.0063
       874.7268       874.1937       873.5342       872.8095       872.3908
       873.9218       875.9488       876.2759       875.0580       874.0594
       875.0339       876.4395       877.3955       879.1152       880.8947
       881.5742       881.3539       880.1874       878.2476       875.3014
       871.4595       868.1793       867.1274       867.1112       867.4097
       867.4238       867.8235       869.0604       870.2945       870.9020
       870.7739       870.1882       869.6881       869.4500       869.7255
       870.1688       870.5023       871.8011       873.0253       873.3884
       873.4910       873.3880       873.1674       873.5096       874.3539
       875.8207       878.5380       882.1024       885.8035       889.7358
       893.9003       898.3615       902.9924       906.5434       909.2331
       911.9464       914.6860       915.5200       913.3223       909.5356
       906.1436       903.3387       901.3875       900.4984       900.5034
       901.3935       902.2419       902.4353       902.4067       901.9879
       900.7070       899.4175       897.6917       895.5579       893.6364
       892.0813       891.0190       890.6815       891.1197       892.5612
       894.6168       895.8073       895.3173       894.2624       893.9859
       893.6299       892.2208       890.2086       888.6549       887.0459
       884.6465       881.7258       879.2631       877.9882       877.6588
       876.6650       875.5515       876.0149       877.2257
       879.7491       880.3067       880.0142       879.7585       881.3898
       883.7432       883.8204       883.0402       883.3445       883.8219
       882.5418       880.7054       880.0516       879.7157       878.7892
       877.8712       877.2537       876.7936       876.0900       874.9229
       873.5334       872.0770       871.4354       871.5733       872.4022
       874.8238       877.1841       877.4579       875.8785       874.9980
       876.3689       877.7631       878.3030       879.3579       880.6345
       881.4813       881.8099       881.5670       879.9423       877.0060
       872.7145       868.9013       867.1630       866.6218       866.4361
       866.3790       866.7347       867.8052       868.8202       869.8437
       870.3925       870.2935       870.2004       870.1927       870.2168
       870.5418       871.4424       873.0751       874.5605       875.2623
       875.2845       875.0804       875.5409       876.5106       877.5508
       879.0912       881.7864       885.6407       889.9170       894.2942
       898.5806       902.7935       906.6554       909.8068       912.2805
       914.7415       916.5810       916.3901       913.5210       909.4432
       905.9449       903.3094       901.5308       900.7372       900.3834
       900.7006       901.9111       902.8770       903.7243       903.7687
       902.5928       900.6801       898.0615       895.1494       892.9501
       891.6598       890.9700       891.0121       891.9535       893.3364
       894.8381       895.4978       894.8237       893.9309       893.6995
       893.6754       892.7382       890.8182       889.1958       887.5042
       884.8447       881.9779       879.2184       877.6497       876.9085
       875.9170       875.2970       875.9357       876.9729
       877.1642       878.2422       878.5601       878.3988       879.9664
       882.2269       882.4397       881.7432       882.8151       884.2465
       883.6411       881.9869       880.7538       880.1221       879.4389
       878.5112       877.7979       877.1952       876.6254       875.1444
       872.8289       870.6813       870.3687       871.6803       873.6840
       876.2177       878.2433       878.6931       878.4240       878.4717
       879.3874       879.5645       879.3566       879.3305       879.3583
       879.8410       880.8477       881.1303       879.9452       877.1379
       873.4982       870.1990       867.4922       865.5376       864.4812
       864.4390       865.2051       866.1411       867.0748       868.7552
       870.5289       871.6805       872.5567       873.0338       872.8041
       872.3031       873.0954       875.1113       877.1623       878.0969
       877.9886       877.8808       878.7390       879.9087       880.8246
       882.2643       885.0127       889.1554       894.2379       899.3065
       903.6137       906.9985       909.7695       912.3842       914.7225
       916.5302       917.4384       916.6709       913.8308       909.9847
       906.6589       904.2434       902.6694       902.0760       901.3463
       901.2730       902.7766       904.6337       905.4347       905.1723
       903.8755       901.5245       898.0200       894.5607       892.4399
       891.5215       891.3568       891.8749       892.6752       893.7892
       894.6865       894.7431       894.1461       893.4785       893.3245
       893.8120       893.3204       891.5453       889.7551       887.9058
       885.3112       881.9095       878.6792       876.3741       875.5261
       875.6700       875.8655       875.9805       876.3461
       873.3732       874.8861       876.1781       876.7983       877.7510
       879.2615       880.3646       881.5427       883.4152       884.7567
       884.2008       882.8550       881.6258       880.8781       880.3295
       879.1240       877.8271       877.2598       876.8936       875.8113
       873.3792       871.3835       871.0246       872.9130       875.5647
       877.7429       879.4290       880.6136       882.1815       883.4332
       883.0168       881.6566       880.2878       879.1746       878.4788
       878.8580       879.7195       879.8862       878.9215       876.5798
       873.4420       870.9708       868.7994       866.0166       864.3641
       864.5794       865.5410       866.5128       867.1938       868.9883
       871.7422       874.1383       875.5537       876.1335       875.8553
       874.7002       874.8771       877.1480       879.5721       880.5559
       880.0692       879.9238       881.4143       882.9124       883.5999
       884.8669       887.9595       892.7455       898.5576       903.9653
       907.7167       910.2573       912.2419       914.0970       915.8210
       917.2149       917.7840       916.7866       914.3037       910.9661
       907.8393       905.4157       904.0864       903.4473       902.9058
       902.8391       903.8868       905.1650       905.7439       905.0345
       903.4445       900.9446       897.5067       894.2802       892.4755
       891.9539       891.9187       892.1965       892.8670       893.6556
       894.1066       893.6455       892.7783       892.2465       892.3732
       892.6408       892.3638       890.9890       889.5787       888.4271
       886.1735       882.7635       878.8602       875.7091       874.8220
       876.0106       876.9286       877.0212       876.5818
       870.7156       871.7650       873.9445       875.6698       876.8370
       878.0494       879.7081       881.5965       883.6066       884.5541
       884.1847       883.1738       882.0753       881.2109       880.6183
       879.5170       878.1626       877.3596       876.8879       876.1187
       874.6492       873.2831       873.2612       875.1711       877.7723
       880.1482       882.0373       883.3544       884.9283       885.6697
       884.1430       881.7029       879.7465       878.7881       878.5325
       878.8896       879.5997       879.2817       877.7143       875.1340
       872.4547       870.7202       869.4884       868.3030       867.3555
       867.4344       868.6618       869.3714       869.7404       871.3702
       874.0153       876.4385       877.8858       878.6918       878.6039
       877.7075       877.7385       879.5815       881.9510       882.9972
       882.4147       882.5496       884.1873       885.8729       886.7723
       887.9352       891.0801       896.3169       902.1891       907.1409
       910.3855       912.5192       914.0093       915.0059       916.0706
       917.0506       917.3015       916.4612       914.0162       910.9385
       908.2416       906.2602       905.2622       904.6718       903.9609
       903.8463       904.2904       904.8304       905.0473       904.3012
       902.3167       899.6927       896.9146       894.4500       893.1378
       892.8339       892.5558       892.5074       893.0180       893.5488
       893.6348       892.8146       891.6763       891.0492       891.0159
       891.3781       890.9768       889.8619       889.1108       888.5224
       886.6149       883.2166       879.4540       876.4866       875.5428
       876.5922       877.9055       878.1247       877.7332
       870.5060       871.4684       873.1831       875.3267       876.9018
       878.1924       879.6628       881.5144       883.0554       883.8648
       884.1151       883.7039       882.7624       881.8610       881.1270
       880.0911       878.8120       877.7366       877.1484       876.6651
       876.1010       875.4654       875.9438       877.7480       879.7835
       881.9418       883.8507       885.4297       886.5429       886.1188
       883.5106       880.1490       878.0408       877.5062       877.9241
       878.8572       879.4401       878.7728       876.8327       874.1537
       871.7543       870.3269       869.8585       869.4227       869.1974
       870.0480       871.4865       872.2642       873.0925       874.7748
       876.5793       878.1209       879.8286       881.2458       881.8152
       881.9365       882.2694       883.1742       884.5148       885.2885
       885.3578       885.7985       887.2762       889.1783       890.4471
       891.5317       894.6534       899.5778       904.9172       909.2775
       911.7182       913.0520       913.9553       914.4818       914.9969
       915.3626       915.2068       914.2556       912.0225       909.3746
       907.5670       906.7662       906.4109       905.4997       904.3521
       904.0707       904.3957       904.7490       904.8524       903.9343
       901.4706       898.7179       896.6069       895.0073       894.2253
       893.8779       893.4579       893.2308       893.3375       893.5969
       893.2776       892.3303       891.2751       890.5926       890.6081
       890.7336       890.2004       889.0951       888.4904       887.7837
       885.6530       882.3053       879.3409       877.3586       876.6080
       877.5104       878.8419       879.4052       879.4174
       870.6340       871.7177       873.4665       875.2012       876.7305
       878.1568       879.7171       881.3058       882.5867       883.7244
       884.6650       884.7506       884.1449       883.6204       882.5462
       880.8176       879.3857       878.5765       878.0096       877.7044
       877.4167       877.3774       878.2802       879.6192       881.2525
       883.2153       885.3905       886.9938       887.3799       885.6004
       882.1133       878.7252       876.8714       876.3585       876.8312
       877.9431       878.6595       878.0822       876.3722       874.1792
       872.0057       870.4500       869.8647       869.6556       869.9232
       871.2197       872.7485       874.3140       875.8777       877.1678
       878.3107       879.9478       882.0190       883.9510       885.1505
       886.1413       886.8540       887.1656       887.3332       887.6449
       887.9860       888.7563       890.2335       892.1854       893.6269
       895.0264       897.8096       902.1493       906.9083       910.5743
       912.2744       912.5560       912.5058       912.6542       912.6768
       912.1328       911.4014       910.0996       908.4987       907.1215
       906.8005       907.2343       907.6689       906.9569       905.3965
       904.3080       904.3776       904.8159       904.9466       903.7845
       901.4057       898.8154       896.9876       895.8941       895.5464
       895.3218       894.8344       894.2536       893.7379       893.2979
       892.7028       891.7977       891.0990       890.8109       890.7234
       890.4187       889.6146       888.8271       887.9832       886.4673
       883.8785       880.8517       878.8671       878.0305       877.8610
       878.6536       880.1608       881.2855       881.6005
       870.4766       871.8320       874.0507       875.4603       876.6617
       878.2183       880.0532       881.3445       882.3830       883.6740
       885.2711       885.5776       885.0560       885.0101       884.0402
       882.1380       880.5270       879.4943       878.8921       878.3476
       877.8605       878.1016       879.3342       880.8345       882.4166
       884.7067       887.0109       888.2583       887.0298       884.2895
       881.1516       878.6249       877.4224       876.9791       876.9117
       877.4168       878.0133       877.8536       876.7095       874.7552
       872.4073       870.5875       869.9493       870.2763       871.3697
       872.6224       873.8738       874.9885       876.4849       878.1053
       879.8259       882.0181       884.1971       886.1302       887.6342
       888.7564       889.9329       890.4455       889.9776       889.3902
       889.6733       890.5764       892.3821       894.3821       895.8522
       897.5518       900.3199       904.0273       908.1335       911.3893
       912.7804       912.4265       911.5394       910.8657       910.0837
       908.8337       907.4443       906.3211       905.7193       905.9891
       906.7666       907.7082       908.6014       908.8415       907.4267
       905.6987       904.8780       904.8578       904.6682       903.7150
       901.7740       899.6179       898.0319       897.2616       897.0342
       896.8888       896.2751       895.3560       894.1320       893.0143
       892.1233       891.3563       890.9810       890.9935       890.9501
       890.3066       889.5980       889.0659       888.0671       886.0833
       883.2939       880.7587       879.4610       879.1684       879.4496
       880.6146       882.4399       883.9431       884.5191
       870.7380       872.3082       874.2514       875.6845       876.7211
       878.3469       880.0410       881.2701       881.9238       883.1589
       884.7042       885.2872       885.3618       885.4440       884.5015
       882.7051       881.2205       880.4143       879.9274       878.7462
       877.9186       878.6761       879.9941       881.3486       882.8672
       885.0463       886.9219       886.8813       885.0720       882.6304
       880.7283       879.8017       879.2018       878.4430       877.3104
       877.0787       877.4772       877.4025       876.3789       874.6758
       872.6896       870.8619       870.0411       870.9212       872.6926
       874.3432       874.9719       875.5687       876.8941       878.8950
       881.4692       883.7751       885.8052       887.6467       888.9608
       890.2164       891.7070       892.3481       891.4802       890.6800
       890.5370       891.3216       893.2341       895.3091       897.2132
       899.6987       902.7412       905.9485       909.0042       911.6641
       912.8463       912.1801       910.8015       909.5417       908.0774
       906.3719       904.9646       904.3931       904.5861       905.2357
       906.2319       907.2977       908.8235       910.1845       909.6878
       907.9302       906.2540       905.0667       904.4269       903.5783
       902.2618       900.6169       899.3530       898.8809       898.9383
       898.6789       897.8901       896.8213       895.2114       893.5147
       892.3680       891.4748       891.2628       891.5733       891.6399
       891.1855       890.7530       890.3166       889.1671       887.0948
       884.6552       882.5390       881.3378       881.1188       881.8535
       883.4926       885.5212       887.3021       888.1544
       870.5767       871.8038       873.6495       875.1718       876.5756
       878.2136       879.8665       880.7068       881.1861       882.2087
       883.6161       884.5487       885.1497       885.0917       883.6464
       881.7782       880.6028       880.6223       880.4669       878.8950
       878.6190       879.7692       880.5945       881.1662       882.5158
       883.9061       884.3276       883.4233       881.3728       880.0567
       880.1454       880.5765       880.4568       879.2842       877.5728
       876.6608       876.9124       876.6308       875.2665       873.8175
       872.5144       871.1465       870.4520       871.2405       873.1848
       874.9978       875.8752       876.2962       877.5618       880.4348
       883.5721       885.4414       887.0919       888.9531       889.9631
       890.8245       892.6852       893.7752       893.0936       892.0353
       891.4302       891.3969       892.7941       894.6853       897.3959
       901.3121       905.1661       907.6184       909.3951       911.0914
       911.9028       911.2235       909.8931       908.3589       906.6116
       904.6954       903.0985       902.2692       902.4774       902.8041
       903.3954       905.4774       908.2048       910.6119       910.9620
       909.6941       907.7388       905.9818       904.9687       904.2114
       903.0487       901.6118       900.7310       901.0858       901.6404
       901.3814       900.3772       899.0518       897.2690       895.3699
       893.7231       892.5251       892.1378       892.5165       892.7358
       892.9453       893.0086       892.4815       890.9140       889.3511
       887.8049       886.2454       884.8981       884.6177       885.4185
       886.9351       888.9473       890.7729       891.8460
       869.8911       870.7127       872.3642       874.2901       876.1354
       877.9689       879.3331       879.8313       880.1799       881.0668
       882.5016       883.7144       884.2213       883.6246       881.8074
       880.0753       879.3867       879.4044       879.1151       878.7596
       879.1821       879.9368       880.3226       880.4922       881.3046
       881.9546       881.4888       879.7584       878.0887       877.8247
       879.1638       880.5658       880.9456       880.1603       878.3853
       877.2148       876.8978       876.1270       874.7571       873.5894
       872.3005       871.2428       871.0245       871.8263       873.4553
       875.1186       876.1660       876.9220       878.8192       882.4531
       885.7061       887.3860       888.7955       890.0284       890.6635
       891.7341       893.6307       895.1641       894.8738       893.5510
       892.0908       891.7045       892.3046       893.9135       897.1877
       901.9883       906.0981       908.3281       909.3167       910.0143
       910.1514       909.6870       908.8894       907.8032       905.7975
       903.3640       901.3584       900.4197       900.4987       900.8242
       901.7200       903.6106       906.6021       909.3434       910.5832
       910.0499       908.6904       907.4126       906.6235       905.6239
       904.1976       902.7983       902.4882       903.5858       904.6005
       904.2819       903.1553       901.6729       899.5463       897.3042
       895.3250       893.7560       893.2916       893.4625       893.8558
       894.3893       895.1568       894.9561       893.4452       892.2075
       891.5616       890.3833       889.2976       888.9183       889.5818
       890.7941       892.4246       893.8652       894.3976
       869.1901       869.3777       870.9255       873.3699       875.6426
       877.4504       878.4236       878.8433       878.9705       879.9109
       881.7827       883.2592       882.9682       881.2751       879.4599
       878.3027       877.9494       878.2597       878.2312       878.2953
       878.8856       879.6175       879.6039       879.0506       879.0717
       879.6125       878.9299       876.9545       875.6442       876.3941
       878.6733       880.8414       881.7768       881.1803       879.6521
       878.1313       877.0377       875.8733       874.8479       873.8520
       872.4637       871.3765       871.3204       872.3023       874.1677
       875.7766       876.7283       877.9437       880.2695       883.8905
       887.0321       888.8923       890.0432       890.8505       891.5658
       892.7748       894.6496       895.8881       895.2503       893.6132
       892.5850       892.3947       892.8723       894.0214       897.0643
       901.5568       905.7540       908.4582       909.2627       908.9073
       908.5372       908.4521       908.4908       907.5291       905.3073
       902.6620       900.7553       900.1269       900.3461       900.8278
       901.4431       902.7202       905.0184       907.7314       909.4803
       909.9954       909.5866       908.8409       908.2031       907.3844
       905.8807       904.6332       904.7007       905.9201       906.9924
       906.7181       905.5488       904.0006       901.6626       898.7699
       896.5001       895.2617       894.8266       894.9320       895.1119
       895.6923       896.6681       897.0106       895.9540       895.0256
       894.5331       893.5933       892.7294       893.0164       893.7686
       894.8141       895.8688       896.2902       896.2793
       868.2555       868.0167       869.6360       872.5327       875.1959
       877.0200       878.0941       878.4016       878.5537       879.3631
       881.6904       883.4436       882.2698       879.7469       877.9633
       877.0305       877.0018       877.7312       878.0784       878.0104
       878.6667       879.1860       878.6823       877.7152       877.1010
       877.3711       876.8224       874.5758       873.6392       875.3836
       878.6952       881.5771       882.7111       882.1904       880.7879
       879.2468       877.7859       876.4821       875.6689       874.7753
       873.2225       872.0383       871.9507       872.8140       874.6382
       876.2200       877.4183       878.9875       881.4081       884.3903
       887.4139       889.5831       890.8785       891.5942       892.5020
       893.6562       895.3253       896.5677       895.5541       893.5637
       892.8549       893.3748       893.7507       894.4614       896.7809
       900.6240       905.2313       909.1653       910.2526       909.3117
       908.6379       908.7924       908.9682       907.7530       905.3817
       903.0759       901.4235       900.8062       900.8487       900.9011
       901.0592       902.3719       904.7916       907.3472       909.5344
       910.9476       911.0608       910.3391       909.5677       908.8019
       907.7195       906.6454       906.9114       908.1630       909.0845
       908.9183       907.6876       905.8728       903.1396       900.1296
       897.9982       896.7778       896.7170       896.9655       896.8376
       896.7934       897.5979       898.1874       897.8356       897.4327
       897.0290       896.3319       896.1717       896.9663       897.9594
       898.6483       899.0156       898.9724       898.6961
       867.1512       866.9801       868.9046       872.2513       874.9510
       876.7941       877.8641       878.4141       878.5123       879.2897
       881.8866       883.6464       882.2662       879.4571       877.5165
       876.6194       876.5323       877.2371       877.6505       877.6365
       878.4222       879.0916       878.4907       877.2977       876.5771
       876.2335       875.1460       873.1425       872.6215       875.0827
       878.7003       881.7760       883.1620       882.9395       881.7552
       880.4168       879.2657       877.9768       876.8275       875.6591
       874.0965       873.0894       872.9837       873.4192       874.7188
       876.5548       877.8298       879.2733       881.7867       884.9461
       887.9920       890.3373       891.5465       892.2771       892.9713
       894.0027       895.8755       897.5307       896.8148       894.3442
       893.2798       893.7498       894.3535       895.1757       896.9118
       899.9434       904.7606       909.7993       911.8486       911.1682
       910.3278       910.1358       909.9054       908.8681       906.4648
       903.8858       902.3866       901.5065       900.9511       900.7240
       900.9647       902.4612       905.3986       908.2501       910.6533
       912.3469       912.4850       911.4236       910.2778       909.5996
       908.7453       907.9572       908.3217       909.6335       910.5508
       910.4466       909.4192       907.1917       903.9979       901.2503
       899.3655       898.3217       898.1810       898.1791       897.6879
       897.3625       898.0545       899.0110       899.2680       898.9468
       898.6524       898.6176       899.1686       900.4722       901.2323
       901.2075       901.2887       901.2256       900.9874
