!     RMS - Reservoir Modelling System GRID TO ZYCOR GRID
!     RMS - Reservoir Modelling System VERSION : 10.1
!     GRID FILE NAME   : ThickShale
!     CREATION DATE    : 2018.12.21
!     CREATION TIME    : 08:24:15
@ThickShale HEADER                     ,      GRID, 5
      15,    -99999.0000,       ,      4,      1
     119,     65,    436910.1562,    440110.1562,   6469154.5000,   6475054.5000
         0.0000,         0.0000,         0.0000
@
+ Grid data starts after this line
       813.1226       812.9629       812.6370       811.8904       811.0087
       810.3624       810.0079       810.0934       809.9998       809.9968
       810.2432       810.3748       811.1494       812.7404       814.7282
       816.9257       818.6502       820.3569       821.9388       822.9881
       823.8923       824.4275       824.5961       824.6844       824.4974
       824.1863       823.5906       822.6995       821.7262       820.5290
       819.5350       817.7563       815.1860       813.1355       812.6772
       813.3466       813.4758       813.6810       814.4171       815.6609
       816.8857       817.4207       816.4336       815.2304       814.8102
       814.6550       814.2596       813.5775       813.0911       813.2701
       814.3162       815.5605       816.6459       817.6237       817.8416
       817.5701       816.9948       816.1623       816.3082       816.9318
       817.3729       817.7499       818.7526       820.2971       821.3921
       821.7953       822.3378       822.2639       821.9398       822.2940
       823.7088       825.8344       827.9416       829.5278       830.9299
       832.6321       834.0257       834.7276       835.4623       836.5040
       838.0670       840.2552       842.1746       843.3081       844.1077
       844.1128       843.7980       843.4711       842.7882       842.4971
       842.0208       840.8611       839.4575       838.0023       836.6497
       835.5897       835.2306       835.0497       834.2202       833.0861
       832.2352       832.1375       832.2718       832.0735       832.5538
       833.0931       833.0948       832.7080       831.8696       829.9978
       827.5815       825.4753       824.1092       823.8158       824.4633
       825.2833       824.9771       823.3986       822.0041
       812.6500       812.7351       812.6326       811.6647       810.4251
       809.5911       809.1364       809.0220       808.9843       809.1048
       809.4708       809.6909       810.4428       812.2095       814.4119
       816.6947       819.0665       820.8832       822.5496       823.6017
       823.8888       823.9830       823.9852       824.0358       823.9927
       824.0024       823.8596       822.9030       821.8217       820.6381
       818.8083       816.8055       814.4334       812.5202       811.4494
       811.2156       811.7280       812.6832       814.4595       816.5499
       818.1763       818.4348       817.6848       816.7777       815.9121
       814.7372       813.6429       812.7071       812.1267       812.6268
       814.1314       815.7104       817.0945       818.1073       818.2704
       817.8257       817.2742       816.6774       816.4961       817.0853
       817.8925       818.7618       819.7151       821.2369       822.1186
       822.3433       822.0228       821.6871       821.8137       822.5117
       823.6293       825.7126       827.7897       829.6932       831.9155
       834.1003       835.3644       835.9969       836.6577       837.4740
       838.8260       840.5904       842.4965       844.1483       845.1050
       845.0569       844.4511       844.1851       843.8901       843.2020
       842.5434       841.6438       840.1404       838.7296       837.5215
       836.5989       836.0659       835.7325       834.8561       833.5574
       832.7006       832.5728       832.5378       832.8445       833.4498
       834.6429       834.9714       835.0031       834.2621       832.1458
       829.0531       826.2183       824.6099       824.1707       824.6576
       825.3898       825.2153       824.0724       822.7873
       811.9983       812.1414       811.9661       810.9852       809.4211
       808.3382       808.0062       808.0755       808.3199       808.8501
       809.7070       810.4046       811.6124       813.7869       816.0668
       818.0331       820.2682       822.0346       823.3920       824.3652
       824.6959       824.5235       824.0532       823.9003       824.0454
       824.3293       824.1756       823.4971       822.5845       820.8627
       818.4482       815.9175       814.0720       812.1117       810.2186
       809.6658       810.3922       811.9632       814.2385       817.1047
       819.4888       820.1947       819.5131       818.4121       816.8967
       815.0135       813.1874       811.8978       811.3845       812.1938
       814.1688       816.5651       818.4216       819.1403       818.9669
       818.7169       818.0737       817.2267       816.6390       816.9416
       818.0257       819.0552       820.3219       821.5413       822.2305
       822.1448       821.5485       821.1697       821.4621       822.0746
       823.2351       825.1201       827.5540       829.5931       831.8426
       834.2206       835.7841       836.3828       836.8821       837.7607
       838.9084       840.7781       842.9352       845.3573       846.8123
       847.0116       846.5452       845.9302       845.2700       844.3243
       843.4686       842.6198       841.3775       840.0441       839.2919
       838.7814       838.0439       837.0625       835.9181       834.6642
       834.1096       834.1591       834.6764       835.0074       835.5991
       836.6662       837.4763       837.3855       836.3542       833.8262
       830.5046       827.4255       825.5894       825.4104       826.0835
       826.8408       826.9235       826.0687       825.0896
       812.3612       812.0228       811.2698       810.1335       808.5720
       807.3436       807.1801       807.5261       808.3120       809.7430
       811.5521       813.2778       815.1752       817.3647       818.7853
       820.1141       821.5798       822.8607       823.9341       824.7996
       825.1692       824.8093       824.1761       824.0717       824.1493
       824.4423       824.3441       823.7665       822.8040       821.0223
       818.2153       815.3854       813.1777       811.2432       809.6683
       808.7675       809.1875       810.8816       813.3544       816.3362
       819.1095       819.9877       819.3506       818.0969       816.3328
       814.2107       812.1378       810.5358       810.4475       811.8376
       814.5217       817.6348       819.8600       820.2570       820.1435
       819.7646       819.0852       818.0594       817.4070       817.6927
       818.4780       819.5121       820.3550       820.8336       820.9890
       820.5856       819.9005       819.5452       819.8287       820.6907
       822.3560       824.6611       827.2158       829.3146       831.1410
       833.1147       834.7462       835.5828       836.1970       836.9154
       838.3240       840.4779       843.7164       846.9580       849.1688
       850.0981       849.9059       848.6452       847.2143       845.7853
       844.4757       843.5980       842.5944       841.7505       841.2070
       841.1837       840.6507       839.3892       838.1316       837.1160
       836.9347       837.8184       838.7168       838.8533       838.7595
       838.9510       839.1403       838.5123       837.0260       834.1521
       830.8724       828.1722       826.7858       826.9236       828.2640
       829.5216       830.0309       829.4413       828.4913
       813.3820       812.7407       811.5602       810.1513       808.4552
       807.0624       807.0870       808.2666       809.3542       810.9398
       813.4250       815.9581       818.4069       820.1143       820.9236
       821.3340       821.9057       822.4803       823.2658       824.2011
       824.3498       823.7472       823.2825       823.2562       823.6771
       823.8738       824.0037       823.4716       822.1220       819.8849
       817.0178       814.3445       812.3961       810.6895       809.1570
       808.0315       807.6922       809.1584       811.8522       814.8098
       817.2156       817.9790       816.9015       815.4827       813.6527
       811.6351       809.5935       808.5272       809.0229       811.3161
       814.7650       818.4840       821.1186       822.2540       821.8400
       820.8461       820.3458       819.8257       819.3892       819.3951
       819.6201       819.9750       820.1475       819.8305       818.9711
       818.2587       817.5895       817.3765       817.9457       819.4543
       821.6126       824.2715       826.6599       828.7930       830.6473
       832.7232       834.3281       835.0685       835.5291       836.4675
       838.3420       841.1237       844.7410       848.6304       851.7131
       853.2886       852.9059       851.2526       849.0345       846.6790
       844.9353       843.8781       843.3880       842.7471       842.6534
       842.7972       842.6198       841.7173       840.6136       840.0423
       840.2649       841.3807       842.3214       842.0461       841.0482
       840.1588       839.3940       838.3652       836.5228       833.6808
       830.7472       828.9230       827.9856       828.6516       830.3949
       832.0704       832.9915       832.6639       831.6106
       813.5624       813.3317       812.4144       810.9699       809.5295
       808.6506       808.8173       810.0527       811.0347       812.1821
       813.7432       815.9142       818.2532       820.0822       820.7104
       820.5814       820.5628       820.5505       821.2117       822.1270
       822.4451       822.1743       821.7830       822.1565       822.9918
       823.4465       823.1042       821.8599       820.0124       817.7025
       814.9774       813.1384       811.9893       810.7039       809.1669
       807.4661       806.4301       807.2803       810.0633       813.2134
       815.5091       815.9858       814.5842       812.5179       810.7640
       809.1371       807.8145       807.1261       807.9940       810.8232
       814.8638       819.1962       822.7906       824.2753       823.8585
       822.8497       822.0831       821.9374       821.8743       821.2139
       820.3564       819.6650       819.2985       818.4658       817.0464
       815.8950       815.6700       816.0999       817.5800       819.5731
       821.9095       824.2396       826.1517       828.2185       830.7938
       833.2046       834.9760       835.4519       835.7423       837.1944
       839.3995       842.2422       845.7503       849.5044       852.9473
       854.6780       854.0086       851.5825       848.8057       846.3096
       844.6064       843.8316       843.3276       843.2829       843.6464
       844.0602       844.1799       843.6523       842.6341       841.8949
       842.1749       843.1237       843.6273       842.7377       841.3190
       840.1221       838.9519       837.5056       835.5759       833.3023
       831.2177       829.7570       829.1977       830.1664       832.3052
       834.0973       835.1066       834.6158       833.5245
       813.7747       813.4693       812.7050       812.0305       811.4192
       811.0146       811.3130       812.0033       812.5118       812.5579
       812.9550       813.9202       815.6295       817.5486       818.2217
       818.0090       817.9967       818.1678       818.7327       819.7531
       820.3051       820.6525       820.8970       821.5588       822.6172
       822.9708       821.3940       818.8781       816.6381       814.6241
       813.2107       812.4326       811.8304       810.7853       809.0869
       807.3240       805.7556       805.9678       808.4781       811.4743
       813.9311       814.5987       813.2703       811.0816       809.3805
       808.3354       807.5845       807.3275       808.3957       811.2283
       815.4393       820.1628       823.9940       825.6910       825.7748
       825.1603       824.6026       824.3910       823.8231       822.6604
       820.8883       819.3030       818.1379       816.7158       814.9282
       813.9716       814.3969       816.2032       818.5289       820.7447
       822.7703       824.6800       826.4380       828.4230       831.2565
       834.1553       835.6673       836.2454       837.4022       839.1223
       841.2516       843.9093       847.1056       850.1705       852.4133
       853.4631       852.6614       850.1290       847.0061       845.1434
       844.1611       843.5110       843.2758       843.6354       844.2468
       844.6069       844.6045       844.0987       842.9376       842.1807
       841.7753       842.1470       841.9495       840.7516       839.5259
       838.8192       838.0497       836.4881       835.0928       833.4571
       831.5327       830.0244       829.1395       830.0421       832.4970
       834.6443       835.5274       834.8463       833.5779
       813.7687       813.4680       813.0977       813.0383       812.9259
       812.5258       812.6158       812.9699       813.0670       812.8816
       812.5557       812.7393       813.7418       815.0920       815.7609
       815.6078       815.6592       816.2845       817.2676       818.2988
       819.2556       820.0788       821.1823       822.0025       822.6096
       821.5078       818.6130       815.3202       812.9390       811.8512
       811.8480       812.1437       812.2118       811.3089       809.4837
       807.8619       806.9618       807.1484       808.8202       811.1503
       813.0028       813.6008       812.6305       811.1523       809.9522
       809.1740       808.5902       808.3249       809.2819       812.1270
       816.3035       820.8452       824.3585       826.1107       826.6166
       826.9404       826.7734       826.0096       825.1592       823.5433
       821.3542       819.3451       817.5994       815.5960       813.9449
       813.4729       814.5009       816.7495       819.2504       821.2858
       822.7479       824.5254       826.6013       829.0214       831.6600
       834.1970       836.1549       837.6710       839.4686       841.3069
       843.5118       845.8398       848.3676       850.2090       851.1780
       851.1615       849.9681       848.0024       845.9156       844.5500
       843.9106       843.4532       843.4762       843.9276       843.9799
       843.6641       843.3235       842.4941       841.3768       840.2695
       839.6264       839.0390       838.2112       837.1909       836.5957
       836.8295       836.6933       836.2225       835.2012       833.5939
       831.4961       829.4301       828.1124       828.5515       830.6277
       833.1664       834.3009       833.4556       831.9929
       813.3762       813.7576       814.1788       814.4839       814.0205
       813.3718       813.0704       813.3325       813.8885       814.1717
       813.8436       813.4596       813.7771       813.8477       813.8767
       814.0718       814.2175       815.2510       816.8239       818.0025
       818.6584       819.9979       821.6801       822.5064       821.6133
       819.3718       816.1633       813.1115       811.4330       811.1052
       811.2342       812.0228       812.5851       811.9578       810.5436
       809.6284       809.9282       810.9529       812.3038       813.8423
       814.5418       814.0022       812.9620       811.9596       811.3366
       810.9237       810.1608       809.2128       809.6822       812.3942
       816.5829       820.7233       823.8975       825.6089       826.6673
       827.7580       827.9825       827.2950       826.1514       824.2864
       822.1205       820.1028       818.2922       816.4777       815.0414
       814.8198       815.8442       817.3461       818.7712       820.1528
       821.5358       823.4071       826.2256       829.0510       831.7126
       834.3426       836.7650       839.0615       840.8045       842.6270
       844.5950       846.6974       848.1755       849.0335       849.0764
       848.3488       847.0920       845.9176       845.1826       844.7474
       844.1757       843.8699       843.8836       844.0318       843.7294
       842.6506       841.2925       840.1337       839.2761       838.1742
       837.2181       836.1459       834.9996       834.0770       834.0704
       834.7292       835.7148       836.3188       835.8303       834.1032
       831.3299       828.5537       827.0079       826.9266       828.5048
       830.8344       831.9927       831.3138       830.2479
       813.9355       814.6241       815.3839       815.3303       814.5781
       813.7812       813.3724       814.0875       815.2015       815.6501
       815.2793       814.5825       813.9394       813.1750       812.8506
       812.9917       813.5983       814.9064       816.5868       817.4531
       818.1398       819.7648       821.3384       821.4618       819.7870
       817.2063       814.4691       812.4861       811.5770       811.4684
       811.8223       812.6849       813.5140       813.1418       812.3371
       812.4301       813.5806       815.4091       817.0255       817.8270
       817.2804       815.7294       814.2968       813.3702       812.4568
       811.8442       810.9810       809.7403       809.8696       812.4512
       816.4843       820.3347       823.1062       824.8168       826.2951
       827.8191       828.7147       828.4645       827.3573       825.8394
       824.0475       822.1713       820.2095       818.5856       817.1962
       816.6717       817.1221       817.3932       817.8219       818.6371
       820.1321       822.5464       825.4543       828.5137       831.5167
       834.6492       837.5588       839.9057       841.8279       843.2377
       844.6664       846.1276       846.6812       846.3642       845.7799
       845.1966       844.5074       844.3309       844.7905       845.1263
       844.8786       844.3969       844.2495       844.1223       843.2098
       841.1007       839.0350       837.9193       837.3274       837.0370
       836.5302       835.5756       834.5298       833.6382       833.3572
       834.1844       835.7823       836.7507       836.8435       835.1815
       831.6761       828.2971       826.3064       825.6072       826.6555
       828.5989       829.7284       829.4218       828.8163
       815.0548       815.6586       815.9399       815.4016       814.3383
       813.5837       813.6135       814.4616       815.5712       816.1337
       815.3761       814.2881       813.1434       812.5731       812.5529
       812.8093       813.4539       814.8852       816.0989       816.9919
       818.0818       819.3888       820.0714       819.4097       817.5373
       815.2255       813.1485       811.7917       811.2472       811.3015
       812.4669       814.1930       815.2717       815.1149       814.9515
       815.5275       816.9950       818.7493       820.0397       820.1030
       819.3412       817.8598       816.3620       814.8682       813.1949
       811.9627       811.0657       810.2222       810.3446       812.6162
       816.4847       820.0278       822.3764       823.7482       825.2089
       827.2165       828.9238       829.4930       829.0588       828.0883
       826.7018       824.7214       822.4673       820.5341       818.7513
       817.3804       817.1491       817.3540       817.3853       818.0375
       819.6298       822.1027       824.9272       827.8730       831.3376
       834.8985       837.8229       840.2822       842.0616       843.1487
       844.2177       844.7118       844.3230       843.3569       842.9707
       842.8311       842.9532       843.4575       844.2567       844.9307
       845.0214       844.3937       843.9567       843.5505       841.9586
       839.3893       836.9658       835.7225       835.9890       836.9280
       837.1849       836.8893       836.0103       835.2302       834.9659
       835.7607       837.0019       837.9813       837.8323       835.8418
       832.5059       828.5796       825.8784       824.8342       825.3514
       826.9214       827.8447       827.5153       826.6310
       816.5169       816.7436       816.4835       815.5281       814.0207
       813.2502       813.5872       814.3725       815.2125       815.2501
       814.4713       813.1459       812.0421       811.7856       812.2771
       812.6125       813.3403       814.4929       815.9981       817.1179
       818.0162       818.5521       818.1705       816.9406       815.2356
       813.5256       812.0755       810.9624       810.5336       811.1338
       812.7213       814.9330       816.6252       817.2087       817.3735
       817.9732       818.9800       820.5052       821.1135       820.8452
       820.4235       819.7348       818.2929       816.1870       813.8323
       812.0161       811.3710       811.1016       811.6277       813.7544
       816.8203       819.6299       821.6385       823.0670       824.5510
       827.1003       829.3893       830.1674       830.2654       830.0004
       828.8708       827.0187       824.2889       821.4879       819.1161
       817.4057       816.6351       816.8159       817.2751       818.0072
       819.5147       821.8161       824.4146       827.3849       830.8943
       834.3743       837.1454       839.3138       840.7548       842.0119
       842.8749       842.9185       842.2402       841.4745       841.1338
       841.6309       842.2195       842.8277       843.1117       843.0067
       842.7135       842.4175       842.4177       842.1206       840.6196
       837.9677       835.5375       834.4189       835.2452       836.6683
       837.7076       837.8472       837.3915       836.6567       836.2994
       836.5610       837.3182       838.1011       837.9129       835.8711
       831.9737       828.0262       825.3241       824.4918       824.7911
       825.6873       825.6798       824.4109       823.2903
       818.0912       817.8425       817.3768       815.9742       814.0292
       813.1219       813.5535       814.3395       814.8356       814.5723
       813.8571       812.8221       811.8300       811.7138       812.2061
       812.6566       813.3032       814.4189       815.6528       816.6522
       817.2512       817.1107       816.2449       815.0519       813.3593
       811.7715       810.6185       809.7402       809.8212       810.8174
       812.4658       814.6469       816.7851       818.2271       819.0225
       819.8243       820.6671       821.2604       821.4335       821.5059
       821.6871       821.4147       819.9869       817.4647       814.6827
       812.7850       812.0403       812.4293       813.8388       815.7894
       818.1885       820.4427       822.0488       823.4985       825.6649
       828.1361       829.8405       830.3212       830.2350       830.2768
       830.0214       828.6020       825.7408       822.4062       819.5815
       817.4553       816.3580       816.0833       816.7462       817.8903
       819.4357       821.7583       824.0741       826.6050       829.9532
       833.0300       835.3281       836.8714       838.5084       840.1793
       841.0599       841.2031       840.6610       839.9112       839.6767
       839.9894       840.9299       841.2193       840.5742       839.5858
       838.9423       838.9070       839.7194       839.8804       838.3114
       835.9731       834.1360       833.6436       834.4455       836.0063
       836.8193       837.2410       837.1644       836.4429       835.7154
       835.4471       835.5875       836.3854       836.5168       834.1972
       830.4706       827.1366       825.4813       825.0958       824.7924
       824.2567       823.1191       821.3231       819.8340
       819.6025       819.0849       818.5138       817.0920       815.1628
       814.2047       813.9103       814.5010       815.0638       814.9188
       814.5274       813.7132       812.7749       812.5776       812.7654
       813.0137       813.5471       814.3510       815.0005       815.5521
       815.9990       815.8409       815.1173       814.0634       812.5685
       810.7384       809.4620       808.9172       809.1296       810.5170
       812.5167       814.6687       816.7310       818.6062       820.1385
       821.3160       821.8706       821.7429       821.9285       822.4397
       823.4062       823.2756       821.6601       818.9959       816.1513
       813.9734       813.2236       814.0936       816.0720       818.1605
       820.2437       821.9271       822.9718       824.4574       826.7513
       828.9152       829.8392       829.6215       829.3857       829.9163
       830.4156       829.6733       827.2999       824.0652       821.0719
       818.7280       817.2075       816.6053       817.0203       818.1060
       819.9129       822.0276       823.9614       826.0757       828.6145
       831.3076       833.4680       835.0118       836.4697       838.0446
       839.0073       839.3171       838.8093       838.0365       837.4252
       837.3337       837.4565       837.2812       836.2374       835.3160
       835.2672       835.9064       836.8344       836.5482       834.7470
       832.9352       831.7351       831.3792       832.3539       833.7650
       834.5702       834.8182       834.6912       833.9462       833.0342
       832.7769       833.4528       834.4279       834.5255       832.6498
       829.6496       827.0905       825.8571       825.0366       823.9671
       822.2830       820.5837       819.0500       818.0408
       821.5306       821.0651       820.4644       819.2645       817.8188
       816.2599       815.3700       815.2107       815.4482       815.2165
       814.6783       813.9282       813.1717       812.8452       812.9261
       813.2603       813.6685       814.1818       814.4686       814.6299
       814.8193       814.9208       814.5813       813.8624       812.4484
       811.1115       810.3085       809.7047       809.9445       811.4521
       813.4248       815.3070       817.5587       819.6000       820.9722
       821.6985       821.6304       821.8699       822.4575       823.7847
       825.1639       825.1211       823.1682       820.2127       817.3969
       815.3981       814.8215       815.9838       817.6271       819.6165
       821.4815       822.4014       823.0354       824.1254       825.9235
       827.7379       828.6857       828.4675       828.3587       829.2163
       830.2818       830.2131       828.3691       825.2667       822.1835
       820.1035       818.5902       817.9888       818.2122       819.1516
       820.8089       822.2800       823.8202       825.7310       827.8866
       830.1682       832.4827       834.3452       835.8174       836.8370
       837.5178       837.5292       836.9691       836.1326       835.1986
       834.2124       833.4391       832.4854       831.2184       830.9130
       831.8850       833.1285       833.8862       833.1119       830.8917
       828.8442       827.5444       827.2311       828.2338       829.9720
       830.9781       831.2670       830.9152       829.8153       829.0555
       829.5896       831.3159       832.9233       833.1736       832.0748
       830.0239       827.6352       825.2595       823.5070       821.5696
       819.6304       818.1066       817.3927       817.4626
       822.6568       822.5184       822.2084       821.3046       820.0322
       818.4623       817.1601       816.3905       815.9416       815.3652
       814.4871       813.4597       812.7326       812.7477       812.9675
       813.2819       813.8077       813.9935       813.9894       814.0276
       814.1207       814.2385       814.1324       813.4735       812.7018
       812.3174       812.4538       812.1660       812.1295       813.1774
       814.7594       816.4861       818.3542       820.0424       820.8967
       820.6157       820.7689       821.7429       823.1072       824.9470
       826.2292       825.9659       824.0217       821.2756       818.5043
       816.7193       816.6107       817.4711       818.7260       820.0613
       821.0512       821.3793       821.3988       822.1015       823.3564
       824.8704       825.9272       826.4652       826.9059       827.7735
       829.0345       829.4078       827.9496       825.1880       822.4563
       820.6697       819.7932       819.1390       819.0292       819.8474
       821.3074       822.4039       823.4443       825.4651       828.3036
       831.0277       833.3230       835.3380       836.5571       836.8317
       836.8865       836.7847       836.2315       835.3653       833.7231
       831.7738       830.4944       829.0936       827.7372       827.6384
       828.6599       829.8201       830.1304       829.0510       826.7307
       824.4844       822.7968       822.1172       822.9983       824.7878
       826.3486       826.9077       826.4717       825.6456       825.2797
       826.5933       828.9586       831.0649       832.2282       831.8296
       830.3461       827.9587       824.9597       822.0421       819.7916
       817.9426       816.7955       816.7866       817.2003
       822.6056       822.4697       822.2687       821.5240       820.0413
       818.9830       818.2657       817.6860       816.6838       815.7203
       814.5952       813.3395       812.7973       812.9731       813.3495
       813.5957       813.4904       813.2507       812.9522       812.8674
       813.1946       813.3753       813.3709       813.1876       813.1892
       813.6832       814.1694       814.2348       813.9677       814.5054
       815.9848       817.5149       818.7566       819.8481       820.1146
       819.7626       819.9196       821.0840       823.2010       825.1299
       826.0629       825.8032       824.1133       821.8521       819.6821
       818.5523       818.2524       818.5903       819.2100       819.5571
       819.6719       819.4539       819.3401       819.7946       820.8392
       821.7266       822.9072       824.0285       824.8644       825.9608
       827.2574       827.8569       826.9145       824.8749       822.7756
       821.6447       821.0909       820.3719       819.7543       820.0338
       820.9592       822.0089       823.1697       825.5806       828.7741
       831.7952       834.5153       836.4445       837.3265       837.3875
       837.2402       837.1353       836.6289       835.0170       832.5989
       829.9711       827.8780       826.3927       825.3811       824.9648
       825.3968       825.9808       825.4607       823.8878       821.8679
       819.5845       817.7863       816.8352       817.1874       818.9556
       820.7077       821.3738       821.2622       821.0672       821.8666
       823.8775       826.6301       829.6392       831.5604       831.8368
       830.5535       827.9170       824.3452       821.2292       819.2911
       817.8829       817.3555       817.3152       818.0184
       822.3696       822.3091       821.9406       820.7120       819.2916
       818.3738       818.3297       817.9153       816.8535       815.4921
       813.9460       812.7427       812.3653       812.7170       813.0389
       812.8213       812.0235       810.9700       810.4896       810.6031
       811.0828       811.7159       812.0641       812.7015       813.2828
       813.9956       814.7315       814.7600       814.7446       815.3027
       816.6321       817.8524       819.0357       820.0172       820.1203
       819.6368       819.6106       820.6212       822.7186       824.7794
       826.0103       825.8711       824.4672       822.4674       821.2877
       820.7272       820.2940       819.6212       818.8947       818.4271
       818.1675       817.7515       817.8137       818.6615       819.1373
       819.6749       820.7004       822.1573       823.7012       825.1458
       826.3326       826.5312       825.7972       824.5028       823.5333
       822.8586       822.5420       821.7575       820.6675       820.2991
       820.5816       821.4614       822.8762       825.0953       828.2692
       831.8091       834.9404       837.3415       838.2214       838.4728
       838.2100       837.4261       835.9998       833.8990       831.2715
       828.4162       825.9626       824.2842       822.9330       822.2838
       822.1641       822.0891       821.2067       819.3043       817.0901
       814.9711       812.9897       811.8275       812.1500       813.8754
       815.4530       816.1019       816.4545       817.2439       818.9263
       821.4658       824.9831       828.6476       831.1848       831.7711
       830.2526       827.1992       823.5660       820.6187       819.0514
       818.2646       817.8234       818.3348       819.0392
       822.6204       822.7870       822.1671       820.8591       819.2869
       818.2755       817.7564       817.0320       816.0315       814.4526
       812.8172       811.6284       811.3089       811.4377       811.4979
       810.8082       809.3263       808.2474       807.7564       807.9158
       808.5598       809.4670       810.9333       812.1177       813.0191
       814.1497       814.8618       815.1752       815.1361       815.4450
       816.6419       818.0730       819.5447       820.6456       820.6071
       820.1126       819.9847       820.8552       822.8111       824.9390
       826.7551       826.8552       825.6271       824.3790       823.4635
       823.0060       822.0994       820.2636       818.4130       817.3328
       816.7785       816.3843       816.5583       817.1540       817.8345
       818.5258       819.6985       821.3946       823.2574       824.8283
       825.5093       825.2355       824.5793       824.1593       824.1095
       824.1132       823.6365       822.7316       821.2703       820.5309
       820.6775       821.2993       822.7174       824.8927       828.3409
       832.5290       836.1110       838.2785       839.5139       839.5832
       838.5703       836.7893       834.4594       832.0807       829.7076
       827.2568       824.8594       822.9839       821.2278       820.1535
       820.1408       819.7164       818.4298       816.4598       814.1068
       811.8525       810.0268       809.1077       809.7785       810.9983
       812.1823       813.0692       813.9628       815.0866       817.0143
       820.0524       823.6548       827.4235       830.1298       830.5570
       828.5962       825.4197       822.1301       819.7811       818.6088
       817.9840       817.6450       818.1409       819.0251
       823.8655       823.7818       823.1973       821.6281       819.6357
       817.9171       816.6646       815.7056       814.8023       813.6725
       812.4689       811.6041       811.1727       811.0287       810.2860
       808.8641       807.3081       806.2277       806.0029       806.3412
       807.0811       808.3842       810.3948       812.3773       813.7057
       814.7422       815.7245       815.9859       815.3724       815.4443
       816.6782       818.4368       820.0094       821.0411       821.0781
       820.8313       820.6272       821.5709       823.7314       825.7820
       827.2756       827.8474       827.3066       826.6982       825.9043
       824.9172       823.2543       820.8229       818.1768       816.4537
       815.7092       815.2704       815.2310       815.8646       816.7687
       817.8427       819.2263       820.6058       821.8850       822.9477
       823.3187       822.9557       822.3992       822.3229       822.9633
       823.5067       823.3957       822.3184       820.9908       820.4323
       820.9940       821.8196       823.0590       825.4843       829.3120
       833.6677       837.1228       839.1837       840.0073       839.6214
       837.9647       835.2596       832.4014       829.7732       827.4432
       825.0201       823.0437       821.2615       819.8423       819.3085
       819.3402       818.9480       817.8026       815.6468       812.9838
       810.7904       809.5902       809.5521       810.1596       810.5705
       811.0164       811.4980       812.3168       813.7275       815.9918
       819.2961       822.8893       826.1064       828.1526       828.1075
       826.1701       823.2061       820.4841       818.5057       817.5594
       816.6691       816.2927       816.8134       817.1909
       824.5166       824.4847       823.9076       822.3162       819.6066
       816.8396       815.2324       814.5800       814.2963       813.9041
       813.2241       812.6863       812.2870       811.4924       809.9924
       808.0096       806.0349       805.2048       805.2178       805.8935
       806.9845       808.4511       810.3529       812.3911       814.3181
       815.7573       816.5356       816.3169       815.7943       815.9252
       816.9039       818.2991       819.5037       820.3901       821.0504
       821.2363       821.2313       822.2007       824.2371       826.1251
       827.5924       828.4188       828.6898       828.6116       827.8862
       826.2934       824.3123       821.5410       818.6190       816.3012
       815.0506       814.7885       814.8817       815.6241       816.7247
       817.8522       818.7150       819.1981       819.4893       819.8412
       820.0319       819.8392       819.4442       819.4283       820.2720
       821.3389       821.7781       821.2092       819.9310       819.5897
       820.6520       822.1829       823.5167       825.8934       829.7792
       834.2236       837.8809       840.0362       840.3916       839.1529
       836.5646       833.2126       829.9280       827.1935       824.6920
       822.6003       820.8571       819.7670       819.0546       819.4352
       820.0646       820.0323       818.7705       816.3197       813.5247
       811.6292       811.0446       811.4072       811.4449       811.5396
       811.2781       810.9384       811.2441       812.7155       815.2707
       818.5826       822.0434       824.6074       825.9169       825.3745
       823.5253       821.0589       818.6579       817.1746       815.9623
       814.7493       813.9868       814.2461       814.6691
       823.5757       823.3316       822.9626       821.4782       818.4435
       815.4833       813.8079       813.7300       814.5623       814.8842
       814.5532       813.8069       812.8380       811.5581       809.6740
       807.3740       805.6454       804.9901       805.1559       805.8203
       806.8037       808.0178       809.7194       811.9268       814.5145
       816.2332       816.6156       816.5193       816.3258       816.5274
       817.1548       817.8956       818.5854       819.6790       820.7379
       821.1516       822.0324       823.3228       825.0142       826.7881
       828.2831       829.4063       829.8198       829.9578       829.3464
       827.8295       825.6672       822.9999       819.8657       816.7386
       815.1608       814.8875       815.1904       816.1977       817.3107
       818.1029       818.4632       818.5322       818.5659       818.4767
       818.0470       817.6671       817.6685       818.2584       819.1847
       820.0231       820.3966       819.9662       818.6984       818.1262
       819.4484       821.3177       823.3670       825.8465       829.6606
       834.5048       838.4028       840.4696       840.4847       838.2990
       834.7530       831.3125       828.3085       825.8209       823.9236
       821.8456       820.3242       819.7882       820.1287       821.3560
       822.4419       821.8336       819.9219       817.3763       814.8937
       813.4429       812.9681       813.0741       813.2497       812.6412
       812.0916       811.7556       811.7806       812.6820       814.9124
       817.7301       820.2998       822.1265       822.9519       822.2280
       820.0457       817.8809       816.0779       814.6602       813.4421
       812.1860       811.3710       811.6346       812.3702
       822.1238       821.5129       820.6874       818.9566       816.3759
       814.2656       813.0704       813.4544       814.7283       815.6879
       815.4704       814.4113       813.0189       811.3596       809.1691
       807.0262       805.9194       805.4750       805.3986       805.3736
       805.5513       806.6121       808.5591       811.3205       814.1417
       815.7159       816.0190       816.1749       816.4832       816.5990
       817.0361       817.9543       818.9604       819.9866       820.6609
       821.5406       822.9884       824.3439       825.9443       827.9796
       829.4460       830.5439       831.2964       831.7407       831.3774
       829.7435       827.4543       824.6005       820.8046       817.3524
       815.3644       814.9896       815.6802       816.7758       817.9334
       818.5888       818.8312       819.0848       819.5987       819.7506
       819.1154       818.0560       818.0406       818.8344       819.2422
       819.3671       819.0192       818.2809       817.0203       816.2831
       817.2638       819.0879       821.3925       824.5189       828.7344
       833.7407       837.7655       839.8287       839.3177       836.5381
       833.1248       830.0488       827.8763       826.1609       824.3173
       822.1389       820.4382       819.9871       821.2219       823.3104
       824.3707       823.1202       820.4393       817.7000       815.5474
       814.3527       813.6727       813.6361       813.6454       813.1260
       812.5852       812.7499       813.0966       813.9064       815.3210
       817.0373       818.6132       819.6399       819.7238       818.6762
       816.6901       814.7534       812.9532       811.1198       809.7040
       809.0930       809.1866       809.8776       810.7803
       821.1426       820.1437       818.8231       816.6755       814.6633
       813.6311       813.4481       814.1917       815.3545       815.8387
       815.2548       813.8631       812.6607       810.7604       808.6015
       807.2308       806.6453       805.9703       805.3701       804.9219
       804.5576       805.4656       807.6595       810.2460       812.7468
       814.1817       814.6671       815.4213       816.1482       816.5290
       817.3629       818.5553       819.4949       820.3099       821.1141
       821.9520       822.9355       823.8812       825.3835       827.7540
       829.5165       830.9269       832.2311       832.9280       832.6772
       830.9999       827.9742       824.3374       820.5278       817.4401
       816.1818       816.1951       816.4907       817.1154       818.2051
       818.9809       819.5138       820.3401       821.3641       822.0065
       821.5659       820.4052       819.7152       819.1915       818.3965
       817.5513       816.7747       815.5610       814.2719       813.4906
       813.8658       815.2740       817.6725       821.1909       825.9481
       831.0010       835.1022       837.4350       837.5668       835.5542
       832.6901       830.4733       828.6772       827.1390       824.9039
       822.1224       819.9532       819.3450       820.8854       823.1520
       824.2463       823.0927       820.2490       817.4034       815.3546
       813.7701       812.8649       812.6810       812.6729       812.4178
       812.5988       813.1566       813.9347       814.9023       815.8771
       816.6888       817.6299       818.3170       818.0573       816.5636
       814.4898       812.1791       809.8192       808.1522       807.1418
       806.9841       807.8344       809.2122       810.6224
       820.4929       819.4230       817.4509       815.4289       814.0242
       813.7746       814.3469       815.3068       815.7332       815.3481
       814.1547       812.7728       811.5020       810.1454       808.5043
       807.4599       806.7256       805.8535       804.8391       804.2996
       804.4320       805.4021       807.2014       809.3090       811.0244
       812.0989       812.8640       814.0665       815.2000       815.9348
       817.0297       817.8751       818.6740       819.3722       820.2308
       821.2469       821.8445       822.4682       823.6501       825.3759
       827.2582       828.5955       829.9798       830.6648       830.2588
       828.7012       825.9556       822.1862       819.0442       817.3746
       817.1060       817.5792       817.8091       818.1851       818.5744
       819.2238       820.2365       821.7957       823.1907       823.9533
       823.7065       822.6485       821.1928       819.5873       817.6758
       815.9426       814.5726       813.1033       811.6089       810.3516
       809.7776       810.6436       812.9490       816.7912       821.8728
       827.1731       831.8919       835.1536       836.6499       835.9746
       834.2926       832.6730       831.1060       828.8842       825.9214
       822.6884       820.0394       819.3181       820.3844       822.1849
       823.3233       822.7767       820.0763       817.0605       814.6217
       812.7274       811.8805       811.7562       811.8439       812.2407
       812.7855       813.4049       814.0339       814.4297       814.8469
       815.4380       816.3177       817.2856       817.0449       815.3657
       812.7749       810.0054       807.6672       806.1143       805.8128
       806.3510       807.5178       809.2076       810.1812
       819.8218       818.6671       816.8525       815.2798       814.4739
       814.6047       815.2197       815.6922       815.2137       814.1006
       812.7550       811.5139       810.7131       809.8724       808.6883
       807.0084       805.6852       804.3651       803.3851       803.0743
       803.6617       804.9700       806.4584       807.9710       809.4077
       810.2910       810.8950       811.7143       813.0593       814.2723
       815.0211       815.8156       816.5770       817.2166       817.8333
       818.8229       819.7886       820.6027       821.6801       823.2840
       824.4295       824.6714       825.1520       825.7479       825.6010
       824.7025       822.7148       820.1887       818.1440       817.4298
       817.6246       817.8330       818.1459       818.5015       819.1568
       819.7884       821.0068       822.5859       824.3116       825.3292
       825.1703       824.3940       823.2648       821.9888       820.2919
       818.1167       815.8860       813.7719       811.3737       808.9572
       807.1389       806.5894       808.0667       812.0754       817.8757
       824.6107       830.4847       834.8898       837.0802       837.0634
       836.0738       834.9041       833.6379       831.4476       827.9858
       824.4965       822.1242       821.4816       822.0591       823.0639
       823.9033       823.0213       820.4024       816.7867       813.6354
       811.6332       811.2974       811.8087       812.2928       812.9979
       813.5875       813.6019       813.1944       812.4791       812.2101
       813.0439       814.2928       815.0972       815.2142       813.7159
       810.8634       808.0871       805.6972       804.1298       804.2794
       805.3589       806.9648       808.1630       808.5510
       820.3593       819.5486       818.1570       816.6830       816.0031
       815.9506       815.9747       815.3569       814.2202       812.5794
       811.2542       810.2433       809.3774       808.5040       807.1787
       805.0970       802.9183       801.6699       801.1440       801.5818
       802.4853       803.6055       804.6675       806.0096       807.3473
       808.5016       809.2686       810.1179       811.1604       812.4118
       813.3361       814.3301       815.3333       815.6821       815.7186
       816.2976       817.5582       818.8760       820.8694       822.9976
       823.9512       823.4576       822.7777       822.8825       822.8999
       822.6063       821.7355       820.1925       819.1548       818.5095
       818.0997       817.8019       817.5513       818.0059       818.7761
       819.7168       820.9400       822.1210       823.7578       825.6251
       826.6486       826.5378       826.8152       827.0877       826.1924
       823.7009       819.9290       816.3699       813.3638       810.3632
       807.6295       805.6219       805.2631       808.4257       815.4285
       823.4598       830.6088       835.4339       837.6660       837.7657
       836.7111       836.1104       835.7750       834.1633       830.8051
       827.9345       826.7348       826.4603       826.5587       826.2924
       825.7849       823.9813       820.5202       816.7709       813.3033
       811.4466       811.4648       812.2614       813.1968       813.8975
       813.8601       813.0000       811.6917       810.1404       809.8140
       810.8745       812.4901       813.4508       813.2324       811.9648
       809.2031       805.9547       803.4425       802.3798       802.8595
       804.2077       805.4858       806.1493       806.2263
       822.1746       821.4556       820.1777       818.5988       817.4438
       816.6381       815.5566       814.3580       812.8802       811.4386
       810.3219       809.1641       807.7855       806.1038       803.8747
       801.3760       799.1826       798.2379       798.8201       799.8433
       800.9711       802.0469       803.0671       803.8672       805.2935
       807.1301       808.9063       809.8796       810.6703       811.6976
       812.8857       813.8961       814.8044       814.7292       814.3353
       814.6924       815.7261       817.6592       820.2035       823.0034
       824.5156       824.2757       823.3024       822.5045       822.3262
       822.5203       822.3436       821.7275       820.9416       820.4426
       819.9832       819.4888       819.0965       819.0404       819.3252
       819.6721       820.3273       821.1415       822.5496       825.1594
       827.5996       829.6006       831.3101       832.5001       831.5115
       827.3017       821.4780       817.1600       814.9363       813.2052
       811.2020       809.0569       807.1747       808.7177       814.9292
       822.7723       829.8431       834.9110       837.1210       837.2434
       836.7874       836.8870       837.6147       836.7865       834.2675
       832.2170       831.7471       831.9295       831.2440       829.8429
       827.4496       823.9708       820.3036       816.6364       813.4141
       811.6982       811.6471       812.1920       812.8594       813.4755
       812.9021       811.7329       810.1848       809.0983       809.1319
       810.7156       812.6363       813.4831       813.0362       811.1932
       808.3005       804.9337       802.5304       802.0436       802.7929
       803.8207       804.1107       804.1579       804.2288
       822.9197       821.8403       820.4878       818.8726       816.8251
       815.2028       813.9783       813.0376       812.1086       811.3777
       810.4724       809.2296       807.1622       804.1602       800.6155
       797.5292       795.9513       795.7505       796.4273       797.8406
       799.3186       800.5447       801.5062       802.9906       805.0596
       807.2766       809.2491       810.7429       811.4423       812.3859
       813.1630       814.0447       814.3792       813.8488       813.1406
       813.3037       814.4232       815.9443       818.6392       821.6477
       823.5534       823.7488       822.9232       822.0718       821.9459
       822.5895       823.0925       823.1894       823.4231       823.7455
       823.8376       823.7669       823.3170       822.8066       822.2120
       821.6035       821.3370       821.5140       822.4017       824.9982
       828.8717       832.6239       835.1314       835.8012       833.1772
       826.7690       819.6762       815.5178       815.0331       815.5866
       815.5134       814.0542       811.8610       811.7927       816.0505
       822.5673       828.5132       832.8409       835.3071       836.4243
       836.7426       837.6279       838.9337       838.9844       837.2340
       835.6937       835.3107       834.9935       833.7242       831.3279
       827.7045       823.3464       819.3843       815.7566       812.5905
       810.9250       810.6877       810.9701       811.8303       812.2744
       811.7228       810.7155       809.7666       808.9963       809.6622
       811.6375       813.9352       815.1669       814.3174       811.9941
       808.8076       805.5729       803.4759       803.1595       803.8782
       804.2286       804.3614       804.3320       804.5431
       822.4833       821.4916       819.9670       817.6620       815.2970
       813.5936       812.9758       812.6019       812.3963       812.2123
       811.7159       810.3847       807.6361       803.5686       799.0493
       795.6261       794.2455       794.4862       795.7111       797.4268
       799.1069       800.5596       802.2167       804.3500       806.9871
       809.1335       810.7804       812.1396       813.1216       813.3840
       813.6130       814.0488       814.1415       813.2782       812.8818
       813.2648       814.3806       816.0643       818.1161       820.6431
       822.2036       822.5153       821.9587       821.2313       821.4139
       822.6798       823.9293       824.9637       826.2166       827.4313
       828.5209       828.7919       828.3953       827.4092       826.3536
       825.5130       825.0259       824.6479       824.8498       826.4241
       829.8054       833.6311       836.3688       836.2099       832.2523
       824.8834       817.1579       813.4916       814.2517       816.4184
       817.4998       816.8363       814.8817       814.6775       817.7822
       823.0128       827.6021       831.1002       833.9370       835.7823
       837.2854       838.7372       839.9803       840.0765       838.9857
       837.8604       837.2023       836.5303       834.5112       830.9279
       826.7980       822.6453       818.4631       814.4486       811.3040
       809.4159       808.8724       809.6848       810.6465       811.3255
       811.3518       810.8066       810.0333       809.2134       809.5529
       811.8321       814.6718       816.6068       816.1721       813.8193
       810.7516       807.6941       805.5766       804.9930       805.5535
       806.1210       806.3455       806.8478       807.2707
       821.6140       821.2369       819.4885       817.1560       815.1461
       813.7050       812.8394       812.5789       812.5385       812.5963
       812.4033       810.9266       807.9091       803.6633       799.3149
       795.8992       794.5713       795.4930       797.8731       800.7304
       803.2919       805.4485       807.3428       809.1661       811.0952
       812.7914       813.8174       814.4700       814.5852       814.0468
       813.5570       813.6986       813.6470       813.5281       813.6500
       814.5886       816.3862       818.2419       819.7866       821.1465
       822.0942       822.0656       821.2881       820.2757       820.3424
       822.0073       824.2913       826.4034       828.4669       830.3819
       831.5334       832.0768       831.7116       830.8661       830.3454
       830.0042       829.7216       829.5867       828.7670       828.6439
       830.0111       832.7709       835.3206       835.0861       831.0330
       824.1403       816.7225       812.5837       812.8288       814.8057
       816.6678       816.7750       815.8522       816.1430       819.2061
       823.4752       827.3005       830.3608       832.8716       835.1411
       837.6181       839.8661       841.1108       841.0027       839.9742
       839.1030       838.7685       837.4187       833.8782       829.3046
       825.3733       821.9175       817.7435       813.5405       810.1692
       808.1467       807.7792       808.7143       809.9594       810.6714
       811.2711       811.4653       810.8299       809.7170       810.0891
       812.5214       815.8208       818.1977       818.4912       816.3904
       813.2192       810.4030       808.1535       807.3305       807.5797
       807.9350       808.3599       808.6822       809.1724
       820.0916       820.2523       819.2085       817.5027       816.2213
       814.7907       813.0195       812.2229       812.0416       811.7165
       810.9233       809.3615       806.7701       803.4097       799.8430
       797.2609       796.6226       798.5680       802.5106       806.6458
       810.2144       813.0388       814.6758       815.7079       816.3795
       816.9218       817.0748       816.8176       816.3125       815.0367
       813.9152       813.4164       813.7291       814.1664       814.9797
       816.5663       818.6581       820.3284       821.4755       822.4301
       822.6984       822.1201       820.4978       818.9828       818.9212
       820.6550       823.3964       826.3510       829.0820       831.1807
       832.1819       832.7083       832.7260       832.5652       832.6893
       833.0686       833.2618       832.7666       831.2084       829.8154
       829.9518       831.3517       833.2593       833.2861       830.2592
       824.5043       817.7971       812.8525       811.3982       812.4312
       814.3592       815.1882       815.0159       816.1911       819.4807
       823.4182       826.9722       829.6942       831.6613       833.9455
       836.8556       839.3743       840.8138       841.3319       840.8592
       840.4237       839.6016       837.0645       832.4066       827.7495
       824.7141       821.7203       817.8175       813.4854       809.8739
       808.0558       807.9045       808.6253       809.8096       810.8249
       811.4810       812.2443       812.1680       811.7474       812.4197
       815.0867       818.4761       820.6859       820.8500       818.9076
       815.8006       812.7013       810.5410       809.5654       809.3818
       809.2300       809.0307       808.6473       808.4260
       819.3796       819.9311       819.5753       818.6496       817.5680
       815.7266       813.4504       811.8945       811.3423       810.4103
       808.8799       807.1333       804.9465       802.4639       800.0256
       798.5457       799.2484       802.5878       807.2642       811.7632
       815.3378       817.6757       819.2185       819.6018       819.2397
       818.4860       817.5257       816.7994       816.1915       815.2981
       814.3172       813.7363       813.9694       815.1172       816.5954
       818.5428       820.2680       821.5114       822.3218       822.9362
       822.4473       821.3131       819.8543       818.5533       818.5730
       820.4728       823.0392       825.3504       827.7207       829.7816
       831.1968       831.9858       832.7375       833.0102       833.3680
       833.5872       833.5986       832.5022       830.8494       829.7701
       829.2166       829.5414       830.5234       830.8368       829.2289
       825.3680       819.5862       814.5115       811.8474       811.6442
       812.4031       812.8339       813.3276       815.3772       819.0448
       822.9742       826.2339       828.8515       830.8286       832.8135
       834.9225       836.7253       838.3921       840.0879       841.2682
       841.0902       839.3250       835.9454       831.8655       828.1227
       825.5969       823.3832       820.2537       816.2391       812.3245
       809.9999       809.0146       809.3270       810.6105       811.8215
       812.8151       813.7894       814.3272       814.4834       815.4261
       817.6222       819.9907       821.2236       820.6244       818.7891
       816.4636       814.2432       812.7690       812.1376       811.7728
       811.2772       810.2927       808.9255       807.9390
       820.3478       820.9512       820.9831       820.3895       819.1960
       816.9118       814.0500       812.1061       811.1327       809.9351
       808.2706       806.1010       803.8304       801.8040       800.2780
       799.8148       801.6740       805.6702       810.2224       814.2090
       816.8739       818.4771       819.5411       819.9052       819.0753
       817.4478       815.4907       814.3142       813.7150       813.2380
       812.9559       812.8157       813.2502       814.9462       817.5892
       819.6904       820.9418       821.4329       821.9420       821.6251
       820.6155       819.4022       818.4280       817.9658       818.9628
       821.3026       823.6567       825.1780       826.6841       828.3932
       829.7802       831.0925       832.1632       832.7887       832.7338
       832.2250       831.0787       829.7874       828.8491       828.5487
       828.3496       828.1488       828.4616       829.0258       828.8386
       826.4095       822.0856       817.8232       814.9449       813.1124
       811.9976       811.9282       813.0287       815.3922       818.9038
       822.5881       825.7104       828.1630       830.1526       831.4586
       832.2034       832.8685       834.7525       837.7905       840.6551
       841.0278       838.8572       835.7745       832.7411       830.2589
       828.4484       826.8355       824.6616       821.3327       817.4977
       813.9022       811.6899       811.5479       812.6561       814.1240
       815.4393       816.4165       816.7385       816.8428       817.5613
       818.4423       818.9559       818.2791       816.6434       815.2001
       814.7293       814.7018       814.9462       815.1442       814.9011
       814.1875       812.7018       810.9575       809.7447
       821.0659       821.7426       822.2717       822.1616       821.1880
       819.0773       816.6275       814.7565       813.4074       811.5156
       809.3181       807.2087       804.6467       802.6451       801.7327
       801.9069       803.5919       806.9254       811.0203       814.4149
       816.4860       817.7164       818.7669       819.6858       819.3904
       817.5079       815.0175       812.8882       811.7542       810.8588
       810.5113       810.6099       811.2239       813.2125       816.0620
       818.2552       819.1780       819.5247       819.4743       819.0712
       818.0255       817.0086       816.0436       815.8194       817.5116
       820.4114       822.7604       824.6439       825.9650       826.8912
       828.2531       829.9456       831.4272       831.7546       830.9105
       829.5754       828.2796       827.1279       826.7805       827.4776
       828.6987       829.2255       828.8887       829.1326       829.2565
       827.9910       825.1982       821.9094       818.9693       815.8947
       813.6379       813.1542       814.1625       816.2681       818.9523
       822.0295       824.9274       827.7482       829.5458       829.7073
       828.6469       828.6163       830.9795       835.4213       839.2042
       840.2700       838.6292       836.2425       833.8792       832.1174
       831.3138       830.5084       828.7934       826.0219       822.4592
       818.6605       815.9259       815.3296       816.2706       817.7582
       819.0016       819.6347       819.5956       819.4066       819.2919
       818.9633       817.5682       815.3244       813.0581       812.1166
       812.9263       814.3682       815.5369       816.7293       817.4283
       816.7331       815.0036       813.2722       812.2682
       821.2969       822.3106       823.3243       823.9540       823.9059
       823.0825       821.8041       820.1436       818.0203       815.3273
       812.6152       810.3959       808.0135       805.8797       804.8007
       804.6957       805.4136       807.5323       810.9041       814.1296
       816.5773       817.9781       819.0306       820.4728       820.8793
       819.1782       816.0191       813.0297       811.1078       810.0715
       809.4409       809.2056       809.7598       811.1470       813.2543
       815.0587       816.0144       816.4983       816.4711       816.1978
       815.6315       814.6550       813.8081       813.3790       814.4336
       816.8811       819.6039       821.9741       823.6334       824.6539
       826.0111       827.9431       829.3251       829.3495       828.4302
       827.3206       826.5711       826.0076       826.3835       828.4222
       830.6684       831.5085       831.1396       830.5877       830.3575
       829.8671       828.1873       825.0980       820.9702       817.1597
       814.8958       814.1268       814.5041       815.9360       817.9131
       820.1474       823.4454       826.6697       828.5604       828.0833
       826.3232       825.9249       828.6257       832.9842       836.6180
       837.7646       837.0134       835.1840       833.6512       832.8572
       832.5120       832.6801       831.8936       829.7291       826.7699
       823.5825       821.3104       820.4282       821.0504       822.4110
       823.4893       823.4245       822.8227       822.1702       821.3853
       820.0234       817.3600       814.4406       812.2238       811.3865
       812.7045       814.1902       815.2106       816.7487       818.0555
       818.0633       816.7227       815.0259       813.7205
       822.9713       824.2435       825.9132       827.0506       827.3794
       827.4619       826.8789       825.3469       822.8402       819.7549
       816.6926       814.1569       811.8279       809.7535       808.2943
       807.6219       807.6484       808.7773       811.3193       814.5360
       817.2601       818.6699       819.4585       819.9935       819.7374
       817.7563       814.7071       812.0214       810.5433       810.1212
       809.6840       809.2171       809.1697       810.0563       811.6296
       813.0108       813.9293       814.1415       814.4507       814.6226
       813.8699       812.8849       812.0974       811.5186       812.0134
       813.8568       816.3739       818.5142       820.2358       821.6902
       823.3154       824.7747       825.5920       826.0256       826.2816
       826.4816       826.4064       826.3444       827.5038       830.1474
       832.8608       834.1708       833.8995       832.9609       832.1123
       831.5551       830.0928       826.2634       820.9732       816.4454
       813.8795       812.9773       813.0325       813.7061       815.1123
       817.7590       821.4313       824.7524       826.5085       826.3915
       824.9898       825.0186       827.2606       830.2358       832.6851
       834.0240       834.0042       833.3651       832.5232       832.2788
       832.8926       833.8657       834.4634       833.5544       831.4043
       828.9873       827.1465       826.0345       826.2658       827.2832
       827.7323       827.2263       826.1220       824.5527       823.1417
       820.9068       817.4474       814.0560       811.8271       811.4454
       812.6498       813.9659       815.0159       816.1334       817.1033
       817.1693       816.1603       814.2149       812.8672
       826.5526       827.9433       829.4473       830.0672       830.0743
       829.8654       829.3392       827.7980       825.4383       821.9495
       818.4963       815.9857       813.7311       811.6984       810.4193
       809.9335       809.6550       809.9598       811.6158       814.3170
       816.4404       817.4737       817.4436       816.4202       814.6674
       812.6037       810.9690       810.1689       810.2590       810.8662
       810.7045       809.7599       809.1501       809.2480       810.1938
       811.4450       812.4299       812.9568       813.5359       813.7853
       813.1160       812.3063       811.7189       811.5393       811.7999
       812.9769       814.9119       816.7523       818.1005       820.0217
       821.6947       822.5032       822.9409       823.7568       825.0192
       826.0048       826.5376       827.2685       828.7620       831.2027
       834.0882       835.8180       836.0465       835.2811       833.9378
       832.8103       830.9736       827.1769       821.7308       816.8113
       813.5320       811.8528       810.8835       811.0297       812.8698
       816.1615       819.9252       822.7805       823.8978       823.6431
       823.1621       823.7750       825.5937       827.5614       829.4525
       831.2359       832.5704       832.8102       832.0424       831.9034
       832.9093       834.8141       836.6267       837.1203       835.7768
       833.8326       831.9332       831.0121       831.1793       831.5851
       831.2504       830.4117       828.8557       827.1528       824.6932
       821.4910       817.5250       813.8785       811.6078       811.1285
       811.9543       812.9287       813.8960       814.4271       814.1397
       813.4695       812.2300       810.6772       809.4346
       830.1524       830.6682       831.2394       831.1634       830.7803
       830.3235       829.3062       827.6754       825.0181       821.4130
       817.7161       815.0070       813.2169       811.9395       811.4175
       811.1358       810.6110       810.0515       810.6804       811.9664
       812.9643       812.9921       812.3600       811.2621       809.7991
       808.5798       808.4870       809.8111       811.6222       812.6979
       812.3436       810.9783       809.5594       808.5244       808.1602
       809.1754       810.5586       811.9424       813.1234       813.7603
       813.8920       813.7073       813.5034       813.4990       813.6948
       814.1716       815.4658       816.9162       818.6431       820.6982
       822.2583       822.8747       823.2314       824.0156       825.1678
       825.9675       826.6506       827.7441       829.3302       831.1060
       832.8297       834.4152       835.5426       835.6990       834.6070
       832.9083       831.0784       828.0764       823.7191       819.2391
       815.8824       812.8870       810.9078       810.8386       812.9034
       815.9992       819.0479       820.7005       820.7087       820.2168
       820.4880       822.1724       824.4546       826.6742       828.8035
       830.7656       832.4498       833.3125       832.8621       832.6906
       834.0349       836.1525       838.5436       839.6349       839.2037
       837.6906       836.1407       835.3663       835.9024       835.9761
       835.2159       833.8066       832.2620       830.1934       826.7399
       822.0914       817.7143       814.2463       812.0004       811.3223
       811.3035       811.6922       811.8907       811.3500       810.1072
       808.6711       807.6397       806.9542       806.7065
       830.6849       830.4648       830.4916       830.5504       830.3545
       829.7681       828.7494       826.8328       823.9661       820.1856
       816.0146       812.7421       811.1362       810.9993       811.3350
       811.2300       810.3810       809.6563       809.1151       808.8818
       808.4894       807.8273       807.1368       806.9828       807.0253
       807.4518       808.8473       811.3141       813.7524       814.8671
       814.0803       812.6089       810.9662       808.9141       807.3752
       807.5005       809.0549       810.9705       813.0366       814.6785
       815.6901       816.2499       816.1184       815.9807       815.8809
       816.2614       817.2976       818.7759       820.4774       822.1722
       823.4247       824.1976       824.9265       825.6103       826.0397
       826.4548       826.8348       827.2504       828.0215       828.5649
       829.2135       830.7108       832.6438       833.8791       833.4631
       831.9312       830.4795       828.3609       825.2085       821.7598
       818.3110       815.1878       813.0687       813.1768       814.5670
       816.4208       817.5322       817.5538       816.7202       816.4846
       818.1776       821.3076       824.8221       827.8448       830.1467
       831.6632       832.7398       833.3506       833.4019       833.9799
       835.5743       838.1362       840.2398       841.1913       840.9914
       840.4581       839.5780       839.3566       839.8794       840.2143
       839.4105       838.1439       836.5448       833.7485       829.0987
       823.2471       818.5665       815.6256       813.8223       812.6713
       811.9244       810.7959       809.7668       808.4623       806.4997
       805.2601       805.1229       805.7671       806.4822
       828.6332       828.5679       828.7960       829.1230       829.3223
       829.3048       828.7201       827.2200       824.2476       819.8546
       814.9503       811.0652       809.4161       809.5594       810.2794
       810.2940       809.8844       809.0974       807.9280       806.8163
       806.0903       805.3248       804.9258       804.8735       805.5958
       807.2706       809.9246       812.8651       815.2776       816.0830
       815.6012       814.4601       813.0690       810.8830       808.4882
       807.5636       808.6004       810.8091       813.0827       815.1297
       816.5889       817.4567       817.7170       817.6344       817.9836
       818.7249       819.7926       821.0671       822.4172       823.3768
       824.0111       824.5487       825.0520       825.6635       826.0903
       826.1241       825.6948       824.7513       824.1609       823.8048
       824.2648       826.0922       828.4044       830.1920       830.7753
       830.4529       829.5360       827.9483       825.2727       822.1633
       819.0452       816.3716       815.2202       815.3618       815.9828
       815.8080       815.1567       813.9665       813.2758       814.2256
       817.3143       822.0323       826.7073       830.0419       832.1378
       833.2872       833.4846       833.2958       833.8170       834.8259
       836.6091       838.9507       840.8695       841.4269       841.2936
       841.3101       841.3172       841.3256       841.7411       842.1819
       842.1154       841.7370       840.6522       837.6589       832.3359
       825.9043       820.8436       818.2997       816.6008       814.9042
       812.8322       810.6990       808.8061       807.0251       805.2762
       804.6315       805.2853       806.5134       807.2441
       826.9667       826.9503       826.9674       827.7772       828.8904
       829.6383       829.5706       828.2508       825.0217       820.2269
       815.3879       811.4553       809.5240       809.3438       809.7733
       809.9758       809.6210       808.6567       807.2856       806.3605
       805.7892       805.6030       805.2361       804.8071       805.1064
       806.9683       810.0878       813.1291       815.2881       816.4095
       816.6368       816.5588       815.1798       812.3647       809.7384
       808.4828       809.1055       810.7769       812.5143       813.9789
       815.4187       816.4342       817.3375       818.2795       819.3654
       820.7996       821.8959       822.7675       823.2399       823.4178
       823.4703       823.4027       823.5851       824.1216       824.6721
       824.4448       823.0270       821.3049       819.4263       818.6863
       819.5788       821.6513       824.2818       826.0349       827.0963
       828.1799       828.2736       826.7302       824.2736       821.1271
       818.3862       816.9517       816.6257       816.9396       816.7130
       815.5593       813.6846       812.5587       812.9276       815.1288
       819.1975       824.5826       829.6993       833.1972       834.9952
       835.6668       834.9329       834.3599       834.6072       835.6404
       836.9687       838.4109       839.9156       840.5311       840.3524
       840.3618       840.7229       840.5932       840.6034       841.2919
       842.5473       843.8433       844.1417       841.9347       836.8536
       830.6673       825.3895       821.8066       819.3522       816.5699
       813.6445       811.0431       809.1932       807.4432       806.1426
       805.4882       805.7805       806.6942       806.7379
       826.3211       825.7128       825.8716       826.8991       828.7072
       829.9567       829.9102       828.1733       824.7770       820.5402
       816.3868       813.2150       811.3380       810.7816       810.9950
       810.8457       810.0034       808.5270       807.2346       806.5795
       806.5449       806.6525       806.6342       806.1672       806.2656
       807.8969       810.1308       812.4011       814.1585       815.4774
       817.0509       817.7766       816.1213       812.8752       809.9221
       808.6058       808.7059       809.7218       811.0104       812.2515
       813.2514       814.3019       815.9920       818.3248       820.3405
       821.3610       821.9969       822.0659       821.9297       822.0106
       821.8977       821.7424       821.8978       822.2338       822.6754
       822.4680       821.0586       818.5444       815.9916       815.0867
       816.6877       819.3940       821.2595       822.2239       823.5131
       825.3871       826.1035       825.0304       822.9368       820.2314
       818.0573       817.5602       818.0757       818.4948       818.6218
       817.9226       816.6104       816.3177       817.3026       819.7258
       823.5437       828.4026       833.2542       836.4202       837.6993
       837.7297       836.9152       835.9079       835.8882       836.6658
       837.4755       838.3076       839.1485       839.5485       839.4489
       839.1950       838.8717       838.6462       838.7582       839.8707
       841.8221       844.2821       846.2974       845.7934       842.4745
       837.6808       832.5336       827.9146       823.7566       819.9214
       816.2657       812.8687       810.2291       808.2285       806.6602
       805.7381       805.6341       805.7343       805.3883
       825.9564       825.2377       825.1205       826.0652       827.5663
       829.0233       829.4055       828.1379       825.1070       821.3490
       817.8099       814.9909       813.6732       813.6057       813.5096
       812.9297       811.3582       809.4270       808.2546       807.8824
       807.9918       808.6815       808.8822       808.4807       808.6100
       809.4786       810.3937       811.6507       813.3030       814.9428
       816.3796       816.8005       815.5102       812.5963       809.6135
       807.8343       807.4193       807.8795       809.1693       810.5207
       811.7416       813.1526       815.1257       817.8989       819.8405
       820.2198       819.8490       819.6673       819.6691       819.9325
       820.2272       820.2746       820.4665       820.8201       821.0422
       821.2429       820.3007       817.7083       815.1974       814.6357
       816.6177       819.1166       819.5027       819.1841       820.2030
       822.0403       823.2922       823.0509       821.5706       819.8164
       818.6741       819.0500       820.0629       820.7481       821.7173
       822.6276       823.5554       824.5063       825.2018       826.2131
       828.5770       831.7265       835.0279       837.3362       838.4137
       838.2589       837.7197       837.4468       837.6410       838.4248
       839.6441       840.5327       840.8361       840.2767       839.4964
       838.7496       838.0213       837.6647       838.0029       839.1677
       841.1431       843.7085       846.2638       847.4572       846.5729
       843.7307       839.8865       835.1291       829.9579       825.0608
       820.5436       815.8926       811.3601       808.3365       806.7244
       806.3674       806.4422       805.7836       804.7483
       825.5367       824.5841       824.1321       824.7864       826.4333
       828.0746       829.1258       828.8229       826.8163       823.4631
       820.1321       817.8448       816.7520       816.4246       816.1589
       815.1553       813.1206       811.1262       810.3214       810.7008
       811.7498       812.6890       812.6021       811.7093       811.1978
       810.9660       811.0744       811.8204       813.0928       814.3699
       814.8041       814.7198       813.5832       811.6315       809.3641
       807.3649       806.5518       806.6789       807.7877       809.5626
       811.0662       812.5037       814.3340       816.1786       817.1572
       817.0284       816.6021       816.7627       817.5948       818.1194
       818.4474       818.5424       818.7238       819.2905       819.9027
       820.5024       820.4249       818.9717       817.3683       817.4523
       819.2700       820.8330       820.2552       818.8326       818.3749
       819.0765       820.2485       820.5054       819.7875       819.1924
       819.3193       820.3282       821.9205       823.4084       825.0235
       827.3665       830.2884       832.4792       833.1580       832.7959
       832.7983       833.8132       835.3705       836.7232       837.4454
       837.6674       837.8578       838.3589       839.1787       840.5139
       842.1205       843.2430       843.0063       841.6559       839.9792
       838.6724       837.5053       837.1582       837.5112       838.4775
       840.1945       842.4536       844.5258       845.9863       846.1939
       844.5718       841.5320       837.4582       832.6132       827.7565
       822.8506       817.3925       812.1390       808.6774       807.8834
       808.3676       808.3986       806.8535       804.7861
       824.9954       823.7178       823.2999       824.4687       826.1424
       827.8915       829.1578       829.2384       827.9312       825.5251
       823.1284       821.1324       819.4851       818.2744       817.2717
       815.6144       813.7230       812.0447       812.1844       814.0353
       816.4776       817.7441       817.0076       815.4015       813.8454
       812.8958       812.2636       812.2230       812.3587       812.3749
       812.2125       811.7994       811.1511       810.2477       808.8608
       807.5106       806.5574       806.6211       808.0131       809.9821
       811.6309       812.5425       813.3190       814.2043       814.0380
       813.3989       813.1822       813.6802       815.0639       816.3453
       816.5597       816.6281       817.0681       817.8820       818.9207
       820.0481       820.7487       820.7773       820.6839       821.3695
       822.9210       823.5538       822.4352       820.1143       817.8770
       816.9753       816.9354       817.2772       817.5117       817.8724
       819.0197       820.7181       823.0016       825.5375       827.9570
       830.8599       834.3689       837.4938       838.6970       838.3231
       836.9982       836.3011       836.5042       836.8748       836.7859
       836.8221       837.4977       838.3754       839.6663       841.3409
       842.6562       843.3441       843.2111       841.8068       840.0302
       838.3297       836.8632       836.3456       836.6003       837.4348
       838.8380       840.3630       841.8931       842.9407       842.7480
       841.1434       838.0542       834.2756       830.5636       826.6738
       822.1660       817.2852       813.0284       810.7476       810.5450
       810.6862       809.8676       807.2402       804.5263
       824.6530       823.5137       823.1709       824.1281       825.7568
       827.2079       828.1404       828.0247       827.3514       826.4279
       824.5011       822.3965       820.0413       817.9922       815.8802
       814.1709       812.7831       812.1451       813.5352       816.5322
       819.2918       820.2560       819.1785       817.3000       815.6454
       814.1316       812.7991       811.6019       810.5845       809.3795
       808.5506       808.2580       808.3895       808.4235       808.2192
       807.6680       807.2999       807.6620       809.3463       811.3060
       812.2692       812.6046       812.8335       812.5781       811.8315
       810.6313       810.3724       811.2605       812.7726       814.5868
       815.6016       815.7838       816.1663       817.1812       818.4849
       819.6542       820.6378       821.4318       822.2261       823.1967
       824.2568       824.3519       822.7678       820.0789       817.1518
       815.0859       814.6910       815.0221       815.7947       817.0169
       818.9551       821.5143       824.4420       827.2310       829.9026
       832.7971       836.4902       839.9332       841.7749       841.7194
       840.5610       838.8513       837.7991       837.4596       836.9036
       836.5308       837.0136       838.1893       839.6082       840.7352
       841.3734       841.9446       841.9242       841.2884       840.0536
       838.4528       837.1652       835.8456       835.3646       835.7018
       836.6059       838.1718       839.6950       840.5132       840.0565
       838.0279       834.7837       831.2209       827.9520       824.7156
       821.0386       817.5076       814.5881       813.6547       813.6022
       812.8322       810.7096       807.5192       805.0924
       824.4056       823.6914       823.0100       823.4091       824.3390
       825.7505       826.3333       826.6002       826.9072       826.1425
       824.2220       821.2056       818.3998       815.9743       813.8495
       812.4938       811.7949       812.2929       814.3015       817.1422
       819.4136       819.7703       818.6096       817.1345       815.7197
       813.9783       811.8282       809.6558       807.4719       805.5548
       804.5294       804.7473       805.6574       806.8358       807.5662
       808.2200       808.6234       809.2987       810.5407       811.4250
       811.6064       811.5541       811.1220       810.3749       809.1480
       807.7759       807.5166       808.9704       811.0092       813.1387
       814.8951       815.6282       815.7748       816.5095       817.9506
       819.3359       820.0772       820.7183       821.6538       822.3638
       822.6628       822.3942       821.2116       819.2304       816.8792
       814.8924       814.2961       814.9847       815.8875       817.2543
       819.7240       823.0369       825.8926       828.4757       830.8507
       833.3015       836.8206       840.6004       842.7423       843.0375
       841.8247       839.9158       838.1930       837.4420       837.2196
       836.8585       837.7045       839.2095       840.1304       840.2397
       840.3442       840.5580       840.7006       840.7779       840.0969
       838.8164       837.2906       835.5538       834.3391       834.2261
       834.8244       836.3809       838.2222       839.1508       838.6567
       836.4353       833.3732       830.0209       826.9586       823.8695
       820.9784       818.4157       816.2867       815.2237       815.0685
       814.2405       811.9302       809.0378       807.1605
       824.3586       823.9302       823.3467       822.9498       823.4778
       825.0278       826.4386       827.5856       828.4525       827.5270
       824.4861       820.6019       817.2678       814.9559       813.3674
       812.1611       811.6286       812.0869       813.7427       816.0651
       817.4657       817.7502       816.9155       815.7641       814.5140
       812.5276       809.8452       806.8807       804.2828       802.7414
       802.4812       803.2068       804.7258       806.0775       807.3086
       808.5853       809.5497       810.0745       810.5703       810.6960
       810.3707       809.7036       808.9288       807.5576       806.0206
       805.1315       805.2343       806.7484       809.0583       811.5495
       813.7830       814.8437       815.2321       815.8517       817.3642
       818.9515       819.6323       819.8508       820.5115       820.8522
       820.4112       819.6756       818.9559       818.0882       817.0026
       816.0510       815.7532       816.3525       817.0844       818.5807
       821.0197       823.6835       826.1665       828.4891       830.6702
       832.8179       836.0096       839.6418       842.0268       842.3143
       841.0366       838.9100       837.1541       836.5739       836.6078
       836.9384       838.3423       840.0778       840.8051       840.5636
       840.0129       840.0180       840.1929       840.4411       840.0086
       838.5256       836.6011       834.9478       833.8902       833.5615
       834.4896       836.0681       837.4012       838.1678       837.5262
       835.6038       832.6183       829.4628       826.4841       824.0623
       821.6811       819.3915       817.4244       815.7441       814.8586
       814.3402       812.9355       810.7641       809.2336
       824.1625       824.1945       824.1003       823.7338       824.3204
       826.0370       827.8868       829.8234       831.0682       830.0748
       826.4526       821.6378       818.0594       816.0041       814.6677
       813.2393       812.0045       811.8121       813.2332       814.7169
       815.6749       815.8328       815.2185       814.2658       812.9503
       811.0999       808.4763       805.7371       804.1526       803.8564
       804.0831       804.9103       806.1010       807.0648       808.0009
       809.0563       809.9259       810.2562       810.3401       810.0807
       809.5531       808.7126       807.5032       806.2996       805.3015
       805.0548       805.5225       806.7778       808.5952       810.5789
       812.6927       814.2970       815.1609       815.8585       817.0419
       818.4675       818.9761       818.9010       819.0731       818.9698
       817.9067       816.7093       815.8777       815.6220       816.0106
       816.3284       816.7150       816.9869       818.1456       819.8964
       821.9517       823.8917       825.8055       828.1761       830.5929
       832.8613       835.9504       839.2468       840.7878       840.6170
       838.9175       836.8754       835.1193       834.4737       834.7792
       835.9405       837.7426       839.6194       840.9047       841.1979
       840.8856       840.6693       840.6844       840.2161       839.2130
       837.6071       835.5374       834.0045       833.0230       833.3873
       835.2744       837.1904       837.9107       837.6980       837.0775
       835.3809       832.4507       829.1612       826.3516       824.0851
       821.9015       819.6581       817.5289       815.8558       814.9267
       814.5316       813.3796       811.4524       810.4898
       823.0092       823.6773       824.1632       824.4094       825.1492
       826.2443       828.1052       830.3705       831.8704       831.1022
       827.5266       823.2881       819.9562       817.9777       816.5308
       814.8360       813.1078       812.5428       813.1964       814.3814
       814.6657       814.4360       813.9180       813.0507       812.2708
       810.7491       808.6861       807.3570       807.2590       807.6510
       808.1575       808.6346       808.8357       809.0093       809.1553
       809.9840       810.7903       811.0796       810.8045       810.2701
       809.4825       808.3107       807.3438       807.1175       807.1165
       807.1785       807.9366       808.8661       809.9553       811.3053
       812.5753       814.1848       815.4003       816.0731       817.0403
       817.8519       818.2574       818.0046       817.3943       816.6262
       814.9368       813.3508       812.9243       813.3669       814.4237
       815.6685       816.1763       817.0291       818.6802       820.7664
       822.8885       825.0364       827.0770       829.5623       832.0942
       834.4439       837.4158       840.2031       840.9858       839.3370
       837.1296       835.0053       833.4760       832.6204       832.7934
       834.1891       836.5168       838.7734       840.6552       841.7102
       842.1965       842.1650       841.3332       839.9879       838.2475
       836.2948       834.5302       833.0381       832.6180       834.0129
       836.6431       838.6736       838.6084       837.5026       836.5434
       835.1531       832.3209       828.9004       826.2137       823.9078
       821.5019       819.1162       816.9811       815.5049       814.8741
       814.7698       813.6926       812.1367       811.5848
       821.7627       821.9197       822.2672       822.8420       823.5996
       824.6472       826.2887       828.3268       829.9328       829.4781
       826.7086       823.6942       821.6901       819.9592       818.1343
       816.1706       814.2762       813.1228       813.3770       813.7634
       813.2911       812.5520       811.8129       811.2361       810.7625
       810.2102       809.6471       809.6497       810.2993       811.0652
       811.9533       812.3560       811.6894       810.5715       810.1589
       810.6740       811.7325       812.2379       811.8467       810.8107
       809.4815       808.2610       807.7402       808.0500       808.2769
       808.4384       809.0016       810.0601       811.1893       812.3479
       813.3532       814.3007       815.3389       815.9348       816.5078
       817.2657       817.6248       817.5200       816.3922       814.4239
       812.4566       811.0052       810.9624       812.3906       814.3844
       815.9084       817.1234       818.4387       820.2979       822.6450
       825.2238       827.9357       830.9870       833.4621       835.4169
       837.4440       839.8305       841.7830       841.5887       839.2623
       836.4927       834.1893       832.5967       831.9556       832.0619
       833.2812       835.4550       837.9923       840.0372       841.8239
       842.8944       842.5021       841.0884       839.1680       837.2384
       835.2424       833.6092       832.5755       832.7850       834.7943
       837.5292       838.8963       838.3463       836.5463       835.1046
       833.7021       831.2245       828.0890       825.8705       823.5565
       820.8254       818.1826       816.1830       814.8110       814.4955
       814.5809       814.2137       813.5755       813.3250
       820.4841       819.9335       819.5496       820.0762       820.9870
       822.4674       824.1534       825.6155       826.8045       826.4909
       824.6469       822.6434       821.7672       820.8379       818.8549
       816.7116       814.6685       813.2739       812.9316       812.7009
       811.8684       810.4728       809.3204       808.6077       808.4094
       808.9550       810.0930       811.7281       812.9414       813.9373
       814.7206       814.9460       813.8062       811.8766       810.4203
       810.4261       811.4088       812.5283       812.2287       810.9573
       809.2780       807.8250       807.5502       807.5797       807.8360
       808.1286       808.7272       809.8029       811.2356       812.5955
       813.8243       814.4924       815.1398       815.4980       815.9556
       816.8374       817.3982       817.2109       816.1628       813.8378
       811.5149       810.3281       810.6083       812.4045       814.9814
       817.5267       819.7317       821.7324       823.6359       826.2237
       829.1174       832.2064       835.4762       837.9986       839.6755
       841.0839       842.5459       843.2953       842.2169       839.4477
       836.4468       833.9599       832.4285       831.9708       832.2924
       833.7357       836.0339       838.1109       840.1141       841.8801
       842.6847       841.8546       839.7469       837.4782       835.3427
       833.8857       832.7543       832.1369       832.6384       834.8698
       837.4491       838.2654       837.0958       835.0410       833.2535
       831.7756       829.7448       827.7042       825.4565       822.7794
       819.6765       817.2263       815.2260       814.0032       813.6686
       814.0833       814.8943       815.4841       815.5159
       818.7256       818.0729       817.6575       818.0064       819.0797
       820.6245       822.4442       824.0798       825.2441       825.5649
       823.9086       821.9476       821.2733       820.9199       819.1780
       816.6599       814.3873       812.8539       812.4122       811.8712
       810.5709       809.0538       807.9011       807.2370       807.3358
       808.4588       810.7726       813.5302       816.2232       817.5250
       817.8253       816.7144       814.6390       812.0491       809.9646
       809.3596       810.4509       811.6777       811.9761       810.8447
       808.9446       807.4182       806.3019       806.3771       807.0007
       807.5146       808.0534       809.0858       810.6545       812.6919
       814.1240       815.0807       815.4941       815.7923       816.2894
       816.9281       817.8066       818.1901       817.1387       814.9046
       812.8803       811.8330       812.3848       814.2120       816.5496
       819.2339       822.2945       825.0350       827.6103       830.7361
       833.8193       836.5856       839.0339       841.2574       843.0653
       844.2828       844.8160       844.8763       843.4830       840.2018
       836.3558       833.5793       832.2857       832.2953       833.0853
       834.9859       837.5421       839.6073       841.0639       842.1151
       842.1730       840.5009       838.0638       835.3641       833.5840
       832.5659       832.0498       831.8819       832.4201       834.4140
       836.3737       836.4276       834.8922       833.0504       831.6801
       830.5980       829.1733       827.4181       825.0781       822.0781
       819.0546       816.4858       814.6912       813.5013       813.1306
       813.7866       815.1105       816.3331       816.6596
       816.8790       816.5939       816.4456       816.9944       818.0767
       819.4831       821.2207       823.4059       825.4754       826.2010
       824.9620       822.9667       822.0225       821.4809       819.7078
       816.8873       814.4120       813.1426       812.6514       811.6605
       810.1331       808.7522       807.5601       807.3445       808.0687
       809.6047       811.9399       815.3610       818.7724       820.6295
       820.0340       817.7516       814.3027       811.2198       809.5247
       809.3603       810.3653       811.2943       811.3140       810.2944
       808.3751       806.2858       804.9940       804.8827       805.8669
       806.7234       807.5145       808.7034       810.3504       812.4525
       814.3575       815.4684       816.0911       816.8359       817.4252
       818.0011       818.8040       819.5443       818.8629       817.0280
       815.4384       814.8877       815.9595       817.7917       819.4761
       821.8929       824.9076       827.9202       831.4152       835.0546
       838.0399       840.0927       841.8162       843.5142       845.1005
       846.1410       846.6744       846.4255       844.6519       840.6894
       836.1365       832.8760       831.9642       832.6559       834.0716
       836.1238       838.3264       840.2610       841.5093       841.9855
       840.9237       838.7319       836.0543       833.7844       832.4236
       832.0635       831.7565       831.1656       831.7018       833.2971
       834.4139       833.6657       831.7554       830.5608       830.3710
       829.9407       828.9086       827.0728       824.8863       822.5829
       820.1255       817.3847       815.1089       813.9459       813.6669
       814.0759       815.1373       816.2059       816.6084
       814.9333       814.7245       815.1478       816.1785       817.6234
       819.0208       820.3788       822.5111       824.9542       826.0327
       825.3555       823.8027       822.4037       821.2448       819.5322
       817.0927       815.1120       814.0178       813.2807       812.1848
       810.6629       809.1690       808.8140       809.3585       810.2756
       811.7180       813.7973       816.6567       819.4583       820.6272
       819.4091       816.2288       812.6370       810.4354       810.0224
       810.3846       810.9313       811.1141       810.5910       809.1652
       807.1025       805.2020       804.0896       804.2626       805.1592
       806.4186       807.7079       808.9748       810.4688       812.0309
       813.7877       815.4331       816.5117       817.6507       818.9418
       819.7183       820.2446       820.6334       820.4154       819.2531
       817.9311       817.7429       819.0572       821.0095       822.7462
       824.9590       827.6785       830.9016       834.6102       838.2324
       840.6880       842.1715       843.2886       844.3727       845.3171
       845.9349       846.1829       845.5876       843.0047       839.0066
       834.8681       832.0660       831.7786       833.1254       834.8053
       836.3780       838.0282       839.3995       840.8164       841.2773
       839.6942       837.4485       835.1944       833.3058       832.3762
       832.0248       831.2726       830.3837       830.5943       831.7134
       832.4509       831.4871       829.6771       829.0021       829.2096
       829.2841       828.3383       826.7022       825.1503       823.6674
       821.2875       818.4551       816.0396       814.9186       814.7236
       814.6866       815.1152       815.9337       816.5683
       812.9202       812.8745       813.4523       815.0477       816.8124
       818.2416       819.5154       821.2896       823.5015       824.7223
       824.4900       823.4373       822.2059       820.6890       819.1874
       817.4110       815.3940       814.0308       813.1271       812.3663
       811.2812       810.2198       810.3661       811.6508       812.6487
       813.5026       815.1192       816.9919       818.0779       817.6266
       815.4064       812.3251       810.2869       809.8792       810.4703
       811.0779       811.1255       810.9514       809.8711       808.2185
       806.5489       805.2652       804.8021       805.0077       805.9921
       807.3301       808.7322       809.6296       810.3568       811.2464
       812.7392       814.6970       816.8721       818.9619       820.7758
       821.8597       822.1133       822.1344       821.9046       820.8946
       819.8265       819.7888       820.9628       822.7553       824.6188
       826.7607       829.4567       832.9683       836.8550       840.2083
       842.1830       842.8555       843.0231       843.0927       843.0894
       842.9913       842.8103       841.7000       838.7955       835.2458
       832.4914       831.3074       832.2385       834.2924       835.8655
       837.0786       837.9425       839.0917       840.4105       840.6007
       838.9125       836.8636       835.3029       833.9242       833.0743
       832.2282       831.0109       830.1740       829.8254       830.4828
       831.1664       830.5189       829.1923       828.4339       828.5023
       828.3123       827.2993       825.9079       824.7208       823.0818
       820.7378       818.0481       816.1451       815.2504       815.1991
       815.2986       815.3242       815.8185       816.5799
       812.7671       812.6813       813.3206       814.4660       815.8360
       817.5222       819.2277       820.8687       822.7319       824.0710
       823.8944       823.2862       822.4914       821.5359       820.0674
       817.7530       815.0833       813.2036       812.3566       811.8127
       811.2339       810.8599       811.3997       812.6498       813.4712
       814.0984       815.5543       816.5397       816.0181       813.8429
       810.9352       808.9531       808.5114       809.2570       810.4615
       811.3058       811.6676       811.1972       810.1412       808.5709
       807.1727       806.2844       806.0247       806.4800       807.5342
       809.0365       809.9524       810.0966       809.8453       810.2313
       811.6152       814.0504       817.3308       820.5750       822.9326
       824.3518       824.8048       824.5236       823.6873       822.8055
       822.1095       822.2129       823.0112       823.9865       825.2888
       827.3129       830.2223       833.7633       837.6119       841.0405
       842.6538       842.3662       841.2698       840.4862       839.8296
       839.0991       838.3214       836.6761       834.3118       832.2411
       831.1548       831.7010       834.0510       836.5923       838.1116
       838.6063       839.1375       839.7651       840.5157       840.1620
       838.4916       836.3824       835.0092       834.0267       833.7141
       833.0827       832.2504       831.2631       830.5351       830.5244
       830.7668       830.4449       829.3840       828.3630       827.6714
       826.9635       825.9529       824.9086       823.6061       821.6892
       819.3802       817.1106       815.5072       814.9359       815.2125
       815.9883       816.4682       817.1365       817.9199
       813.9407       813.8850       814.3064       814.8284       815.6713
       817.3605       819.6282       821.3654       822.7532       823.6675
       823.4661       822.9854       822.6931       822.4117       821.1488
       818.1389       815.1265       813.4235       812.7375       811.9670
       811.1501       810.9173       811.7772       813.2213       814.0911
       814.7515       815.3210       815.5557       814.3204       811.6848
       809.2422       808.1299       808.6679       809.8010       810.6974
       811.4656       812.2347       812.7162       811.9360       810.3298
       808.5641       807.4631       807.2623       807.9662       809.4182
       810.6980       811.1385       810.4458       809.9210       810.0842
       811.9011       814.8354       818.5094       821.9363       824.5075
       826.3939       827.2316       826.9466       826.2122       825.1832
       824.9532       825.2527       825.4694       825.4801       826.3636
       828.2435       831.0262       834.1609       837.9189       841.1180
       842.3052       841.1489       839.4291       838.1729       837.1218
       835.7211       834.2240       832.6010       831.2858       831.0295
       831.8052       833.6559       836.5014       839.1642       840.4707
       840.7466       840.5666       840.6185       840.5462       839.8558
       838.0086       836.0952       834.5612       834.0496       834.2068
       834.5952       834.2274       833.5162       832.6169       831.6670
       831.1075       830.6472       829.6246       828.2266       827.1747
       826.3122       825.6544       824.8075       823.5269       821.6534
       819.3566       817.2430       815.8830       815.3243       815.7222
       817.1985       818.8571       820.1945       821.1121
       814.5886       814.4085       814.3373       814.7984       815.7953
       817.5120       819.4724       821.1013       822.2143       822.7128
       822.6572       822.0090       821.9140       822.0801       820.8458
       818.4340       815.6766       814.2495       813.7296       812.8579
       811.8904       811.6973       812.4576       813.9089       814.9573
       814.9958       814.3561       813.4854       812.3554       810.5496
       809.3931       809.7505       810.4800       811.4173       811.6553
       811.7824       812.6080       813.6728       813.7402       812.2415
       810.1416       808.7052       808.4095       809.3557       811.0687
       812.4874       812.1432       811.3903       810.7735       811.2297
       813.2555       816.6686       820.2716       823.3544       825.7316
       827.7523       828.5935       828.4931       827.9434       827.5842
       827.6389       827.8716       827.4540       827.0380       827.6776
       829.6481       832.2974       835.5135       838.7800       841.2634
       841.4558       839.9131       838.4544       837.4039       835.7932
       833.9736       832.1686       830.9695       830.5579       831.1951
       832.9160       835.2580       838.1176       840.6656       841.9199
       841.9257       841.1501       840.4655       839.8785       838.7609
       837.1611       835.5454       834.7203       834.5138       835.0393
       835.6743       835.8085       835.4070       834.6286       833.3293
       832.0035       830.9339       829.7438       828.2718       827.0421
       826.7201       826.6058       826.0527       825.0318       823.3539
       821.0490       819.3511       818.2164       817.6425       818.0225
       819.5623       821.7345       823.5850       824.4760
       813.8949       813.6166       813.7023       814.1779       815.5397
       817.2904       818.9066       820.1153       820.9466       821.5443
       821.6877       821.2413       820.7194       820.2331       819.1680
       817.3107       815.5681       814.2747       813.7726       813.6010
       813.3011       813.0995       813.6647       814.7633       815.4000
       814.8117       813.2661       811.9111       810.4256       809.3880
       809.7359       811.2720       812.8741       813.5088       813.2993
       812.7565       813.5413       814.3619       814.2523       813.1981
       811.3245       809.6588       809.3597       810.3094       812.1788
       813.5367       813.5833       812.8743       812.6500       813.6799
       816.1292       819.2829       822.6128       825.0821       826.9387
       828.3053       829.0654       828.8513       828.6354       829.0670
       829.6053       829.4674       828.7980       828.2236       828.8112
       830.6686       833.5364       836.8590       839.5805       840.8768
       840.3971       838.7983       837.9127       837.5158       836.3425
       834.3158       832.3621       831.1286       830.9747       831.3342
       832.7832       835.2498       838.1524       840.6419       841.9440
       841.8731       840.6338       839.5056       838.8298       837.5568
       835.9092       834.4462       834.1229       834.9482       835.8431
       836.4086       836.3121       836.1587       835.6667       834.4330
       832.8848       831.4556       830.0322       828.8058       827.5735
       827.2154       827.4604       827.5408       827.0128       825.9985
       824.3329       822.7313       821.6388       820.8527       821.1903
       822.5220       824.4144       826.1479       826.8595
       812.3945       812.3481       812.8353       813.6617       814.9880
       816.8694       818.1280       818.7886       819.3397       819.9399
       820.3757       820.2905       819.3867       817.8943       816.3656
       815.3621       814.6319       814.1129       813.7742       814.0414
       814.3915       814.5031       814.8194       815.3163       815.6304
       814.8049       813.2750       811.5045       810.1494       809.5673
       810.5101       812.6228       814.6500       815.4498       814.5786
       814.0824       814.2843       814.4605       813.8735       812.9747
       811.4800       810.2182       810.1149       811.1751       812.8211
       814.3387       815.0414       814.9182       815.2835       817.0717
       819.8672       822.7889       825.2368       826.6887       827.5147
       828.3925       828.7391       828.3152       828.1697       829.1157
       829.6799       829.5773       829.0615       828.4783       828.9161
       830.7961       833.5441       836.8881       839.3487       839.7125
       838.5730       837.1939       836.9049       837.3938       836.7750
       834.5504       832.1121       830.7186       830.2340       830.4435
       831.5543       833.4628       836.2750       838.9274       840.6805
       841.1497       840.1152       838.8771       838.0034       836.7071
       834.7557       833.2528       833.0068       834.0945       835.4880
       835.9696       836.0202       835.8906       835.0482       833.8259
       832.5925       831.0107       830.0102       828.8442       827.9403
       827.6107       827.8322       828.4451       828.7746       828.6025
       827.4747       825.5983       823.8727       822.8465       823.0307
       824.2899       826.1106       827.4834       827.9459
       810.3848       810.3971       811.2972       812.5924       814.0751
       815.9697       817.1268       817.3317       817.5031       817.8563
       818.2925       818.6765       817.9263       815.7495       813.7697
       812.9720       813.3494       813.7764       813.6810       813.6199
       813.9914       814.4772       814.6206       814.8616       814.9016
       814.4355       813.0596       811.3735       810.5330       810.6738
       811.7983       813.5025       815.1295       815.3177       814.2949
       813.5714       813.4482       812.8353       811.8851       811.1160
       810.5146       810.0623       810.3708       811.5095       813.1639
       814.6691       815.6136       816.0786       817.0908       819.4068
       822.3216       825.1301       826.8718       827.5665       827.9526
       828.0467       827.7962       827.2062       827.1075       827.8514
       828.6671       828.7968       828.6658       828.3492       828.5756
       830.1979       833.0381       836.1276       838.0176       837.9102
       836.4199       835.2051       835.5195       836.2947       835.4964
       833.1759       830.9160       829.5148       829.0100       829.3575
       829.8875       831.3994       833.8057       836.5814       838.9710
       840.1663       839.5935       838.3152       837.0913       835.3700
       833.5671       832.2430       831.8652       833.0357       834.5867
       835.3380       835.5800       835.3273       834.2541       832.5482
       831.1135       830.2392       829.2692       828.3657       827.5811
       827.4144       827.6334       828.5812       829.6589       829.9020
       829.0696       826.8524       824.7392       823.8967       824.2489
       825.4011       826.8020       827.8693       828.5667
       807.6589       807.6284       808.8074       810.9159       812.8989
       814.6030       815.6726       815.7432       815.5484       815.7441
       816.4413       817.1737       816.5348       814.2380       811.7440
       810.6933       811.2154       812.1302       812.5196       812.4081
       812.4592       812.7618       812.9218       813.0020       813.2447
       812.9979       811.9301       810.7013       810.2590       811.0034
       812.3603       813.9223       814.7119       814.1661       812.8358
       811.9689       811.8701       811.2164       810.0781       809.3099
       809.2258       809.6312       810.2590       811.1926       812.8903
       814.3297       815.0716       815.8818       817.6428       820.2147
       823.3424       826.1079       827.5226       827.8546       828.0173
       827.9523       827.5476       827.3705       827.0667       827.3614
       827.9330       828.6865       828.8454       828.6212       829.1758
       830.6272       833.0579       835.7419       836.9431       836.7090
       835.7655       834.9540       835.2598       835.7123       834.6007
       832.4478       830.6976       829.7188       829.0767       828.8459
       829.1846       830.3453       832.4411       834.9044       837.6885
       839.2396       838.7958       837.6095       836.2729       834.7998
       833.2890       831.7830       831.6910       832.9063       834.4177
       835.2047       835.2238       835.2217       834.1668       831.9633
       830.4919       829.7269       829.0827       828.0912       827.1353
       826.6790       827.2319       828.4420       829.6296       830.1273
       829.1682       827.3141       825.4992       825.2224       825.8835
       826.7640       827.6158       828.6655       829.5815
       805.5208       805.5722       807.0773       809.8034       812.1108
       813.7148       814.4718       814.4310       814.2380       814.2943
       815.2871       816.3976       815.7266       813.1799       810.6653
       809.4486       809.6620       810.5068       811.0093       811.1484
       811.3094       811.4202       811.4373       811.4862       811.6454
       811.4183       810.5401       809.5112       809.4875       810.8755
       812.5559       814.0046       814.5181       813.6750       812.1319
       811.0392       811.2178       811.1818       809.9933       809.0493
       808.8867       809.3665       809.9876       811.0079       812.5628
       813.9453       814.5186       815.4846       817.6453       820.5074
       823.8492       826.7285       827.9692       828.1400       827.9514
       828.0805       828.4648       828.1835       827.8642       827.6535
       828.0447       828.9158       829.2059       829.1674       829.9575
       831.5377       833.6185       835.5276       836.7811       836.9196
       836.3536       835.9512       836.2645       836.6143       835.4158
       833.1586       831.4593       830.4072       829.6924       829.3297
       829.5557       830.3774       831.9969       834.4465       836.8845
       838.2906       838.2465       837.0715       836.0341       835.5289
       834.1827       832.5498       832.1516       833.1505       833.9449
       834.3491       834.7851       835.2474       834.5721       832.4376
       830.7299       829.9816       829.3863       828.1949       826.8378
       826.1833       826.9319       828.6426       829.9937       829.9612
       828.6635       826.9966       826.0934       826.3202       827.0503
       827.7026       828.4433       829.3798       830.4040
