!     RMS - Reservoir Modelling System GRID TO ZYCOR GRID
!     RMS - Reservoir Modelling System VERSION : 10.1
!     GRID FILE NAME   : Top_Caprock
!     CREATION DATE    : 2018.12.21
!     CREATION TIME    : 08:23:44
@Top_Caprock HEADER                     ,      GRID, 5
      15,    -99999.0000,       ,      4,      1
     119,     65,    436910.1562,    440110.1562,   6469154.5000,   6475054.5000
         0.0000,         0.0000,         0.0000
@
+ Grid data starts after this line
       750.0126       749.9319       749.9628       749.8032       749.3016
       748.7096       748.2394       747.8699       747.4387       747.3893
       748.2704       750.0375       752.1829       754.0685       755.7522
       757.4076       759.0555       760.6609       762.0961       763.2511
       764.1694       764.7721       764.4730       763.4737       762.0797
       760.8307       760.0858       759.5857       759.4667       759.3264
       758.5477       757.2562       755.6886       754.4113       753.3800
       752.9194       753.1740       754.2544       756.3096       758.4117
       760.0937       760.7859       760.2794       759.7209       759.3762
       758.4755       757.1885       756.1908       755.2167       754.7526
       755.1251       756.4474       758.0239       759.0770       758.9445
       758.0961       757.3513       756.6969       756.7360       757.3612
       758.0334       758.4954       759.1359       759.9667       760.3718
       760.4034       760.5022       760.2382       760.3174       760.8672
       761.9551       763.7526       765.3499       766.3144       768.0430
       770.2194       771.1359       771.8724       773.6318       775.4526
       777.3041       779.1094       780.2054       780.4467       780.5728
       780.4509       779.8296       778.6336       777.0221       775.8395
       775.3481       774.8918       773.8029       772.4472       771.1328
       770.6144       770.5878       770.3825       769.5779       768.5303
       767.5279       766.7714       765.9258       765.2187       765.0326
       765.4374       766.2032       766.6209       766.0255       764.8339
       762.9362       760.7089       759.4341       759.1579       759.3840
       760.1235       760.4313       759.5814       758.4677
       748.9426       748.9557       749.0807       749.1605       748.8221
       748.1359       747.6312       747.3555       747.2700       747.2604
       747.8846       749.5751       751.9254       754.1262       755.8417
       757.9881       760.1147       761.8422       763.3485       764.5734
       765.3752       765.4962       764.8508       763.2928       761.5530
       760.3246       759.8257       759.7492       759.9442       759.7144
       758.7241       757.0790       755.2202       753.4330       752.2638
       751.8757       752.4908       754.1758       756.8259       759.7355
       761.6536       762.3124       761.5370       760.3550       759.2502
       757.8148       756.2711       754.8057       753.9937       753.9988
       755.2571       757.3004       759.4470       760.7736       760.4934
       759.1407       757.6031       756.8061       756.7684       756.9113
       757.2955       758.0919       759.1910       760.2631       760.7180
       760.9886       760.7345       760.3810       760.3889       760.7665
       761.6908       763.5287       765.5628       767.1321       769.0438
       771.1713       771.9830       772.4706       773.8405       775.6813
       777.3808       779.1654       780.6232       781.5899       782.0623
       781.9820       781.4398       780.4148       779.0447       777.4498
       775.9714       774.7732       773.8721       772.7852       771.9102
       771.4456       771.5859       771.3647       770.4075       769.0536
       767.9683       767.4683       767.0959       766.7468       766.7834
       766.9235       767.3710       767.8858       767.8285       766.6724
       764.3636       762.0106       760.6038       760.3345       761.0977
       761.7124       761.7775       760.8608       759.6298
       748.2213       748.0854       748.2305       748.4677       747.9424
       747.2836       746.8570       746.5659       746.8568       747.4154
       748.4594       750.2845       752.8502       755.0993       756.9670
       759.0375       761.2736       763.2968       764.8146       765.6751
       766.2169       766.6286       765.9581       764.2276       762.0360
       760.6985       760.3574       760.4737       760.5775       760.0587
       758.7241       756.9930       754.7706       752.5594       751.1663
       750.7713       751.4870       753.6378       756.8564       760.1180
       762.6499       763.1868       762.3507       760.6230       758.6321
       756.9141       755.0388       753.2538       752.2858       752.8210
       754.9543       757.8890       760.4468       761.6305       761.2219
       759.5201       757.5859       756.8008       756.4514       756.3628
       756.7708       757.9722       759.6149       760.9245       761.8469
       761.7051       760.8315       760.4169       760.4327       760.8280
       761.4524       762.8774       765.3984       767.2019       768.6667
       770.5385       771.8313       772.4557       773.5076       775.0312
       776.6309       778.3242       780.2142       781.9438       783.0815
       783.6082       783.4379       782.7405       781.3046       779.1356
       776.8106       775.0507       773.7667       772.8856       772.4946
       772.4345       772.6871       772.4932       771.3776       770.1033
       769.4417       769.0432       768.7486       768.6902       768.9075
       769.3914       769.9249       770.2865       770.2315       768.9575
       766.1390       763.5001       762.0370       761.9525       763.1503
       764.3700       764.2213       763.1345       761.9119
       747.2571       747.2773       747.4300       747.1057       746.2903
       745.7102       745.7916       746.1188       746.5065       747.6949
       749.5119       752.0403       755.0220       757.2699       758.8400
       760.2880       762.0583       763.7426       765.0719       765.6758
       766.3980       766.8633       766.0989       764.3317       762.5065
       761.3847       761.1246       761.0964       760.7380       759.5173
       757.6278       755.6815       753.5497       751.3278       749.6473
       748.9635       749.6239       751.8370       755.0443       758.6359
       761.2783       762.1807       761.1392       759.2917       757.1154
       755.1573       753.2356       751.0594       750.1407       751.1595
       753.7821       757.1782       759.8928       761.1545       760.5475
       758.8367       757.6019       756.5485       756.1655       756.3276
       757.0591       758.3159       759.7823       760.7969       761.2823
       760.9385       760.1304       759.6020       759.6681       760.3692
       761.0225       762.4666       764.5585       766.2485       767.3920
       768.7551       770.0453       771.0485       772.1108       773.2714
       774.9555       777.0237       779.6791       782.5612       784.6539
       785.7944       785.7982       784.6960       782.7337       780.2297
       777.6517       775.6108       774.2886       773.5119       773.2706
       773.6144       773.8270       773.3445       772.7327       772.3656
       772.1486       772.2419       772.0217       771.6044       771.3812
       771.6787       772.4724       772.8026       772.3397       770.5034
       767.6191       764.8040       763.6454       764.0830       765.5095
       766.9166       767.0898       766.0640       764.9305
       746.9922       746.8041       746.5120       745.6082       744.7269
       744.6515       745.3616       746.1563       746.8965       748.3159
       750.3896       753.2600       756.2716       758.6995       759.8411
       760.4879       761.4594       762.6837       763.5463       764.4867
       765.2377       765.0182       763.7806       762.3621       761.3444
       760.6600       760.5146       760.4390       759.4308       757.4497
       754.8928       752.5862       750.8017       749.1696       747.8331
       746.9905       747.1340       748.6201       751.8937       755.6393
       758.3235       759.0700       758.1310       756.2406       754.2782
       752.3712       750.3453       748.4203       747.5219       748.7585
       751.9139       755.8345       759.0872       760.0626       759.5135
       758.6256       757.6587       757.0059       756.9120       757.2487
       757.5338       758.2766       759.1607       759.3844       758.8920
       758.4528       758.1819       757.7654       758.0040       758.8235
       760.2975       762.1358       763.8964       765.4962       766.7711
       767.6845       768.6442       769.4824       770.3446       771.8149
       774.1384       777.1465       780.6835       784.0687       786.7941
       788.2148       787.8821       785.7227       782.8605       780.1354
       777.8696       776.2294       775.3327       774.7192       774.4651
       774.8692       775.1880       775.0601       774.5720       774.6797
       775.0686       775.6566       775.8489       774.7634       773.6992
       773.4150       773.6030       773.8500       773.2004       771.1349
       768.1366       765.8851       765.1409       766.0172       767.4185
       768.6525       769.2710       768.7501       767.6606
       747.9445       747.6917       746.5835       745.1537       744.7358
       745.2753       745.9285       746.7872       747.6932       749.0517
       751.0281       753.0737       755.3482       757.5244       758.7282
       758.9565       759.4301       760.0136       760.9222       761.9809
       762.5333       761.7793       760.3380       759.6445       759.5209
       759.2498       758.6821       757.7477       756.3041       754.1919
       751.6469       749.4031       748.5716       748.3957       747.4676
       745.8898       744.7314       745.5669       748.6312       752.2680
       754.7983       755.3557       754.2583       752.5507       750.5945
       748.6595       746.8453       745.1411       744.6887       746.4675
       750.2426       754.9755       758.3502       759.2624       759.1923
       758.8828       758.2797       757.9205       758.0407       757.8339
       757.1403       756.8032       757.0688       756.8716       756.0928
       755.5053       755.3236       755.6082       756.5209       757.9706
       759.8348       761.8447       763.7140       765.2463       766.5631
       767.6812       768.4531       768.7933       769.2809       771.3012
       774.1917       777.7997       781.5226       784.7205       787.1539
       788.2074       786.9473       784.0511       780.7518       778.0364
       776.5258       775.9946       775.5883       775.3660       775.6815
       775.9442       776.3363       776.4907       776.1617       775.6182
       776.0702       777.0673       777.0634       775.6607       774.1620
       773.4641       773.6229       773.7652       773.0862       771.1777
       768.4247       766.6022       766.4297       767.2232       768.4552
       769.5538       770.1819       769.8529       769.1407
       748.1744       748.0421       746.8558       745.7087       745.3148
       745.5015       745.9844       746.6609       747.5796       748.5904
       749.7989       750.8105       752.1799       754.0527       755.6948
       756.3784       756.6160       756.6564       757.1372       758.2202
       758.7684       758.2332       757.4913       757.5898       757.9535
       757.4848       755.9581       754.0762       752.0858       750.2712
       748.6379       747.6356       747.9230       748.3478       747.2282
       744.9679       743.1566       743.6374       746.2955       749.3514
       751.3796       751.6713       750.6635       748.9719       746.8066
       744.9996       743.5668       742.2940       742.5591       745.2166
       749.4154       754.1345       757.6167       759.0168       759.3018
       759.4825       759.3458       759.1686       758.5251       757.2006
       755.5988       754.3174       753.4947       752.9669       752.4886
       752.0330       752.3248       753.7300       755.4440       757.2201
       759.0121       761.0947       763.0505       764.8837       766.4659
       768.0748       769.1724       769.1639       769.7020       771.5098
       774.5848       777.9434       781.3534       784.1635       785.4384
       784.9055       782.6544       779.7518       777.1417       775.6662
       775.3369       775.6141       775.6367       775.8744       776.3581
       776.7162       776.6672       776.4379       775.9776       775.5282
       775.4308       775.9242       775.5676       774.3154       773.0616
       772.5620       772.7271       772.7720       772.1860       770.5059
       768.4600       766.9885       766.4663       767.0152       768.1552
       769.2229       769.7000       769.0142       768.2183
       746.6143       746.9794       746.5894       745.8070       745.4114
       745.1653       745.0333       745.3738       746.0499       746.8892
       747.3201       747.7899       748.7643       750.5811       752.4136
       753.4312       753.3926       753.1069       753.3876       754.2456
       755.0417       755.1931       755.4217       756.0253       756.1666
       755.0999       752.8779       750.6954       748.6949       747.1938
       746.9069       747.1844       747.6361       747.6728       746.1362
       744.0855       743.2339       743.8138       745.9448       748.5045
       749.8841       749.7659       748.5507       746.5508       744.5463
       742.8795       741.4548       740.6891       741.3038       744.2114
       748.5286       753.0860       756.6598       758.4180       759.1918
       759.8118       760.0970       759.6570       758.3151       756.2590
       754.0389       752.2258       750.6073       749.6874       749.1649
       749.2357       750.5749       752.5542       754.2553       755.5424
       756.8657       758.8855       761.4392       763.7708       766.1465
       768.5221       770.0273       770.6984       771.4826       773.0107
       775.2932       777.9662       780.6570       782.6440       782.7148
       780.6634       777.8518       775.5931       774.7673       775.1777
       775.7481       775.9677       776.2508       776.7750       777.1348
       776.8880       776.3177       775.5153       774.7445       774.5610
       774.5121       773.9318       773.1320       772.5629       772.1706
       771.8875       771.8757       771.8829       770.9227       769.2427
       767.5558       766.0068       764.8094       764.9445       766.1575
       767.4398       767.8030       767.0342       765.9362
       745.8034       746.6384       747.0367       746.5046       745.8544
       745.4371       744.9861       744.7303       745.3498       746.0658
       746.4927       746.8405       747.5898       749.0907       750.4824
       751.2708       751.3442       750.8328       750.9993       751.9333
       752.6594       753.5417       754.3564       754.8646       754.6656
       753.2048       750.8320       748.6351       746.9366       746.0248
       746.2048       747.0297       747.5893       747.1925       745.9922
       745.0498       745.4773       746.8024       748.5165       750.5849
       751.2421       750.2899       748.3795       746.0765       744.0058
       742.5409       740.9642       739.8965       740.6011       743.1380
       747.3216       751.7700       755.3761       757.3291       758.3737
       759.2453       759.9196       759.2807       757.5730       755.2133
       753.2470       751.6508       749.9437       748.8228       748.2352
       748.5593       750.1309       751.8671       752.9828       753.6437
       754.7419       756.8388       759.8609       762.8218       765.7055
       768.7034       770.8560       772.2203       773.4365       774.6247
       776.2756       778.1756       779.4885       780.1321       779.1038
       776.7325       774.7426       773.7785       774.4594       775.8409
       776.8479       776.8835       777.0970       777.7720       777.5430
       776.4775       775.0861       773.8416       773.3942       773.4926
       773.6504       773.0357       772.1865       771.9868       772.0576
       772.1004       772.4048       772.3264       771.0140       769.1337
       766.8307       764.4141       762.8401       762.3787       763.6694
       765.6025       766.3395       765.8340       764.9948
       747.4215       747.9395       748.2639       747.5562       746.8765
       746.3124       745.6929       745.6049       746.1838       747.0822
       747.5176       747.7300       748.4471       749.4164       750.1600
       750.4759       750.6161       750.5125       750.5018       750.9771
       751.9312       753.2977       754.2965       754.3797       753.7283
       751.8774       749.2040       746.8460       745.5414       745.1787
       745.7562       747.0620       747.9838       747.8593       747.4205
       747.9700       749.4351       751.2286       752.9745       754.1127
       753.8971       751.8914       748.9519       746.1277       744.3113
       742.7247       741.1215       740.2255       740.7039       742.8070
       746.3784       750.5743       753.8723       755.8979       757.1694
       758.4374       759.1600       758.5632       756.8719       755.1987
       753.9803       752.5269       750.9933       749.5916       748.8123
       748.7897       749.8173       750.8029       751.2752       751.8184
       753.3804       756.0033       759.0618       762.3622       765.6006
       768.7725       771.2258       773.1261       774.6507       775.8488
       777.1364       778.4175       778.5249       777.4259       775.6676
       773.9639       773.2713       773.9466       775.3361       776.7830
       777.5367       777.5344       777.6352       777.7771       776.9343
       774.9298       772.8544       771.9681       772.0808       772.6951
       773.3428       773.3128       773.1501       773.2006       773.1839
       773.4628       773.8317       773.6597       772.7546       770.5679
       767.2668       763.9986       761.9099       761.1856       762.3310
       764.5568       765.7795       765.3210       764.5755
       749.8203       750.1706       749.6294       748.5023       747.4100
       746.8327       746.2822       746.5342       747.3412       747.9441
       748.1473       748.3262       748.8953       749.5896       749.8669
       750.2059       750.5898       750.5859       750.2828       750.5350
       751.6508       753.0272       753.7106       753.3332       752.1036
       749.8737       747.2542       745.1832       744.2953       744.4623
       745.5552       747.6287       749.2835       749.6089       750.1477
       751.6422       753.3912       755.0048       756.1108       756.4802
       755.8503       753.3054       749.9896       746.8685       744.4518
       742.7009       741.4819       740.9368       741.4686       743.2159
       746.3178       749.6316       752.1138       753.9994       755.7099
       757.5397       758.4796       758.1780       757.0530       756.2675
       755.4310       754.0065       752.2869       750.5040       749.1044
       748.5888       748.7701       749.3568       749.5063       750.4026
       752.7059       755.7129       758.7900       762.1179       765.8050
       768.8214       771.3430       773.4561       775.0460       776.2003
       777.4164       778.1320       777.5954       775.9021       774.1689
       773.2048       773.5581       774.7708       776.2042       777.2927
       777.6411       777.1530       776.8559       776.6229       775.5298
       773.2773       771.0096       770.3734       771.2633       772.7170
       773.8371       774.3274       774.3844       774.5115       774.7730
       774.9702       775.0434       775.0869       774.1172       771.7776
       768.1245       764.4475       762.0098       761.0292       761.5518
       763.3646       764.2545       763.4272       762.1904
       751.4177       751.6360       750.8474       749.0363       747.5167
       746.3458       746.1163       746.8873       747.7724       748.1871
       748.1449       748.0574       748.2170       748.5595       749.0026
       749.5372       750.1394       750.1852       749.8108       749.8326
       750.6954       751.6583       751.7867       751.0403       749.7527
       747.9881       746.2241       744.9197       744.3326       744.5723
       746.0793       748.3475       750.5663       751.9631       753.2934
       754.8553       756.0886       756.7491       756.8284       756.6522
       755.9989       754.3600       751.4960       748.3512       745.3300
       743.3311       742.3555       741.9465       742.3882       744.3708
       747.2211       749.4596       750.8621       752.4195       754.3754
       756.3713       757.6467       757.9017       757.5763       757.1279
       756.5321       755.4524       753.7090       751.3356       749.0299
       747.7378       747.4360       747.7593       748.5907       750.0186
       752.4814       755.6293       758.5121       761.7202       765.3738
       768.5038       770.9370       773.1509       774.4535       775.2717
       776.3863       777.0945       776.5864       775.1434       773.8067
       773.8602       774.5320       775.4046       776.2206       776.7424
       776.3287       775.7197       775.5064       775.2776       774.2531
       772.1168       770.1569       769.7089       771.1542       773.0978
       774.7265       775.3633       775.2285       774.7994       774.6171
       774.7119       775.2170       775.2858       774.5386       772.0409
       768.4279       764.8177       762.1320       760.8665       761.0539
       761.6738       761.6691       760.0632       758.1180
       751.4139       751.3976       750.8010       749.1133       746.9669
       745.8664       745.6420       746.5226       747.9315       748.4439
       748.5418       748.2596       747.9351       747.9939       748.3428
       748.8450       749.3366       749.4847       749.5583       749.5002
       749.8125       750.1906       749.8357       748.9081       747.7947
       746.8451       746.0399       745.4503       744.9917       745.6617
       747.0687       748.9893       751.6523       753.9713       755.3063
       756.5038       756.9664       756.7051       756.0970       755.9610
       755.9039       755.1959       753.1919       750.1585       747.1552
       745.0038       743.9698       743.3803       743.9495       746.1631
       748.6454       750.0986       750.8864       751.8372       753.5614
       755.3540       756.6031       757.0881       757.2912       757.4166
       757.4308       756.8044       755.1992       752.3918       749.4514
       747.9438       747.4032       747.4755       748.4156       749.9476
       752.4365       755.2856       757.9423       761.0343       764.4217
       767.1767       769.5566       771.5233       772.7888       773.6169
       774.5378       775.2028       774.9817       773.9354       773.4297
       773.7958       774.5638       774.8123       774.6559       774.4521
       773.9894       773.8021       774.1931       774.1429       772.9161
       770.9608       769.3511       769.1852       770.6116       772.9088
       774.4872       775.0490       775.0779       774.3381       773.1071
       773.0155       773.5908       774.1086       773.4604       771.1526
       767.8997       764.7110       762.1821       761.0107       760.3823
       759.7505       758.5728       756.3292       754.1514
       751.4896       751.4725       751.1918       749.4822       747.4453
       746.1570       745.8333       746.4970       747.8375       748.8799
       749.3591       749.1722       748.6436       748.7291       748.9714
       749.4660       749.7462       749.9648       749.8598       749.7375
       749.7067       749.6007       748.7440       747.6442       746.4498
       745.6027       745.4189       745.2007       745.4976       746.6179
       748.1347       749.8539       752.1907       754.4678       755.5958
       755.9252       755.9413       755.4786       755.3781       755.8494
       756.6644       756.4243       754.5310       751.7937       749.1010
       746.9354       745.6035       745.0864       745.9796       747.8680
       749.6312       750.3925       750.5808       751.5375       753.1479
       754.4937       755.4470       756.3373       756.8096       757.6661
       758.5710       758.3671       756.7652       753.7568       750.9928
       749.3956       748.6962       748.3954       748.7922       750.0887
       752.0618       754.4025       756.8043       759.7402       762.8468
       765.3948       767.4087       769.2625       770.8367       772.0933
       772.9201       773.3085       773.0057       772.2349       771.7404
       772.0762       772.4611       771.9879       771.3073       770.8833
       770.9171       771.7654       772.8231       772.7285       771.2910
       769.2842       767.6120       767.3917       768.8531       770.8097
       772.0620       772.4991       772.4482       771.6323       770.5527
       770.4014       771.1522       771.7219       771.2510       769.0216
       766.1691       763.6295       761.5668       760.0275       758.5336
       756.6710       754.8529       752.7540       751.1245
       753.6836       753.8976       753.6788       752.1282       749.8682
       748.3137       747.5185       747.6163       748.4871       749.2991
       749.6772       749.5339       749.1025       749.0671       750.0337
       750.9389       751.4853       751.6116       751.2291       750.7791
       750.4992       750.0534       748.9277       747.1119       745.2897
       744.2313       744.0139       744.2023       745.0198       746.8641
       748.7847       750.3817       752.2464       753.6654       754.2402
       754.2540       754.2734       754.5709       755.6130       757.0992
       758.1538       757.7952       755.6486       752.8049       750.1719
       748.0090       746.5499       746.7297       747.8661       748.9989
       749.6684       749.5509       749.6222       750.7767       752.2744
       753.5974       755.2388       756.7501       757.6143       758.5792
       759.7137       759.9634       757.9454       754.6915       752.0136
       750.7454       749.8276       749.2845       749.3716       750.4385
       752.1287       753.5460       755.2441       757.7710       760.6672
       763.3009       765.4259       767.3199       769.2796       771.0474
       772.1361       772.4291       772.0535       770.9390       770.0821
       769.7207       768.9799       768.1055       767.4539       767.3149
       767.7390       769.1223       770.5585       770.6346       769.0205
       766.6215       764.7982       764.4075       765.5007       767.2034
       768.0568       767.9993       767.4537       766.4925       765.9416
       766.4486       767.7314       768.5366       768.1720       766.8275
       764.5295       762.2566       760.0471       757.8283       755.6137
       753.5254       751.7025       750.3907       749.6272
       756.5438       756.5536       756.2672       754.9539       753.1534
       751.6649       750.8466       750.3706       750.2500       750.1317
       749.6569       749.2001       748.7532       748.9979       750.2827
       751.6777       752.6689       752.7794       751.9639       751.3079
       751.0591       750.1430       748.5679       746.2776       744.2238
       743.1171       743.0175       743.5797       744.7226       746.7524
       748.8454       750.7581       752.0497       752.6332       752.6641
       752.4846       752.9116       754.0737       756.0213       758.2317
       759.3126       758.5406       756.2553       753.3048       750.2720
       748.1185       747.4553       748.1450       749.1150       749.4597
       749.2371       748.7686       748.7408       749.6823       751.0753
       752.8580       755.0662       757.3622       758.3391       758.9512
       760.0240       759.8583       757.6639       754.4850       752.3829
       751.4744       750.8830       750.0798       749.8774       750.6841
       751.9918       753.2579       754.5771       756.4891       759.1110
       762.0314       764.5358       766.6096       768.9937       770.9122
       771.9594       772.1571       771.7136       770.6674       769.2659
       767.9402       766.4059       764.9154       764.3355       764.4800
       765.0973       766.2083       767.0657       766.9768       765.6007
       763.3284       761.4309       760.9079       761.7053       762.8152
       763.3358       762.7631       761.7250       760.6714       760.1276
       761.3268       763.2878       764.6148       765.3369       765.1049
       763.7853       761.4887       758.8161       756.1782       753.7923
       751.7922       750.4827       749.8131       749.5544
       757.1495       757.0307       756.7362       756.0756       754.8625
       753.9669       753.4651       753.0382       752.1461       750.8262
       749.6618       748.6456       748.2595       748.8677       750.0529
       751.1287       751.4571       750.9959       749.9787       749.0607
       748.4601       747.7545       746.3579       744.8041       743.7178
       743.0879       743.3536       744.1437       745.2465       746.7425
       748.6674       750.2287       751.1058       751.3126       750.9855
       750.7813       751.1755       752.9453       755.4045       757.6826
       758.7366       758.1454       756.1485       753.4413       750.5497
       748.7547       748.5273       748.9806       749.2910       749.0837
       748.5330       747.9473       747.6555       748.2614       750.0130
       752.0821       754.3700       756.3266       757.5906       758.3712
       759.0743       758.6797       756.5073       754.4274       753.1735
       752.7422       752.1207       751.0350       750.2885       750.4375
       751.4951       752.9418       754.3558       756.1666       758.5775
       761.7189       764.7972       767.5945       770.1695       771.7723
       772.0455       771.6525       771.0858       770.0095       768.3161
       766.4211       764.5989       762.9408       762.1486       762.1223
       762.7702       763.3525       763.0815       762.3879       761.1122
       759.2621       757.7422       757.0634       757.3286       758.0841
       758.2549       757.6677       756.5058       755.5442       755.6907
       757.3074       759.7211       762.1028       763.9123       764.3474
       762.6577       760.0920       757.6075       755.2560       753.0286
       751.4898       750.5330       750.0959       750.1613
       755.7010       755.9147       756.3893       756.0510       755.1788
       754.5193       754.3347       753.9390       752.8177       750.6798
       748.4180       747.0367       746.7136       747.4246       748.4284
       748.6088       747.7280       746.4188       745.3142       744.5556
       744.1517       743.9150       743.5327       743.4478       743.5294
       744.0088       744.2866       744.6254       745.1874       746.2219
       747.5883       748.7391       749.5195       749.7238       749.2572
       748.9663       749.8789       751.6101       753.5689       755.7998
       757.2595       756.8894       755.3383       753.1127       751.0401
       749.7050       749.2387       748.8914       748.2997       747.6935
       747.2473       746.8761       746.6598       747.2323       749.0061
       751.4874       753.5714       755.2454       756.6610       757.5749
       758.3810       758.0615       756.6256       755.2555       754.8638
       754.4188       753.6010       752.1888       750.8291       750.4476
       751.1740       752.5635       754.2232       756.3321       759.2023
       762.5375       766.2385       769.4572       771.6046       772.6043
       772.2388       771.2253       769.8239       768.5477       767.0281
       764.9314       762.9381       761.5051       760.3990       760.0224
       760.3335       760.4472       759.6469       758.0726       756.2202
       754.5888       753.3330       752.7638       753.0447       753.5428
       754.0086       753.4910       752.4510       752.3277       753.3443
       755.5894       758.4478       761.6516       763.9271       763.9209
       761.3499       758.0563       755.7541       753.8384       752.2594
       751.1106       750.3529       750.2609       750.4650
       755.1986       755.6120       756.6154       756.7572       755.4740
       754.3038       753.5851       752.9540       751.6475       749.4086
       746.7263       744.8818       744.3011       744.9147       745.4498
       744.8074       743.2189       741.5663       740.5334       740.1993
       740.3171       740.5049       740.9507       741.8256       743.2720
       744.4224       744.9310       744.8456       744.6143       745.2363
       746.3309       747.2905       748.4013       748.7356       748.0145
       747.7126       748.5167       749.9247       751.9946       754.0280
       755.4007       755.2893       754.1241       752.4321       751.0142
       750.3705       749.7350       748.5676       747.1010       745.7327
       745.0489       745.1166       745.4983       746.3344       748.2784
       750.6363       752.8654       754.6367       755.6716       756.9429
       757.9334       757.9540       756.9987       755.8525       755.3456
       755.2878       754.5196       753.0371       751.4766       750.7541
       751.2375       752.4982       754.5695       757.3086       760.6542
       764.6941       768.3456       771.0505       772.6597       772.9666
       772.1752       770.4206       768.3455       766.6697       765.0344
       763.1354       761.1442       759.5467       758.5526       757.8156
       757.6025       757.7062       757.1939       755.2689       752.5679
       750.6636       749.7252       749.7329       750.3878       750.8612
       751.1847       751.0991       750.7355       750.8304       752.2104
       754.6622       758.1285       761.6323       763.8267       763.1915
       760.1245       756.6230       753.9009       752.1339       751.1318
       750.1942       749.4393       749.4627       750.0063
       756.8535       757.4079       757.8311       757.3624       755.4526
       753.3335       752.0599       750.9174       749.6885       747.8420
       745.7727       744.0491       743.6241       743.6600       743.3798
       742.2068       740.6695       739.1623       737.9544       737.6772
       737.7447       738.0743       739.0911       740.8517       742.7825
       744.3833       745.3644       745.5125       745.2039       745.4872
       746.4537       747.5256       748.3875       748.5634       747.7224
       747.0185       747.1313       748.4847       750.9717       752.9626
       753.9279       753.9157       753.1246       751.9139       751.0330
       750.9229       750.3370       748.7437       746.2110       743.9379
       742.8365       742.8672       743.6710       745.3345       747.2267
       749.3896       751.5165       752.8565       753.8939       754.9943
       756.0709       756.5059       755.9605       754.8317       754.1313
       754.2013       753.9576       752.7344       751.2707       750.7230
       751.1921       752.7944       754.8654       757.8866       761.8903
       765.9845       769.3817       771.7230       772.8069       772.6566
       771.2328       768.6846       766.2319       764.2456       762.5685
       760.8388       759.0999       757.4384       756.4083       755.6323
       754.9326       755.1216       755.1960       753.6665       751.4160
       749.5473       749.0181       749.5214       750.2249       750.4974
       750.2893       750.0690       750.1037       750.6049       751.9319
       754.3821       757.8798       761.1191       762.6136       761.5208
       758.6721       755.5735       753.1237       751.3615       750.3232
       749.3818       748.3705       748.1617       748.4658
       759.3235       759.5771       759.2900       757.9434       755.2672
       752.4159       750.4992       749.5269       748.6680       747.7192
       746.5612       745.5125       744.8326       744.2222       742.9819
       741.4012       740.1732       739.0559       737.8664       737.1094
       737.1628       737.5051       738.4213       740.2556       742.5033
       744.3586       745.4924       746.1393       746.5044       747.0386
       748.1484       748.7051       748.7235       748.3579       747.5975
       746.5341       746.1505       747.3254       749.6180       751.7318
       752.9488       753.1308       752.5095       751.8594       751.6412
       751.9938       751.7646       749.5790       746.5197       743.6907
       742.1349       741.9633       742.9576       744.7028       746.4729
       748.1158       749.6422       750.7175       751.5327       752.2020
       752.8663       753.4355       753.3501       752.9025       752.8362
       752.8083       752.6620       751.6327       750.5463       750.2793
       751.3087       753.0032       755.0349       757.7881       761.6031
       765.7851       769.1429       771.2653       771.9180       771.0667
       768.8773       766.0417       763.6613       761.7044       759.9258
       758.3694       756.9369       755.9095       754.9481       754.1049
       753.5695       753.6780       753.9871       753.3364       751.7535
       750.4627       749.9664       750.4556       751.0051       751.0099
       750.1689       749.5275       749.6290       750.4323       751.8135
       754.3738       757.4869       759.6749       760.2250       758.8435
       756.3626       754.0670       752.2580       750.8398       749.5705
       748.0437       746.4678       745.8583       745.7589
       761.4357       760.7587       759.7073       757.7616       754.4318
       751.2545       749.4604       749.0816       749.2954       749.5776
       749.0961       747.7899       746.3160       744.9142       743.2671
       741.5380       740.3146       739.4576       738.4016       737.8091
       737.4316       737.2260       737.9070       739.7643       742.3635
       744.4796       745.5774       746.2599       746.9337       748.0747
       748.8857       748.6708       747.7480       746.9417       746.1118
       745.3904       745.2593       746.3448       748.4757       750.6503
       751.8889       752.4249       752.4362       752.5899       753.4968
       754.4340       754.3257       751.9344       748.3583       745.2397
       743.5402       743.1951       743.9401       745.3590       746.5320
       747.6967       748.7328       749.7217       750.4221       750.6123
       750.7038       750.6948       751.1119       751.8857       752.1949
       752.1483       751.6366       750.6876       749.8056       750.0493
       751.4323       753.0567       754.9547       757.5181       760.8870
       764.8575       768.6939       771.0552       770.9593       769.0137
       766.2305       763.7708       761.6877       759.7814       758.0630
       756.4228       755.0953       754.5542       754.1693       753.6943
       753.4091       753.5313       753.6967       753.4478       752.6196
       751.3890       750.8085       751.0151       751.2932       750.7297
       749.5878       749.1185       749.1849       749.7805       751.3823
       753.6227       755.8721       757.3728       757.2469       755.6202
       753.4243       751.3996       749.8769       748.6466       747.1423
       745.0952       743.4074       742.4447       742.4070
       761.3496       760.0514       757.8173       755.0946       752.0458
       749.3959       748.3441       748.7040       750.2007       751.2508
       750.7926       749.2103       746.9554       744.6583       742.8452
       741.1022       740.0755       739.3873       738.3702       737.6309
       737.1185       736.6948       737.4629       739.5640       742.1050
       744.0439       744.9567       745.3155       746.2728       747.2972
       747.5305       746.7896       745.6041       744.6677       744.3517
       744.3201       744.7420       745.8787       748.0385       750.1489
       751.3808       752.3178       753.1088       754.4890       756.1427
       757.1157       756.0563       752.9249       749.1608       746.2946
       744.7505       744.6677       745.5859       746.5933       747.2938
       748.0175       749.0161       749.8665       750.4175       750.5513
       750.2109       750.0086       750.3090       751.2441       751.4585
       750.8989       750.2725       749.4929       748.7696       748.9520
       750.1222       751.7465       753.6824       756.5939       760.1033
       763.9267       768.0760       770.6809       770.1974       767.6010
       765.0415       762.9426       760.9645       759.2227       757.3751
       755.5033       754.1032       753.3636       753.3876       753.1241
       753.0091       753.0295       752.9403       752.9326       752.5824
       751.7844       750.8815       750.6303       750.4150       749.6196
       748.7853       748.6904       749.1890       749.7065       750.8911
       752.2900       753.8230       755.0839       754.8116       753.3582
       751.1965       749.1122       747.2906       745.6096       744.0031
       742.2982       740.7428       739.9630       740.0425
       759.0854       757.7479       755.3156       752.4224       749.8621
       747.8933       746.9425       747.8156       749.6878       750.9109
       750.0248       748.0584       745.6981       743.0894       740.8213
       739.4124       738.5826       737.9268       737.1065       736.2833
       735.9617       736.0323       737.0443       739.0411       740.9855
       742.2241       742.7473       743.2961       744.1949       745.2895
       745.4935       744.8019       743.8712       743.2178       742.8759
       743.1381       743.7102       744.8425       746.7714       749.0512
       750.9692       752.4788       753.8646       755.3713       756.6865
       756.7656       754.3439       750.3669       746.6617       744.5547
       744.3690       745.0382       746.2399       747.4031       747.7452
       748.0403       748.9995       750.2280       751.0022       750.9328
       750.7408       750.3277       750.4811       750.6573       750.1791
       749.1980       748.2621       747.4866       746.7468       746.2559
       746.5169       747.9302       750.7140       754.3983       758.6080
       762.8590       766.8302       769.3196       769.4905       767.9688
       766.0497       763.9926       761.9521       760.1492       758.1259
       755.8094       753.9381       752.8116       752.2912       752.2994
       752.2370       751.8618       751.6488       751.6654       751.5751
       750.5759       749.5916       748.8273       748.2474       747.8046
       748.0157       748.9789       749.8483       750.6830       751.2892
       751.9215       753.0047       753.9742       754.2118       753.0430
       751.1691       748.8596       746.2373       744.2520       742.8436
       741.7877       740.7034       740.0884       740.3733
       756.5662       755.4235       753.7460       751.8860       749.7681
       747.7288       746.7915       747.2305       748.3347       748.4597
       746.9235       744.7657       742.7853       740.7253       738.8817
       737.5768       736.8328       736.0695       735.2202       734.7187
       734.5377       734.7903       736.0137       737.7726       738.8492
       739.3130       739.6445       740.1786       741.2756       742.2740
       742.6716       742.4884       742.1223       741.6169       741.0772
       741.1043       741.5339       742.4997       744.4185       746.8760
       749.6461       751.4960       752.8113       753.7593       754.1418
       753.2582       750.3810       746.5833       743.7118       742.6785
       743.4223       745.0095       746.5634       747.6099       747.4075
       747.2542       748.5173       750.7152       751.8010       752.0439
       751.9155       751.5281       751.2971       751.2950       750.5735
       748.9873       747.4559       746.0760       744.7707       743.6465
       743.0746       743.9580       746.7418       751.2809       756.1986
       760.9825       765.0165       768.2512       769.8448       769.8530
       768.7482       767.1159       765.3718       763.2450       760.6569
       757.6004       754.6414       752.7996       751.9718       751.7997
       751.7947       751.1807       750.3300       749.9749       749.4415
       748.5641       747.5624       746.8317       746.1484       746.2214
       747.4904       749.1104       750.2670       750.9316       751.2178
       751.7269       752.8229       753.6934       753.7144       752.7067
       750.7787       748.4330       745.8514       743.6849       742.6271
       742.1163       741.8596       741.7878       741.9241
       754.1002       753.4230       752.4523       751.3364       749.7215
       748.2922       747.5617       747.2611       746.8749       745.4854
       743.2351       740.9943       739.6447       738.8601       738.0048
       736.8602       735.4911       734.5763       733.9578       733.4553
       733.2402       733.5048       734.5370       735.6925       736.4189
       736.5328       736.5237       737.1494       738.2900       739.1118
       739.3204       739.2852       739.4372       739.3741       739.3189
       739.1823       739.3625       740.6587       742.8466       745.9428
       749.0338       750.7127       751.1314       751.2850       750.9484
       749.6899       747.4963       745.1096       743.6573       743.3360
       744.1927       745.8204       747.0809       747.3695       746.9956
       746.7589       748.2649       750.5447       752.3342       753.2682
       753.7056       753.6616       753.6786       754.2305       754.2308
       752.6041       749.9169       747.3846       744.9335       742.7284
       741.3707       741.1320       743.0350       746.9785       752.6860
       758.4647       763.6265       768.1089       771.1574       772.0225
       771.6574       770.9807       769.7626       767.3455       763.8799
       760.0206       756.6302       754.3068       753.0496       752.7837
       752.5737       751.6171       750.1072       748.8478       748.0272
       747.1936       746.6826       746.1289       745.4880       745.6961
       746.9493       748.1342       748.8807       748.8207       748.9487
       749.8798       751.0478       752.0070       751.6622       750.2667
       748.2424       745.8125       743.5844       742.0598       741.5221
       741.5919       741.8252       741.8967       741.7363
       752.6266       752.0928       751.1505       750.0779       748.9943
       748.0892       747.1777       746.1480       744.7817       742.7120
       740.1995       738.0214       737.0782       737.0041       736.5898
       735.1588       733.4913       732.4972       731.9835       731.9417
       731.8983       732.1516       732.8184       733.7136       734.3037
       734.4247       734.6072       735.1722       736.0291       736.8425
       737.0852       737.5793       738.0369       738.1190       738.2556
       738.0924       738.1942       739.7825       742.7099       746.4701
       749.6447       750.7919       750.1807       749.2774       748.5830
       748.1027       747.3501       746.3045       745.8284       745.8764
       746.1993       746.5555       746.8088       746.5693       746.2044
       746.5833       747.8951       749.7864       751.6392       753.7280
       755.2780       756.2484       757.4703       759.2728       760.0778
       757.9823       753.8915       749.9502       746.7139       743.9817
       741.3206       739.4744       739.6063       742.9570       749.4638
       756.6785       763.1757       768.5258       772.0031       773.3916
       773.1572       772.9094       772.5749       770.3417       766.4948
       762.5829       759.5279       757.3975       755.8939       755.2355
       754.7248       753.3666       751.1854       749.1694       747.7698
       746.5615       746.0750       745.8049       745.2266       745.3965
       746.0237       746.3749       746.1747       745.8226       746.1494
       747.3708       749.0316       749.6959       749.1116       747.4911
       745.0182       742.5739       740.8951       740.1082       740.3806
       740.9626       740.9651       740.4984       740.0653
       752.4968       751.7270       750.6666       749.5198       748.3648
       747.1380       745.6564       743.9839       742.2225       740.3194
       738.0652       736.0852       734.9233       734.0628       732.7741
       730.7744       729.3550       728.8248       728.9752       729.5182
       729.6719       729.8390       730.5294       731.6258       732.4999
       732.8184       733.1993       733.7462       734.2654       735.0797
       736.0320       737.0172       737.7316       737.8564       737.6481
       737.1621       737.2158       739.0760       742.4821       746.1719
       748.8696       749.4432       748.3585       747.0847       746.9469
       747.7598       748.1671       747.9901       748.1196       748.6002
       748.2982       747.5529       746.7062       746.2685       746.0201
       746.6213       748.0068       749.3671       750.8572       753.1136
       755.7924       758.3550       761.2621       763.7682       764.2805
       761.0740       755.4191       750.7758       748.4027       746.3394
       743.4913       740.4432       738.8622       741.2374       747.9290
       755.6824       762.4083       767.7786       771.4097       772.9127
       772.8400       772.6209       772.7625       771.5905       768.2075
       764.5161       761.9152       759.8638       758.2396       757.3861
       756.5927       754.5131       751.9978       749.3475       747.1246
       745.5873       744.3462       743.6246       743.3050       743.6954
       744.4793       744.4978       744.0599       744.0580       744.9409
       746.6949       748.5713       749.2659       748.4516       746.4073
       743.3768       740.8516       739.5842       739.6024       740.2576
       740.7721       740.3068       739.5919       739.3397
       752.1064       751.3925       750.6143       749.3605       747.6107
       745.9224       744.1058       742.2314       740.5287       738.9026
       737.1505       735.2998       733.0747       730.5078       727.5591
       725.0486       724.1654       724.7525       725.7650       726.5125
       726.9926       727.4669       728.3754       729.7000       730.9994
       731.9402       732.5955       732.9053       733.1972       734.0648
       735.3867       736.5107       736.9312       736.7920       736.1405
       735.5509       736.1939       738.3558       741.4185       744.4723
       746.4744       746.6332       745.5560       744.7854       745.4419
       746.8747       748.1642       749.0443       750.2114       751.3109
       751.5926       750.7722       749.5260       748.4621       747.7809
       748.0239       749.2018       749.9535       750.8459       752.7435
       755.8615       759.8440       763.4714       765.8976       765.2028
       760.2952       753.5352       749.2686       748.3716       748.1954
       746.7538       743.8278       741.2747       742.5398       748.3593
       755.4026       761.4764       766.1149       769.2437       771.0672
       771.5891       771.9462       772.4656       771.8303       768.8785
       765.2729       762.3709       760.0101       758.1434       757.3822
       756.6440       754.5656       751.5812       748.5406       745.9213
       744.1553       742.6751       741.4767       741.1288       741.6523
       742.7767       743.3602       743.1558       743.1896       744.5057
       747.0994       749.5688       750.7253       749.9242       747.5154
       744.6962       742.0599       740.7229       740.4653       740.7085
       740.6071       739.8200       739.3642       739.7700
       749.5354       749.3083       748.8817       747.9294       746.2695
       744.3156       742.3763       740.5876       739.2255       738.2386
       737.0557       735.3466       732.2596       728.1132       723.8607
       720.9903       720.8503       722.1567       723.5988       724.8759
       726.0906       727.2455       728.5796       730.0171       731.7133
       733.2665       733.9304       733.8144       733.8330       734.5123
       735.6744       736.3430       736.1039       735.3769       734.5797
       734.3442       735.5774       738.0054       740.4709       742.9053
       744.4999       744.6715       744.0009       743.3770       744.1448
       745.8023       747.5502       749.6548       751.9758       753.8364
       754.4991       754.1019       752.8940       751.4473       750.3793
       750.6847       751.5846       751.8055       752.4229       753.9801
       756.6419       760.3440       764.1074       766.0375       764.0521
       757.8364       750.4276       746.1251       746.0187       747.3118
       747.3938       745.4357       743.3982       744.8242       749.7947
       755.9854       760.9886       764.4998       767.0620       769.0867
       770.8438       771.9988       772.5569       771.5074       768.5253
       764.9537       761.9092       759.2165       756.9302       755.6939
       755.0259       753.3289       750.1499       746.7208       744.1098
       742.7224       741.6982       740.7315       740.5676       741.5648
       742.7957       743.5747       743.4413       743.0813       744.5002
       747.6819       750.8961       752.8091       752.5104       750.5457
       747.8849       745.3491       743.3509       742.2285       741.6979
       740.8279       739.8425       739.6244       740.3936
       745.1036       745.1935       745.2934       745.1237       744.4125
       742.7298       740.4566       738.6161       737.7898       737.1024
       736.3645       734.6926       731.6807       727.1775       722.6228
       720.1396       720.0374       721.9354       724.1608       726.3555
       728.4099       730.1088       731.6501       733.1772       734.4836
       735.4214       735.9175       735.7163       735.3812       735.3877
       735.7808       736.0557       735.6618       735.0212       734.6028
       734.6789       736.2100       738.3415       740.3920       742.4420
       743.9865       744.3350       743.8556       743.0695       743.3991
       745.1203       747.2891       749.9401       752.4184       754.0181
       754.5317       754.2698       753.5811       752.7234       752.3469
       753.3963       754.6868       755.4490       755.7150       756.2496
       757.5937       760.1533       763.2961       764.7264       762.1986
       755.6418       747.8327       742.7128       741.6768       742.7799
       744.0677       743.8662       743.4072       745.8992       750.9927
       755.9797       759.6400       762.1082       763.9147       766.1069
       768.7048       771.0064       771.6700       770.1584       767.3129
       764.4446       762.0606       759.2571       755.8849       753.7458
       752.9913       751.3672       748.3152       744.8774       742.5426
       741.3823       740.7142       740.3267       740.9597       742.5103
       744.0464       745.1167       745.0992       744.7889       745.9644
       749.0082       752.4440       754.6534       754.9604       753.6241
       751.0753       748.3334       745.8770       744.2087       743.1629
       742.0814       741.1007       740.7800       741.0045
       741.3289       741.7880       742.2298       743.0456       742.9689
       741.1595       738.6419       736.8261       735.8542       735.0112
       733.5385       731.7929       729.4721       726.0416       722.7054
       720.8123       721.0385       723.2799       726.4819       729.8391
       732.7928       734.7964       736.1301       737.1742       737.6965
       737.3731       736.8120       736.2449       735.7039       735.5250
       735.6292       735.5338       735.3974       735.3678       735.6586
       736.4700       737.6896       739.2399       740.7151       742.5094
       743.9169       744.0613       743.2703       742.5742       742.8964
       744.6522       747.1522       749.4282       750.9739       751.5923
       751.6301       751.7030       752.3195       753.0269       754.0464
       755.5576       757.4056       758.6105       758.6352       757.9310
       757.7509       759.2164       761.5021       762.2262       759.6838
       753.7073       746.1862       740.5347       738.0808       738.6247
       740.4085       741.5150       742.6261       745.8207       750.9012
       754.8282       757.1472       758.4636       759.7699       762.0057
       765.1798       767.6768       768.6278       767.8578       765.9305
       764.1261       762.1822       759.2399       755.6584       753.3273
       752.4863       750.8808       748.0152       744.7311       742.1069
       740.7495       740.0540       740.2291       741.4895       743.2310
       745.1456       746.6409       747.0843       747.2869       748.5966
       751.1526       753.9196       755.7084       755.9703       754.6816
       752.3383       749.8192       747.6040       745.8585       744.6351
       743.7605       742.7880       741.9182       741.3916
       740.1976       740.9619       741.7688       742.3497       742.0243
       739.6794       736.7213       734.6979       733.6179       732.4615
       730.5206       728.3555       726.2603       723.9055       722.0846
       721.3785       722.4026       725.0654       728.5894       732.3302
       735.8054       737.9188       739.3309       740.0823       739.6287
       738.0552       736.0642       734.7581       734.2947       734.5804
       734.8651       734.7654       734.8464       735.8214       737.0432
       738.4844       739.6100       740.5243       741.8541       743.2188
       743.6230       743.1279       741.9405       741.2882       741.7979
       743.5073       745.7191       747.3649       748.3320       748.5185
       748.5067       749.3436       751.2788       753.3641       755.1676
       756.8876       758.5450       759.6526       759.3435       758.1502
       757.2401       758.0011       759.6199       759.8535       757.6781
       752.8769       746.7865       741.6901       739.0262       738.7451
       739.6019       740.6023       741.9902       745.2731       749.6255
       753.2042       755.0222       755.7222       756.8372       759.1847
       761.8257       763.8597       765.0446       765.2859       764.8646
       763.6892       761.4612       758.8558       756.4656       755.1218
       754.3643       752.8854       750.4443       747.4897       744.2871
       741.8011       740.7634       740.9222       742.0328       743.8220
       745.5782       747.2390       748.5015       749.2747       750.4844
       752.3859       754.2728       755.3577       755.1815       753.6839
       751.5362       749.6607       748.3685       747.3275       746.4286
       745.7856       745.0945       743.6389       742.7762
       740.7137       741.6155       742.4452       742.5761       741.3885
       738.6844       735.3323       733.2789       732.4362       731.1194
       729.1165       726.7023       724.2448       722.4134       721.3774
       721.7854       723.5345       726.4719       729.9207       733.1802
       735.9997       738.2624       740.0281       740.8593       739.7470
       737.2083       734.3154       732.5770       732.0569       732.1730
       732.6893       733.0910       733.9890       735.8431       738.2917
       740.1572       741.2670       742.0157       743.1791       743.9438
       743.5363       742.0634       740.3771       739.4415       739.8184
       741.1215       742.8575       744.5102       746.0709       747.2407
       747.8521       749.2819       751.6249       754.1498       755.9872
       757.4430       758.4399       758.7371       758.5006       757.6750
       757.3544       757.7071       758.6520       759.0434       757.6774
       754.5797       750.2246       746.4322       744.0583       742.5697
       741.6740       741.6385       742.6367       744.9864       748.5449
       751.7909       753.7527       754.8092       756.2776       758.1884
       759.4395       760.3318       761.8167       763.3109       764.0251
       763.0558       760.9596       758.5799       757.1961       756.7866
       756.7067       756.1879       754.8179       752.2197       748.5051
       744.7800       742.3249       741.6808       742.7789       744.5547
       746.1387       747.8286       749.0651       749.3513       749.6022
       750.7057       752.1400       753.0550       752.5380       750.8792
       749.4199       748.5531       748.5031       748.8798       748.8817
       748.6380       748.0341       746.6995       745.4533
       741.0376       741.5772       742.1855       742.0381       740.5948
       738.0803       735.5115       733.8420       732.8376       731.1466
       729.1036       727.0751       724.9120       723.2396       722.5970
       723.2488       725.0120       727.7314       730.8826       733.8715
       736.1333       738.4708       740.7330       741.9525       740.7695
       737.6498       734.5021       732.1158       730.8130       730.3972
       730.6807       731.5945       733.0444       735.4241       738.4159
       740.5331       741.3582       741.9581       742.5638       742.9040
       742.2603       740.4172       738.5442       737.5977       737.9656
       739.1155       740.5068       742.8102       745.4882       747.5881
       749.2914       751.0597       753.0062       754.6872       756.1279
       756.9947       757.6205       757.8753       757.7403       757.9561
       758.3924       758.7407       758.7501       758.8127       758.5450
       756.9500       754.1290       751.3368       749.2413       746.6431
       744.2859       743.4105       743.8383       745.3042       747.7210
       750.4993       752.8688       755.1035       757.0486       757.8641
       757.3202       757.1843       758.6498       761.4319       763.0378
       762.5077       760.5168       758.5010       757.4317       757.6105
       758.3792       758.9739       758.4199       755.8975       751.6355
       746.9888       743.7088       742.7725       743.7839       745.7843
       747.5760       748.4673       748.3571       747.5603       747.0162
       747.3381       748.2366       749.0870       749.0106       748.1577
       747.6750       748.1754       749.3096       750.4007       750.9666
       750.7143       749.6761       748.1832       746.9362
       741.0312       741.1443       741.1207       740.9431       739.8708
       738.1859       736.4593       735.3123       734.0875       732.4446
       730.6006       728.9108       727.1407       725.5359       724.8476
       725.0493       726.2499       728.7707       732.0349       735.1557
       738.1044       740.7874       743.0339       743.9776       742.7754
       739.8801       736.4127       733.5362       731.8747       731.2468
       731.3834       732.0126       733.3795       735.5831       738.0483
       739.5743       740.1837       740.5533       740.6627       740.5350
       739.6368       738.1350       736.6509       735.9743       736.7248
       738.2229       739.9074       742.4915       745.3575       747.8988
       750.2413       752.1222       753.2493       754.0085       754.9280
       755.7260       756.5330       757.5727       758.5560       759.6215
       760.4251       760.0587       759.2737       758.9440       758.9671
       758.3046       756.5813       754.0672       750.9745       747.7180
       744.7427       743.2350       743.2188       744.1931       745.9301
       748.4949       751.7689       755.0240       757.3807       757.3423
       755.6689       755.1047       757.1469       759.9863       761.3888
       760.9739       759.7617       758.2748       757.9564       758.6649
       759.8074       760.7457       759.9250       756.9111       752.3254
       747.8927       745.1454       744.5427       745.7275       747.6744
       748.9998       748.8021       747.6069       746.4848       745.5388
       745.0918       745.4399       746.1121       746.3677       746.4296
       747.1885       748.3702       749.8584       751.2383       751.3882
       750.4380       748.9294       747.3068       746.0478
       741.6353       741.7887       741.8364       741.6258       740.9247
       739.5284       738.2485       737.2815       736.1765       734.5725
       732.7986       731.0264       729.2347       727.1428       725.8356
       725.7902       726.9310       729.4082       732.6761       736.2582
       739.8301       742.3881       743.8771       744.0464       742.7125
       739.9626       736.7336       734.7180       733.9913       733.8407
       734.1584       734.7188       735.5308       736.8173       738.1627
       738.9951       739.4104       739.2546       739.1671       738.7625
       737.8494       736.6069       735.7340       735.8839       736.9077
       738.3718       740.3472       742.6868       745.2152       747.4363
       749.2324       750.7712       751.6940       752.3840       753.2850
       754.4239       755.9294       757.7877       760.0364       761.9421
       762.2331       761.2153       759.9845       759.3124       759.3682
       759.1628       757.4672       754.3569       750.2533       745.9350
       742.7148       740.8984       740.5861       741.5070       743.2801
       745.9764       749.4717       753.1295       755.5725       755.6740
       754.1024       753.9028       755.7224       757.7350       758.4976
       758.5071       757.9916       757.7923       758.1362       759.4437
       760.7996       761.1226       759.8177       756.5208       752.5569
       749.3079       747.3563       746.9470       748.2135       749.9014
       750.6672       749.7219       747.9131       746.3668       745.1323
       744.4982       744.7747       745.2100       745.2289       745.3649
       746.1019       747.4491       749.0174       749.9521       749.8402
       748.6005       746.8537       744.8745       743.1599
       743.7379       743.8424       743.9850       743.9518       743.2964
       741.8237       740.2452       739.1131       737.7141       735.9033
       733.8257       731.7757       729.5148       727.4169       726.0569
       726.2710       727.4080       729.0868       731.7893       735.1231
       738.3109       740.5434       741.3597       741.1045       739.9418
       737.7629       735.5197       734.9512       735.5339       736.1829
       736.6860       737.1133       737.2346       737.3395       737.7875
       738.1903       738.2650       738.2582       738.0223       737.7454
       737.3325       736.9670       736.8942       737.5529       738.5694
       739.7993       741.3112       742.9795       744.6898       746.5358
       747.7438       748.3832       749.2576       750.4998       751.8372
       753.2559       755.0445       757.1753       759.4946       761.5416
       762.0247       761.1110       759.8792       759.2556       759.4246
       759.0089       757.2011       753.8245       749.2151       744.4109
       740.9277       739.1962       738.3761       738.8694       740.6652
       743.5647       746.8419       749.4595       751.5584       752.1022
       751.5615       751.6893       752.9818       754.2740       755.0314
       755.4091       756.0309       756.6454       757.7208       759.2234
       760.3421       760.4655       759.3180       756.9242       754.3926
       752.2729       750.6307       750.1890       750.9353       752.1335
       752.1605       750.7826       748.9281       746.8814       745.2265
       744.6442       744.9100       745.3491       745.2061       744.7188
       744.8040       745.7834       747.0464       747.4609       746.7488
       745.4083       743.3167       740.9346       739.2202
       745.8154       745.5750       745.5389       745.3397       744.6258
       742.8688       740.9277       739.1772       737.4847       735.4619
       732.8107       730.3751       728.5611       726.9686       726.1603
       726.3944       727.1321       727.5111       728.7417       731.0380
       733.7498       735.8499       736.9317       737.3038       737.0498
       736.2900       735.8606       736.3165       737.2509       737.8404
       738.0383       737.8562       737.0244       736.1392       735.7845
       735.8217       736.1412       736.9557       737.3897       737.4708
       737.7988       738.0448       738.6039       739.6601       740.4754
       741.3233       742.5319       743.3053       744.5038       746.1978
       747.2933       747.4609       747.8083       748.9011       750.4033
       751.3685       752.3314       753.8530       755.6766       757.0356
       757.9901       758.2122       758.1342       758.2674       758.1973
       757.5462       756.2397       753.7592       749.8989       745.4717
       741.7227       739.1539       737.5983       737.4776       739.1953
       741.6656       743.7535       745.3422       746.7773       747.8789
       748.2773       749.1846       750.7977       751.7930       752.4296
       753.2996       754.2346       755.5548       757.0960       758.6151
       760.0153       760.7115       760.3917       759.1866       757.6559
       756.1925       754.9536       754.0233       753.9969       754.2592
       753.7507       752.3117       750.6297       748.6392       746.7009
       745.7028       745.7659       745.8107       745.1938       744.2034
       743.6619       743.9737       744.4301       744.0555       742.6791
       740.8774       738.9420       737.1641       736.2985
       745.7033       745.3777       745.0812       744.7336       743.8312
       742.6795       740.9926       738.9830       736.9024       734.5507
       731.7073       729.1023       727.5184       726.6362       725.9265
       725.9569       725.8466       725.4175       725.2722       726.7367
       728.8911       730.9092       732.5278       734.0082       735.1935
       736.5204       737.6635       738.7865       739.7686       739.6777
       738.8313       737.7834       736.4970       734.8867       733.7755
       733.7830       734.7090       736.0226       737.3928       738.1674
       738.4246       738.8616       739.5279       740.4656       741.1490
       742.2542       743.6000       744.7098       745.7856       747.2112
       748.0336       747.9685       747.7161       748.0817       748.4888
       748.8917       749.0283       749.5105       750.1516       750.7840
       751.6381       753.1396       754.8583       756.2506       756.7101
       756.4738       755.7548       754.1262       751.2395       747.6085
       743.6810       740.1703       737.7972       737.2993       738.4225
       739.9546       740.6864       741.1291       742.4895       744.4327
       746.1334       747.9563       749.5950       750.5320       751.0891
       752.1307       753.4242       755.1745       757.2020       759.1110
       760.8489       761.9727       762.2921       761.7805       760.7044
       759.6982       758.8243       757.9686       757.1932       756.9098
       756.4717       755.2065       753.2385       751.3576       749.4785
       748.0723       747.0995       746.2373       745.1653       743.9255
       743.0563       742.3619       741.5739       740.3039       738.6933
       737.1675       736.0937       735.4805       735.5107
       743.9353       743.4498       743.1750       743.1329       742.9455
       742.4648       741.2556       739.4335       737.4185       734.8560
       731.7090       728.9354       727.2712       726.2115       726.0229
       725.7368       725.0187       724.0684       723.6626       724.3788
       725.8810       727.5466       729.5938       731.4477       733.6002
       736.1343       738.5179       739.9445       740.5366       740.2188
       739.2344       737.9478       736.5485       734.6645       733.2007
       733.1536       734.2728       735.7800       737.4276       738.4767
       739.0514       739.4268       739.9011       740.4183       741.3976
       742.8698       744.9213       746.7489       747.9375       748.4614
       748.6786       748.1436       747.7417       747.4404       747.2579
       746.9357       746.4976       745.9103       745.1588       744.7671
       745.9017       748.4254       751.4854       754.3235       756.1455
       756.7280       756.3071       754.6976       752.0325       748.6842
       744.8655       741.3131       739.1362       738.4283       738.4788
       738.3622       737.8441       737.6302       739.2903       742.2906
       745.3954       747.8615       749.2573       749.8036       750.8231
       752.1647       753.9193       755.9800       758.0238       759.7686
       760.8119       761.6695       762.2056       762.4272       762.0807
       761.4742       760.6835       759.9158       759.4313       759.2117
       759.0241       758.2180       756.4569       754.4597       752.7209
       751.0512       749.5170       748.2776       746.6933       744.8226
       743.0189       741.3857       739.6707       737.7488       736.4127
       735.9797       735.4785       735.4328       735.5444
       742.2866       741.4377       741.2040       742.1124       742.8397
       742.8210       741.9056       740.2484       738.2426       735.5396
       732.1968       729.1932       727.5115       726.7369       726.6129
       726.5518       725.5216       724.3120       723.4775       723.4314
       724.3416       726.1949       728.3112       730.0392       731.8610
       734.7485       737.2630       738.7145       739.1953       739.1382
       738.7288       738.0923       736.9221       735.1057       733.3802
       733.0483       733.7853       735.1746       736.7141       737.8870
       738.7056       739.5235       740.2755       741.0975       742.3108
       744.1787       746.3151       748.1263       748.6609       748.2707
       747.9033       747.4614       746.9158       746.7851       746.5135
       745.7468       744.4863       743.0919       741.8284       741.3035
       742.8572       746.3644       750.1794       753.5453       755.8889
       756.9301       756.7233       755.2002       752.6377       749.3700
       745.9354       743.1315       741.5247       740.8946       740.2108
       738.7214       737.1003       736.7107       738.3710       741.7821
       745.5633       748.6335       750.3010       751.4474       752.8117
       754.5897       756.2759       757.7295       758.8243       758.9958
       758.8879       759.3889       760.2541       760.9246       761.0286
       760.7082       759.9506       759.0198       758.6982       759.0997
       759.8165       759.9209       758.9409       757.3046       756.0718
       755.0961       754.3068       752.8864       750.7324       747.7009
       744.2659       741.1902       738.9694       737.2714       736.4247
       736.2374       736.1789       736.1081       735.6705
       741.5641       740.8517       740.7376       741.5333       742.8387
       743.3809       742.7531       741.3914       739.0317       735.6966
       732.3445       729.8176       728.3146       727.6855       727.6886
       727.3499       726.2084       724.6542       723.5507       723.0117
       723.6935       725.5170       727.7108       729.2838       730.6451
       732.6979       734.7277       735.8299       736.5716       737.2488
       737.8328       737.8750       737.0534       735.5040       734.0402
       733.2291       733.3107       734.2454       735.6763       737.0042
       738.1887       739.3462       740.7390       742.3181       743.6913
       745.1111       746.7529       747.9007       747.7001       746.7507
       746.1031       745.8726       745.6744       745.4202       745.1888
       744.6409       743.0687       741.1359       740.0288       740.2826
       742.9931       747.1261       750.4769       752.7570       754.5027
       755.8242       755.6766       754.1398       751.9307       749.0938
       746.5162       744.9363       744.0069       743.6060       743.1982
       742.0123       740.5610       740.2288       741.3876       743.6306
       746.7224       750.0537       752.8026       754.7433       756.5026
       758.5357       759.5845       759.5953       758.9658       757.6335
       756.4506       756.9264       758.0404       758.5724       758.4531
       757.8620       756.9972       756.0857       756.1019       757.1491
       758.6063       759.7803       760.1746       759.8076       759.3412
       759.3187       758.7545       757.3885       754.7699       750.6927
       746.1031       742.0507       739.2977       738.0151       737.5277
       737.2151       737.1155       736.7867       736.2756
       741.7311       741.3723       741.1331       741.2819       742.0223
       742.8894       742.7322       741.4631       739.0483       735.8484
       732.8331       730.7171       729.5821       729.2266       728.7783
       727.7579       726.1330       724.5828       723.6786       723.5436
       724.2212       725.7598       727.4665       728.8463       729.7667
       730.6216       731.4915       732.3644       733.7378       735.6314
       737.2166       737.6398       736.8083       735.5760       734.2637
       733.3055       733.0691       733.7291       734.9527       736.6009
       738.2277       739.5318       740.8190       742.3531       743.5229
       744.1874       744.8636       745.3664       744.9687       744.1980
       743.9057       743.8640       743.6511       743.1988       743.0054
       742.8531       741.5245       739.4540       738.7206       740.2328
       744.1287       748.2068       750.0383       750.3672       751.1352
       752.0995       751.9226       750.4717       748.3141       746.1418
       744.8614       744.5114       744.6144       745.2924       746.0690
       746.2438       746.2360       746.4052       746.8497       747.9055
       749.6602       751.9780       754.2706       756.1664       757.8098
       759.2446       759.8535       759.0304       757.4344       755.6084
       754.7094       755.2573       756.3365       756.6310       756.4093
       755.4857       754.3434       753.6456       754.0837       755.5506
       757.2804       759.0244       760.2783       761.1485       761.3338
       760.8895       760.2581       758.7571       755.9683       752.0942
       747.4038       743.0811       740.1722       738.9377       738.4395
       738.2753       737.9181       737.5013       736.9586
       741.1382       740.6188       740.0303       739.7009       739.9262
       740.5199       740.8121       740.3658       738.8746       736.3478
       733.8926       732.4133       731.6974       731.1755       730.1477
       728.5278       726.7167       725.3026       724.8215       725.6559
       727.0295       728.2698       729.1396       729.7606       730.1178
       729.8562       729.6446       730.3474       732.2899       734.6608
       736.3720       736.6144       736.0143       735.3060       734.3023
       733.1138       732.6427       733.2715       734.7572       736.6998
       738.4091       739.4317       740.1647       740.9351       741.3618
       741.3651       741.5237       741.3735       741.1409       741.0024
       741.1157       741.2711       741.0679       740.6435       740.2819
       740.2136       739.4614       738.1774       738.0864       740.3855
       744.1696       747.2213       747.6854       747.1158       746.9969
       746.8084       745.9316       744.4758       742.7078       741.6119
       741.6720       742.1823       743.2495       744.8862       746.9148
       748.6643       750.1283       750.9114       751.4156       751.8546
       752.5103       753.3997       753.9667       754.0719       754.3758
       754.9315       755.2727       754.9282       753.8497       752.6457
       752.5606       753.7690       754.9089       755.5016       755.2734
       754.4556       753.5755       753.2843       753.6653       754.8796
       756.4777       758.1160       759.7174       760.7872       760.9475
       760.3109       759.0479       757.4417       755.3604       752.1513
       748.1178       743.8699       740.6052       739.0365       738.9215
       738.8355       738.6758       737.7786       736.8876
       738.9064       737.8262       737.1342       736.9792       737.0742
       737.5146       737.9345       738.1537       737.9044       736.6013
       735.1667       734.2573       733.6011       732.3104       730.6288
       728.8889       727.3314       726.6182       727.6959       729.6345
       731.5535       732.6631       732.8693       732.6929       732.2887
       731.3490       730.7168       730.9592       732.1149       733.4918
       734.3538       734.7462       734.9908       735.1891       734.5773
       733.8758       733.6802       734.4445       736.0995       737.5811
       738.6600       739.2621       739.6268       739.7536       739.5182
       738.9525       738.5948       738.3755       738.2373       738.7789
       738.9830       738.8107       738.6888       738.6202       738.5394
       738.4392       738.2961       737.8597       738.2448       740.2070
       743.1843       744.8817       744.8167       744.0933       743.1981
       741.5167       739.8901       738.7663       737.9814       738.2597
       739.3107       740.3290       741.5164       743.8059       746.3692
       748.5346       750.2285       751.6296       752.1723       752.3762
       752.8251       753.1238       752.1893       750.5826       749.6253
       749.6337       749.9683       750.3737       750.4515       750.3650
       750.7179       752.0418       753.5682       753.8461       753.4672
       753.0703       752.5974       752.4921       753.0432       753.9612
       755.2776       756.9052       758.4904       759.4208       759.4932
       758.7995       757.4648       755.7064       753.7796       751.2847
       747.9391       744.0809       740.5140       738.7900       738.6754
       738.6760       738.2142       737.1769       736.2372
       736.7453       735.3832       734.5590       734.6754       734.8574
       734.9359       735.1882       735.5911       736.1744       736.4473
       735.6510       734.7220       733.6465       732.2007       730.4005
       729.0615       728.1721       728.7078       731.1563       734.0128
       736.1494       737.0443       736.6052       735.7730       734.6494
       733.4809       732.6058       732.4729       732.2967       732.1313
       732.3180       732.8817       734.1066       735.0032       735.4279
       735.8878       736.4170       737.3524       738.7357       739.8055
       740.0765       740.1279       739.8770       739.8293       739.4184
       738.4047       737.4716       736.9952       737.1478       737.7969
       738.1135       738.2100       738.3998       738.5396       738.8448
       739.0612       738.8608       738.8608       739.3713       740.7768
       742.3832       743.0172       742.4079       741.3613       739.7296
       737.6491       735.9507       735.3829       735.8419       737.1308
       739.0040       740.4654       742.1686       744.7429       747.0814
       748.6822       749.8920       750.7712       751.1631       751.3832
       752.0779       751.8956       750.3411       748.3959       747.3266
       747.3113       747.9135       748.6403       749.4933       749.8777
       750.0828       750.8241       751.6357       751.7597       751.1328
       750.6443       750.4706       750.5507       751.2184       752.1614
       753.4735       755.3481       756.7782       757.7301       758.3031
       757.8080       756.3564       754.3853       752.3687       750.2131
       747.3148       743.8658       740.7025       738.8418       738.1049
       737.6260       736.8502       736.0341       735.6251
       735.2556       734.2787       733.6137       733.8702       734.2244
       734.1080       734.0960       734.7465       735.8339       736.1800
       735.4504       734.2600       733.1633       732.0772       731.3630
       730.6796       730.5360       731.5894       733.9278       736.6109
       738.5510       739.2366       738.7593       737.4327       735.9239
       734.2421       733.0798       732.3518       731.3880       730.4714
       730.5385       731.4630       732.9764       734.5852       735.8640
       737.3502       738.5134       739.9465       741.6310       742.5236
       742.3209       741.6007       741.1334       740.8804       740.4534
       739.4453       738.1527       737.1628       737.1345       737.4220
       738.0889       739.0825       739.9324       740.2669       740.7900
       741.1720       740.9614       740.7766       741.3900       742.0042
       742.1989       741.6178       740.4139       738.8451       737.2682
       735.8931       735.0216       735.3254       736.5331       738.2029
       740.2789       742.3848       744.9911       747.9529       750.2858
       751.7408       752.6254       753.0945       752.8998       752.4382
       752.1235       751.3741       749.8679       748.1891       747.4902
       747.7409       748.4668       749.6024       750.6123       750.5963
       750.1237       749.9501       750.0870       749.9109       749.3098
       748.7750       748.3260       748.0087       748.8175       750.1553
       751.8514       753.7433       755.3188       756.5580       757.3274
       757.0799       755.6915       753.8840       751.8177       749.6714
       747.1318       744.3276       741.5867       739.6022       738.3770
       737.3795       736.2930       735.6395       735.4457
       734.2193       734.0032       734.2689       735.3301       736.1894
       736.3373       736.1610       736.7420       737.5232       737.3903
       736.4742       735.1613       734.1130       733.4998       733.3459
       733.1395       732.9183       733.6263       735.2513       737.0864
       738.4700       739.2532       739.0687       737.9779       736.3425
       734.4005       732.4739       730.9064       729.4565       728.9063
       729.6906       731.1542       732.9337       734.7563       736.6626
       738.2697       740.2715       742.2101       743.8025       744.4229
       744.0363       742.9979       742.2029       741.6370       741.1071
       740.4564       739.6642       739.1160       738.4870       738.2213
       738.7028       740.0123       741.1920       741.8271       742.6208
       743.2437       743.1010       742.9927       743.0532       742.7706
       741.7908       740.3977       738.6141       737.0988       736.5816
       736.5555       737.0055       738.0214       739.0732       740.7062
       742.4802       744.5026       747.3746       750.9564       754.1780
       756.2966       757.5950       758.1448       757.5468       755.8998
       754.0287       752.1818       750.8018       749.7829       748.9682
       749.0568       750.0823       751.3591       752.0410       751.8688
       751.0305       750.4237       749.9082       749.3860       748.5711
       747.4591       746.4973       746.1811       746.5775       748.2783
       750.7615       753.2679       754.9751       756.2678       757.0734
       756.8941       755.8174       754.0301       752.1301       750.0108
       747.7677       745.2897       742.6631       740.4205       739.1503
       738.0686       736.9810       736.3257       736.0027
       734.3341       734.9653       736.1234       737.8004       739.4177
       740.0148       739.8006       739.7722       739.9944       739.7260
       738.8503       737.7118       736.5825       736.0082       735.8239
       735.1237       734.2129       734.2149       735.5234       736.6911
       737.8437       738.6466       738.5295       737.7541       736.4341
       734.6722       732.0989       729.7751       728.9042       729.6993
       731.5156       733.5391       735.2914       736.8903       738.4174
       740.3979       742.2773       743.7747       744.5578       744.9708
       744.8206       743.9795       742.5950       741.6536       741.1883
       741.0256       741.2450       741.4186       741.1481       740.5722
       740.5168       741.1967       742.1462       742.8759       743.6359
       744.3745       744.6558       744.4076       743.8711       742.9593
       741.4519       739.5044       737.5894       736.8282       737.5159
       738.7318       739.8352       740.7358       741.6487       742.6732
       744.2305       746.2433       748.9004       752.7255       756.6203
       759.8422       762.3127       763.4771       762.9837       760.9027
       757.6530       754.6757       752.6868       751.8402       751.1410
       750.7119       751.3438       752.3987       753.0240       752.9021
       752.0976       751.4062       751.0043       750.1677       748.6722
       746.9440       745.3951       744.8167       745.1107       746.5787
       749.8563       753.2347       755.6331       756.7693       757.2732
       757.3038       756.4435       755.1483       753.3596       751.1812
       748.7084       746.0825       743.2056       740.5251       739.0161
       738.3223       737.7919       737.5074       737.7268
       735.6816       736.6290       737.8388       739.1140       740.5699
       741.0305       740.6265       740.2062       740.0887       740.3372
       739.8810       739.1861       738.3307       737.6581       737.2129
       736.2120       734.5922       734.1005       734.7545       735.9040
       736.8141       737.6850       737.8820       737.2642       736.2347
       734.4598       732.4471       731.0608       731.6684       733.7602
       736.2400       738.1636       739.3640       739.9696       740.7332
       742.1737       743.6859       744.3407       744.5430       744.8030
       744.7589       744.1663       742.9986       741.8963       741.6499
       742.0299       742.5544       743.1179       743.4780       743.3684
       743.1763       743.3070       743.3192       743.5915       744.3139
       745.0464       745.3239       745.0524       744.3837       743.3807
       741.8041       739.8961       738.4224       738.3305       739.8576
       741.5623       742.6640       743.0838       743.6260       744.7036
       746.4172       748.4434       751.2181       754.9440       758.8809
       762.5647       766.0971       768.2360       767.8907       765.2443
       761.3763       757.4675       755.0135       753.8230       752.7934
       752.1868       752.1565       752.7181       753.3017       753.1434
       752.6545       751.9841       751.6641       750.9380       749.2410
       747.0354       745.1815       744.0237       743.7239       745.3018
       748.8974       753.0738       755.7510       757.0697       757.4117
       757.2516       756.6946       755.5574       753.9714       751.6978
       749.0706       746.2540       743.1517       740.4712       738.9820
       738.6520       738.7341       739.3680       740.1390
       737.5440       737.9092       738.1988       738.7571       738.9730
       738.6390       737.9931       737.5051       737.7917       738.5754
       739.1453       738.9618       738.6347       738.0785       737.4407
       736.1651       734.5482       733.5781       733.9805       734.9221
       735.6848       736.3503       736.5568       736.1881       735.4014
       734.6035       734.2120       735.3480       737.4359       740.1094
       742.2888       743.2349       742.9786       742.4494       742.5482
       743.3931       744.2925       744.5231       744.4798       744.2665
       744.1876       743.7367       742.9421       741.9680       741.9597
       742.6390       743.4003       744.0871       744.7704       745.2308
       744.9805       744.7531       744.4693       744.2841       744.5859
       745.2300       745.8887       745.7166       744.8890       743.7242
       742.5853       741.4711       740.9921       741.5817       742.8195
       744.3203       745.3098       745.9196       746.5592       748.2582
       750.4838       752.8795       755.7724       759.0339       762.2858
       765.7791       769.2759       771.2838       770.3975       767.3150
       763.2633       759.5836       757.3483       755.8561       754.4801
       753.3952       753.0909       753.3480       753.6156       753.7893
       753.2209       752.3360       751.6570       750.6280       748.9382
       747.0376       745.4066       744.1750       743.8014       745.3043
       748.6050       752.1713       755.0471       756.4716       757.1592
       757.2366       756.3640       754.9548       753.3671       751.2356
       748.3340       745.4490       742.9400       740.8508       739.5849
       739.1738       739.4823       740.3931       741.2771
       738.6215       738.2721       737.7523       737.4641       737.2126
       736.6682       736.0060       735.9037       736.5510       737.6523
       738.5082       738.7490       738.8167       738.4230       737.4312
       736.1306       734.5331       733.6677       734.1449       735.0752
       735.5836       735.5644       735.2765       734.6934       734.4871
       735.1334       737.1620       740.0597       743.1264       745.3292
       746.3850       745.9001       744.5366       743.3019       742.9669
       743.6930       744.4725       744.7286       744.1639       743.8206
       743.2852       742.5765       741.8026       741.0546       741.0753
       742.0131       742.8141       743.8102       745.1926       746.1147
       746.4054       745.7029       745.1757       744.8570       744.9014
       745.6201       746.2695       746.2428       745.2742       744.1977
       743.1808       743.0125       743.6280       744.5917       745.7399
       746.7170       747.8989       749.2759       751.0248       753.3115
       756.0408       758.7396       761.4316       763.8993       766.4274
       769.1569       771.6310       772.6658       771.0805       767.5529
       763.8901       761.0150       759.2757       758.1049       756.5330
       755.0945       754.9384       755.4120       755.6948       755.4660
       754.6552       753.3785       751.9315       750.3725       748.7183
       747.2374       746.0443       745.1013       744.8785       746.1617
       748.5986       751.3120       753.3583       754.8735       756.1635
       756.6230       755.8295       754.1540       752.6505       750.6061
       747.5530       744.8644       742.7829       740.6708       739.1871
       738.4837       738.6987       739.5977       740.3644
       737.6832       737.0699       736.2170       735.9089       736.4315
       736.7884       736.9868       737.2672       737.9910       738.7318
       739.1672       739.2579       739.0455       738.7911       737.7780
       736.3552       734.9884       733.9905       734.5598       735.4419
       735.4753       735.2014       734.5907       734.0910       734.3340
       735.9775       739.0181       742.5471       745.2869       746.6581
       746.5367       745.1788       743.6996       742.3894       741.9116
       742.6735       743.7831       744.3610       744.0898       743.0800
       741.9633       740.7518       739.7935       739.3495       739.7861
       740.5392       741.2171       742.6252       744.6245       746.5924
       747.6392       747.1764       745.9991       745.5197       745.5535
       746.1569       746.9899       747.1005       746.3834       745.2133
       744.6246       744.6979       745.8579       747.3864       748.6671
       750.0094       751.7831       753.9465       756.2844       758.8208
       761.5936       764.0082       766.1790       768.4796       770.6042
       772.3448       773.5397       773.8573       771.8498       768.0659
       764.4307       762.3232       761.2172       760.4177       759.2195
       758.3915       758.5984       759.4221       759.6486       759.0214
       757.7433       755.8686       753.6151       751.6422       749.9397
       748.4860       747.4284       746.5154       746.3448       747.3245
       748.9396       750.6486       752.1487       753.3652       754.2440
       754.4518       753.7374       752.7177       751.4832       749.5498
       747.1152       744.7026       742.2203       740.0028       738.2930
       737.6590       737.9855       738.4752       738.9526
       734.5934       733.7760       733.0706       733.4661       735.0156
       736.9310       738.3807       739.6699       740.4080       740.6148
       740.3843       739.8312       739.2083       738.4958       737.4937
       736.1579       734.8320       734.2593       734.6066       734.8867
       734.6711       734.4740       734.4303       734.8277       735.8940
       737.7464       740.1472       742.8821       745.1977       746.0405
       745.2531       743.4359       741.5510       740.1965       740.0507
       741.1118       742.5459       743.5599       743.2642       741.9818
       740.1123       738.6486       737.8602       737.6913       738.2129
       739.1323       740.2950       742.1790       744.2864       746.2676
       747.5894       747.6068       746.6426       746.0322       746.1893
       746.8844       747.9078       748.3854       747.8251       747.0479
       746.6827       746.9916       748.3611       750.7825       753.0016
       754.9030       757.0554       759.1782       761.2631       763.6352
       765.6918       767.3960       769.3500       771.8704       773.9526
       774.6933       774.9467       774.4257       772.0211       768.1957
       764.9657       763.3716       763.3083       763.2692       763.0294
       763.0615       763.7353       764.6884       765.3104       764.2178
       762.0352       759.3045       756.2166       753.7195       751.7992
       750.3173       749.2479       748.2757       748.0844       748.8028
       749.8557       750.7419       751.6989       752.4597       752.4735
       751.6576       750.6137       749.9191       749.1926       747.9692
       746.4026       744.6042       742.6772       740.5762       738.8842
       738.1929       738.1966       738.4800       738.3204
       730.2866       729.4899       729.3018       730.6761       733.1010
       735.6740       738.4539       741.0153       742.4572       742.2378
       741.0717       739.8600       738.7166       737.8204       737.1172
       735.8788       734.8362       734.4401       734.5742       734.4639
       734.4391       734.7907       735.5865       737.1235       738.9272
       740.5579       742.3114       744.1586       745.6543       746.2159
       744.8685       742.1692       739.4258       738.1096       738.6437
       739.9099       741.4100       742.2105       741.9051       740.3784
       738.4044       736.8999       736.3884       736.5546       737.0423
       738.2287       740.1323       742.1696       743.9492       745.4141
       746.4645       746.8867       746.6587       746.3759       746.8856
       747.8262       748.7612       749.2072       748.9475       748.5276
       748.5369       749.2026       751.2866       754.5291       757.4438
       759.5440       761.3909       763.2106       765.2476       767.2451
       768.6343       769.8047       771.3633       773.2693       774.9381
       775.3881       774.8536       773.5447       771.0028       767.7621
       765.3251       764.4153       765.1173       765.9442       766.3151
       766.8166       767.7109       769.0895       769.6997       768.4373
       765.4305       761.6371       758.3604       755.8321       753.8226
       752.1768       750.8318       749.9406       749.6517       750.0736
       750.6946       750.7870       750.9307       750.9715       750.2864
       749.0873       747.8072       747.2234       747.0392       746.4578
       745.8431       745.1202       743.8230       742.1041       740.5671
       739.6451       739.4945       739.7438       739.6716
       726.8272       726.4755       727.0174       729.2670       732.0939
       735.1337       738.4066       741.4254       743.0951       742.6069
       740.9836       739.6055       738.6724       738.3579       737.9598
       736.9696       735.8912       735.3787       735.2485       735.2825
       735.3250       735.8973       737.5724       739.7204       741.6484
       743.6896       745.3563       746.2578       746.7640       746.3552
       744.2142       740.8659       738.2196       737.3979       738.1341
       739.3224       740.0801       740.6534       740.3190       739.1155
       737.4705       736.1509       735.7655       736.0521       736.8792
       738.4211       740.2275       741.7149       742.8969       744.0033
       745.1082       746.1592       747.0004       747.6674       748.6637
       749.5612       750.2700       750.5508       750.4680       750.4240
       750.5061       751.7380       754.0565       757.0110       759.9549
       762.0621       763.5952       765.5031       767.9120       770.2401
       771.5039       771.9520       772.8069       773.9364       774.5272
       774.8273       774.2585       772.6747       770.1852       767.7876
       766.3036       766.0857       766.5792       767.4452       767.9998
       768.6805       769.9608       771.4242       771.6594       770.0110
       766.5225       762.6034       759.5803       757.5690       756.1340
       754.7170       753.0162       751.9178       751.4565       751.2665
       751.0506       750.5001       749.4664       748.7323       747.8613
       746.5165       745.5743       745.1308       745.1924       745.2559
       745.2297       744.9780       744.1761       742.9740       742.0296
       741.5813       741.9333       742.5369       742.8817
       726.0484       726.2979       727.4781       729.8055       732.9960
       736.0258       738.9850       741.5115       742.5784       742.2000
       741.1108       740.0689       739.8057       740.2662       740.1165
       738.9145       737.6044       737.1884       736.9441       736.5896
       736.1321       736.4252       738.3324       740.6011       742.9273
       745.3204       747.1216       747.6652       747.1979       745.5410
       742.8682       740.0807       738.2716       737.6774       738.1928
       738.8637       739.2774       739.4177       739.4310       738.8318
       737.6974       736.3865       735.9315       736.4036       737.6976
       739.3117       740.5856       741.4332       741.9305       742.3809
       743.5943       745.4947       747.5018       749.5292       750.9543
       752.0071       752.6710       753.1532       753.3140       753.2650
       753.3619       754.4869       756.4622       758.5026       760.7603
       762.9461       764.7527       766.8089       769.3964       771.8580
       773.0804       773.0451       773.1700       773.6636       773.7593
       773.3569       772.5688       771.2076       769.2618       767.4068
       766.9880       767.3698       768.0138       768.8551       769.6780
       770.7096       772.1048       773.1948       773.1277       770.9733
       767.1871       763.3230       760.5693       759.1059       758.5894
       757.9111       756.6494       755.0999       753.8231       752.6300
       751.3501       750.0898       748.6854       747.5059       746.4679
       745.3770       744.5355       743.6805       743.4041       743.6838
       743.6168       743.3663       742.9753       742.7302       742.8816
       743.4765       744.5279       745.9264       746.7683
       728.3380       728.8329       730.2672       732.4627       734.8251
       737.5278       740.0276       741.7650       742.8049       743.0443
       742.6786       742.1112       742.1159       742.5536       742.2347
       740.6696       739.2422       738.8115       738.4268       737.6625
       736.9816       737.0724       738.7333       741.1502       743.3966
       745.7541       747.1028       747.3327       746.1742       744.3633
       742.0907       740.3792       739.4127       739.0437       739.1213
       739.0168       739.1090       739.7457       740.0009       739.3936
       738.2363       737.1716       736.6970       737.3815       738.8535
       740.1664       741.1520       741.5305       741.4411       741.3918
       742.6137       745.1155       748.1359       750.7352       752.9185
       754.1639       755.0634       755.8146       756.1370       756.2375
       756.6845       757.6780       759.0336       760.3840       761.7552
       763.5273       765.6215       767.7529       770.0654       772.1379
       773.1785       772.9040       772.4147       772.1609       771.8539
       771.0099       769.8404       768.9114       767.6870       766.6813
       766.9229       767.7866       769.1279       770.5447       771.7848
       773.3553       774.6479       775.1566       774.3826       772.0837
       768.1740       764.6004       762.3319       761.2935       761.3281
       761.5215       760.7754       759.1218       757.0159       754.6577
       752.8341       751.1722       749.5778       748.2717       747.2219
       746.4189       745.3925       744.1750       743.3056       742.9313
       742.2481       741.4347       741.4653       741.9115       743.1279
       745.1378       747.3033       749.2667       750.4393
       731.8715       732.3311       733.6026       735.2751       736.9056
       739.1345       741.4396       743.1167       743.9498       744.0869
       744.1141       744.1872       744.2568       744.2007       743.2227
       741.6662       740.5997       740.0892       739.7437       739.0199
       738.7562       739.1277       740.2937       741.9920       743.8550
       745.3722       746.0864       745.4916       744.1196       742.6345
       741.4879       740.6843       740.4524       740.3092       739.9788
       739.8867       740.0479       740.4208       740.5518       739.8663
       738.6398       737.5383       737.2225       737.9681       739.5652
       741.1917       741.7631       741.7335       741.1063       741.1299
       742.6872       745.6819       748.9124       751.7951       753.8647
       755.2835       756.4771       757.5609       757.8882       758.3432
       759.3700       760.5476       761.4257       762.1799       763.1592
       764.3661       766.0787       768.5301       771.0017       772.5214
       772.7625       772.1952       771.6901       771.2638       770.6843
       769.4130       768.1566       767.2719       766.5529       766.2546
       766.8101       768.0800       769.6722       771.6759       773.6130
       775.3142       776.2292       775.8497       774.9118       772.3008
       768.7864       765.9567       764.4998       764.0884       764.3553
       764.5518       764.1409       763.1383       760.8842       757.7946
       755.2863       753.5226       751.8563       750.3322       749.3617
       748.9821       748.4958       747.3049       745.8987       744.6229
       742.9482       741.5551       741.1302       741.9813       743.8950
       746.7134       749.7275       751.8766       752.8890
       734.6126       734.7228       735.2650       736.6921       738.3762
       740.3021       742.4377       743.6618       743.9772       743.9324
       744.0529       744.3005       744.3425       744.0037       743.1794
       741.9952       741.1775       740.7624       740.4095       739.9909
       740.0521       740.6824       741.2416       742.1187       742.9555
       743.7100       743.6861       742.7809       741.5561       740.4573
       739.9727       740.1385       740.5467       740.7590       740.4333
       740.4189       740.7553       740.6497       740.1567       739.4062
       738.2060       737.0494       736.7133       737.6352       739.6559
       741.6102       742.4584       742.0566       741.2906       741.4615
       743.5681       746.7717       750.2022       752.7051       754.1858
       755.2408       756.2195       757.1890       757.9796       758.8547
       759.9891       760.9316       761.8967       762.5602       763.3242
       764.3498       765.9377       768.6117       771.2488       772.5469
       772.0751       771.1923       770.8723       770.9265       770.1990
       768.6571       766.7633       765.3639       764.7937       765.0556
       765.7794       767.1453       769.1786       771.7216       774.5222
       776.3221       776.3696       775.4659       773.8445       771.5694
       768.6523       766.5052       765.4817       765.4062       765.6986
       765.7092       765.7060       765.6583       763.9291       760.4998
       757.3112       755.3396       753.9303       752.4372       751.5687
       751.8262       752.0977       751.2843       749.5005       747.3810
       745.1514       743.3768       742.6906       743.0078       744.7498
       747.8100       750.8668       753.1056       754.0340
       735.4888       735.3616       735.6539       736.5650       738.2401
       740.2537       741.4955       742.1699       742.2994       742.4101
       742.9094       743.5090       743.5352       742.9448       742.0736
       741.2740       740.7274       740.4191       740.0026       739.8777
       740.1436       740.3561       740.8268       740.8958       740.7484
       740.5308       740.0229       739.1549       738.5682       738.3957
       738.5612       739.3017       740.2648       740.8825       740.5683
       740.1801       740.0626       739.7189       739.0875       738.0137
       736.6299       735.7228       735.8568       737.2882       739.2863
       740.8734       741.9304       742.0970       741.5186       742.1476
       744.4272       747.7549       750.9213       752.6977       753.5622
       754.1361       754.6500       755.1090       756.1263       757.4530
       758.2683       759.0875       760.1409       760.9188       761.6388
       762.6566       764.2893       767.1364       769.9844       771.2297
       770.4409       769.4380       769.4566       769.5603       768.6965
       766.1758       763.7167       762.1630       761.8883       762.4706
       763.5190       765.0824       767.5585       770.7465       774.0766
       775.9348       775.7474       774.3063       772.3019       770.0046
       767.9190       766.1888       765.1930       764.8349       765.0938
       765.7098       766.3327       766.5349       764.8312       761.2285
       757.7025       755.5515       754.1816       752.9357       752.4371
       752.8322       753.4529       753.0591       751.1141       748.2726
       745.9017       744.4321       743.5933       743.6654       745.1777
       748.1013       751.1613       753.3121       754.2197
       734.8494       734.7103       734.8607       735.7575       737.3403
       739.0873       739.7909       739.7073       739.6861       740.0176
       741.0991       742.3311       742.5884       741.4943       740.0469
       739.0682       738.9561       739.4001       739.2408       738.9343
       739.0982       739.3062       739.1573       738.5602       737.6498
       736.7437       736.1470       735.8170       736.2745       737.2540
       738.2479       739.2582       740.7070       741.4502       740.7909
       739.8958       739.3012       738.4460       737.3804       735.9793
       734.3156       733.8062       734.9300       736.5565       738.2284
       739.6035       740.6107       740.9247       740.9269       741.7291
       744.0943       747.2338       749.6277       750.7534       751.4244
       752.0607       751.9799       752.1891       753.1740       754.7900
       755.8777       756.4797       757.2661       758.0102       758.6952
       760.0423       762.1507       764.8245       767.3577       768.5269
       768.4589       768.0454       768.0563       767.7587       765.8113
       762.8435       760.3385       759.3457       759.4589       760.3353
       761.6338       763.5557       766.1775       769.6403       772.5832
       774.0658       773.8180       772.5126       770.6416       768.4868
       766.6248       765.5500       764.9609       764.8458       765.4781
       766.5831       767.4651       766.9425       764.3006       760.2709
       756.8002       754.4726       752.9052       752.0016       751.7282
       752.2209       752.5931       752.1788       750.2424       747.3855
       745.2145       743.9224       743.2865       743.6138       745.1703
       747.8264       750.8058       752.7416       753.7532
       733.8781       733.2357       733.3834       734.6686       736.5573
       738.0270       738.5922       738.1330       737.5437       737.6082
       738.9516       740.8149       741.2000       739.7385       737.4020
       736.1735       736.5267       737.4616       737.6808       737.2082
       737.2636       737.5629       737.0813       736.0222       734.6371
       733.7298       733.3892       733.8967       734.9769       736.6827
       738.2359       739.9006       741.7964       742.3632       741.4673
       740.1006       738.8887       737.5212       736.0758       734.2100
       732.3428       732.2744       733.5482       734.9705       736.5629
       738.0695       739.2939       739.8005       740.1439       740.9412
       743.0157       745.8754       747.8505       748.7675       749.4917
       749.6013       749.2768       749.3922       750.7765       752.5002
       753.8137       754.6743       755.1400       755.5771       756.5876
       758.2631       760.7095       763.0853       764.9172       766.2784
       767.1804       767.4137       767.3250       766.5604       764.4523
       761.6957       759.7400       758.7837       758.7822       759.5112
       760.8345       762.7774       765.6810       768.8057       771.2049
       772.2409       771.8802       770.7986       769.7945       768.2213
       766.6656       765.7778       765.7673       766.3661       767.2951
       768.2926       768.6281       767.2581       763.9750       760.0434
       756.7907       754.4349       753.0736       752.1661       751.7189
       751.7736       751.9027       751.5275       750.0667       747.8745
       745.7294       744.4869       744.0970       744.5660       746.0181
       748.2397       750.4783       752.4295       753.4271
       732.8215       732.0356       732.3798       734.0305       735.8826
       737.6045       738.2618       737.8224       736.7642       736.2336
       737.6589       739.7835       740.2082       738.3105       735.7863
       734.4675       734.7343       735.5715       735.7885       735.3389
       735.4691       735.9424       735.8487       734.7471       733.2873
       732.1432       732.0965       732.9130       734.4115       736.1425
       738.0740       740.0448       741.8821       742.7949       741.6458
       739.7745       738.3558       737.0482       735.4406       733.2661
       731.5239       731.5779       732.6559       733.6517       735.2094
       737.2689       738.4236       738.9752       739.6075       740.7966
       742.4119       744.7627       747.1014       748.4752       748.9017
       748.4646       747.9925       748.2999       749.3884       751.2192
       753.1093       754.2720       754.6468       754.9479       755.9924
       757.9872       760.2463       762.4929       764.3359       765.7819
       766.7970       766.8492       766.7345       766.8749       765.3621
       762.7927       760.8835       759.7927       759.0136       759.1862
       760.4594       762.6365       765.5249       768.4969       770.9540
       771.8749       771.1042       770.2091       769.8835       769.1438
       767.5682       766.7470       767.1104       768.1694       769.0239
       769.1974       768.7547       767.2502       764.2126       761.0026
       758.2675       756.1566       754.6833       753.2725       752.5289
       752.2608       752.1628       751.9568       750.9559       749.3126
       747.4280       745.9876       745.6115       746.3397       747.6415
       749.2536       751.1693       752.6342       753.5967
