!     RMS - Reservoir Modelling System GRID TO ZYCOR GRID
!     RMS - Reservoir Modelling System VERSION : 10.1
!     GRID FILE NAME   : TopSW
!     CREATION DATE    : 2018.12.21
!     CREATION TIME    : 08:23:57
@TopSW HEADER                     ,      GRID, 5
      15,    -99999.0000,       ,      4,      1
     119,     65,    436910.1562,    440110.1562,   6469154.5000,   6475054.5000
         0.0000,         0.0000,         0.0000
@
+ Grid data starts after this line
       800.0126       799.9319       799.9628       799.8032       799.3016
       798.7096       798.2394       797.8699       797.4387       797.3893
       798.2704       800.0375       802.1829       804.0685       805.7522
       807.4076       809.0555       810.6609       812.0961       813.2511
       814.1694       814.7721       814.4730       813.4737       812.0797
       810.8307       810.0858       809.5857       809.4667       809.3264
       808.5477       807.2562       805.6886       804.4113       803.3800
       802.9194       803.1740       804.2544       806.3096       808.4117
       810.0937       810.7859       810.2794       809.7209       809.3762
       808.4755       807.1885       806.1908       805.2167       804.7526
       805.1251       806.4474       808.0239       809.0770       808.9445
       808.0961       807.3513       806.6969       806.7360       807.3612
       808.0334       808.4954       809.1359       809.9667       810.3718
       810.4034       810.5022       810.2382       810.3174       810.8672
       811.9551       813.7526       815.3499       816.3144       818.0430
       820.2194       821.1359       821.8724       823.6318       825.4526
       827.3041       829.1094       830.2054       830.4467       830.5728
       830.4509       829.8296       828.6336       827.0221       825.8395
       825.3481       824.8918       823.8029       822.4472       821.1328
       820.6144       820.5878       820.3825       819.5779       818.5303
       817.5279       816.7714       815.9258       815.2187       815.0326
       815.4374       816.2032       816.6209       816.0255       814.8339
       812.9362       810.7089       809.4341       809.1579       809.3840
       810.1235       810.4313       809.5814       808.4677
       798.9426       798.9557       799.0807       799.1605       798.8221
       798.1359       797.6312       797.3555       797.2700       797.2604
       797.8846       799.5751       801.9254       804.1262       805.8417
       807.9881       810.1147       811.8422       813.3485       814.5734
       815.3752       815.4962       814.8508       813.2928       811.5530
       810.3246       809.8257       809.7492       809.9442       809.7144
       808.7241       807.0790       805.2202       803.4330       802.2638
       801.8757       802.4908       804.1758       806.8259       809.7355
       811.6536       812.3124       811.5370       810.3550       809.2502
       807.8148       806.2711       804.8057       803.9937       803.9988
       805.2571       807.3004       809.4470       810.7736       810.4934
       809.1407       807.6031       806.8061       806.7684       806.9113
       807.2955       808.0919       809.1910       810.2631       810.7180
       810.9886       810.7345       810.3810       810.3889       810.7665
       811.6908       813.5287       815.5628       817.1321       819.0438
       821.1713       821.9830       822.4706       823.8405       825.6813
       827.3808       829.1654       830.6232       831.5899       832.0623
       831.9820       831.4398       830.4148       829.0447       827.4498
       825.9714       824.7732       823.8721       822.7852       821.9102
       821.4456       821.5859       821.3647       820.4075       819.0536
       817.9683       817.4683       817.0959       816.7468       816.7834
       816.9235       817.3710       817.8858       817.8285       816.6724
       814.3636       812.0106       810.6038       810.3345       811.0977
       811.7124       811.7775       810.8608       809.6298
       798.2213       798.0854       798.2305       798.4677       797.9424
       797.2836       796.8570       796.5659       796.8568       797.4154
       798.4594       800.2845       802.8502       805.0993       806.9670
       809.0375       811.2736       813.2968       814.8146       815.6751
       816.2169       816.6286       815.9581       814.2276       812.0360
       810.6985       810.3574       810.4737       810.5775       810.0587
       808.7241       806.9930       804.7706       802.5594       801.1663
       800.7713       801.4870       803.6378       806.8564       810.1180
       812.6499       813.1868       812.3507       810.6230       808.6321
       806.9141       805.0388       803.2538       802.2858       802.8210
       804.9543       807.8890       810.4468       811.6305       811.2219
       809.5201       807.5859       806.8008       806.4514       806.3628
       806.7708       807.9722       809.6149       810.9245       811.8469
       811.7051       810.8315       810.4169       810.4327       810.8280
       811.4524       812.8774       815.3984       817.2019       818.6667
       820.5385       821.8313       822.4557       823.5076       825.0312
       826.6309       828.3242       830.2142       831.9438       833.0815
       833.6082       833.4379       832.7405       831.3046       829.1356
       826.8106       825.0507       823.7667       822.8856       822.4946
       822.4345       822.6871       822.4932       821.3776       820.1033
       819.4417       819.0432       818.7486       818.6902       818.9075
       819.3914       819.9249       820.2865       820.2315       818.9575
       816.1390       813.5001       812.0370       811.9525       813.1503
       814.3700       814.2213       813.1345       811.9119
       797.2571       797.2773       797.4300       797.1057       796.2903
       795.7102       795.7916       796.1188       796.5065       797.6949
       799.5119       802.0403       805.0220       807.2699       808.8400
       810.2880       812.0583       813.7426       815.0719       815.6758
       816.3980       816.8633       816.0989       814.3317       812.5065
       811.3847       811.1246       811.0964       810.7380       809.5173
       807.6278       805.6815       803.5497       801.3278       799.6473
       798.9635       799.6239       801.8370       805.0443       808.6359
       811.2783       812.1807       811.1392       809.2917       807.1154
       805.1573       803.2356       801.0594       800.1407       801.1595
       803.7821       807.1782       809.8928       811.1545       810.5475
       808.8367       807.6019       806.5485       806.1655       806.3276
       807.0591       808.3159       809.7823       810.7969       811.2823
       810.9385       810.1304       809.6020       809.6681       810.3692
       811.0225       812.4666       814.5585       816.2485       817.3920
       818.7551       820.0453       821.0485       822.1108       823.2714
       824.9555       827.0237       829.6791       832.5612       834.6539
       835.7944       835.7982       834.6960       832.7337       830.2297
       827.6517       825.6108       824.2886       823.5119       823.2706
       823.6144       823.8270       823.3445       822.7327       822.3656
       822.1486       822.2419       822.0217       821.6044       821.3812
       821.6787       822.4724       822.8026       822.3397       820.5034
       817.6191       814.8040       813.6454       814.0830       815.5095
       816.9166       817.0898       816.0640       814.9305
       796.9922       796.8041       796.5120       795.6082       794.7269
       794.6515       795.3616       796.1563       796.8965       798.3159
       800.3896       803.2600       806.2716       808.6995       809.8411
       810.4879       811.4594       812.6837       813.5463       814.4867
       815.2377       815.0182       813.7806       812.3621       811.3444
       810.6600       810.5146       810.4390       809.4308       807.4497
       804.8928       802.5862       800.8017       799.1696       797.8331
       796.9905       797.1340       798.6201       801.8937       805.6393
       808.3235       809.0700       808.1310       806.2406       804.2782
       802.3712       800.3453       798.4203       797.5219       798.7585
       801.9139       805.8345       809.0872       810.0626       809.5135
       808.6256       807.6587       807.0059       806.9120       807.2487
       807.5338       808.2766       809.1607       809.3844       808.8920
       808.4528       808.1819       807.7654       808.0040       808.8235
       810.2975       812.1358       813.8964       815.4962       816.7711
       817.6845       818.6442       819.4824       820.3446       821.8149
       824.1384       827.1465       830.6835       834.0687       836.7941
       838.2148       837.8821       835.7227       832.8605       830.1354
       827.8696       826.2294       825.3327       824.7192       824.4651
       824.8692       825.1880       825.0601       824.5720       824.6797
       825.0686       825.6566       825.8489       824.7634       823.6992
       823.4150       823.6030       823.8500       823.2004       821.1349
       818.1366       815.8851       815.1409       816.0172       817.4185
       818.6525       819.2710       818.7501       817.6606
       797.9445       797.6917       796.5835       795.1537       794.7358
       795.2753       795.9285       796.7872       797.6932       799.0517
       801.0281       803.0737       805.3482       807.5244       808.7282
       808.9565       809.4301       810.0136       810.9222       811.9809
       812.5333       811.7793       810.3380       809.6445       809.5209
       809.2498       808.6821       807.7477       806.3041       804.1919
       801.6469       799.4031       798.5716       798.3957       797.4676
       795.8898       794.7314       795.5669       798.6312       802.2680
       804.7983       805.3557       804.2583       802.5507       800.5945
       798.6595       796.8453       795.1411       794.6887       796.4675
       800.2426       804.9755       808.3502       809.2624       809.1923
       808.8828       808.2797       807.9205       808.0407       807.8339
       807.1403       806.8032       807.0688       806.8716       806.0928
       805.5053       805.3236       805.6082       806.5209       807.9706
       809.8348       811.8447       813.7140       815.2463       816.5631
       817.6812       818.4531       818.7933       819.2809       821.3012
       824.1917       827.7997       831.5226       834.7205       837.1539
       838.2074       836.9473       834.0511       830.7518       828.0364
       826.5258       825.9946       825.5883       825.3660       825.6815
       825.9442       826.3363       826.4907       826.1617       825.6182
       826.0702       827.0673       827.0634       825.6607       824.1620
       823.4641       823.6229       823.7652       823.0862       821.1777
       818.4247       816.6022       816.4297       817.2232       818.4552
       819.5538       820.1819       819.8529       819.1407
       798.1744       798.0421       796.8558       795.7087       795.3148
       795.5015       795.9844       796.6609       797.5796       798.5904
       799.7989       800.8105       802.1799       804.0527       805.6948
       806.3784       806.6160       806.6564       807.1372       808.2202
       808.7684       808.2332       807.4913       807.5898       807.9535
       807.4848       805.9581       804.0762       802.0858       800.2712
       798.6379       797.6356       797.9230       798.3478       797.2282
       794.9679       793.1566       793.6374       796.2955       799.3514
       801.3796       801.6713       800.6635       798.9719       796.8066
       794.9996       793.5668       792.2940       792.5591       795.2166
       799.4154       804.1345       807.6167       809.0168       809.3018
       809.4825       809.3458       809.1686       808.5251       807.2006
       805.5988       804.3174       803.4947       802.9669       802.4886
       802.0330       802.3248       803.7300       805.4440       807.2201
       809.0121       811.0947       813.0505       814.8837       816.4659
       818.0748       819.1724       819.1639       819.7020       821.5098
       824.5848       827.9434       831.3534       834.1635       835.4384
       834.9055       832.6544       829.7518       827.1417       825.6662
       825.3369       825.6141       825.6367       825.8744       826.3581
       826.7162       826.6672       826.4379       825.9776       825.5282
       825.4308       825.9242       825.5676       824.3154       823.0616
       822.5620       822.7271       822.7720       822.1860       820.5059
       818.4600       816.9885       816.4663       817.0152       818.1552
       819.2229       819.7000       819.0142       818.2183
       796.6143       796.9794       796.5894       795.8070       795.4114
       795.1653       795.0333       795.3738       796.0499       796.8892
       797.3201       797.7899       798.7643       800.5811       802.4136
       803.4312       803.3926       803.1069       803.3876       804.2456
       805.0417       805.1931       805.4217       806.0253       806.1666
       805.0999       802.8779       800.6954       798.6949       797.1938
       796.9069       797.1844       797.6361       797.6728       796.1362
       794.0855       793.2339       793.8138       795.9448       798.5045
       799.8841       799.7659       798.5507       796.5508       794.5463
       792.8795       791.4548       790.6891       791.3038       794.2114
       798.5286       803.0860       806.6598       808.4180       809.1918
       809.8118       810.0970       809.6570       808.3151       806.2590
       804.0389       802.2258       800.6073       799.6874       799.1649
       799.2357       800.5749       802.5542       804.2553       805.5424
       806.8657       808.8855       811.4392       813.7708       816.1465
       818.5221       820.0273       820.6984       821.4826       823.0107
       825.2932       827.9662       830.6570       832.6440       832.7148
       830.6634       827.8518       825.5931       824.7673       825.1777
       825.7481       825.9677       826.2508       826.7750       827.1348
       826.8880       826.3177       825.5153       824.7445       824.5610
       824.5121       823.9318       823.1320       822.5629       822.1706
       821.8875       821.8757       821.8829       820.9227       819.2427
       817.5558       816.0068       814.8094       814.9445       816.1575
       817.4398       817.8030       817.0342       815.9362
       795.8034       796.6384       797.0367       796.5046       795.8544
       795.4371       794.9861       794.7303       795.3498       796.0658
       796.4927       796.8405       797.5898       799.0907       800.4824
       801.2708       801.3442       800.8328       800.9993       801.9333
       802.6594       803.5417       804.3564       804.8646       804.6656
       803.2048       800.8320       798.6351       796.9366       796.0248
       796.2048       797.0297       797.5893       797.1925       795.9922
       795.0498       795.4773       796.8024       798.5165       800.5849
       801.2421       800.2899       798.3795       796.0765       794.0058
       792.5409       790.9642       789.8965       790.6011       793.1380
       797.3216       801.7700       805.3761       807.3291       808.3737
       809.2453       809.9196       809.2807       807.5730       805.2133
       803.2470       801.6508       799.9437       798.8228       798.2352
       798.5593       800.1309       801.8671       802.9828       803.6437
       804.7419       806.8388       809.8609       812.8218       815.7055
       818.7034       820.8560       822.2203       823.4365       824.6247
       826.2756       828.1756       829.4885       830.1321       829.1038
       826.7325       824.7426       823.7785       824.4594       825.8409
       826.8479       826.8835       827.0970       827.7720       827.5430
       826.4775       825.0861       823.8416       823.3942       823.4926
       823.6504       823.0357       822.1865       821.9868       822.0576
       822.1004       822.4048       822.3264       821.0140       819.1337
       816.8307       814.4141       812.8401       812.3787       813.6694
       815.6025       816.3395       815.8340       814.9948
       797.4215       797.9395       798.2639       797.5562       796.8765
       796.3124       795.6929       795.6049       796.1838       797.0822
       797.5176       797.7300       798.4471       799.4164       800.1600
       800.4759       800.6161       800.5125       800.5018       800.9771
       801.9312       803.2977       804.2965       804.3797       803.7283
       801.8774       799.2040       796.8460       795.5414       795.1787
       795.7562       797.0620       797.9838       797.8593       797.4205
       797.9700       799.4351       801.2286       802.9745       804.1127
       803.8971       801.8914       798.9519       796.1277       794.3113
       792.7247       791.1215       790.2255       790.7039       792.8070
       796.3784       800.5743       803.8723       805.8979       807.1694
       808.4374       809.1600       808.5632       806.8719       805.1987
       803.9803       802.5269       800.9933       799.5916       798.8123
       798.7897       799.8173       800.8029       801.2752       801.8184
       803.3804       806.0033       809.0618       812.3622       815.6006
       818.7725       821.2258       823.1261       824.6507       825.8488
       827.1364       828.4175       828.5249       827.4259       825.6676
       823.9639       823.2713       823.9466       825.3361       826.7830
       827.5367       827.5344       827.6352       827.7771       826.9343
       824.9298       822.8544       821.9681       822.0808       822.6951
       823.3428       823.3128       823.1501       823.2006       823.1839
       823.4628       823.8317       823.6597       822.7546       820.5679
       817.2668       813.9986       811.9099       811.1856       812.3310
       814.5568       815.7795       815.3210       814.5755
       799.8203       800.1706       799.6294       798.5023       797.4100
       796.8327       796.2822       796.5342       797.3412       797.9441
       798.1473       798.3262       798.8953       799.5896       799.8669
       800.2059       800.5898       800.5859       800.2828       800.5350
       801.6508       803.0272       803.7106       803.3332       802.1036
       799.8737       797.2542       795.1832       794.2953       794.4623
       795.5552       797.6287       799.2835       799.6089       800.1477
       801.6422       803.3912       805.0048       806.1108       806.4802
       805.8503       803.3054       799.9896       796.8685       794.4518
       792.7009       791.4819       790.9368       791.4686       793.2159
       796.3178       799.6316       802.1138       803.9994       805.7099
       807.5397       808.4796       808.1780       807.0530       806.2675
       805.4310       804.0065       802.2869       800.5040       799.1044
       798.5888       798.7701       799.3568       799.5063       800.4026
       802.7059       805.7129       808.7900       812.1179       815.8050
       818.8214       821.3430       823.4561       825.0460       826.2003
       827.4164       828.1320       827.5954       825.9021       824.1689
       823.2048       823.5581       824.7708       826.2042       827.2927
       827.6411       827.1530       826.8559       826.6229       825.5298
       823.2773       821.0096       820.3734       821.2633       822.7170
       823.8371       824.3274       824.3844       824.5115       824.7730
       824.9702       825.0434       825.0869       824.1172       821.7776
       818.1245       814.4475       812.0098       811.0292       811.5518
       813.3646       814.2545       813.4272       812.1904
       801.4177       801.6360       800.8474       799.0363       797.5167
       796.3458       796.1163       796.8873       797.7724       798.1871
       798.1449       798.0574       798.2170       798.5595       799.0026
       799.5372       800.1394       800.1852       799.8108       799.8326
       800.6954       801.6583       801.7867       801.0403       799.7527
       797.9881       796.2241       794.9197       794.3326       794.5723
       796.0793       798.3475       800.5663       801.9631       803.2934
       804.8553       806.0886       806.7491       806.8284       806.6522
       805.9989       804.3600       801.4960       798.3512       795.3300
       793.3311       792.3555       791.9465       792.3882       794.3708
       797.2211       799.4596       800.8621       802.4195       804.3754
       806.3713       807.6467       807.9017       807.5763       807.1279
       806.5321       805.4524       803.7090       801.3356       799.0299
       797.7378       797.4360       797.7593       798.5907       800.0186
       802.4814       805.6293       808.5121       811.7202       815.3738
       818.5038       820.9370       823.1509       824.4535       825.2717
       826.3863       827.0945       826.5864       825.1434       823.8067
       823.8602       824.5320       825.4046       826.2206       826.7424
       826.3287       825.7197       825.5064       825.2776       824.2531
       822.1168       820.1569       819.7089       821.1542       823.0978
       824.7265       825.3633       825.2285       824.7994       824.6171
       824.7119       825.2170       825.2858       824.5386       822.0409
       818.4279       814.8177       812.1320       810.8665       811.0539
       811.6738       811.6691       810.0632       808.1180
       801.4139       801.3976       800.8010       799.1133       796.9669
       795.8664       795.6420       796.5226       797.9315       798.4439
       798.5418       798.2596       797.9351       797.9939       798.3428
       798.8450       799.3366       799.4847       799.5583       799.5002
       799.8125       800.1906       799.8357       798.9081       797.7947
       796.8451       796.0399       795.4503       794.9917       795.6617
       797.0687       798.9893       801.6523       803.9713       805.3063
       806.5038       806.9664       806.7051       806.0970       805.9610
       805.9039       805.1959       803.1919       800.1585       797.1552
       795.0038       793.9698       793.3803       793.9495       796.1631
       798.6454       800.0986       800.8864       801.8372       803.5614
       805.3540       806.6031       807.0881       807.2912       807.4166
       807.4308       806.8044       805.1992       802.3918       799.4514
       797.9438       797.4032       797.4755       798.4156       799.9476
       802.4365       805.2856       807.9423       811.0343       814.4217
       817.1767       819.5566       821.5233       822.7888       823.6169
       824.5378       825.2028       824.9817       823.9354       823.4297
       823.7958       824.5638       824.8123       824.6559       824.4521
       823.9894       823.8021       824.1931       824.1429       822.9161
       820.9608       819.3511       819.1852       820.6116       822.9088
       824.4872       825.0490       825.0779       824.3381       823.1071
       823.0155       823.5908       824.1086       823.4604       821.1526
       817.8997       814.7110       812.1821       811.0107       810.3823
       809.7505       808.5728       806.3292       804.1514
       801.4896       801.4725       801.1918       799.4822       797.4453
       796.1570       795.8333       796.4970       797.8375       798.8799
       799.3591       799.1722       798.6436       798.7291       798.9714
       799.4660       799.7462       799.9648       799.8598       799.7375
       799.7067       799.6007       798.7440       797.6442       796.4498
       795.6027       795.4189       795.2007       795.4976       796.6179
       798.1347       799.8539       802.1907       804.4678       805.5958
       805.9252       805.9413       805.4786       805.3781       805.8494
       806.6644       806.4243       804.5310       801.7937       799.1010
       796.9354       795.6035       795.0864       795.9796       797.8680
       799.6312       800.3925       800.5808       801.5375       803.1479
       804.4937       805.4470       806.3373       806.8096       807.6661
       808.5710       808.3671       806.7652       803.7568       800.9928
       799.3956       798.6962       798.3954       798.7922       800.0887
       802.0618       804.4025       806.8043       809.7402       812.8468
       815.3948       817.4087       819.2625       820.8367       822.0933
       822.9201       823.3085       823.0057       822.2349       821.7404
       822.0762       822.4611       821.9879       821.3073       820.8833
       820.9171       821.7654       822.8231       822.7285       821.2910
       819.2842       817.6120       817.3917       818.8531       820.8097
       822.0620       822.4991       822.4482       821.6323       820.5527
       820.4014       821.1522       821.7219       821.2510       819.0216
       816.1691       813.6295       811.5668       810.0275       808.5336
       806.6710       804.8529       802.7540       801.1245
       803.6836       803.8976       803.6788       802.1282       799.8682
       798.3137       797.5185       797.6163       798.4871       799.2991
       799.6772       799.5339       799.1025       799.0671       800.0337
       800.9389       801.4853       801.6116       801.2291       800.7791
       800.4992       800.0534       798.9277       797.1119       795.2897
       794.2313       794.0139       794.2023       795.0198       796.8641
       798.7847       800.3817       802.2464       803.6654       804.2402
       804.2540       804.2734       804.5709       805.6130       807.0992
       808.1538       807.7952       805.6486       802.8049       800.1719
       798.0090       796.5499       796.7297       797.8661       798.9989
       799.6684       799.5509       799.6222       800.7767       802.2744
       803.5974       805.2388       806.7501       807.6143       808.5792
       809.7137       809.9634       807.9454       804.6915       802.0136
       800.7454       799.8276       799.2845       799.3716       800.4385
       802.1287       803.5460       805.2441       807.7710       810.6672
       813.3009       815.4259       817.3199       819.2796       821.0474
       822.1361       822.4291       822.0535       820.9390       820.0821
       819.7207       818.9799       818.1055       817.4539       817.3149
       817.7390       819.1223       820.5585       820.6346       819.0205
       816.6215       814.7982       814.4075       815.5007       817.2034
       818.0568       817.9993       817.4537       816.4925       815.9416
       816.4486       817.7314       818.5366       818.1720       816.8275
       814.5295       812.2566       810.0471       807.8283       805.6137
       803.5254       801.7025       800.3907       799.6272
       806.5438       806.5536       806.2672       804.9539       803.1534
       801.6649       800.8466       800.3706       800.2500       800.1317
       799.6569       799.2001       798.7532       798.9979       800.2827
       801.6777       802.6689       802.7794       801.9639       801.3079
       801.0591       800.1430       798.5679       796.2776       794.2238
       793.1171       793.0175       793.5797       794.7226       796.7524
       798.8454       800.7581       802.0497       802.6332       802.6641
       802.4846       802.9116       804.0737       806.0213       808.2317
       809.3126       808.5406       806.2553       803.3048       800.2720
       798.1185       797.4553       798.1450       799.1150       799.4597
       799.2371       798.7686       798.7408       799.6823       801.0753
       802.8580       805.0662       807.3622       808.3391       808.9512
       810.0240       809.8583       807.6639       804.4850       802.3829
       801.4744       800.8830       800.0798       799.8774       800.6841
       801.9918       803.2579       804.5771       806.4891       809.1110
       812.0314       814.5358       816.6096       818.9937       820.9122
       821.9594       822.1571       821.7136       820.6674       819.2659
       817.9402       816.4059       814.9154       814.3355       814.4800
       815.0973       816.2083       817.0657       816.9768       815.6007
       813.3284       811.4309       810.9079       811.7053       812.8152
       813.3358       812.7631       811.7250       810.6714       810.1276
       811.3268       813.2878       814.6148       815.3369       815.1049
       813.7853       811.4887       808.8161       806.1782       803.7923
       801.7922       800.4827       799.8131       799.5544
       807.1495       807.0307       806.7362       806.0756       804.8625
       803.9669       803.4651       803.0382       802.1461       800.8262
       799.6618       798.6456       798.2595       798.8677       800.0529
       801.1287       801.4571       800.9959       799.9787       799.0607
       798.4601       797.7545       796.3579       794.8041       793.7178
       793.0879       793.3536       794.1437       795.2465       796.7425
       798.6674       800.2287       801.1058       801.3126       800.9855
       800.7813       801.1755       802.9453       805.4045       807.6826
       808.7366       808.1454       806.1485       803.4413       800.5497
       798.7547       798.5273       798.9806       799.2910       799.0837
       798.5330       797.9473       797.6555       798.2614       800.0130
       802.0821       804.3700       806.3266       807.5906       808.3712
       809.0743       808.6797       806.5073       804.4274       803.1735
       802.7422       802.1207       801.0350       800.2885       800.4375
       801.4951       802.9418       804.3558       806.1666       808.5775
       811.7189       814.7972       817.5945       820.1695       821.7723
       822.0455       821.6525       821.0858       820.0095       818.3161
       816.4211       814.5989       812.9408       812.1486       812.1223
       812.7702       813.3525       813.0815       812.3879       811.1122
       809.2621       807.7422       807.0634       807.3286       808.0841
       808.2549       807.6677       806.5058       805.5442       805.6907
       807.3074       809.7211       812.1028       813.9123       814.3474
       812.6577       810.0920       807.6075       805.2560       803.0286
       801.4898       800.5330       800.0959       800.1613
       805.7010       805.9147       806.3893       806.0510       805.1788
       804.5193       804.3347       803.9390       802.8177       800.6798
       798.4180       797.0367       796.7136       797.4246       798.4284
       798.6088       797.7280       796.4188       795.3142       794.5556
       794.1517       793.9150       793.5327       793.4478       793.5294
       794.0088       794.2866       794.6254       795.1874       796.2219
       797.5883       798.7391       799.5195       799.7238       799.2572
       798.9663       799.8789       801.6101       803.5689       805.7998
       807.2595       806.8894       805.3383       803.1127       801.0401
       799.7050       799.2387       798.8914       798.2997       797.6935
       797.2473       796.8761       796.6598       797.2323       799.0061
       801.4874       803.5714       805.2454       806.6610       807.5749
       808.3810       808.0615       806.6256       805.2555       804.8638
       804.4188       803.6010       802.1888       800.8291       800.4476
       801.1740       802.5635       804.2232       806.3321       809.2023
       812.5375       816.2385       819.4572       821.6046       822.6043
       822.2388       821.2253       819.8239       818.5477       817.0281
       814.9314       812.9381       811.5051       810.3990       810.0224
       810.3335       810.4472       809.6469       808.0726       806.2202
       804.5888       803.3330       802.7638       803.0447       803.5428
       804.0086       803.4910       802.4510       802.3277       803.3443
       805.5894       808.4478       811.6516       813.9271       813.9209
       811.3499       808.0563       805.7541       803.8384       802.2594
       801.1106       800.3529       800.2609       800.4650
       805.1986       805.6120       806.6154       806.7572       805.4740
       804.3038       803.5851       802.9540       801.6475       799.4086
       796.7263       794.8818       794.3011       794.9147       795.4498
       794.8074       793.2189       791.5663       790.5334       790.1993
       790.3171       790.5049       790.9507       791.8256       793.2720
       794.4224       794.9310       794.8456       794.6143       795.2363
       796.3309       797.2905       798.4013       798.7356       798.0145
       797.7126       798.5167       799.9247       801.9946       804.0280
       805.4007       805.2893       804.1241       802.4321       801.0142
       800.3705       799.7350       798.5676       797.1010       795.7327
       795.0489       795.1166       795.4983       796.3344       798.2784
       800.6363       802.8654       804.6367       805.6716       806.9429
       807.9334       807.9540       806.9987       805.8525       805.3456
       805.2878       804.5196       803.0371       801.4766       800.7541
       801.2375       802.4982       804.5695       807.3086       810.6542
       814.6941       818.3456       821.0505       822.6597       822.9666
       822.1752       820.4206       818.3455       816.6697       815.0344
       813.1354       811.1442       809.5467       808.5526       807.8156
       807.6025       807.7062       807.1939       805.2689       802.5679
       800.6636       799.7252       799.7329       800.3878       800.8612
       801.1847       801.0991       800.7355       800.8304       802.2104
       804.6622       808.1285       811.6323       813.8267       813.1915
       810.1245       806.6230       803.9009       802.1339       801.1318
       800.1942       799.4393       799.4627       800.0063
       806.8535       807.4079       807.8311       807.3624       805.4526
       803.3335       802.0599       800.9174       799.6885       797.8420
       795.7727       794.0491       793.6241       793.6600       793.3798
       792.2068       790.6695       789.1623       787.9544       787.6772
       787.7447       788.0743       789.0911       790.8517       792.7825
       794.3833       795.3644       795.5125       795.2039       795.4872
       796.4537       797.5256       798.3875       798.5634       797.7224
       797.0185       797.1313       798.4847       800.9717       802.9626
       803.9279       803.9157       803.1246       801.9139       801.0330
       800.9229       800.3370       798.7437       796.2110       793.9379
       792.8365       792.8672       793.6710       795.3345       797.2267
       799.3896       801.5165       802.8565       803.8939       804.9943
       806.0709       806.5059       805.9605       804.8317       804.1313
       804.2013       803.9576       802.7344       801.2707       800.7230
       801.1921       802.7944       804.8654       807.8866       811.8903
       815.9845       819.3817       821.7230       822.8069       822.6566
       821.2328       818.6846       816.2319       814.2456       812.5685
       810.8388       809.0999       807.4384       806.4083       805.6323
       804.9326       805.1216       805.1960       803.6665       801.4160
       799.5473       799.0181       799.5214       800.2249       800.4974
       800.2893       800.0690       800.1037       800.6049       801.9319
       804.3821       807.8798       811.1191       812.6136       811.5208
       808.6721       805.5735       803.1237       801.3615       800.3232
       799.3818       798.3705       798.1617       798.4658
       809.3235       809.5771       809.2900       807.9434       805.2672
       802.4159       800.4992       799.5269       798.6680       797.7192
       796.5612       795.5125       794.8326       794.2222       792.9819
       791.4012       790.1732       789.0559       787.8664       787.1094
       787.1628       787.5051       788.4213       790.2556       792.5033
       794.3586       795.4924       796.1393       796.5044       797.0386
       798.1484       798.7051       798.7235       798.3579       797.5975
       796.5341       796.1505       797.3254       799.6180       801.7318
       802.9488       803.1308       802.5095       801.8594       801.6412
       801.9938       801.7646       799.5790       796.5197       793.6907
       792.1349       791.9633       792.9576       794.7028       796.4729
       798.1158       799.6422       800.7175       801.5327       802.2020
       802.8663       803.4355       803.3501       802.9025       802.8362
       802.8083       802.6620       801.6327       800.5463       800.2793
       801.3087       803.0032       805.0349       807.7881       811.6031
       815.7851       819.1429       821.2653       821.9180       821.0667
       818.8773       816.0417       813.6613       811.7044       809.9258
       808.3694       806.9369       805.9095       804.9481       804.1049
       803.5695       803.6780       803.9871       803.3364       801.7535
       800.4627       799.9664       800.4556       801.0051       801.0099
       800.1689       799.5275       799.6290       800.4323       801.8135
       804.3738       807.4869       809.6749       810.2250       808.8435
       806.3626       804.0670       802.2580       800.8398       799.5705
       798.0437       796.4678       795.8583       795.7589
       811.4357       810.7587       809.7073       807.7616       804.4318
       801.2545       799.4604       799.0816       799.2954       799.5776
       799.0961       797.7899       796.3160       794.9142       793.2671
       791.5380       790.3146       789.4576       788.4016       787.8091
       787.4316       787.2260       787.9070       789.7643       792.3635
       794.4796       795.5774       796.2599       796.9337       798.0747
       798.8857       798.6708       797.7480       796.9417       796.1118
       795.3904       795.2593       796.3448       798.4757       800.6503
       801.8889       802.4249       802.4362       802.5899       803.4968
       804.4340       804.3257       801.9344       798.3583       795.2397
       793.5402       793.1951       793.9401       795.3590       796.5320
       797.6967       798.7328       799.7217       800.4221       800.6123
       800.7038       800.6948       801.1119       801.8857       802.1949
       802.1483       801.6366       800.6876       799.8056       800.0493
       801.4323       803.0567       804.9547       807.5181       810.8870
       814.8575       818.6939       821.0552       820.9593       819.0137
       816.2305       813.7708       811.6877       809.7814       808.0630
       806.4228       805.0953       804.5542       804.1693       803.6943
       803.4091       803.5313       803.6967       803.4478       802.6196
       801.3890       800.8085       801.0151       801.2932       800.7297
       799.5878       799.1185       799.1849       799.7805       801.3823
       803.6227       805.8721       807.3728       807.2469       805.6202
       803.4243       801.3996       799.8769       798.6466       797.1423
       795.0952       793.4074       792.4447       792.4070
       811.3496       810.0514       807.8173       805.0946       802.0458
       799.3959       798.3441       798.7040       800.2007       801.2508
       800.7926       799.2103       796.9554       794.6583       792.8452
       791.1022       790.0755       789.3873       788.3702       787.6309
       787.1185       786.6948       787.4629       789.5640       792.1050
       794.0439       794.9567       795.3155       796.2728       797.2972
       797.5305       796.7896       795.6041       794.6677       794.3517
       794.3201       794.7420       795.8787       798.0385       800.1489
       801.3808       802.3178       803.1088       804.4890       806.1427
       807.1157       806.0563       802.9249       799.1608       796.2946
       794.7505       794.6677       795.5859       796.5933       797.2938
       798.0175       799.0161       799.8665       800.4175       800.5513
       800.2109       800.0086       800.3090       801.2441       801.4585
       800.8989       800.2725       799.4929       798.7696       798.9520
       800.1222       801.7465       803.6824       806.5939       810.1033
       813.9267       818.0760       820.6809       820.1974       817.6010
       815.0415       812.9426       810.9645       809.2227       807.3751
       805.5033       804.1032       803.3636       803.3876       803.1241
       803.0091       803.0295       802.9403       802.9326       802.5824
       801.7844       800.8815       800.6303       800.4150       799.6196
       798.7853       798.6904       799.1890       799.7065       800.8911
       802.2900       803.8230       805.0839       804.8116       803.3582
       801.1965       799.1122       797.2906       795.6096       794.0031
       792.2982       790.7428       789.9630       790.0425
       809.0854       807.7479       805.3156       802.4224       799.8621
       797.8933       796.9425       797.8156       799.6878       800.9109
       800.0248       798.0584       795.6981       793.0894       790.8213
       789.4124       788.5826       787.9268       787.1065       786.2833
       785.9617       786.0323       787.0443       789.0411       790.9855
       792.2241       792.7473       793.2961       794.1949       795.2895
       795.4935       794.8019       793.8712       793.2178       792.8759
       793.1381       793.7102       794.8425       796.7714       799.0512
       800.9692       802.4788       803.8646       805.3713       806.6865
       806.7656       804.3439       800.3669       796.6617       794.5547
       794.3690       795.0382       796.2399       797.4031       797.7452
       798.0403       798.9995       800.2280       801.0022       800.9328
       800.7408       800.3277       800.4811       800.6573       800.1791
       799.1980       798.2621       797.4866       796.7468       796.2559
       796.5169       797.9302       800.7140       804.3983       808.6080
       812.8590       816.8302       819.3196       819.4905       817.9688
       816.0497       813.9926       811.9521       810.1492       808.1259
       805.8094       803.9381       802.8116       802.2912       802.2994
       802.2370       801.8618       801.6488       801.6654       801.5751
       800.5759       799.5916       798.8273       798.2474       797.8046
       798.0157       798.9789       799.8483       800.6830       801.2892
       801.9215       803.0047       803.9742       804.2118       803.0430
       801.1691       798.8596       796.2373       794.2520       792.8436
       791.7877       790.7034       790.0884       790.3733
       806.5662       805.4235       803.7460       801.8860       799.7681
       797.7288       796.7915       797.2305       798.3347       798.4597
       796.9235       794.7657       792.7853       790.7253       788.8817
       787.5768       786.8328       786.0695       785.2202       784.7187
       784.5377       784.7903       786.0137       787.7726       788.8492
       789.3130       789.6445       790.1786       791.2756       792.2740
       792.6716       792.4884       792.1223       791.6169       791.0772
       791.1043       791.5339       792.4997       794.4185       796.8760
       799.6461       801.4960       802.8113       803.7593       804.1418
       803.2582       800.3810       796.5833       793.7118       792.6785
       793.4223       795.0095       796.5634       797.6099       797.4075
       797.2542       798.5173       800.7152       801.8010       802.0439
       801.9155       801.5281       801.2971       801.2950       800.5735
       798.9873       797.4559       796.0760       794.7707       793.6465
       793.0746       793.9580       796.7418       801.2809       806.1986
       810.9825       815.0165       818.2512       819.8448       819.8530
       818.7482       817.1159       815.3718       813.2450       810.6569
       807.6004       804.6414       802.7996       801.9718       801.7997
       801.7947       801.1807       800.3300       799.9749       799.4415
       798.5641       797.5624       796.8317       796.1484       796.2214
       797.4904       799.1104       800.2670       800.9316       801.2178
       801.7269       802.8229       803.6934       803.7144       802.7067
       800.7787       798.4330       795.8514       793.6849       792.6271
       792.1163       791.8596       791.7878       791.9241
       804.1002       803.4230       802.4523       801.3364       799.7215
       798.2922       797.5617       797.2611       796.8749       795.4854
       793.2351       790.9943       789.6447       788.8601       788.0048
       786.8602       785.4911       784.5763       783.9578       783.4553
       783.2402       783.5048       784.5370       785.6925       786.4189
       786.5328       786.5237       787.1494       788.2900       789.1118
       789.3204       789.2852       789.4372       789.3741       789.3189
       789.1823       789.3625       790.6587       792.8466       795.9428
       799.0338       800.7127       801.1314       801.2850       800.9484
       799.6899       797.4963       795.1096       793.6573       793.3360
       794.1927       795.8204       797.0809       797.3695       796.9956
       796.7589       798.2649       800.5447       802.3342       803.2682
       803.7056       803.6616       803.6786       804.2305       804.2308
       802.6041       799.9169       797.3846       794.9335       792.7284
       791.3707       791.1320       793.0350       796.9785       802.6860
       808.4647       813.6265       818.1089       821.1574       822.0225
       821.6574       820.9807       819.7626       817.3455       813.8799
       810.0206       806.6302       804.3068       803.0496       802.7837
       802.5737       801.6171       800.1072       798.8478       798.0272
       797.1936       796.6826       796.1289       795.4880       795.6961
       796.9493       798.1342       798.8807       798.8207       798.9487
       799.8798       801.0478       802.0070       801.6622       800.2667
       798.2424       795.8125       793.5844       792.0598       791.5221
       791.5919       791.8252       791.8967       791.7363
       802.6266       802.0928       801.1505       800.0779       798.9943
       798.0892       797.1777       796.1480       794.7817       792.7120
       790.1995       788.0214       787.0782       787.0041       786.5898
       785.1588       783.4913       782.4972       781.9835       781.9417
       781.8983       782.1516       782.8184       783.7136       784.3037
       784.4247       784.6072       785.1722       786.0291       786.8425
       787.0852       787.5793       788.0369       788.1190       788.2556
       788.0924       788.1942       789.7825       792.7099       796.4701
       799.6447       800.7919       800.1807       799.2774       798.5830
       798.1027       797.3501       796.3045       795.8284       795.8764
       796.1993       796.5555       796.8088       796.5693       796.2044
       796.5833       797.8951       799.7864       801.6392       803.7280
       805.2780       806.2484       807.4703       809.2728       810.0778
       807.9823       803.8915       799.9502       796.7139       793.9817
       791.3206       789.4744       789.6063       792.9570       799.4638
       806.6785       813.1757       818.5258       822.0031       823.3916
       823.1572       822.9094       822.5749       820.3417       816.4948
       812.5829       809.5279       807.3975       805.8939       805.2355
       804.7248       803.3666       801.1854       799.1694       797.7698
       796.5615       796.0750       795.8049       795.2266       795.3965
       796.0237       796.3749       796.1747       795.8226       796.1494
       797.3708       799.0316       799.6959       799.1116       797.4911
       795.0182       792.5739       790.8951       790.1082       790.3806
       790.9626       790.9651       790.4984       790.0653
       802.4968       801.7270       800.6666       799.5198       798.3648
       797.1380       795.6564       793.9839       792.2225       790.3194
       788.0652       786.0852       784.9233       784.0628       782.7741
       780.7744       779.3550       778.8248       778.9752       779.5182
       779.6719       779.8390       780.5294       781.6258       782.4999
       782.8184       783.1993       783.7462       784.2654       785.0797
       786.0320       787.0172       787.7316       787.8564       787.6481
       787.1621       787.2158       789.0760       792.4821       796.1719
       798.8696       799.4432       798.3585       797.0847       796.9469
       797.7598       798.1671       797.9901       798.1196       798.6002
       798.2982       797.5529       796.7062       796.2685       796.0201
       796.6213       798.0068       799.3671       800.8572       803.1136
       805.7924       808.3550       811.2621       813.7682       814.2805
       811.0740       805.4191       800.7758       798.4027       796.3394
       793.4913       790.4432       788.8622       791.2374       797.9290
       805.6824       812.4083       817.7786       821.4097       822.9127
       822.8400       822.6209       822.7625       821.5905       818.2075
       814.5161       811.9152       809.8638       808.2396       807.3861
       806.5927       804.5131       801.9978       799.3475       797.1246
       795.5873       794.3462       793.6246       793.3050       793.6954
       794.4793       794.4978       794.0599       794.0580       794.9409
       796.6949       798.5713       799.2659       798.4516       796.4073
       793.3768       790.8516       789.5842       789.6024       790.2576
       790.7721       790.3068       789.5919       789.3397
       802.1064       801.3925       800.6143       799.3605       797.6107
       795.9224       794.1058       792.2314       790.5287       788.9026
       787.1505       785.2998       783.0747       780.5078       777.5591
       775.0486       774.1654       774.7525       775.7650       776.5125
       776.9926       777.4669       778.3754       779.7000       780.9994
       781.9402       782.5955       782.9053       783.1972       784.0648
       785.3867       786.5107       786.9312       786.7920       786.1405
       785.5509       786.1939       788.3558       791.4185       794.4723
       796.4744       796.6332       795.5560       794.7854       795.4419
       796.8747       798.1642       799.0443       800.2114       801.3109
       801.5926       800.7722       799.5260       798.4621       797.7809
       798.0239       799.2018       799.9535       800.8459       802.7435
       805.8615       809.8440       813.4714       815.8976       815.2028
       810.2952       803.5352       799.2686       798.3716       798.1954
       796.7538       793.8278       791.2747       792.5398       798.3593
       805.4026       811.4764       816.1149       819.2437       821.0672
       821.5891       821.9462       822.4656       821.8303       818.8785
       815.2729       812.3709       810.0101       808.1434       807.3822
       806.6440       804.5656       801.5812       798.5406       795.9213
       794.1553       792.6751       791.4767       791.1288       791.6523
       792.7767       793.3602       793.1558       793.1896       794.5057
       797.0994       799.5688       800.7253       799.9242       797.5154
       794.6962       792.0599       790.7229       790.4653       790.7085
       790.6071       789.8200       789.3642       789.7700
       799.5354       799.3083       798.8817       797.9294       796.2695
       794.3156       792.3763       790.5876       789.2255       788.2386
       787.0557       785.3466       782.2596       778.1132       773.8607
       770.9903       770.8503       772.1567       773.5988       774.8759
       776.0906       777.2455       778.5796       780.0171       781.7133
       783.2665       783.9304       783.8144       783.8330       784.5123
       785.6744       786.3430       786.1039       785.3769       784.5797
       784.3442       785.5774       788.0054       790.4709       792.9053
       794.4999       794.6715       794.0009       793.3770       794.1448
       795.8023       797.5502       799.6548       801.9758       803.8364
       804.4991       804.1019       802.8940       801.4473       800.3793
       800.6847       801.5846       801.8055       802.4229       803.9801
       806.6419       810.3440       814.1074       816.0375       814.0521
       807.8364       800.4276       796.1251       796.0187       797.3118
       797.3938       795.4357       793.3982       794.8242       799.7947
       805.9854       810.9886       814.4998       817.0620       819.0867
       820.8438       821.9988       822.5569       821.5074       818.5253
       814.9537       811.9092       809.2165       806.9302       805.6939
       805.0259       803.3289       800.1499       796.7208       794.1098
       792.7224       791.6982       790.7315       790.5676       791.5648
       792.7957       793.5747       793.4413       793.0813       794.5002
       797.6819       800.8961       802.8091       802.5104       800.5457
       797.8849       795.3491       793.3509       792.2285       791.6979
       790.8279       789.8425       789.6244       790.3936
       795.1036       795.1935       795.2934       795.1237       794.4125
       792.7298       790.4566       788.6161       787.7898       787.1024
       786.3645       784.6926       781.6807       777.1775       772.6228
       770.1396       770.0374       771.9354       774.1608       776.3555
       778.4099       780.1088       781.6501       783.1772       784.4836
       785.4214       785.9175       785.7163       785.3812       785.3877
       785.7808       786.0557       785.6618       785.0212       784.6028
       784.6789       786.2100       788.3415       790.3920       792.4420
       793.9865       794.3350       793.8556       793.0695       793.3991
       795.1203       797.2891       799.9401       802.4184       804.0181
       804.5317       804.2698       803.5811       802.7234       802.3469
       803.3963       804.6868       805.4490       805.7150       806.2496
       807.5937       810.1533       813.2961       814.7264       812.1986
       805.6418       797.8327       792.7128       791.6768       792.7799
       794.0677       793.8662       793.4072       795.8992       800.9927
       805.9797       809.6400       812.1082       813.9147       816.1069
       818.7048       821.0064       821.6700       820.1584       817.3129
       814.4446       812.0606       809.2571       805.8849       803.7458
       802.9913       801.3672       798.3152       794.8774       792.5426
       791.3823       790.7142       790.3267       790.9597       792.5103
       794.0464       795.1167       795.0992       794.7889       795.9644
       799.0082       802.4440       804.6534       804.9604       803.6241
       801.0753       798.3334       795.8770       794.2087       793.1629
       792.0814       791.1007       790.7800       791.0045
       791.3289       791.7880       792.2298       793.0456       792.9689
       791.1595       788.6419       786.8261       785.8542       785.0112
       783.5385       781.7929       779.4721       776.0416       772.7054
       770.8123       771.0385       773.2799       776.4819       779.8391
       782.7928       784.7964       786.1301       787.1742       787.6965
       787.3731       786.8120       786.2449       785.7039       785.5250
       785.6292       785.5338       785.3974       785.3678       785.6586
       786.4700       787.6896       789.2399       790.7151       792.5094
       793.9169       794.0613       793.2703       792.5742       792.8964
       794.6522       797.1522       799.4282       800.9739       801.5923
       801.6301       801.7030       802.3195       803.0269       804.0464
       805.5576       807.4056       808.6105       808.6352       807.9310
       807.7509       809.2164       811.5021       812.2262       809.6838
       803.7073       796.1862       790.5347       788.0808       788.6247
       790.4085       791.5150       792.6261       795.8207       800.9012
       804.8282       807.1472       808.4636       809.7699       812.0057
       815.1798       817.6768       818.6278       817.8578       815.9305
       814.1261       812.1822       809.2399       805.6584       803.3273
       802.4863       800.8808       798.0152       794.7311       792.1069
       790.7495       790.0540       790.2291       791.4895       793.2310
       795.1456       796.6409       797.0843       797.2869       798.5966
       801.1526       803.9196       805.7084       805.9703       804.6816
       802.3383       799.8192       797.6040       795.8585       794.6351
       793.7605       792.7880       791.9182       791.3916
       790.1976       790.9619       791.7688       792.3497       792.0243
       789.6794       786.7213       784.6979       783.6179       782.4615
       780.5206       778.3555       776.2603       773.9055       772.0846
       771.3785       772.4026       775.0654       778.5894       782.3302
       785.8054       787.9188       789.3309       790.0823       789.6287
       788.0552       786.0642       784.7581       784.2947       784.5804
       784.8651       784.7654       784.8464       785.8214       787.0432
       788.4844       789.6100       790.5243       791.8541       793.2188
       793.6230       793.1279       791.9405       791.2882       791.7979
       793.5073       795.7191       797.3649       798.3320       798.5185
       798.5067       799.3436       801.2788       803.3641       805.1676
       806.8876       808.5450       809.6526       809.3435       808.1502
       807.2401       808.0011       809.6199       809.8535       807.6781
       802.8769       796.7865       791.6901       789.0262       788.7451
       789.6019       790.6023       791.9902       795.2731       799.6255
       803.2042       805.0222       805.7222       806.8372       809.1847
       811.8257       813.8597       815.0446       815.2859       814.8646
       813.6892       811.4612       808.8558       806.4656       805.1218
       804.3643       802.8854       800.4443       797.4897       794.2871
       791.8011       790.7634       790.9222       792.0328       793.8220
       795.5782       797.2390       798.5015       799.2747       800.4844
       802.3859       804.2728       805.3577       805.1815       803.6839
       801.5362       799.6607       798.3685       797.3275       796.4286
       795.7856       795.0945       793.6389       792.7762
       790.7137       791.6155       792.4452       792.5761       791.3885
       788.6844       785.3323       783.2789       782.4362       781.1194
       779.1165       776.7023       774.2448       772.4134       771.3774
       771.7854       773.5345       776.4719       779.9207       783.1802
       785.9997       788.2624       790.0281       790.8593       789.7470
       787.2083       784.3154       782.5770       782.0569       782.1730
       782.6893       783.0910       783.9890       785.8431       788.2917
       790.1572       791.2670       792.0157       793.1791       793.9438
       793.5363       792.0634       790.3771       789.4415       789.8184
       791.1215       792.8575       794.5102       796.0709       797.2407
       797.8521       799.2819       801.6249       804.1498       805.9872
       807.4430       808.4399       808.7371       808.5006       807.6750
       807.3544       807.7071       808.6520       809.0434       807.6774
       804.5797       800.2246       796.4322       794.0583       792.5697
       791.6740       791.6385       792.6367       794.9864       798.5449
       801.7909       803.7527       804.8092       806.2776       808.1884
       809.4395       810.3318       811.8167       813.3109       814.0251
       813.0558       810.9596       808.5799       807.1961       806.7866
       806.7067       806.1879       804.8179       802.2197       798.5051
       794.7800       792.3249       791.6808       792.7789       794.5547
       796.1387       797.8286       799.0651       799.3513       799.6022
       800.7057       802.1400       803.0550       802.5380       800.8792
       799.4199       798.5531       798.5031       798.8798       798.8817
       798.6380       798.0341       796.6995       795.4533
       791.0376       791.5772       792.1855       792.0381       790.5948
       788.0803       785.5115       783.8420       782.8376       781.1466
       779.1036       777.0751       774.9120       773.2396       772.5970
       773.2488       775.0120       777.7314       780.8826       783.8715
       786.1333       788.4708       790.7330       791.9525       790.7695
       787.6498       784.5021       782.1158       780.8130       780.3972
       780.6807       781.5945       783.0444       785.4241       788.4159
       790.5331       791.3582       791.9581       792.5638       792.9040
       792.2603       790.4172       788.5442       787.5977       787.9656
       789.1155       790.5068       792.8102       795.4882       797.5881
       799.2914       801.0597       803.0062       804.6872       806.1279
       806.9947       807.6205       807.8753       807.7403       807.9561
       808.3924       808.7407       808.7501       808.8127       808.5450
       806.9500       804.1290       801.3368       799.2413       796.6431
       794.2859       793.4105       793.8383       795.3042       797.7210
       800.4993       802.8688       805.1035       807.0486       807.8641
       807.3202       807.1843       808.6498       811.4319       813.0378
       812.5077       810.5168       808.5010       807.4317       807.6105
       808.3792       808.9739       808.4199       805.8975       801.6355
       796.9888       793.7088       792.7725       793.7839       795.7843
       797.5760       798.4673       798.3571       797.5603       797.0162
       797.3381       798.2366       799.0870       799.0106       798.1577
       797.6750       798.1754       799.3096       800.4007       800.9666
       800.7143       799.6761       798.1832       796.9362
       791.0312       791.1443       791.1207       790.9431       789.8708
       788.1859       786.4593       785.3123       784.0875       782.4446
       780.6006       778.9108       777.1407       775.5359       774.8476
       775.0493       776.2499       778.7707       782.0349       785.1557
       788.1044       790.7874       793.0339       793.9776       792.7754
       789.8801       786.4127       783.5362       781.8747       781.2468
       781.3834       782.0126       783.3795       785.5831       788.0483
       789.5743       790.1837       790.5533       790.6627       790.5350
       789.6368       788.1350       786.6509       785.9743       786.7248
       788.2229       789.9074       792.4915       795.3575       797.8988
       800.2413       802.1222       803.2493       804.0085       804.9280
       805.7260       806.5330       807.5727       808.5560       809.6215
       810.4251       810.0587       809.2737       808.9440       808.9671
       808.3046       806.5813       804.0672       800.9745       797.7180
       794.7427       793.2350       793.2188       794.1931       795.9301
       798.4949       801.7689       805.0240       807.3807       807.3423
       805.6689       805.1047       807.1469       809.9863       811.3888
       810.9739       809.7617       808.2748       807.9564       808.6649
       809.8074       810.7457       809.9250       806.9111       802.3254
       797.8927       795.1454       794.5427       795.7275       797.6744
       798.9998       798.8021       797.6069       796.4848       795.5388
       795.0918       795.4399       796.1121       796.3677       796.4296
       797.1885       798.3702       799.8584       801.2383       801.3882
       800.4380       798.9294       797.3068       796.0478
       791.6353       791.7887       791.8364       791.6258       790.9247
       789.5284       788.2485       787.2815       786.1765       784.5725
       782.7986       781.0264       779.2347       777.1428       775.8356
       775.7902       776.9310       779.4082       782.6761       786.2582
       789.8301       792.3881       793.8771       794.0464       792.7125
       789.9626       786.7336       784.7180       783.9913       783.8407
       784.1584       784.7188       785.5308       786.8173       788.1627
       788.9951       789.4104       789.2546       789.1671       788.7625
       787.8494       786.6069       785.7340       785.8839       786.9077
       788.3718       790.3472       792.6868       795.2152       797.4363
       799.2324       800.7712       801.6940       802.3840       803.2850
       804.4239       805.9294       807.7877       810.0364       811.9421
       812.2331       811.2153       809.9845       809.3124       809.3682
       809.1628       807.4672       804.3569       800.2533       795.9350
       792.7148       790.8984       790.5861       791.5070       793.2801
       795.9764       799.4717       803.1295       805.5725       805.6740
       804.1024       803.9028       805.7224       807.7350       808.4976
       808.5071       807.9916       807.7923       808.1362       809.4437
       810.7996       811.1226       809.8177       806.5208       802.5569
       799.3079       797.3563       796.9470       798.2135       799.9014
       800.6672       799.7219       797.9131       796.3668       795.1323
       794.4982       794.7747       795.2100       795.2289       795.3649
       796.1019       797.4491       799.0174       799.9521       799.8402
       798.6005       796.8537       794.8745       793.1599
       793.7379       793.8424       793.9850       793.9518       793.2964
       791.8237       790.2452       789.1131       787.7141       785.9033
       783.8257       781.7757       779.5148       777.4169       776.0569
       776.2710       777.4080       779.0868       781.7893       785.1231
       788.3109       790.5434       791.3597       791.1045       789.9418
       787.7629       785.5197       784.9512       785.5339       786.1829
       786.6860       787.1133       787.2346       787.3395       787.7875
       788.1903       788.2650       788.2582       788.0223       787.7454
       787.3325       786.9670       786.8942       787.5529       788.5694
       789.7993       791.3112       792.9795       794.6898       796.5358
       797.7438       798.3832       799.2576       800.4998       801.8372
       803.2559       805.0445       807.1753       809.4946       811.5416
       812.0247       811.1110       809.8792       809.2556       809.4246
       809.0089       807.2011       803.8245       799.2151       794.4109
       790.9277       789.1962       788.3761       788.8694       790.6652
       793.5647       796.8419       799.4595       801.5584       802.1022
       801.5615       801.6893       802.9818       804.2740       805.0314
       805.4091       806.0309       806.6454       807.7208       809.2234
       810.3421       810.4655       809.3180       806.9242       804.3926
       802.2729       800.6307       800.1890       800.9353       802.1335
       802.1605       800.7826       798.9281       796.8814       795.2265
       794.6442       794.9100       795.3491       795.2061       794.7188
       794.8040       795.7834       797.0464       797.4609       796.7488
       795.4083       793.3167       790.9346       789.2202
       795.8154       795.5750       795.5389       795.3397       794.6258
       792.8688       790.9277       789.1772       787.4847       785.4619
       782.8107       780.3751       778.5611       776.9686       776.1603
       776.3944       777.1321       777.5111       778.7417       781.0380
       783.7498       785.8499       786.9317       787.3038       787.0498
       786.2900       785.8606       786.3165       787.2509       787.8404
       788.0383       787.8562       787.0244       786.1392       785.7845
       785.8217       786.1412       786.9557       787.3897       787.4708
       787.7988       788.0448       788.6039       789.6601       790.4754
       791.3233       792.5319       793.3053       794.5038       796.1978
       797.2933       797.4609       797.8083       798.9011       800.4033
       801.3685       802.3314       803.8530       805.6766       807.0356
       807.9901       808.2122       808.1342       808.2674       808.1973
       807.5462       806.2397       803.7592       799.8989       795.4717
       791.7227       789.1539       787.5983       787.4776       789.1953
       791.6656       793.7535       795.3422       796.7773       797.8789
       798.2773       799.1846       800.7977       801.7930       802.4296
       803.2996       804.2346       805.5548       807.0960       808.6151
       810.0153       810.7115       810.3917       809.1866       807.6559
       806.1925       804.9536       804.0233       803.9969       804.2592
       803.7507       802.3117       800.6297       798.6392       796.7009
       795.7028       795.7659       795.8107       795.1938       794.2034
       793.6619       793.9737       794.4301       794.0555       792.6791
       790.8774       788.9420       787.1641       786.2985
       795.7033       795.3777       795.0812       794.7336       793.8312
       792.6795       790.9926       788.9830       786.9024       784.5507
       781.7073       779.1023       777.5184       776.6362       775.9265
       775.9569       775.8466       775.4175       775.2722       776.7367
       778.8911       780.9092       782.5278       784.0082       785.1935
       786.5204       787.6635       788.7865       789.7686       789.6777
       788.8313       787.7834       786.4970       784.8867       783.7755
       783.7830       784.7090       786.0226       787.3928       788.1674
       788.4246       788.8616       789.5279       790.4656       791.1490
       792.2542       793.6000       794.7098       795.7856       797.2112
       798.0336       797.9685       797.7161       798.0817       798.4888
       798.8917       799.0283       799.5105       800.1516       800.7840
       801.6381       803.1396       804.8583       806.2506       806.7101
       806.4738       805.7548       804.1262       801.2395       797.6085
       793.6810       790.1703       787.7972       787.2993       788.4225
       789.9546       790.6864       791.1291       792.4895       794.4327
       796.1334       797.9563       799.5950       800.5320       801.0891
       802.1307       803.4242       805.1745       807.2020       809.1110
       810.8489       811.9727       812.2921       811.7805       810.7044
       809.6982       808.8243       807.9686       807.1932       806.9098
       806.4717       805.2065       803.2385       801.3576       799.4785
       798.0723       797.0995       796.2373       795.1653       793.9255
       793.0563       792.3619       791.5739       790.3039       788.6933
       787.1675       786.0937       785.4805       785.5107
       793.9353       793.4498       793.1750       793.1329       792.9455
       792.4648       791.2556       789.4335       787.4185       784.8560
       781.7090       778.9354       777.2712       776.2115       776.0229
       775.7368       775.0187       774.0684       773.6626       774.3788
       775.8810       777.5466       779.5938       781.4477       783.6002
       786.1343       788.5179       789.9445       790.5366       790.2188
       789.2344       787.9478       786.5485       784.6645       783.2007
       783.1536       784.2728       785.7800       787.4276       788.4767
       789.0514       789.4268       789.9011       790.4183       791.3976
       792.8698       794.9213       796.7489       797.9375       798.4614
       798.6786       798.1436       797.7417       797.4404       797.2579
       796.9357       796.4976       795.9103       795.1588       794.7671
       795.9017       798.4254       801.4854       804.3235       806.1455
       806.7280       806.3071       804.6976       802.0325       798.6842
       794.8655       791.3131       789.1362       788.4283       788.4788
       788.3622       787.8441       787.6302       789.2903       792.2906
       795.3954       797.8615       799.2573       799.8036       800.8231
       802.1647       803.9193       805.9800       808.0238       809.7686
       810.8119       811.6695       812.2056       812.4272       812.0807
       811.4742       810.6835       809.9158       809.4313       809.2117
       809.0241       808.2180       806.4569       804.4597       802.7209
       801.0512       799.5170       798.2776       796.6933       794.8226
       793.0189       791.3857       789.6707       787.7488       786.4127
       785.9797       785.4785       785.4328       785.5444
       792.2866       791.4377       791.2040       792.1124       792.8397
       792.8210       791.9056       790.2484       788.2426       785.5396
       782.1968       779.1932       777.5115       776.7369       776.6129
       776.5518       775.5216       774.3120       773.4775       773.4314
       774.3416       776.1949       778.3112       780.0392       781.8610
       784.7485       787.2630       788.7145       789.1953       789.1382
       788.7288       788.0923       786.9221       785.1057       783.3802
       783.0483       783.7853       785.1746       786.7141       787.8870
       788.7056       789.5235       790.2755       791.0975       792.3108
       794.1787       796.3151       798.1263       798.6609       798.2707
       797.9033       797.4614       796.9158       796.7851       796.5135
       795.7468       794.4863       793.0919       791.8284       791.3035
       792.8572       796.3644       800.1794       803.5453       805.8889
       806.9301       806.7233       805.2002       802.6377       799.3700
       795.9354       793.1315       791.5247       790.8946       790.2108
       788.7214       787.1003       786.7107       788.3710       791.7821
       795.5633       798.6335       800.3010       801.4474       802.8117
       804.5897       806.2759       807.7295       808.8243       808.9958
       808.8879       809.3889       810.2541       810.9246       811.0286
       810.7082       809.9506       809.0198       808.6982       809.0997
       809.8165       809.9209       808.9409       807.3046       806.0718
       805.0961       804.3068       802.8864       800.7324       797.7009
       794.2659       791.1902       788.9694       787.2714       786.4247
       786.2374       786.1789       786.1081       785.6705
       791.5641       790.8517       790.7376       791.5333       792.8387
       793.3809       792.7531       791.3914       789.0317       785.6966
       782.3445       779.8176       778.3146       777.6855       777.6886
       777.3499       776.2084       774.6542       773.5507       773.0117
       773.6935       775.5170       777.7108       779.2838       780.6451
       782.6979       784.7277       785.8299       786.5716       787.2488
       787.8328       787.8750       787.0534       785.5040       784.0402
       783.2291       783.3107       784.2454       785.6763       787.0042
       788.1887       789.3462       790.7390       792.3181       793.6913
       795.1111       796.7529       797.9007       797.7001       796.7507
       796.1031       795.8726       795.6744       795.4202       795.1888
       794.6409       793.0687       791.1359       790.0288       790.2826
       792.9931       797.1261       800.4769       802.7570       804.5027
       805.8242       805.6766       804.1398       801.9307       799.0938
       796.5162       794.9363       794.0069       793.6060       793.1982
       792.0123       790.5610       790.2288       791.3876       793.6306
       796.7224       800.0537       802.8026       804.7433       806.5026
       808.5357       809.5845       809.5953       808.9658       807.6335
       806.4506       806.9264       808.0404       808.5724       808.4531
       807.8620       806.9972       806.0857       806.1019       807.1491
       808.6063       809.7803       810.1746       809.8076       809.3412
       809.3187       808.7545       807.3885       804.7699       800.6927
       796.1031       792.0507       789.2977       788.0151       787.5277
       787.2151       787.1155       786.7867       786.2756
       791.7311       791.3723       791.1331       791.2819       792.0223
       792.8894       792.7322       791.4631       789.0483       785.8484
       782.8331       780.7171       779.5821       779.2266       778.7783
       777.7579       776.1330       774.5828       773.6786       773.5436
       774.2212       775.7598       777.4665       778.8463       779.7667
       780.6216       781.4915       782.3644       783.7378       785.6314
       787.2166       787.6398       786.8083       785.5760       784.2637
       783.3055       783.0691       783.7291       784.9527       786.6009
       788.2277       789.5318       790.8190       792.3531       793.5229
       794.1874       794.8636       795.3664       794.9687       794.1980
       793.9057       793.8640       793.6511       793.1988       793.0054
       792.8531       791.5245       789.4540       788.7206       790.2328
       794.1287       798.2068       800.0383       800.3672       801.1352
       802.0995       801.9226       800.4717       798.3141       796.1418
       794.8614       794.5114       794.6144       795.2924       796.0690
       796.2438       796.2360       796.4052       796.8497       797.9055
       799.6602       801.9780       804.2706       806.1664       807.8098
       809.2446       809.8535       809.0304       807.4344       805.6084
       804.7094       805.2573       806.3365       806.6310       806.4093
       805.4857       804.3434       803.6456       804.0837       805.5506
       807.2804       809.0244       810.2783       811.1485       811.3338
       810.8895       810.2581       808.7571       805.9683       802.0942
       797.4038       793.0811       790.1722       788.9377       788.4395
       788.2753       787.9181       787.5013       786.9586
       791.1382       790.6188       790.0303       789.7009       789.9262
       790.5199       790.8121       790.3658       788.8746       786.3478
       783.8926       782.4133       781.6974       781.1755       780.1477
       778.5278       776.7167       775.3026       774.8215       775.6559
       777.0295       778.2698       779.1396       779.7606       780.1178
       779.8562       779.6446       780.3474       782.2899       784.6608
       786.3720       786.6144       786.0143       785.3060       784.3023
       783.1138       782.6427       783.2715       784.7572       786.6998
       788.4091       789.4317       790.1647       790.9351       791.3618
       791.3651       791.5237       791.3735       791.1409       791.0024
       791.1157       791.2711       791.0679       790.6435       790.2819
       790.2136       789.4614       788.1774       788.0864       790.3855
       794.1696       797.2213       797.6854       797.1158       796.9969
       796.8084       795.9316       794.4758       792.7078       791.6119
       791.6720       792.1823       793.2495       794.8862       796.9148
       798.6643       800.1283       800.9114       801.4156       801.8546
       802.5103       803.3997       803.9667       804.0719       804.3758
       804.9315       805.2727       804.9282       803.8497       802.6457
       802.5606       803.7690       804.9089       805.5016       805.2734
       804.4556       803.5755       803.2843       803.6653       804.8796
       806.4777       808.1160       809.7174       810.7872       810.9475
       810.3109       809.0479       807.4417       805.3604       802.1513
       798.1178       793.8699       790.6052       789.0365       788.9215
       788.8355       788.6758       787.7786       786.8876
       788.9064       787.8262       787.1342       786.9792       787.0742
       787.5146       787.9345       788.1537       787.9044       786.6013
       785.1667       784.2573       783.6011       782.3104       780.6288
       778.8889       777.3314       776.6182       777.6959       779.6345
       781.5535       782.6631       782.8693       782.6929       782.2887
       781.3490       780.7168       780.9592       782.1149       783.4918
       784.3538       784.7462       784.9908       785.1891       784.5773
       783.8758       783.6802       784.4445       786.0995       787.5811
       788.6600       789.2621       789.6268       789.7536       789.5182
       788.9525       788.5948       788.3755       788.2373       788.7789
       788.9830       788.8107       788.6888       788.6202       788.5394
       788.4392       788.2961       787.8597       788.2448       790.2070
       793.1843       794.8817       794.8167       794.0933       793.1981
       791.5167       789.8901       788.7663       787.9814       788.2597
       789.3107       790.3290       791.5164       793.8059       796.3692
       798.5346       800.2285       801.6296       802.1723       802.3762
       802.8251       803.1238       802.1893       800.5826       799.6253
       799.6337       799.9683       800.3737       800.4515       800.3650
       800.7179       802.0418       803.5682       803.8461       803.4672
       803.0703       802.5974       802.4921       803.0432       803.9612
       805.2776       806.9052       808.4904       809.4208       809.4932
       808.7995       807.4648       805.7064       803.7796       801.2847
       797.9391       794.0809       790.5140       788.7900       788.6754
       788.6760       788.2142       787.1769       786.2372
       786.7453       785.3832       784.5590       784.6754       784.8574
       784.9359       785.1882       785.5911       786.1744       786.4473
       785.6510       784.7220       783.6465       782.2007       780.4005
       779.0615       778.1721       778.7078       781.1563       784.0128
       786.1494       787.0443       786.6052       785.7730       784.6494
       783.4809       782.6058       782.4729       782.2967       782.1313
       782.3180       782.8817       784.1066       785.0032       785.4279
       785.8878       786.4170       787.3524       788.7357       789.8055
       790.0765       790.1279       789.8770       789.8293       789.4184
       788.4047       787.4716       786.9952       787.1478       787.7969
       788.1135       788.2100       788.3998       788.5396       788.8448
       789.0612       788.8608       788.8608       789.3713       790.7768
       792.3832       793.0172       792.4079       791.3613       789.7296
       787.6491       785.9507       785.3829       785.8419       787.1308
       789.0040       790.4654       792.1686       794.7429       797.0814
       798.6822       799.8920       800.7712       801.1631       801.3832
       802.0779       801.8956       800.3411       798.3959       797.3266
       797.3113       797.9135       798.6403       799.4933       799.8777
       800.0828       800.8241       801.6357       801.7597       801.1328
       800.6443       800.4706       800.5507       801.2184       802.1614
       803.4735       805.3481       806.7782       807.7301       808.3031
       807.8080       806.3564       804.3853       802.3687       800.2131
       797.3148       793.8658       790.7025       788.8418       788.1049
       787.6260       786.8502       786.0341       785.6251
       785.2556       784.2787       783.6137       783.8702       784.2244
       784.1080       784.0960       784.7465       785.8339       786.1800
       785.4504       784.2600       783.1633       782.0772       781.3630
       780.6796       780.5360       781.5894       783.9278       786.6109
       788.5510       789.2366       788.7593       787.4327       785.9239
       784.2421       783.0798       782.3518       781.3880       780.4714
       780.5385       781.4630       782.9764       784.5852       785.8640
       787.3502       788.5134       789.9465       791.6310       792.5236
       792.3209       791.6007       791.1334       790.8804       790.4534
       789.4453       788.1527       787.1628       787.1345       787.4220
       788.0889       789.0825       789.9324       790.2669       790.7900
       791.1720       790.9614       790.7766       791.3900       792.0042
       792.1989       791.6178       790.4139       788.8451       787.2682
       785.8931       785.0216       785.3254       786.5331       788.2029
       790.2789       792.3848       794.9911       797.9529       800.2858
       801.7408       802.6254       803.0945       802.8998       802.4382
       802.1235       801.3741       799.8679       798.1891       797.4902
       797.7409       798.4668       799.6024       800.6123       800.5963
       800.1237       799.9501       800.0870       799.9109       799.3098
       798.7750       798.3260       798.0087       798.8175       800.1553
       801.8514       803.7433       805.3188       806.5580       807.3274
       807.0799       805.6915       803.8840       801.8177       799.6714
       797.1318       794.3276       791.5867       789.6022       788.3770
       787.3795       786.2930       785.6395       785.4457
       784.2193       784.0032       784.2689       785.3301       786.1894
       786.3373       786.1610       786.7420       787.5232       787.3903
       786.4742       785.1613       784.1130       783.4998       783.3459
       783.1395       782.9183       783.6263       785.2513       787.0864
       788.4700       789.2532       789.0687       787.9779       786.3425
       784.4005       782.4739       780.9064       779.4565       778.9063
       779.6906       781.1542       782.9337       784.7563       786.6626
       788.2697       790.2715       792.2101       793.8025       794.4229
       794.0363       792.9979       792.2029       791.6370       791.1071
       790.4564       789.6642       789.1160       788.4870       788.2213
       788.7028       790.0123       791.1920       791.8271       792.6208
       793.2437       793.1010       792.9927       793.0532       792.7706
       791.7908       790.3977       788.6141       787.0988       786.5816
       786.5555       787.0055       788.0214       789.0732       790.7062
       792.4802       794.5026       797.3746       800.9564       804.1780
       806.2966       807.5950       808.1448       807.5468       805.8998
       804.0287       802.1818       800.8018       799.7829       798.9682
       799.0568       800.0823       801.3591       802.0410       801.8688
       801.0305       800.4237       799.9082       799.3860       798.5711
       797.4591       796.4973       796.1811       796.5775       798.2783
       800.7615       803.2679       804.9751       806.2678       807.0734
       806.8941       805.8174       804.0301       802.1301       800.0108
       797.7677       795.2897       792.6631       790.4205       789.1503
       788.0686       786.9810       786.3257       786.0027
       784.3341       784.9653       786.1234       787.8004       789.4177
       790.0148       789.8006       789.7722       789.9944       789.7260
       788.8503       787.7118       786.5825       786.0082       785.8239
       785.1237       784.2129       784.2149       785.5234       786.6911
       787.8437       788.6466       788.5295       787.7541       786.4341
       784.6722       782.0989       779.7751       778.9042       779.6993
       781.5156       783.5391       785.2914       786.8903       788.4174
       790.3979       792.2773       793.7747       794.5578       794.9708
       794.8206       793.9795       792.5950       791.6536       791.1883
       791.0256       791.2450       791.4186       791.1481       790.5722
       790.5168       791.1967       792.1462       792.8759       793.6359
       794.3745       794.6558       794.4076       793.8711       792.9593
       791.4519       789.5044       787.5894       786.8282       787.5159
       788.7318       789.8352       790.7358       791.6487       792.6732
       794.2305       796.2433       798.9004       802.7255       806.6203
       809.8422       812.3127       813.4771       812.9837       810.9027
       807.6530       804.6757       802.6868       801.8402       801.1410
       800.7119       801.3438       802.3987       803.0240       802.9021
       802.0976       801.4062       801.0043       800.1677       798.6722
       796.9440       795.3951       794.8167       795.1107       796.5787
       799.8563       803.2347       805.6331       806.7693       807.2732
       807.3038       806.4435       805.1483       803.3596       801.1812
       798.7084       796.0825       793.2056       790.5251       789.0161
       788.3223       787.7919       787.5074       787.7268
       785.6816       786.6290       787.8388       789.1140       790.5699
       791.0305       790.6265       790.2062       790.0887       790.3372
       789.8810       789.1861       788.3307       787.6581       787.2129
       786.2120       784.5922       784.1005       784.7545       785.9040
       786.8141       787.6850       787.8820       787.2642       786.2347
       784.4598       782.4471       781.0608       781.6684       783.7602
       786.2400       788.1636       789.3640       789.9696       790.7332
       792.1737       793.6859       794.3407       794.5430       794.8030
       794.7589       794.1663       792.9986       791.8963       791.6499
       792.0299       792.5544       793.1179       793.4780       793.3684
       793.1763       793.3070       793.3192       793.5915       794.3139
       795.0464       795.3239       795.0524       794.3837       793.3807
       791.8041       789.8961       788.4224       788.3305       789.8576
       791.5623       792.6640       793.0838       793.6260       794.7036
       796.4172       798.4434       801.2181       804.9440       808.8809
       812.5647       816.0971       818.2360       817.8907       815.2443
       811.3763       807.4675       805.0135       803.8230       802.7934
       802.1868       802.1565       802.7181       803.3017       803.1434
       802.6545       801.9841       801.6641       800.9380       799.2410
       797.0354       795.1815       794.0237       793.7239       795.3018
       798.8974       803.0738       805.7510       807.0697       807.4117
       807.2516       806.6946       805.5574       803.9714       801.6978
       799.0706       796.2540       793.1517       790.4712       788.9820
       788.6520       788.7341       789.3680       790.1390
       787.5440       787.9092       788.1988       788.7571       788.9730
       788.6390       787.9931       787.5051       787.7917       788.5754
       789.1453       788.9618       788.6347       788.0785       787.4407
       786.1651       784.5482       783.5781       783.9805       784.9221
       785.6848       786.3503       786.5568       786.1881       785.4014
       784.6035       784.2120       785.3480       787.4359       790.1094
       792.2888       793.2349       792.9786       792.4494       792.5482
       793.3931       794.2925       794.5231       794.4798       794.2665
       794.1876       793.7367       792.9421       791.9680       791.9597
       792.6390       793.4003       794.0871       794.7704       795.2308
       794.9805       794.7531       794.4693       794.2841       794.5859
       795.2300       795.8887       795.7166       794.8890       793.7242
       792.5853       791.4711       790.9921       791.5817       792.8195
       794.3203       795.3098       795.9196       796.5592       798.2582
       800.4838       802.8795       805.7724       809.0339       812.2858
       815.7791       819.2759       821.2838       820.3975       817.3150
       813.2633       809.5836       807.3483       805.8561       804.4801
       803.3952       803.0909       803.3480       803.6156       803.7893
       803.2209       802.3360       801.6570       800.6280       798.9382
       797.0376       795.4066       794.1750       793.8014       795.3043
       798.6050       802.1713       805.0471       806.4716       807.1592
       807.2366       806.3640       804.9548       803.3671       801.2356
       798.3340       795.4490       792.9400       790.8508       789.5849
       789.1738       789.4823       790.3931       791.2771
       788.6215       788.2721       787.7523       787.4641       787.2126
       786.6682       786.0060       785.9037       786.5510       787.6523
       788.5082       788.7490       788.8167       788.4230       787.4312
       786.1306       784.5331       783.6677       784.1449       785.0752
       785.5836       785.5644       785.2765       784.6934       784.4871
       785.1334       787.1620       790.0597       793.1264       795.3292
       796.3850       795.9001       794.5366       793.3019       792.9669
       793.6930       794.4725       794.7286       794.1639       793.8206
       793.2852       792.5765       791.8026       791.0546       791.0753
       792.0131       792.8141       793.8102       795.1926       796.1147
       796.4054       795.7029       795.1757       794.8570       794.9014
       795.6201       796.2695       796.2428       795.2742       794.1977
       793.1808       793.0125       793.6280       794.5917       795.7399
       796.7170       797.8989       799.2759       801.0248       803.3115
       806.0408       808.7396       811.4316       813.8993       816.4274
       819.1569       821.6310       822.6658       821.0805       817.5529
       813.8901       811.0150       809.2757       808.1049       806.5330
       805.0945       804.9384       805.4120       805.6948       805.4660
       804.6552       803.3785       801.9315       800.3725       798.7183
       797.2374       796.0443       795.1013       794.8785       796.1617
       798.5986       801.3120       803.3583       804.8735       806.1635
       806.6230       805.8295       804.1540       802.6505       800.6061
       797.5530       794.8644       792.7829       790.6708       789.1871
       788.4837       788.6987       789.5977       790.3644
       787.6832       787.0699       786.2170       785.9089       786.4315
       786.7884       786.9868       787.2672       787.9910       788.7318
       789.1672       789.2579       789.0455       788.7911       787.7780
       786.3552       784.9884       783.9905       784.5598       785.4419
       785.4753       785.2014       784.5907       784.0910       784.3340
       785.9775       789.0181       792.5471       795.2869       796.6581
       796.5367       795.1788       793.6996       792.3894       791.9116
       792.6735       793.7831       794.3610       794.0898       793.0800
       791.9633       790.7518       789.7935       789.3495       789.7861
       790.5392       791.2171       792.6252       794.6245       796.5924
       797.6392       797.1764       795.9991       795.5197       795.5535
       796.1569       796.9899       797.1005       796.3834       795.2133
       794.6246       794.6979       795.8579       797.3864       798.6671
       800.0094       801.7831       803.9465       806.2844       808.8208
       811.5936       814.0082       816.1790       818.4796       820.6042
       822.3448       823.5397       823.8573       821.8498       818.0659
       814.4307       812.3232       811.2172       810.4177       809.2195
       808.3915       808.5984       809.4221       809.6486       809.0214
       807.7433       805.8686       803.6151       801.6422       799.9397
       798.4860       797.4284       796.5154       796.3448       797.3245
       798.9396       800.6486       802.1487       803.3652       804.2440
       804.4518       803.7374       802.7177       801.4832       799.5498
       797.1152       794.7026       792.2203       790.0028       788.2930
       787.6590       787.9855       788.4752       788.9526
       784.5934       783.7760       783.0706       783.4661       785.0156
       786.9310       788.3807       789.6699       790.4080       790.6148
       790.3843       789.8312       789.2083       788.4958       787.4937
       786.1579       784.8320       784.2593       784.6066       784.8867
       784.6711       784.4740       784.4303       784.8277       785.8940
       787.7464       790.1472       792.8821       795.1977       796.0405
       795.2531       793.4359       791.5510       790.1965       790.0507
       791.1118       792.5459       793.5599       793.2642       791.9818
       790.1123       788.6486       787.8602       787.6913       788.2129
       789.1323       790.2950       792.1790       794.2864       796.2676
       797.5894       797.6068       796.6426       796.0322       796.1893
       796.8844       797.9078       798.3854       797.8251       797.0479
       796.6827       796.9916       798.3611       800.7825       803.0016
       804.9030       807.0554       809.1782       811.2631       813.6352
       815.6918       817.3960       819.3500       821.8704       823.9526
       824.6933       824.9467       824.4257       822.0211       818.1957
       814.9657       813.3716       813.3083       813.2692       813.0294
       813.0615       813.7353       814.6884       815.3104       814.2178
       812.0352       809.3045       806.2166       803.7195       801.7992
       800.3173       799.2479       798.2757       798.0844       798.8028
       799.8557       800.7419       801.6989       802.4597       802.4735
       801.6576       800.6137       799.9191       799.1926       797.9692
       796.4026       794.6042       792.6772       790.5762       788.8842
       788.1929       788.1966       788.4800       788.3204
       780.2866       779.4899       779.3018       780.6761       783.1010
       785.6740       788.4539       791.0153       792.4572       792.2378
       791.0717       789.8600       788.7166       787.8204       787.1172
       785.8788       784.8362       784.4401       784.5742       784.4639
       784.4391       784.7907       785.5865       787.1235       788.9272
       790.5579       792.3114       794.1586       795.6543       796.2159
       794.8685       792.1692       789.4258       788.1096       788.6437
       789.9099       791.4100       792.2105       791.9051       790.3784
       788.4044       786.8999       786.3884       786.5546       787.0423
       788.2287       790.1323       792.1696       793.9492       795.4141
       796.4645       796.8867       796.6587       796.3759       796.8856
       797.8262       798.7612       799.2072       798.9475       798.5276
       798.5369       799.2026       801.2866       804.5291       807.4438
       809.5440       811.3909       813.2106       815.2476       817.2451
       818.6343       819.8047       821.3633       823.2693       824.9381
       825.3881       824.8536       823.5447       821.0028       817.7621
       815.3251       814.4153       815.1173       815.9442       816.3151
       816.8166       817.7109       819.0895       819.6997       818.4373
       815.4305       811.6371       808.3604       805.8321       803.8226
       802.1768       800.8318       799.9406       799.6517       800.0736
       800.6946       800.7870       800.9307       800.9715       800.2864
       799.0873       797.8072       797.2234       797.0392       796.4578
       795.8431       795.1202       793.8230       792.1041       790.5671
       789.6451       789.4945       789.7438       789.6716
       776.8272       776.4755       777.0174       779.2670       782.0939
       785.1337       788.4066       791.4254       793.0951       792.6069
       790.9836       789.6055       788.6724       788.3579       787.9598
       786.9696       785.8912       785.3787       785.2485       785.2825
       785.3250       785.8973       787.5724       789.7204       791.6484
       793.6896       795.3563       796.2578       796.7640       796.3552
       794.2142       790.8659       788.2196       787.3979       788.1341
       789.3224       790.0801       790.6534       790.3190       789.1155
       787.4705       786.1509       785.7655       786.0521       786.8792
       788.4211       790.2275       791.7149       792.8969       794.0033
       795.1082       796.1592       797.0004       797.6674       798.6637
       799.5612       800.2700       800.5508       800.4680       800.4240
       800.5061       801.7380       804.0565       807.0110       809.9549
       812.0621       813.5952       815.5031       817.9120       820.2401
       821.5039       821.9520       822.8069       823.9364       824.5272
       824.8273       824.2585       822.6747       820.1852       817.7876
       816.3036       816.0857       816.5792       817.4452       817.9998
       818.6805       819.9608       821.4242       821.6594       820.0110
       816.5225       812.6034       809.5803       807.5690       806.1340
       804.7170       803.0162       801.9178       801.4565       801.2665
       801.0506       800.5001       799.4664       798.7323       797.8613
       796.5165       795.5743       795.1308       795.1924       795.2559
       795.2297       794.9780       794.1761       792.9740       792.0296
       791.5813       791.9333       792.5369       792.8817
       776.0484       776.2979       777.4781       779.8055       782.9960
       786.0258       788.9850       791.5115       792.5784       792.2000
       791.1108       790.0689       789.8057       790.2662       790.1165
       788.9145       787.6044       787.1884       786.9441       786.5896
       786.1321       786.4252       788.3324       790.6011       792.9273
       795.3204       797.1216       797.6652       797.1979       795.5410
       792.8682       790.0807       788.2716       787.6774       788.1928
       788.8637       789.2774       789.4177       789.4310       788.8318
       787.6974       786.3865       785.9315       786.4036       787.6976
       789.3117       790.5856       791.4332       791.9305       792.3809
       793.5943       795.4947       797.5018       799.5292       800.9543
       802.0071       802.6710       803.1532       803.3140       803.2650
       803.3619       804.4869       806.4622       808.5026       810.7603
       812.9461       814.7527       816.8089       819.3964       821.8580
       823.0804       823.0451       823.1700       823.6636       823.7593
       823.3569       822.5688       821.2076       819.2618       817.4068
       816.9880       817.3698       818.0138       818.8551       819.6780
       820.7096       822.1048       823.1948       823.1277       820.9733
       817.1871       813.3230       810.5693       809.1059       808.5894
       807.9111       806.6494       805.0999       803.8231       802.6300
       801.3501       800.0898       798.6854       797.5059       796.4679
       795.3770       794.5355       793.6805       793.4041       793.6838
       793.6168       793.3663       792.9753       792.7302       792.8816
       793.4765       794.5279       795.9264       796.7683
       778.3380       778.8329       780.2672       782.4627       784.8251
       787.5278       790.0276       791.7650       792.8049       793.0443
       792.6786       792.1112       792.1159       792.5536       792.2347
       790.6696       789.2422       788.8115       788.4268       787.6625
       786.9816       787.0724       788.7333       791.1502       793.3966
       795.7541       797.1028       797.3327       796.1742       794.3633
       792.0907       790.3792       789.4127       789.0437       789.1213
       789.0168       789.1090       789.7457       790.0009       789.3936
       788.2363       787.1716       786.6970       787.3815       788.8535
       790.1664       791.1520       791.5305       791.4411       791.3918
       792.6137       795.1155       798.1359       800.7352       802.9185
       804.1639       805.0634       805.8146       806.1370       806.2375
       806.6845       807.6780       809.0336       810.3840       811.7552
       813.5273       815.6215       817.7529       820.0654       822.1379
       823.1785       822.9040       822.4147       822.1609       821.8539
       821.0099       819.8404       818.9114       817.6870       816.6813
       816.9229       817.7866       819.1279       820.5447       821.7848
       823.3553       824.6479       825.1566       824.3826       822.0837
       818.1740       814.6004       812.3319       811.2935       811.3281
       811.5215       810.7754       809.1218       807.0159       804.6577
       802.8341       801.1722       799.5778       798.2717       797.2219
       796.4189       795.3925       794.1750       793.3056       792.9313
       792.2481       791.4347       791.4653       791.9115       793.1279
       795.1378       797.3033       799.2667       800.4393
       781.8715       782.3311       783.6026       785.2751       786.9056
       789.1345       791.4396       793.1167       793.9498       794.0869
       794.1141       794.1872       794.2568       794.2007       793.2227
       791.6662       790.5997       790.0892       789.7437       789.0199
       788.7562       789.1277       790.2937       791.9920       793.8550
       795.3722       796.0864       795.4916       794.1196       792.6345
       791.4879       790.6843       790.4524       790.3092       789.9788
       789.8867       790.0479       790.4208       790.5518       789.8663
       788.6398       787.5383       787.2225       787.9681       789.5652
       791.1917       791.7631       791.7335       791.1063       791.1299
       792.6872       795.6819       798.9124       801.7951       803.8647
       805.2835       806.4771       807.5609       807.8882       808.3432
       809.3700       810.5476       811.4257       812.1799       813.1592
       814.3661       816.0787       818.5301       821.0017       822.5214
       822.7625       822.1952       821.6901       821.2638       820.6843
       819.4130       818.1566       817.2719       816.5529       816.2546
       816.8101       818.0800       819.6722       821.6759       823.6130
       825.3142       826.2292       825.8497       824.9118       822.3008
       818.7864       815.9567       814.4998       814.0884       814.3553
       814.5518       814.1409       813.1383       810.8842       807.7946
       805.2863       803.5226       801.8563       800.3322       799.3617
       798.9821       798.4958       797.3049       795.8987       794.6229
       792.9482       791.5551       791.1302       791.9813       793.8950
       796.7134       799.7275       801.8766       802.8890
       784.6126       784.7228       785.2650       786.6921       788.3762
       790.3021       792.4377       793.6618       793.9772       793.9324
       794.0529       794.3005       794.3425       794.0037       793.1794
       791.9952       791.1775       790.7624       790.4095       789.9909
       790.0521       790.6824       791.2416       792.1187       792.9555
       793.7100       793.6861       792.7809       791.5561       790.4573
       789.9727       790.1385       790.5467       790.7590       790.4333
       790.4189       790.7553       790.6497       790.1567       789.4062
       788.2060       787.0494       786.7133       787.6352       789.6559
       791.6102       792.4584       792.0566       791.2906       791.4615
       793.5681       796.7717       800.2022       802.7051       804.1858
       805.2408       806.2195       807.1890       807.9796       808.8547
       809.9891       810.9316       811.8967       812.5602       813.3242
       814.3498       815.9377       818.6117       821.2488       822.5469
       822.0751       821.1923       820.8723       820.9265       820.1990
       818.6571       816.7633       815.3639       814.7937       815.0556
       815.7794       817.1453       819.1786       821.7216       824.5222
       826.3221       826.3696       825.4659       823.8445       821.5694
       818.6523       816.5052       815.4817       815.4062       815.6986
       815.7092       815.7060       815.6583       813.9291       810.4998
       807.3112       805.3396       803.9303       802.4372       801.5687
       801.8262       802.0977       801.2843       799.5005       797.3810
       795.1514       793.3768       792.6906       793.0078       794.7498
       797.8100       800.8668       803.1056       804.0340
       785.4888       785.3616       785.6539       786.5650       788.2401
       790.2537       791.4955       792.1699       792.2994       792.4101
       792.9094       793.5090       793.5352       792.9448       792.0736
       791.2740       790.7274       790.4191       790.0026       789.8777
       790.1436       790.3561       790.8268       790.8958       790.7484
       790.5308       790.0229       789.1549       788.5682       788.3957
       788.5612       789.3017       790.2648       790.8825       790.5683
       790.1801       790.0626       789.7189       789.0875       788.0137
       786.6299       785.7228       785.8568       787.2882       789.2863
       790.8734       791.9304       792.0970       791.5186       792.1476
       794.4272       797.7549       800.9213       802.6977       803.5622
       804.1361       804.6500       805.1090       806.1263       807.4530
       808.2683       809.0875       810.1409       810.9188       811.6388
       812.6566       814.2893       817.1364       819.9844       821.2297
       820.4409       819.4380       819.4566       819.5603       818.6965
       816.1758       813.7167       812.1630       811.8883       812.4706
       813.5190       815.0824       817.5585       820.7465       824.0766
       825.9348       825.7474       824.3063       822.3019       820.0046
       817.9190       816.1888       815.1930       814.8349       815.0938
       815.7098       816.3327       816.5349       814.8312       811.2285
       807.7025       805.5515       804.1816       802.9357       802.4371
       802.8322       803.4529       803.0591       801.1141       798.2726
       795.9017       794.4321       793.5933       793.6654       795.1777
       798.1013       801.1613       803.3121       804.2197
       784.8494       784.7103       784.8607       785.7575       787.3403
       789.0873       789.7909       789.7073       789.6861       790.0176
       791.0991       792.3311       792.5884       791.4943       790.0469
       789.0682       788.9561       789.4001       789.2408       788.9343
       789.0982       789.3062       789.1573       788.5602       787.6498
       786.7437       786.1470       785.8170       786.2745       787.2540
       788.2479       789.2582       790.7070       791.4502       790.7909
       789.8958       789.3012       788.4460       787.3804       785.9793
       784.3156       783.8062       784.9300       786.5565       788.2284
       789.6035       790.6107       790.9247       790.9269       791.7291
       794.0943       797.2338       799.6277       800.7534       801.4244
       802.0607       801.9799       802.1891       803.1740       804.7900
       805.8777       806.4797       807.2661       808.0102       808.6952
       810.0423       812.1507       814.8245       817.3577       818.5269
       818.4589       818.0454       818.0563       817.7587       815.8113
       812.8435       810.3385       809.3457       809.4589       810.3353
       811.6338       813.5557       816.1775       819.6403       822.5832
       824.0658       823.8180       822.5126       820.6416       818.4868
       816.6248       815.5500       814.9609       814.8458       815.4781
       816.5831       817.4651       816.9425       814.3006       810.2709
       806.8002       804.4726       802.9052       802.0016       801.7282
       802.2209       802.5931       802.1788       800.2424       797.3855
       795.2145       793.9224       793.2865       793.6138       795.1703
       797.8264       800.8058       802.7416       803.7532
       783.8781       783.2357       783.3834       784.6686       786.5573
       788.0270       788.5922       788.1330       787.5437       787.6082
       788.9516       790.8149       791.2000       789.7385       787.4020
       786.1735       786.5267       787.4616       787.6808       787.2082
       787.2636       787.5629       787.0813       786.0222       784.6371
       783.7298       783.3892       783.8967       784.9769       786.6827
       788.2359       789.9006       791.7964       792.3632       791.4673
       790.1006       788.8887       787.5212       786.0758       784.2100
       782.3428       782.2744       783.5482       784.9705       786.5629
       788.0695       789.2939       789.8005       790.1439       790.9412
       793.0157       795.8754       797.8505       798.7675       799.4917
       799.6013       799.2768       799.3922       800.7765       802.5002
       803.8137       804.6743       805.1400       805.5771       806.5876
       808.2631       810.7095       813.0853       814.9172       816.2784
       817.1804       817.4137       817.3250       816.5604       814.4523
       811.6957       809.7400       808.7837       808.7822       809.5112
       810.8345       812.7774       815.6810       818.8057       821.2049
       822.2409       821.8802       820.7986       819.7945       818.2213
       816.6656       815.7778       815.7673       816.3661       817.2951
       818.2926       818.6281       817.2581       813.9750       810.0434
       806.7907       804.4349       803.0736       802.1661       801.7189
       801.7736       801.9027       801.5275       800.0667       797.8745
       795.7294       794.4869       794.0970       794.5660       796.0181
       798.2397       800.4783       802.4295       803.4271
       782.8215       782.0356       782.3798       784.0305       785.8826
       787.6045       788.2618       787.8224       786.7642       786.2336
       787.6589       789.7835       790.2082       788.3105       785.7863
       784.4675       784.7343       785.5715       785.7885       785.3389
       785.4691       785.9424       785.8487       784.7471       783.2873
       782.1432       782.0965       782.9130       784.4115       786.1425
       788.0740       790.0448       791.8821       792.7949       791.6458
       789.7745       788.3558       787.0482       785.4406       783.2661
       781.5239       781.5779       782.6559       783.6517       785.2094
       787.2689       788.4236       788.9752       789.6075       790.7966
       792.4119       794.7627       797.1014       798.4752       798.9017
       798.4646       797.9925       798.2999       799.3884       801.2192
       803.1093       804.2720       804.6468       804.9479       805.9924
       807.9872       810.2463       812.4929       814.3359       815.7819
       816.7970       816.8492       816.7345       816.8749       815.3621
       812.7927       810.8835       809.7927       809.0136       809.1862
       810.4594       812.6365       815.5249       818.4969       820.9540
       821.8749       821.1042       820.2091       819.8835       819.1438
       817.5682       816.7470       817.1104       818.1694       819.0239
       819.1974       818.7547       817.2502       814.2126       811.0026
       808.2675       806.1566       804.6833       803.2725       802.5289
       802.2608       802.1628       801.9568       800.9559       799.3126
       797.4280       795.9876       795.6115       796.3397       797.6415
       799.2536       801.1693       802.6342       803.5967
