!     RMS - Reservoir Modelling System GRID TO ZYCOR GRID
!     RMS - Reservoir Modelling System VERSION : 10.1
!     GRID FILE NAME   : TopUtsiraFm
!     CREATION DATE    : 2018.12.21
!     CREATION TIME    : 08:24:26
@TopUtsiraFm HEADER                     ,      GRID, 5
      15,    -99999.0000,       ,      4,      1
     119,     65,    436910.1562,    440110.1562,   6469154.5000,   6475054.5000
         0.0000,         0.0000,         0.0000
@
+ Grid data starts after this line
       820.7077       820.5479       820.2218       819.4751       818.5932
       817.9467       817.5920       817.6774       817.5836       817.5804
       817.8266       817.9581       818.7325       820.3232       822.3109
       824.5082       826.2325       827.9390       829.5208       830.5699
       831.4739       832.0089       832.1773       832.2654       832.0782
       831.7668       831.1710       830.2797       829.3062       828.1088
       827.1146       825.3357       822.7653       820.7145       820.2560
       820.9253       821.0543       821.2593       821.9953       823.2390
       824.4636       824.9985       824.0113       822.8080       822.3878
       822.2326       821.8372       821.1551       820.6688       820.8480
       821.8942       823.1389       824.2246       825.2028       825.4212
       825.1504       824.5758       823.7443       823.8913       824.5162
       824.9589       825.3378       826.3426       827.8896       828.9877
       829.3945       829.9410       829.8720       829.5535       829.9142
       831.3367       833.4711       835.5884       837.1863       838.6017
       840.3189       841.7292       842.4494       843.2039       844.2662
       845.8502       848.0590       849.9976       851.1482       851.9618
       851.9772       851.6691       851.3448       850.6611       850.3663
       849.8839       848.7162       847.3035       845.8384       844.4755
       843.4053       843.0361       842.8455       842.0065       840.8635
       840.0042       839.8986       840.0255       839.8202       840.2940
       840.8272       840.8233       840.4312       839.5879       837.7114
       835.2908       833.1805       831.8107       831.5137       832.1578
       832.9747       832.6655       831.0842       829.6871
       820.2346       820.3196       820.2169       819.2488       818.0091
       817.1749       816.7200       816.6054       816.5674       816.6878
       817.0536       817.2736       818.0252       819.7917       821.9940
       824.2765       826.6481       828.4646       830.1308       831.1827
       831.4695       831.5635       831.5655       831.6158       831.5724
       831.5820       831.4390       830.4821       829.4005       828.2167
       826.3867       824.3837       822.0113       820.0978       819.0269
       818.7928       819.3050       820.2599       822.0361       824.1262
       825.7524       826.0107       825.2606       824.3533       823.4875
       822.3125       821.2181       820.2822       819.7018       820.2019
       821.7065       823.2857       824.6700       825.6830       825.8464
       825.4022       824.8512       824.2551       824.0746       824.6649
       825.4733       826.3443       827.2994       828.8234       829.7078
       829.9356       829.6188       829.2876       829.4195       830.1238
       831.2488       833.3409       835.4282       837.3437       839.5800
       841.7807       843.0630       843.7158       844.3990       845.2391
       846.6158       848.4045       850.3336       852.0057       852.9789
       852.9427       852.3439       852.0800       851.7830       851.0893
       850.4224       849.5126       847.9979       846.5753       845.3552
       844.4208       843.8762       843.5319       842.6453       841.3369
       840.4710       840.3347       840.2920       840.5914       841.1899
       842.3767       842.6993       842.7256       841.9796       839.8586
       836.7615       833.9225       832.3104       831.8676       832.3511
       833.0803       832.9028       831.7571       830.4694
       819.5825       819.7253       819.5499       818.5688       817.0046
       815.9214       815.5892       815.6583       815.9025       816.4325
       817.2892       817.9866       819.1942       821.3685       823.6481
       825.6142       827.8490       829.6152       830.9724       831.9453
       832.2758       832.1031       831.6326       831.4794       831.6243
       831.9078       831.7539       831.0751       830.1622       828.4402
       826.0253       823.4944       821.6486       819.6880       817.7946
       817.2415       817.9676       819.5383       821.8133       824.6793
       827.0631       827.7687       827.0868       825.9856       824.4699
       822.5865       820.7602       819.4703       818.9569       819.7661
       821.7410       824.1373       825.9938       826.7124       826.5391
       826.2894       825.6465       824.8000       824.2128       824.5162
       825.6012       826.6318       827.9001       829.1212       829.8127
       829.7297       829.1367       828.7618       829.0591       829.6774
       830.8450       832.7383       835.1824       837.2336       839.4974
       841.8923       843.4753       844.0964       844.6210       845.5272
       846.7039       848.6027       850.7876       853.2342       854.7089
       854.9219       854.4628       853.8491       853.1849       852.2311
       851.3643       850.5026       849.2465       847.8989       847.1328
       846.6086       845.8583       844.8649       843.7093       842.4450
       841.8807       841.9213       842.4304       842.7538       843.3386
       844.3992       845.2033       845.1070       844.0706       841.5378
       838.2118       835.1286       833.2886       833.1061       833.7758
       834.5300       834.6097       833.7522       832.7704
       819.9449       819.6063       818.8531       817.7166       816.1549
       814.9263       814.7626       815.1083       815.8940       817.3248
       819.1336       820.8591       822.7563       824.9456       826.3659
       827.6945       829.1599       830.4405       831.5137       832.3789
       832.7482       832.3881       831.7546       831.6498       831.7272
       832.0198       831.9213       831.3434       830.3806       828.5986
       825.7913       822.9611       820.7530       818.8182       817.2429
       816.3417       816.7614       818.4551       820.9276       823.9090
       826.6819       827.5598       826.9224       825.6683       823.9038
       821.7814       819.7082       818.1058       818.0172       819.4071
       822.0909       825.2037       827.4287       827.8256       827.7120
       827.3330       826.6537       825.6281       824.9759       825.2621
       826.0479       827.0828       827.9268       828.4066       828.5638
       828.1625       827.4800       827.1282       827.4158       828.2831
       829.9548       832.2678       834.8320       836.9427       838.7834
       840.7745       842.4268       843.2878       843.9304       844.6805
       846.1233       848.3125       851.5850       854.8567       857.0914
       858.0366       857.8519       856.5909       855.1533       853.7128
       852.3886       851.4947       850.4741       849.6136       849.0539
       849.0153       848.4681       847.1935       845.9238       844.8971
       844.7056       845.5800       846.4699       846.5987       846.4977
       846.6826       846.8658       846.2322       844.7408       841.8622
       838.5781       835.8737       834.4836       834.6179       835.9548
       837.2094       837.7158       837.1235       836.1708
       820.9652       820.3237       819.1429       817.7339       816.0375
       814.6445       814.6689       815.8483       816.9357       818.5209
       821.0059       823.5388       825.9873       827.6945       828.5035
       828.9137       829.4850       830.0593       830.8446       831.7796
       831.9280       831.3251       830.8600       830.8334       831.2540
       831.4504       831.5799       831.0474       829.6975       827.4601
       824.5925       821.9189       819.9701       818.2631       816.7302
       815.6043       815.2646       816.7303       819.4237       822.3809
       824.7863       825.5492       824.4713       823.0520       821.2216
       819.2035       817.1614       816.0947       816.5899       818.8827
       822.3311       826.0497       828.6839       829.8189       829.4046
       828.4105       827.9099       827.3896       826.9531       826.9590
       827.1842       827.5394       827.7125       827.3962       826.5380
       825.8271       825.1599       824.9495       825.5221       827.0350
       829.1988       831.8647       834.2618       836.4061       838.2744
       840.3677       841.9940       842.7606       843.2523       844.2271
       846.1421       848.9666       852.6262       856.5531       859.6652
       861.2593       860.8840       859.2279       856.9992       854.6278
       852.8651       851.7877       851.2773       850.6169       850.5049
       850.6318       850.4388       849.5222       848.4056       847.8227
       848.0347       849.1409       850.0729       849.7897       848.7845
       847.8884       847.1177       846.0832       844.2357       841.3890
       838.4510       836.6227       835.6816       836.3440       838.0841
       839.7565       840.6747       840.3445       839.2887
       821.1451       820.9142       819.9966       818.5519       817.1113
       816.2322       816.3986       817.6338       818.6155       819.7627
       821.3235       823.4942       825.8329       827.6616       828.2896
       828.1603       828.1414       828.1288       828.7897       829.7047
       830.0224       829.7512       829.3597       829.7328       830.5677
       831.0220       830.6794       829.4346       827.5868       825.2765
       822.5510       820.7115       819.5620       818.2762       816.7388
       815.0374       814.0009       814.8507       817.6332       820.7828
       823.0779       823.5541       822.1520       820.0851       818.3306
       816.7032       815.3800       814.6910       815.5582       818.3869
       822.4269       826.7587       830.3525       831.8365       831.4192
       830.4099       829.6427       829.4966       829.4330       828.7722
       827.9146       827.2230       826.8565       826.0239       824.6051
       823.4544       823.2307       823.6622       825.1447       827.1410
       829.4817       831.8175       833.7372       835.8138       838.4019
       840.8293       842.6221       843.1251       843.4492       844.9421
       847.1949       850.0898       853.6508       857.4528       860.9325
       862.6850       862.0222       859.5896       856.7968       854.2790
       852.5516       851.7521       851.2242       851.1572       851.5003
       851.8956       851.9987       851.4562       850.4245       849.6733
       849.9424       850.8815       851.3762       850.4787       849.0528
       847.8493       846.6730       845.2213       843.2864       841.0082
       838.9193       837.4547       836.8916       837.8569       839.9926
       841.7816       842.7881       842.2947       841.2009
       821.3569       821.0513       820.2867       819.6121       819.0005
       818.5956       818.8939       819.5838       820.0920       820.1379
       820.5347       821.4996       823.2086       825.1274       825.8002
       825.5872       825.5746       825.7453       826.3099       827.3300
       827.8815       828.2286       828.4728       829.1342       830.1923
       830.5453       828.9681       826.4518       824.2114       822.1970
       820.7831       820.0045       819.4018       818.3563       816.6573
       814.8939       813.3250       813.5366       816.0464       819.0419
       821.4981       822.1651       820.8361       818.6467       816.9449
       815.8991       815.1475       814.8898       815.9573       818.7891
       822.9993       827.7220       831.5524       833.2487       833.3316
       832.7162       832.1577       831.9453       831.3766       830.2131
       828.4403       826.8544       825.6887       824.2662       822.4783
       821.5217       821.9472       823.7542       826.0811       828.2988
       830.3272       832.2410       834.0047       835.9976       838.8420
       841.7556       843.2875       843.8922       845.0840       846.8488
       849.0329       851.7540       855.0172       858.1442       860.4344
       861.5096       860.7125       858.1683       855.0223       853.1309
       852.1183       851.4388       851.1763       851.5111       852.1003
       852.4407       852.4208       851.8995       850.7248       849.9556
       849.5393       849.9013       849.6950       848.4893       847.2565
       846.5433       845.7678       844.2008       842.8005       841.1603
       839.2317       837.7196       836.8311       837.7303       840.1822
       842.3266       843.2070       842.5233       841.2526
       821.3505       821.0495       820.6790       820.6194       820.5067
       820.1063       820.1960       820.5499       820.6467       820.4610
       820.1348       820.3181       821.3203       822.6701       823.3387
       823.1853       823.2364       823.8613       824.8441       825.8748
       826.8313       827.6541       828.7571       829.5770       830.1836
       829.0814       826.1862       822.8929       820.5112       819.4229
       819.4192       819.7144       819.7820       818.8785       817.0527
       815.4304       814.5297       814.7156       816.3868       818.7162
       820.5681       821.1653       820.1943       818.7153       817.5145
       816.7354       816.1508       815.8846       816.8407       819.6849
       823.8605       828.4012       831.9135       833.6647       834.1695
       834.4921       834.3240       833.5591       832.7075       831.0904
       828.9001       826.8898       825.1429       823.1384       821.4863
       821.0134       822.0405       824.2887       826.7895       828.8253
       830.2884       832.0679       834.1471       836.5726       839.2191
       841.7678       843.7425       845.2827       847.1141       848.9985
       851.2643       853.6675       856.2792       858.2018       859.2345
       859.2482       858.0543       856.0704       853.9513       852.5493
       851.8739       851.3829       851.3757       851.8004       851.8295
       851.4933       851.1349       850.2899       849.1589       848.0395
       847.3857       846.7887       845.9524       844.9244       844.3223
       844.5497       844.4078       843.9318       842.9058       841.2941
       839.1923       837.1225       835.8014       836.2373       838.3106
       840.8464       841.9784       841.1307       839.6656
       820.9575       821.3387       821.7596       822.0645       821.6008
       820.9518       820.6501       820.9119       821.4677       821.7505
       821.4221       821.0378       821.3549       821.4252       821.4539
       821.6486       821.7939       822.8271       824.3996       825.5778
       826.2333       827.5724       829.2542       830.0800       829.1864
       826.9444       823.7355       820.6831       819.0042       818.6758
       818.8043       819.5923       820.1541       819.5261       818.1113
       817.1955       817.4946       818.5187       819.8688       821.4066
       822.1053       821.5649       820.5239       819.5206       818.8967
       818.4829       817.7191       816.7700       817.2384       819.9493
       824.1368       828.2761       831.4491       833.1592       834.2162
       835.3056       835.5286       834.8396       833.6945       831.8278
       829.6603       827.6408       825.8284       824.0121       822.5740
       822.3505       823.3731       824.8732       826.2967       827.6770
       829.0590       830.9299       833.7490       836.5763       839.2419
       841.8790       844.3131       846.6283       848.4002       850.2661
       852.2967       854.4836       856.0641       857.0266       857.1524
       856.4708       855.2014       854.0002       853.2258       852.7482
       852.1360       851.7939       851.7759       851.8968       851.5708
       850.4718       849.0961       847.9221       847.0513       845.9376
       844.9713       843.8898       842.7355       841.8054       841.7923
       842.4451       843.4252       844.0244       843.5312       841.8000
       839.0229       836.2432       834.6941       834.6097       836.1851
       838.5121       839.6679       838.9867       837.9186
       821.5164       822.2048       822.9642       822.9104       822.1578
       821.3607       820.9516       821.6663       822.7801       823.2283
       822.8572       822.1600       821.5166       820.7518       820.4271
       820.5678       821.1741       822.4817       824.1617       825.0276
       825.7139       827.3384       828.9116       829.0345       827.3592
       824.7780       822.0402       820.0568       819.1471       819.0379
       819.3912       820.2532       821.0817       820.7089       819.9034
       819.9958       821.1456       822.9733       824.5889       825.3896
       824.8422       823.2903       821.8568       820.9293       820.0148
       819.4011       818.5369       817.2950       817.4232       820.0035
       824.0353       827.8844       830.6544       832.3635       833.8403
       835.3626       836.2565       836.0044       834.8953       833.3753
       831.5812       829.7028       827.7385       826.1121       824.7200
       824.1927       824.6402       824.9083       825.3337       826.1458
       827.6376       830.0490       832.9542       836.0115       839.0138
       842.1475       845.0616       847.4186       849.3601       850.8036
       852.2882       853.8349       854.5050       854.3182       853.8420
       853.3160       852.6117       852.4067       852.8228       853.1133
       852.8239       852.3058       852.1272       851.9736       851.0386
       848.9102       846.8280       845.6979       845.0936       844.7923
       844.2759       843.3127       842.2594       841.3608       841.0737
       841.8954       843.4882       844.4519       844.5405       842.8745
       839.3656       835.9832       833.9895       833.2875       834.3331
       836.2739       837.4011       837.0923       836.4848
       822.6353       823.2388       823.5198       822.9812       821.9175
       821.1627       821.1922       822.0399       823.1492       823.7114
       822.9534       821.8651       820.7200       820.1493       820.1287
       820.3848       821.0289       822.4598       823.6731       824.5657
       825.6552       826.9616       827.6437       826.9815       825.1086
       822.7963       820.7188       819.3613       818.8163       818.8700
       820.0347       821.7602       822.8382       822.6807       822.5166
       823.0919       824.5585       826.3120       827.6016       827.6640
       826.9012       825.4189       823.9201       822.4253       820.7509
       819.5175       818.6193       817.7745       817.8956       820.1658
       824.0329       827.5745       829.9214       831.2914       832.7503
       834.7560       836.4612       837.0283       836.5917       835.6188
       834.2297       832.2464       829.9893       828.0528       826.2665
       824.8919       824.6566       824.8571       824.8837       825.5308
       827.1177       829.5849       832.4034       835.3430       838.8014
       842.3567       845.2769       847.7350       849.5193       850.6229
       851.7288       852.2933       852.0190       851.2014       850.9534
       850.8846       851.0143       851.4944       852.2522       852.8844
       852.9373       852.2769       851.8119       851.3821       849.7701
       847.1837       844.7453       843.4892       843.7446       844.6737
       844.9219       844.6186       843.7326       842.9464       842.6765
       843.4661       844.7026       845.6779       845.5250       843.5308
       840.1916       836.2622       833.5582       832.5113       833.0260
       834.5938       835.5148       835.1833       834.2972
       824.0969       824.3232       824.0629       823.1072       821.5995
       820.8286       821.1653       821.9503       822.7900       822.8272
       822.0480       820.7222       819.6180       819.3611       819.8523
       820.1873       820.9146       822.0668       823.5715       824.6909
       825.5887       826.1241       825.7420       824.5116       822.8060
       821.0955       819.6448       818.5311       818.1016       818.7012
       820.2880       822.4991       824.1906       824.7733       824.9373
       825.5362       826.5422       828.0665       828.6738       828.4046
       827.9819       827.2922       825.8492       823.7421       821.3863
       819.5687       818.9224       818.6516       819.1763       821.3014
       824.3656       827.1735       829.1804       830.6069       832.0887
       834.6359       836.9226       837.6982       837.7935       837.5256
       836.3929       834.5375       831.8041       828.9991       826.6230
       824.9080       824.1324       824.3076       824.7606       825.4858
       826.9858       829.2787       831.8678       834.8278       838.3256
       841.7930       844.5507       846.7054       848.1345       849.3854
       850.2564       850.3373       849.7452       849.1201       848.9356
       849.5395       850.1702       850.7773       851.0392       850.9061
       850.5854       850.2646       850.2430       849.9270       848.4097
       845.7436       843.3010       842.1716       842.9884       844.4030
       845.4348       845.5677       845.1059       844.3657       844.0033
       844.2604       845.0134       845.7925       845.6008       843.5557
       839.6553       835.7051       833.0003       832.1656       832.4626
       833.3566       833.3472       832.0764       830.9540
       825.6708       825.4217       824.9557       823.5528       821.6075
       820.6999       821.1312       821.9167       822.4125       822.1488
       821.4333       820.3979       819.4054       819.2888       819.7806
       820.2307       820.8768       821.9921       823.2256       824.2245
       824.8229       824.6819       823.8156       822.6221       820.9288
       819.3405       818.1869       817.3080       817.3883       818.3839
       820.0314       822.2119       824.3492       825.7904       826.5850
       827.3860       828.2279       828.8203       828.9924       829.0637
       829.2439       828.9704       827.5414       825.0180       822.2347
       820.3356       819.5895       819.9770       821.3849       823.3338
       825.7312       827.9835       829.5876       831.0352       833.1993
       835.6680       837.3698       837.8477       837.7585       837.7970
       837.5381       836.1149       833.2495       829.9103       827.0807
       824.9490       823.8456       823.5641       824.2195       825.3551
       826.8911       829.2028       831.5062       834.0229       837.3548
       840.4127       842.6889       844.2074       845.8170       847.4601
       848.3190       848.4623       847.9634       847.3207       847.2419
       847.6949       848.7208       849.0469       848.4093       847.4144
       846.7589       846.7100       847.5088       847.6572       846.0767
       843.7280       841.8815       841.3806       842.1750       843.7289
       844.5358       844.9519       844.8702       844.1440       843.4123
       843.1400       843.2768       844.0714       844.1998       841.8773
       838.1480       834.8115       833.1539       832.7662       832.4606
       831.9230       830.7836       828.9859       827.4952
       827.1816       826.6637       826.0923       824.6701       822.7406
       821.7822       821.4874       822.0778       822.6402       822.4948
       822.1030       821.2884       820.3497       820.1520       820.3394
       820.5872       821.1201       821.9235       822.5726       823.1237
       823.5700       823.4113       822.6872       821.6327       820.1372
       818.3065       817.0294       816.4840       816.6957       818.0823
       820.0814       822.2325       824.2941       826.1684       827.6999
       828.8765       829.4301       829.3013       829.4859       829.9961
       830.9615       830.8297       829.2129       826.5474       823.7014
       821.5221       820.7707       821.6391       823.6158       825.7025
       827.7838       829.4651       830.5076       831.9909       834.2823
       836.4435       837.3647       837.1440       836.9048       837.4318
       837.9272       837.1806       834.8026       831.5628       828.5638
       826.2137       824.6863       824.0763       824.4827       825.5584
       827.3542       829.4561       831.3749       833.4721       835.9907
       838.6600       840.7925       842.3035       843.7234       845.2565
       846.1782       846.4655       845.9696       845.2669       844.7919
       844.8481       845.0847       844.9793       843.9722       843.0669
       843.0228       843.6607       844.5845       844.2925       842.4852
       840.6672       839.4611       839.0994       840.0687       841.4747
       842.2753       842.5189       842.3879       841.6391       840.7236
       840.4630       841.1360       842.1082       842.2031       840.3250
       837.3225       834.7612       833.5257       832.7034       831.6320
       829.9462       828.2452       826.7100       825.6993
       829.1093       828.6435       828.0424       826.8422       825.3961
       823.8369       822.9466       822.7869       823.0240       822.7920
       822.2534       821.5028       820.7459       820.4190       820.4995
       820.8332       821.2409       821.7537       822.0400       822.2008
       822.3896       822.4905       822.1505       821.4309       820.0163
       818.6787       817.8751       817.2706       817.5096       819.0165
       820.9884       822.8698       825.1206       827.1611       828.5324
       829.2577       829.1886       829.4271       830.0136       831.3397
       832.7177       832.6736       830.7193       827.7625       824.9451
       822.9449       822.3666       823.5272       825.1686       827.1562
       829.0191       829.9368       830.5685       831.6560       833.4514
       835.2629       836.2076       835.9861       835.8737       836.7274
       837.7887       837.7154       835.8662       832.7583       829.6689
       827.5820       826.0611       825.4512       825.6649       826.5933
       828.2382       829.6949       831.2185       833.1100       835.2430
       837.4980       839.7812       841.6070       843.0373       844.0110
       844.6479       844.6312       844.0729       843.2845       842.4558
       841.5988       840.9413       840.0728       838.8615       838.5896
       839.5806       840.8342       841.5963       840.8231       838.6021
       836.5526       835.2501       834.9338       835.9333       837.6683
       838.6713       838.9572       838.6023       837.4996       836.7372
       837.2687       838.9926       840.5978       840.8458       839.7450
       837.6921       835.3016       832.9242       831.1700       829.2310
       827.2903       825.7651       825.0498       825.1185
       830.2350       830.0964       829.7860       828.8819       827.6091
       826.0388       824.7363       823.9662       823.5170       822.9402
       822.0616       821.0338       820.3063       820.3209       820.5402
       820.8542       821.3795       821.5648       821.5601       821.5978
       821.6903       821.8074       821.7007       821.0413       820.2689
       819.8838       820.0195       819.7310       819.6938       820.7408
       822.3220       824.0479       825.9151       827.6024       828.4557
       828.1738       828.3259       829.2988       830.6619       832.5005
       833.7816       833.5169       831.5712       828.8237       826.0508
       824.2643       824.1539       825.0125       826.2655       827.5988
       828.5865       828.9122       828.9293       829.6293       830.8814
       832.3924       833.4459       833.9803       834.4172       835.2806
       836.5370       836.9054       835.4418       832.6742       829.9359
       828.1420       827.2572       826.5938       826.4738       827.2802
       828.7269       829.8082       830.8310       832.8314       835.6462
       838.3428       840.6061       842.5845       843.7626       843.9938
       844.0068       843.8709       843.3170       842.4991       840.9401
       839.0948       837.9175       836.6011       835.3070       835.2514
       836.3017       837.4804       837.8024       836.7301       834.4138
       832.1694       830.4822       829.8022       830.6823       832.4705
       834.0297       834.5870       834.1492       833.3212       832.9535
       834.2652       836.6287       838.7333       839.8949       839.4947
       838.0096       835.6207       832.6203       829.7012       827.4495
       825.5992       824.4508       824.4407       824.8534
       830.1834       830.0472       829.8458       829.1008       827.6177
       826.5591       825.8414       825.2613       824.2587       823.2947
       822.1693       820.9131       820.3704       820.5458       820.9217
       821.1674       821.0615       820.8214       820.5223       820.4368
       820.7635       820.9436       820.9385       820.7546       820.7556
       821.2488       821.7343       821.7990       821.5311       822.0679
       823.5465       825.0757       826.3165       827.4071       827.6725
       827.3195       827.4754       828.6387       830.7545       832.6821
       833.6138       833.3528       831.6614       829.3987       827.2271
       826.0956       825.7938       826.1298       826.7476       827.0925
       827.2050       826.9845       826.8682       827.3199       828.3615
       829.2457       830.4228       831.5404       832.3723       833.4642
       834.7561       835.3504       834.4023       832.3564       830.2501
       829.1115       828.5493       827.8206       827.1923       827.4596
       828.3713       829.4053       830.5482       832.9387       836.1088
       839.1030       841.7927       843.6879       844.5333       844.5570
       844.3759       844.2520       843.7486       842.1688       839.8150
       837.2685       835.2594       833.8492       832.8983       832.5281
       832.9937       833.6017       833.0984       831.5371       829.5251
       827.2469       825.4520       824.5030       824.8563       826.6248
       828.3767       829.0424       828.9299       828.7340       829.5323
       831.5421       834.2935       837.3015       839.2215       839.4967
       838.2122       835.5745       832.0016       828.8846       826.9454
       825.5361       825.0077       824.9664       825.6686
       829.9470       829.8862       829.5173       828.2883       826.8676
       825.9494       825.9049       825.4901       824.4279       823.0661
       821.5195       820.3158       819.9379       820.2891       820.6105
       820.3923       819.5941       818.5400       818.0590       818.1720
       818.6510       819.2836       819.6310       820.2678       820.8484
       821.5605       822.2956       822.3233       822.3071       822.8643
       824.1929       825.4123       826.5946       827.5751       827.6772
       827.1927       827.1653       828.1747       830.2709       832.3304
       833.5599       833.4193       832.0139       830.0125       828.8311
       828.2688       827.8338       827.1589       826.4304       825.9605
       825.6985       825.2801       825.3395       826.1844       826.6572
       827.1913       828.2133       829.6663       831.2061       832.6461
       833.8279       834.0212       833.2812       831.9803       831.0037
       830.3210       829.9957       829.2014       828.1005       827.7198
       827.9886       828.8528       830.2501       832.4494       835.6010
       839.1160       842.2197       844.5911       845.4403       845.6624
       845.3760       844.5805       843.1597       841.0856       838.5062
       835.7133       833.3267       831.7117       830.4153       829.8107
       829.7259       829.6774       828.8148       826.9272       824.7238
       822.6127       820.6371       819.4788       819.8042       821.5314
       823.1102       823.7598       824.1126       824.9020       826.5842
       829.1232       832.6399       836.3038       838.8402       839.4257
       837.9065       834.8523       831.2183       828.2701       826.7020
       825.9144       825.4724       825.9830       826.6865
       830.1975       830.3637       829.7434       828.4351       826.8625
       825.8507       825.3312       824.6063       823.6054       822.0261
       820.3902       819.2009       818.8810       819.0092       819.0689
       818.3787       816.8962       815.8168       815.3252       815.4841
       816.1274       817.0340       818.4996       819.6832       820.5840
       821.7138       822.4252       822.7377       822.6978       823.0059
       824.2018       825.6320       827.1027       828.2025       828.1630
       827.6674       827.5383       828.4076       830.3622       832.4888
       834.3035       834.4020       833.1725       831.9227       831.0054
       830.5461       829.6376       827.7997       825.9470       824.8644
       824.3077       823.9109       824.0822       824.6748       825.3522
       826.0400       827.2090       828.9011       830.7596       832.3258
       833.0018       832.7224       832.0602       831.6335       831.5765
       831.5722       831.0867       830.1721       828.6998       827.9484
       828.0815       828.6883       830.0897       832.2463       835.6740
       839.8397       843.3976       845.5402       846.7510       846.7983
       845.7693       843.9821       841.6593       839.3030       836.9672
       834.5646       832.2203       830.3972       828.6887       827.6552
       827.6762       827.2787       826.0135       824.0600       821.7198
       819.4754       817.6572       816.7437       817.4189       818.6418
       819.8282       820.7168       821.6116       822.7361       824.6644
       827.7026       831.3050       835.0736       837.7796       838.2065
       836.2452       833.0682       829.7781       827.4285       826.2557
       825.6303       825.2906       825.7860       826.6696
       831.4422       831.3581       830.7733       829.2037       827.2109
       825.4919       824.2390       823.2795       822.3758       821.2455
       820.0414       819.1762       818.7443       818.5998       817.8565
       816.4341       814.8775       813.7965       813.5711       813.9088
       814.6480       815.9504       817.9604       819.9422       821.2699
       822.3057       823.2871       823.5477       822.9333       823.0043
       824.2373       825.9949       827.5665       828.5972       828.6330
       828.3851       828.1798       829.1222       831.2814       833.3307
       834.8228       835.3930       834.8507       834.2407       833.4449
       832.4560       830.7910       828.3575       825.7092       823.9838
       823.2368       822.7952       822.7530       823.3835       824.2844
       825.3548       826.7347       828.1100       829.3849       830.4429
       830.8087       830.4402       829.8776       829.7946       830.4278
       830.9631       830.8434       829.7565       828.4184       827.8481
       828.3969       829.2084       830.4321       832.8404       836.6497
       840.9858       844.4205       846.4609       847.2654       846.8634
       845.1960       842.4885       839.6379       837.0287       834.7285
       832.3432       830.4091       828.6698       827.2912       826.7938
       826.8566       826.4905       825.3666       823.2281       820.5790
       818.3967       817.2053       817.1742       817.7872       818.2024
       818.6517       819.1359       819.9566       821.3689       823.6342
       826.9394       830.5331       833.7505       835.7969       835.7518
       833.8143       830.8502       828.1279       826.1493       825.2026
       824.3120       823.9352       824.4554       824.8325
       832.0929       832.0606       831.4832       829.8914       827.1813
       824.4139       822.8063       822.1535       821.8693       821.4767
       820.7961       820.2579       819.8580       819.0629       817.5624
       815.5791       813.6038       812.7731       812.7855       813.4605
       814.5508       816.0168       817.9179       819.9553       821.8816
       823.3199       824.0975       823.8779       823.3544       823.4844
       824.4622       825.8564       827.0600       827.9453       828.6045
       828.7892       828.7830       829.7511       831.7861       833.6727
       835.1385       835.9633       836.2327       836.1528       835.4256
       833.8308       831.8477       829.0743       826.1500       823.8298
       822.5766       822.3117       822.4020       823.1413       824.2386
       825.3626       826.2215       826.7006       826.9872       827.3344
       827.5200       827.3217       826.9206       826.8982       827.7346
       828.7938       829.2244       828.6461       827.3578       827.0054
       828.0555       829.5731       830.8926       833.2541       837.1237
       841.5512       845.1916       847.3305       847.6712       846.4210
       843.8260       840.4739       837.1970       834.4786       832.0012
       829.9399       828.2307       827.1760       826.4979       826.9103
       827.5680       827.5601       826.3190       823.8856       821.1049
       819.2212       818.6462       819.0167       819.0609       819.1607
       818.9033       818.5670       818.8754       820.3489       822.9059
       826.2191       829.6809       832.2457       833.5558       833.0137
       831.1649       828.6986       826.2976       824.8143       823.6019
       822.3887       821.6260       821.8851       822.3079
       831.1517       830.9072       830.5378       829.0530       826.0179
       823.0572       821.3814       821.3031       822.1348       822.4562
       822.1248       821.3780       820.4086       819.1282       817.2435
       814.9429       813.2137       812.5578       812.7230       813.3868
       814.3695       815.5829       817.2838       819.4904       822.0774
       823.7952       824.1768       824.0797       823.8853       824.0859
       824.7123       825.4521       826.1409       827.2333       828.2911
       828.7036       829.5832       830.8722       832.5622       834.3348
       835.8282       836.9498       837.3616       837.4979       836.8846
       835.3657       833.2014       830.5319       827.3954       824.2658
       822.6854       822.4094       822.7094       823.7135       824.8232
       825.6118       825.9682       826.0331       826.0624       825.9684
       825.5336       825.1481       825.1436       825.7269       826.6463
       827.4771       827.8423       827.4031       826.1255       825.5429
       826.8538       828.7111       830.7474       833.2134       837.0134
       841.8433       845.7274       847.7812       847.7853       845.5914
       842.0414       838.6023       835.6057       833.1320       831.2546
       829.2014       827.7078       827.2011       827.5706       828.8255
       829.9366       829.3508       827.4587       824.9299       822.4616
       821.0228       820.5582       820.6725       820.8552       820.2524
       819.7076       819.3757       819.4040       820.3080       822.5406
       825.3602       827.9313       829.7592       830.5855       829.8624
       827.6807       825.5163       823.7136       822.2961       821.0781
       819.8220       819.0071       819.2706       820.0061
       829.6993       829.0881       828.2622       826.5310       823.9499
       821.8392       820.6436       821.0270       822.3005       823.2596
       823.0416       821.9820       820.5891       818.9292       816.7382
       814.5946       813.4872       813.0422       812.9652       812.9395
       813.1165       814.1766       816.1229       818.8835       821.7039
       823.2773       823.5795       823.7346       824.0419       824.1568
       824.5930       825.5101       826.5151       827.5402       828.2134
       829.0919       830.5383       831.8925       833.4915       835.5253
       836.9902       838.0864       838.8372       839.2797       838.9146
       837.2787       834.9874       832.1313       828.3332       824.8784
       822.8878       822.5103       823.1979       824.2903       825.4446
       826.0964       826.3350       826.5845       827.0940       827.2412
       826.6009       825.5361       825.5148       826.3023       826.7033
       826.8210       826.4652       825.7184       824.4488       823.7018
       824.6722       826.4853       828.7784       831.8930       836.0964
       841.0908       845.1042       847.1572       846.6379       843.8527
       840.4373       837.3636       835.1982       833.4948       831.6678
       829.5098       827.8323       827.4056       828.6650       830.7775
       831.8600       830.6299       827.9672       825.2439       823.1052
       821.9225       821.2528       821.2249       821.2416       820.7284
       820.1929       820.3621       820.7125       821.5255       822.9427
       824.6612       826.2390       827.2672       827.3524       826.3058
       824.3206       822.3845       820.5849       818.7519       817.3365
       816.7257       816.8196       817.5106       818.4133
       828.7178       827.7186       826.3976       824.2496       822.2369
       821.2043       821.0208       821.7640       822.9263       823.4100
       822.8255       821.4333       820.2304       818.3296       816.1700
       814.7988       814.2126       813.5370       812.9362       812.4873
       812.1223       813.0295       815.2227       817.8084       820.3085
       821.7425       822.2270       822.9804       823.7063       824.0861
       824.9191       826.1104       827.0490       827.8627       828.6658
       829.5024       830.4847       831.4290       832.9298       835.2988
       837.0598       838.4686       839.7711       840.4661       840.2134
       838.5342       835.5064       831.8673       828.0554       824.9652
       823.7042       823.7147       824.0073       824.6289       825.7153
       826.4875       827.0166       827.8389       828.8585       829.4963
       829.0507       827.8848       827.1891       826.6594       825.8578
       825.0056       824.2216       823.0000       821.7024       820.9122
       821.2780       822.6763       825.0648       828.5728       833.3197
       838.3627       842.4547       844.7795       844.9052       842.8889
       840.0240       837.8099       836.0205       834.4927       832.2717
       829.5074       827.3575       826.7700       828.3315       830.6188
       831.7327       830.5975       827.7706       824.9399       822.9044
       821.3316       820.4365       820.2614       820.2609       820.0123
       820.1990       820.7615       821.5438       822.5150       823.4927
       824.3069       825.2502       825.9391       825.6810       824.1887
       822.1160       819.8062       817.4470       815.7807       814.7709
       814.6136       815.4642       816.8423       818.2527
       828.0677       826.9976       825.0250       823.0026       821.5975
       821.3474       821.9192       822.8786       823.3045       822.9189
       821.7251       820.3427       819.0712       817.7141       816.0724
       815.0274       814.2925       813.4198       812.4047       811.8644
       811.9962       812.9656       814.7640       816.8708       818.5854
       819.6591       820.4233       821.6250       822.7574       823.4913
       824.5853       825.4295       826.2274       826.9244       827.7817
       828.7967       829.3929       830.0153       831.1957       832.9200
       834.8007       836.1364       837.5189       838.2021       837.7942
       836.2346       833.4869       829.7152       826.5709       824.8988
       824.6276       825.0980       825.3250       825.6978       826.0838
       826.7296       827.7386       829.2938       830.6846       831.4427
       831.1910       830.1279       828.6668       827.0554       825.1378
       823.3979       822.0209       820.5443       819.0421       817.7766
       817.1942       818.0514       820.3479       824.1812       829.2542
       834.5462       839.2576       842.5131       844.0049       843.3273
       841.6454       840.0288       838.4680       836.2554       833.3047
       830.0862       827.4536       826.7499       827.8343       829.6528
       830.8086       830.2784       827.5933       824.5915       822.1652
       820.2820       819.4451       819.3295       819.4249       819.8284
       820.3789       821.0034       821.6367       822.0364       822.4568
       823.0508       823.9330       824.9029       824.6641       822.9864
       820.3970       817.6287       815.2914       813.7393       813.4385
       813.9773       815.1447       816.8348       817.8088
       827.3964       826.2412       824.4263       822.8532       822.0468
       822.1772       822.7917       823.2637       822.7847       821.6711
       820.3250       819.0833       818.2819       817.4407       816.2560
       814.5755       813.2517       811.9308       810.9503       810.6387
       811.2254       812.5330       814.0206       815.5324       816.9683
       817.8506       818.4538       819.2722       820.6163       821.8283
       822.5760       823.3694       824.1297       824.7682       825.3837
       826.3720       827.3363       828.1491       829.2250       830.8274
       831.9713       832.2116       832.6904       833.2845       833.1357
       832.2352       830.2454       827.7170       825.6700       824.9533
       825.1455       825.3511       825.6611       826.0136       826.6656
       827.2938       828.5085       830.0837       831.8052       832.8184
       832.6549       831.8737       830.7393       829.4577       827.7550
       825.5735       823.3363       821.2154       818.8101       816.3862
       814.5602       814.0030       815.4725       819.4736       825.2666
       831.9948       837.8629       842.2633       844.4504       844.4322
       843.4434       842.2769       841.0164       838.8342       835.3829
       831.9059       829.5477       828.9202       829.5134       830.5339
       831.3887       830.5215       827.9164       824.3135       821.1740
       819.1824       818.8561       819.3760       819.8677       820.5795
       821.1750       821.1945       820.7916       820.0803       819.8148
       820.6517       821.9033       822.7100       822.8290       821.3325
       818.4815       815.7065       813.3178       811.7514       811.9019
       812.9822       814.5887       815.7874       816.1759
       827.9335       827.1224       825.7304       824.2560       823.5757
       823.5227       823.5463       822.9280       821.7908       820.1495
       818.8237       817.8123       816.9459       816.0719       814.7460
       812.6637       810.4844       809.2353       808.7087       809.1458
       810.0485       811.1680       812.2292       813.5706       814.9073
       816.0608       816.8269       817.6752       818.7168       819.9672
       820.8904       821.8834       822.8855       823.2331       823.2684
       823.8461       825.1054       826.4218       828.4137       830.5404
       831.4924       830.9971       830.3155       830.4185       830.4340
       830.1384       829.2654       827.7202       826.6802       826.0324
       825.6201       825.3195       825.0660       825.5176       826.2846
       827.2219       828.4415       829.6187       831.2515       833.1146
       834.1336       834.0181       834.2905       834.5577       833.6570
       831.1596       827.3817       823.8163       820.8037       817.7964
       815.0558       813.0416       812.6760       815.8320       822.8287
       830.8544       837.9987       842.8202       845.0500       845.1491
       844.0956       843.4980       843.1678       841.5634       838.2144
       835.3546       834.1671       833.9056       834.0176       833.7651
       833.2713       831.4809       828.0324       824.2949       820.8383
       818.9915       819.0189       819.8237       820.7665       821.4738
       821.4423       820.5875       819.2839       817.7367       817.4139
       818.4777       820.0961       821.0593       820.8431       819.5775
       816.8175       813.5706       811.0598       809.9982       810.4789
       811.8280       813.1069       813.7711       813.8487
       829.7486       829.0291       827.7509       826.1715       825.0161
       824.2099       823.1279       821.9288       820.4506       819.0084
       817.8911       816.7328       815.3536       813.6713       811.4416
       808.9423       806.7482       805.8029       806.3843       807.4069
       808.5339       809.6090       810.6284       811.4277       812.8531
       814.6888       816.4642       817.4365       818.2263       819.2526
       820.4396       821.4489       822.3560       822.2797       821.8845
       822.2404       823.2728       825.2045       827.7473       830.5456
       832.0562       831.8147       830.8397       830.0400       829.8597
       830.0518       829.8730       829.2548       828.4665       827.9651
       827.5032       827.0061       826.6109       826.5518       826.8335
       827.1771       827.8288       828.6394       830.0435       832.6493
       835.0852       837.0817       838.7865       839.9716       838.9778
       834.7626       828.9333       824.6096       822.3799       820.6429
       818.6337       816.4826       814.5945       816.1320       822.3383
       830.1768       837.2439       842.3091       844.5176       844.6398
       844.1852       844.2878       845.0204       844.1987       841.6877
       839.6467       839.1874       839.3812       838.7076       837.3187
       834.9376       831.4706       827.8149       824.1584       820.9462
       819.2398       819.1973       819.7501       820.4247       821.0472
       820.4797       819.3158       817.7723       816.6901       816.7275
       818.3145       820.2382       821.0876       820.6431       818.8022
       815.9114       812.5462       810.1443       809.6589       810.4094
       811.4382       811.7291       811.7770       811.8486
       830.4934       829.4135       828.0606       826.4449       824.3970
       822.7743       821.5493       820.6081       819.6786       818.9471
       818.0413       816.7979       814.7299       811.7273       808.1821
       805.0952       803.5165       803.3151       803.9912       805.4037
       806.8810       808.1063       809.0671       810.5507       812.6188
       814.8348       816.8065       818.2994       818.9978       819.9403
       820.7164       821.5970       821.9303       821.3988       820.6893
       820.8512       821.9693       823.4891       826.1825       829.1895
       831.0936       831.2873       830.4600       829.6068       829.4789
       830.1207       830.6215       830.7162       830.9477       831.2676
       831.3573       831.2839       830.8312       830.3179       829.7203
       829.1086       828.8387       829.0121       829.8962       832.4887
       836.3582       840.1061       842.6092       843.2744       840.6455
       834.2323       827.1344       822.9707       822.4807       823.0288
       822.9503       821.4858       819.2876       819.2145       823.4681
       829.9812       835.9241       840.2498       842.7150       843.8324
       844.1523       845.0406       846.3509       846.4075       844.6642
       843.1321       842.7585       842.4513       841.1926       838.8070
       835.1944       830.8470       826.8953       823.2775       820.1208
       818.4640       818.2349       818.5248       819.3920       819.8423
       819.2965       818.2943       817.3502       816.5840       817.2538
       819.2325       821.5333       822.7678       821.9208       819.5997
       816.4152       813.1823       811.0868       810.7718       811.4918
       811.8433       811.9771       811.9486       812.1605
       830.0567       829.0646       827.5396       825.2341       822.8687
       821.1647       820.5464       820.1721       819.9659       819.7814
       819.2845       817.9527       815.2035       811.1354       806.6155
       803.1917       801.8104       802.0504       803.2746       804.9896
       806.6689       808.1209       809.7772       811.9096       814.5459
       816.6914       818.3374       819.6956       820.6766       820.9380
       821.1660       821.6007       821.6923       820.8278       820.4301
       820.8118       821.9263       823.6086       825.6589       828.1844
       829.7434       830.0534       829.4952       828.7659       828.9466
       830.2106       831.4580       832.4903       833.7409       834.9533
       836.0405       836.3089       835.9095       834.9207       833.8621
       833.0184       832.5280       832.1467       832.3449       833.9155
       837.2930       841.1146       843.8481       843.6849       839.7228
       832.3494       824.6191       820.9480       821.7034       823.8652
       824.9420       824.2738       822.3148       822.1066       825.2078
       830.4353       835.0223       838.5189       841.3552       843.2011
       844.7058       846.1605       847.4078       847.5092       846.4248
       845.3069       844.6570       843.9939       841.9841       838.4104
       834.2902       830.1471       825.9744       821.9689       818.8329
       816.9530       816.4172       817.2368       818.2050       818.8901
       818.9221       818.3819       817.6133       816.7976       817.1409
       819.4236       822.2664       824.2042       823.7722       821.4217
       818.3560       815.3004       813.1846       812.6025       813.1644
       813.7332       813.9587       814.4620       814.8858
       829.1871       828.8096       827.0608       824.7278       822.7175
       821.2759       820.4098       820.1488       820.1078       820.1650
       819.9716       818.4943       815.4762       811.2298       806.8808
       803.4645       802.1359       803.0569       805.4363       808.2928
       810.8536       813.0094       814.9029       816.7253       818.6536
       820.3489       821.3741       822.0257       822.1399       821.6004
       821.1096       821.2501       821.1974       821.0773       821.1979
       822.1353       823.9316       825.7859       827.3291       828.6875
       829.6337       829.6034       828.8242       827.8101       827.8749
       829.5378       831.8198       833.9299       835.9911       837.9038
       839.0530       839.5938       839.2260       838.3778       837.8542
       837.5100       837.2242       837.0861       836.2629       836.1364
       837.4999       840.2559       842.8017       842.5632       838.5059
       831.6089       824.1869       820.0438       820.2845       822.2571
       824.1151       824.2182       823.2917       823.5791       826.6392
       830.9059       834.7294       837.7886       840.2993       842.5695
       845.0482       847.2990       848.5474       848.4442       847.4214
       846.5568       846.2296       844.8877       841.3556       836.7905
       832.8679       829.4208       825.2554       821.0607       817.6974
       815.6824       815.3222       816.2640       817.5154       818.2333
       818.8384       819.0375       818.4067       817.2980       817.6740
       820.1097       823.4123       825.7921       826.0882       823.9898
       820.8207       818.0065       815.7587       814.9374       815.1879
       815.5446       815.9708       816.2941       816.7853
       827.6644       827.8247       826.7805       825.0743       823.7924
       822.3613       820.5895       819.7925       819.6107       819.2850
       818.4913       816.9288       814.3369       810.9759       807.4086
       804.8257       804.1868       806.1315       810.0735       814.2079
       817.7758       820.5994       822.2355       823.2668       823.9376
       824.4789       824.6311       824.3729       823.8668       822.5900
       821.4675       820.9676       821.2792       821.7152       822.5273
       824.1126       826.2031       827.8721       829.0177       829.9708
       830.2376       829.6577       828.0337       826.5170       826.4535
       828.1854       830.9248       833.8774       836.6063       838.7026
       839.7015       840.2254       840.2406       840.0772       840.1985
       840.5750       840.7652       840.2668       838.7054       837.3091
       837.4420       838.8384       840.7422       840.7653       837.7346
       831.9758       825.2646       820.3162       818.8580       819.8872
       821.8115       822.6370       822.4615       823.6338       826.9210
       830.8564       834.4091       837.1304       839.0975       841.3826
       844.2944       846.8158       848.2588       848.7813       848.3138
       847.8842       847.0687       844.5386       839.8881       835.2388
       832.2112       829.2253       825.3303       821.0059       817.4017
       815.5908       815.4461       816.1733       817.3636       818.3845
       819.0458       819.8138       819.7420       819.3256       820.0016
       822.6721       826.0647       828.2774       828.4442       826.5042
       823.3994       820.3021       818.1436       817.1698       816.9877
       816.8372       816.6392       816.2570       816.0367
       826.9522       827.5033       827.1470       826.2209       825.1388
       823.2969       821.0203       819.4639       818.9111       817.9785
       816.4476       814.7004       812.5131       810.0298       807.5908
       806.1104       806.8124       810.1511       814.8268       819.3250
       822.8989       825.2360       826.7780       827.1605       826.7975
       826.0428       825.0817       824.3544       823.7455       822.8511
       821.8691       821.2872       821.5192       822.6658       824.1428
       826.0889       827.8127       829.0548       829.8638       830.4767
       829.9863       828.8505       827.3900       826.0873       826.1052
       828.0032       830.5676       832.8768       835.2450       837.3036
       838.7166       839.5033       840.2526       840.5226       840.8778
       841.0942       841.1028       840.0034       838.3475       837.2650
       836.7083       837.0298       838.0084       838.3183       836.7068
       832.8424       827.0570       821.9788       819.3112       819.1047
       819.8604       820.2881       820.7791       822.8262       826.4917
       830.4196       833.6782       836.2954       838.2728       840.2586
       842.3693       844.1747       845.8447       847.5445       848.7296
       848.5569       846.7975       843.4244       839.3512       835.6153
       833.0966       830.8900       827.7677       823.7601       819.8522
       817.5342       816.5552       816.8737       818.1628       819.3792
       820.3778       821.3568       821.8989       822.0591       823.0055
       825.2050       827.5767       828.8126       828.2159       826.3831
       824.0599       821.8415       820.3692       819.7396       819.3764
       818.8823       817.8990       816.5330       815.5477
       827.9202       828.5232       828.5546       827.9605       826.7665
       824.4819       821.6196       819.6751       818.7012       817.5031
       815.8380       813.6678       811.3966       809.3696       807.8430
       807.3792       809.2377       813.2332       817.7847       821.7705
       824.4347       826.0370       827.1003       827.4635       826.6328
       825.0045       823.0464       821.8690       821.2688       820.7907
       820.5076       820.3663       820.7997       822.4945       825.1364
       827.2363       828.4863       828.9761       829.4838       829.1655
       828.1544       826.9395       825.9637       825.4998       826.4949
       828.8329       831.1852       832.7045       834.2086       835.9156
       837.3003       838.6103       839.6786       840.3017       840.2443
       839.7328       838.5837       837.2896       836.3484       836.0451
       835.8430       835.6390       835.9486       836.5096       836.3192
       833.8868       829.5597       825.2941       822.4127       820.5771
       819.4595       819.3875       820.4856       822.8470       826.3570
       830.0401       833.1616       835.6140       837.6040       838.9110
       839.6575       840.3250       842.2120       845.2537       848.1226
       848.5001       846.3349       843.2579       840.2306       837.7546
       835.9506       834.3443       832.1769       828.8544       825.0258
       821.4363       819.2299       819.0935       820.2071       821.6801
       823.0002       823.9819       824.3081       824.4163       825.1384
       826.0228       826.5396       825.8656       824.2327       822.7917
       822.3233       822.2979       822.5443       822.7440       822.5025
       821.7904       820.3062       818.5630       817.3514
       828.6381       829.3143       829.8430       829.7324       828.7583
       826.6471       824.1968       822.3254       820.9757       819.0833
       816.8853       814.7753       812.2127       810.2104       809.2974
       809.4710       811.1553       814.4881       818.5823       821.9762
       824.0466       825.2761       826.3259       827.2439       826.9477
       825.0643       822.5729       820.4427       819.3077       818.4114
       818.0627       818.1603       818.7732       820.7606       823.6089
       825.8008       826.7224       827.0677       827.0160       826.6114
       825.5643       824.5458       823.5792       823.3533       825.0438
       827.9419       830.2890       832.1706       833.4897       834.4139
       835.7736       837.4639       838.9432       839.2682       838.4216
       837.0840       835.7857       834.6313       834.2811       834.9755
       836.1937       836.7177       836.3779       836.6188       836.7397
       835.4713       832.6755       829.3838       826.4409       823.3636
       821.1044       820.6184       821.6246       823.7285       826.4114
       829.4875       832.3849       835.2057       837.0038       837.1664
       836.1077       836.0793       838.4453       842.8905       846.6774
       847.7476       846.1116       843.7302       841.3724       839.6163
       838.8186       838.0191       836.3101       833.5446       829.9877
       826.1946       823.4656       822.8746       823.8206       825.3131
       826.5610       827.1984       827.1634       826.9781       826.8671
       826.5417       825.1497       822.9088       820.6452       819.7062
       820.5181       821.9622       823.1328       824.3270       825.0277
       824.3340       822.6060       820.8759       819.8731
       828.8688       829.8821       830.8954       831.5247       831.4760
       830.6521       829.3732       827.7122       825.5883       822.8948
       820.1821       817.9623       815.5793       813.4448       812.3652
       812.2595       812.9768       815.0948       818.4658       821.6907
       824.1376       825.5376       826.5893       828.0306       828.4363
       826.7344       823.5743       820.5840       818.6612       817.6238
       816.9921       816.7559       817.3089       818.6949       820.8011
       822.6042       823.5587       824.0413       824.0128       823.7379
       823.1703       822.1922       821.3438       820.9130       821.9659
       824.4117       827.1327       829.5010       831.1584       832.1769
       833.5320       835.4620       836.8418       836.8639       835.9422
       834.8302       834.0783       833.5123       833.8856       835.9217
       838.1652       839.0026       838.6310       838.0763       837.8433
       837.3502       835.6677       832.5759       828.4456       824.6328
       822.3666       821.5956       821.9712       823.4017       825.3777
       827.6112       830.9089       834.1333       836.0246       835.5486
       833.7901       833.3939       836.0974       840.4590       844.0964
       845.2471       844.5003       842.6757       841.1479       840.3591
       840.0192       840.1927       839.4118       837.2528       834.2990
       831.1169       828.8499       827.9727       828.5997       829.9648
       831.0475       830.9868       830.3889       829.7401       828.9586
       827.6000       824.9396       822.0230       819.8088       818.9741
       820.2944       821.7822       822.8046       824.3444       825.6530
       825.6624       824.3231       822.6277       821.3236
       830.5430       831.8148       833.4841       834.6210       834.9493
       835.0312       834.4478       832.9153       830.4081       827.3222
       824.2593       821.7230       819.3935       817.3184       815.8586
       815.1855       815.2114       816.3396       818.8809       822.0969
       824.8203       826.2292       827.0170       827.5511       827.2942
       825.3123       822.2621       819.5755       818.0965       817.6734
       817.2352       816.7672       816.7186       817.6041       819.1763
       820.5563       821.4734       821.6844       821.9923       822.1627
       821.4087       820.4222       819.6332       819.0527       819.5460
       821.3876       823.9030       826.0414       827.7612       829.2137
       830.8369       832.2942       833.1093       833.5408       833.7946
       833.9922       833.9148       833.8503       835.0074       837.6484
       840.3593       841.6669       841.3930       840.4518       839.6008
       839.0411       837.5764       833.7447       828.4523       823.9223
       821.3545       820.4506       820.5043       821.1768       822.5820
       825.2282       828.9003       832.2216       833.9783       833.8625
       832.4623       832.4932       834.7375       837.7158       840.1683
       841.5110       841.4952       840.8604       840.0231       839.7836
       840.4023       841.3804       841.9832       841.0793       838.9341
       836.5221       834.6861       833.5788       833.8146       834.8363
       835.2896       834.7875       833.6870       832.1212       830.7135
       828.4818       825.0254       821.6368       819.4105       819.0311
       820.2378       821.5561       822.6081       823.7274       824.6990
       824.7665       823.7591       821.8151       820.4686
       834.1241       835.5145       837.0180       837.6374       837.6440
       837.4346       836.9080       835.3662       833.0059       829.5165
       826.0628       823.5516       821.2964       819.2631       817.9834
       817.4969       817.2178       817.5219       819.1772       821.8776
       824.0003       825.0328       825.0020       823.9777       822.2241
       820.1595       818.5239       817.7229       817.8120       818.4183
       818.2555       817.3099       816.6990       816.7958       817.7405
       818.9904       819.9741       820.4998       821.0775       821.3255
       820.6548       819.8437       819.2548       819.0737       819.3327
       820.5081       822.4413       824.2799       825.6264       827.5457
       829.2168       830.0233       830.4590       831.2728       832.5331
       833.5165       834.0471       834.7758       836.2670       838.7054
       841.5886       843.3160       843.5422       842.7745       841.4289
       840.2991       838.4603       834.6615       829.2134       824.2921
       821.0111       819.3304       818.3599       818.5050       820.3444
       823.6357       827.3993       830.2549       831.3729       831.1193
       830.6398       831.2547       833.0756       835.0461       836.9402
       838.7271       840.0652       840.3091       839.5455       839.4109
       840.4213       842.3308       844.1480       844.6463       843.3075
       841.3679       839.4730       838.5563       838.7277       839.1376
       838.8068       837.9720       836.4196       834.7201       832.2637
       829.0645       825.1015       821.4577       819.1895       818.7126
       819.5407       820.5172       821.4865       822.0194       821.7338
       821.0652       819.8271       818.2758       817.0344
       837.7238       838.2392       838.8099       838.7334       838.3498
       837.8926       836.8747       835.2433       832.5856       828.9799
       825.2824       822.5728       820.7820       819.5041       818.9814
       818.6991       818.1736       817.6135       818.2416       819.5269
       820.5240       820.5510       819.9182       818.8195       817.3556
       816.1354       816.0417       817.3649       819.1751       820.2498
       819.8945       818.5281       817.1083       816.0721       815.7068
       816.7208       818.1028       819.4854       820.6650       821.3006
       821.4309       821.2448       821.0394       821.0336       821.2278
       821.7031       822.9956       824.4443       826.1695       828.2228
       829.7811       830.3956       830.7504       831.5325       832.6827
       833.4804       834.1614       835.2528       836.8367       838.6104
       840.3319       841.9152       843.0405       843.1948       842.1006
       840.3998       838.5680       835.5641       831.2050       826.7235
       823.3653       820.3686       818.3883       818.3184       820.3826
       823.4781       826.5268       828.1798       828.1887       827.6979
       827.9705       829.6567       831.9412       834.1633       836.2955
       838.2606       839.9483       840.8147       840.3681       840.2007
       841.5492       843.6711       846.0665       847.1621       846.7352
       845.2265       843.6808       842.9105       843.4506       843.5283
       842.7717       841.3661       839.8249       837.7596       834.3092
       829.6638       825.2894       821.8241       819.5807       818.9049
       818.8884       819.2792       819.4797       818.9407       817.6996
       816.2652       815.2353       814.5512       814.3049
       838.2562       838.0356       838.0620       838.1202       837.9239
       837.3370       836.3177       834.4006       831.5334       827.7524
       823.5808       820.3077       818.7012       818.5637       818.8988
       818.7931       817.9434       817.2181       816.6761       816.4421
       816.0490       815.3862       814.6949       814.5401       814.5817
       815.0074       816.4020       818.8679       821.3053       822.4189
       821.6312       820.1588       818.5151       816.4619       814.9218
       815.0460       816.5991       818.5135       820.5783       822.2189
       823.2292       823.7877       823.6547       823.5156       823.4143
       823.7932       824.8278       826.3045       828.0043       829.6974
       830.9481       831.7193       832.4463       833.1282       833.5557
       833.9689       834.3469       834.7605       835.5297       836.0710
       836.7175       838.2128       840.1439       841.3772       840.9592
       839.4255       837.9720       835.8517       832.6978       829.2477
       825.7975       822.6732       820.5533       820.6607       822.0504
       823.9041       825.0156       825.0376       824.2048       823.9703
       825.6646       828.7963       832.3129       835.3380       837.6425
       839.1619       840.2417       840.8560       840.9108       841.4925
       843.0908       845.6566       847.7643       848.7198       848.5239
       847.9946       847.1185       846.9010       847.4276       847.7662
       846.9659       845.7028       844.1069       841.3138       836.6671
       830.8184       826.1404       823.2021       821.4012       820.2526
       819.5079       818.3815       817.3543       816.0517       814.0908
       812.8528       812.7171       813.3627       814.0791
       836.2043       836.1385       836.3661       836.6927       836.8915
       836.8735       836.2883       834.7877       831.8148       827.4212
       822.5164       818.6307       816.9810       817.1237       817.8430
       817.8570       817.4467       816.6591       815.4889       814.3766
       813.6498       812.8835       812.4838       812.4307       813.1521
       814.8261       817.4792       820.4188       822.8304       823.6348
       823.1520       822.0100       820.6178       818.4307       816.0349
       815.1091       816.1448       818.3522       820.6246       822.6703
       824.1282       824.9948       825.2537       825.1696       825.5174
       826.2571       827.3233       828.5963       829.9448       830.9026
       831.5353       832.0712       832.5727       833.1824       833.6074
       833.6394       833.2082       832.2629       831.6705       831.3126
       831.7708       833.5962       835.9066       837.6923       838.2739
       837.9499       837.0314       835.4421       832.7651       829.6544
       826.5352       823.8607       822.7086       822.8495       823.4703
       823.2954       822.6443       821.4545       820.7646       821.7155
       824.8055       829.5251       834.2021       837.5389       839.6373
       840.7894       840.9897       840.8041       841.3286       842.3409
       844.1277       846.4730       848.3955       848.9567       848.8272
       848.8474       848.8582       848.8703       849.2893       849.7336
       849.6705       849.2954       848.2137       845.2235       839.9034
       833.4745       828.4164       825.8752       824.1786       822.4843
       820.4144       818.2833       816.3923       814.6131       812.8659
       812.2228       812.8781       814.1077       814.8397
       834.5377       834.5208       834.5374       835.3467       836.4595
       837.2068       837.1386       835.8184       832.5887       827.7934
       822.9539       819.0206       817.0887       816.9079       817.3368
       817.5386       817.1832       816.2183       814.8465       813.9206
       813.3486       813.1616       812.7940       812.3642       812.6627
       814.5237       817.6424       820.6827       822.8408       823.9613
       824.1876       824.1086       822.7286       819.9125       817.2852
       816.0284       816.6500       818.3203       820.0565       821.5198
       822.9583       823.9725       824.8744       825.8151       826.8996
       828.3323       829.4272       830.2972       830.7681       830.9444
       830.9952       830.9260       831.1068       831.6416       832.1904
       831.9612       830.5418       828.8179       826.9376       826.1957
       827.0865       829.1573       831.7861       833.5375       834.5973
       835.6794       835.7716       834.2269       831.7691       828.6214
       825.8796       824.4442       824.1177       824.4311       824.2043
       823.0506       821.1761       820.0507       820.4203       822.6227
       826.6926       832.0793       837.1978       840.6978       842.4981
       843.1722       842.4410       841.8710       842.1213       843.1577
       844.4894       845.9350       847.4432       848.0622       847.8870
       847.8998       848.2645       848.1382       848.1518       848.8436
       850.1022       851.4014       851.7027       849.4987       844.4204
       838.2368       832.9615       829.3811       826.9290       824.1489
       821.2256       818.6262       816.7782       815.0300       813.7311
       813.0782       813.3721       814.2872       814.3323
       833.8919       833.2832       833.4415       834.4685       836.2761
       837.5251       837.4781       835.7407       832.3439       828.1065
       823.9526       820.7802       818.9026       818.3456       818.5584
       818.4084       817.5655       816.0884       814.7953       814.1396
       814.1042       814.2111       814.1920       813.7242       813.8218
       815.4522       817.6854       819.9547       821.7113       823.0292
       824.6018       825.3265       823.6703       820.4231       817.4689
       816.1516       816.2505       817.2653       818.5527       819.7927
       820.7913       821.8406       823.5293       825.8607       827.8751
       828.8942       829.5287       829.5963       829.4586       829.5380
       829.4235       829.2667       829.4204       829.7548       830.1948
       829.9857       828.5747       826.0588       823.5044       822.5979
       824.1973       826.9019       828.7659       829.7288       831.0165
       832.8891       833.6042       832.5299       830.4352       827.7288
       825.5538       825.0560       825.5710       825.9898       826.1166
       825.4175       824.1056       823.8134       824.7991       827.2233
       831.0424       835.9029       840.7561       843.9241       845.2054
       845.2382       844.4262       843.4216       843.4047       844.1854
       844.9982       845.8334       846.6776       847.0809       846.9845
       846.7339       846.4139       846.1917       846.3069       847.4224
       849.3769       851.8399       853.8581       853.3569       850.0406
       845.2496       840.1048       835.4882       831.3325       827.4994
       823.8458       820.4507       817.8130       815.8142       814.2475
       813.3270       813.2245       813.3262       812.9815
       833.5270       832.8080       832.6903       833.6345       835.1351
       836.5916       836.9733       835.7053       832.6738       828.9152
       825.3756       822.5560       821.2377       821.1696       821.0729
       820.4924       818.9202       816.9883       815.8153       815.4424
       815.5510       816.2401       816.4399       816.0377       816.1662
       817.0339       817.9482       819.2043       820.8558       822.4947
       823.9305       824.3505       823.0592       820.1443       817.1605
       815.3802       814.9641       815.4232       816.7118       818.0621
       819.2819       820.6915       822.6634       825.4353       827.3755
       827.7536       827.3813       827.1983       827.1986       827.4606
       827.7538       827.7997       827.9901       828.3422       828.5627
       828.7619       827.8181       825.2242       822.7119       822.1486
       824.1290       826.6265       827.0111       826.6912       827.7087
       829.5448       830.7955       830.5531       829.0718       827.3167
       826.1736       826.5490       827.5615       828.2465       829.2156
       830.1260       831.0541       832.0056       832.7018       833.7141
       836.0791       839.2300       842.5331       844.8433       845.9227
       845.7701       845.2334       844.9630       845.1599       845.9465
       847.1686       848.0602       848.3666       847.8103       847.0331
       846.2894       845.5642       845.2106       845.5518       846.7197
       848.6979       851.2662       853.8242       855.0203       854.1385
       851.2988       847.4570       842.7019       837.5329       832.6379
       828.1228       823.4736       818.9430       815.9211       814.3107
       813.9553       814.0316       813.3743       812.3404
       833.1073       832.1542       831.7018       832.3557       834.0020
       835.6429       836.6935       836.3901       834.3830       831.0292
       827.6977       825.4099       824.3164       823.9884       823.7222
       822.7179       820.6826       818.6874       817.8820       818.2607
       819.3090       820.2474       820.1598       819.2663       818.7540
       818.5214       818.6290       819.3741       820.6456       821.9219
       822.3551       822.2700       821.1323       819.1796       816.9113
       814.9109       814.0968       814.2228       815.3306       817.1043
       818.6068       820.0430       821.8721       823.7155       824.6928
       824.5627       824.1351       824.2944       825.1251       825.6483
       825.9749       826.0684       826.2484       826.8137       827.4244
       828.0226       827.9437       826.4891       824.8843       824.9668
       826.7831       828.3448       827.7657       826.3417       825.8829
       826.5833       827.7543       828.0102       827.2914       826.6956
       826.8218       827.8303       829.4222       830.9099       832.5250
       834.8681       837.7903       839.9818       840.6613       840.3001
       840.3037       841.3199       842.8788       844.2332       844.9572
       845.1813       845.3740       845.8775       846.6998       848.0376
       849.6469       850.7722       850.5383       849.1907       847.5170
       846.2131       845.0489       844.7047       845.0605       846.0297
       847.7494       850.0111       852.0860       853.5490       853.7592
       852.1394       849.1019       845.0304       840.1876       835.3329
       830.4289       824.9727       819.7210       816.2611       815.4688
       815.9545       815.9870       814.4433       812.3772
       832.5658       831.2878       830.8695       832.0378       833.7110
       835.4597       836.7255       836.8055       835.4978       833.0912
       830.6939       828.6974       827.0494       825.8381       824.8349
       823.1770       821.2849       819.6060       819.7451       821.5952
       824.0368       825.3026       824.5654       822.9585       821.4016
       820.4512       819.8182       819.7767       819.9116       819.9270
       819.7637       819.3497       818.7004       817.7961       816.4082
       815.0569       814.1027       814.1653       815.5563       817.5241
       819.1718       820.0823       820.8576       821.7417       821.5742
       820.9338       820.7158       821.2126       822.5950       823.8751
       824.0881       824.1551       824.5937       825.4062       826.4437
       827.5696       828.2689       828.2961       828.2014       828.8857
       830.4359       831.0674       829.9476       827.6255       825.3871
       824.4844       824.4435       824.7844       825.0181       825.3782
       826.5249       828.2229       830.5062       833.0419       835.4615
       838.3646       841.8740       844.9994       846.2034       845.8304
       844.5066       843.8107       844.0153       844.3876       844.3005
       844.3386       845.0163       845.8962       847.1895       848.8665
       850.1844       850.8748       850.7444       849.3428       847.5690
       845.8712       844.4075       843.8926       844.1501       844.9872
       846.3930       847.9207       849.4532       850.5033       850.3129
       848.7107       845.6237       841.8472       838.1373       834.2495
       829.7436       824.8646       820.6096       818.3304       818.1295
       818.2722       817.4551       814.8290       812.1165
       832.2233       831.0836       830.7404       831.6970       833.3254
       834.7760       835.7079       835.5917       834.9180       833.9938
       832.0665       829.9614       827.6055       825.5560       823.4433
       821.7334       820.3450       819.7064       821.0958       824.0920
       826.8510       827.8145       826.7363       824.8571       823.2017
       821.6871       820.3538       819.1557       818.1375       816.9317
       816.1019       815.8083       815.9390       815.9720       815.7668
       815.2145       814.8454       815.2066       816.8897       818.8484
       819.8105       820.1448       820.3726       820.1160       819.3682
       818.1668       817.9067       818.7936       820.3044       822.1174
       823.1309       823.3118       823.6929       824.7066       826.0090
       827.1771       828.1593       828.9521       829.7451       830.7144
       831.7734       831.8672       830.2821       827.5921       824.6640
       822.5972       822.2014       822.5317       823.3036       824.5253
       826.4630       829.0219       831.9493       834.7383       837.4099
       840.3046       843.9982       847.4417       849.2842       849.2296
       848.0722       846.3638       845.3129       844.9750       844.4207
       844.0497       844.5345       845.7122       847.1333       848.2626
       848.9031       849.4769       849.4589       848.8257       847.5935
       845.9952       844.7102       843.3932       842.9147       843.2546
       844.1611       845.7295       847.2551       848.0756       847.6212
       845.5948       842.3527       838.7920       835.5251       832.2907
       828.6155       825.0863       822.1685       821.2368       821.1858
       820.4174       818.2962       815.1071       812.6817
       831.9759       831.2612       830.5794       830.9780       831.9074
       833.3184       833.9008       834.1672       834.4736       833.7084
       831.7874       828.7704       825.9641       823.5380       821.4125
       820.0563       819.3568       819.8541       821.8620       824.7020
       826.9728       827.3289       826.1674       824.6915       823.2760
       821.5339       819.3830       817.2098       815.0250       813.1071
       812.0808       812.2979       813.2071       814.3845       815.1140
       815.7668       816.1692       816.8436       818.0845       818.9678
       819.1481       819.0948       818.6616       817.9134       816.6853
       815.3121       815.0516       816.5042       818.5418       820.6700
       822.4253       823.1571       823.3025       824.0360       825.4759
       826.8600       827.6001       828.2400       829.1743       829.8832
       830.1811       829.9114       828.7278       826.7455       824.3934
       822.4058       821.8088       822.4966       823.3987       824.7651
       827.2344       830.5470       833.4026       835.9857       838.3608
       840.8118       844.3313       848.1117       850.2543       850.5504
       849.3386       847.4308       845.7094       844.9598       844.7390
       844.3796       845.2275       846.7345       847.6574       847.7689
       847.8757       848.0917       848.2366       848.3163       847.6378
       846.3597       844.8364       843.1021       841.8898       841.7792
       842.3798       843.9386       845.7823       846.7131       846.2213
       844.0020       840.9420       837.5916       834.5312       831.4440
       828.5547       825.9938       823.8665       822.8051       822.6514
       821.8250       819.5160       816.6249       814.7489
       831.9288       831.5000       830.9160       830.5186       831.0462
       832.5956       834.0060       835.1525       836.0189       835.0928
       832.0515       828.1666       824.8320       822.5196       820.9305
       819.7236       819.1904       819.6481       821.3033       823.6250
       825.0250       825.3088       824.4733       823.3212       822.0704
       820.0833       817.4001       814.4348       811.8361       810.2938
       810.0328       810.7575       812.2756       813.6265       814.8566
       816.1324       817.0959       817.6197       818.1144       818.2393
       817.9128       817.2447       816.4689       815.0966       813.5585
       812.6683       812.7700       814.2829       816.5917       819.0817
       821.3141       822.3736       822.7608       823.3793       824.8907
       826.4768       827.1564       827.3739       828.0334       828.3731
       827.9311       827.1945       826.4739       825.6052       824.5188
       823.5665       823.2680       823.8666       824.5980       826.0939
       828.5325       831.1961       833.6790       836.0016       838.1828
       840.3308       843.5230       847.1558       849.5414       849.8297
       848.5530       846.4275       844.6729       844.0940       844.1295
       844.4617       845.8674       847.6047       848.3339       848.0945
       847.5459       847.5532       847.7302       847.9807       847.5505
       846.0699       844.1476       842.4966       841.4413       841.1149
       842.0453       843.6260       844.9614       845.7300       845.0906
       843.1702       840.1868       837.0331       834.0564       831.6364
       829.2569       826.9690       825.0035       823.3248       822.4409
       821.9239       820.5206       818.3505       816.8214
       831.7326       831.7642       831.6696       831.3026       831.8887
       833.6049       835.4542       837.3903       838.6346       837.6406
       834.0179       829.2025       825.6236       823.5677       822.2308
       820.8018       819.5663       819.3734       820.7938       822.2769
       823.2342       823.3914       822.7764       821.8230       820.5067
       818.6556       816.0313       813.2913       811.7060       811.4091
       811.6349       812.4613       813.6511       814.6141       815.5493
       816.6038       817.4724       817.8018       817.8847       817.6244
       817.0957       816.2542       815.0438       813.8391       812.8400
       812.5923       813.0588       814.3130       816.1294       818.1120
       820.2248       821.8279       822.6908       823.3872       824.5696
       825.9940       826.5016       826.4255       826.5965       826.4923
       825.4282       824.2299       823.3975       823.1409       823.5287
       823.8459       824.2318       824.5031       825.6614       827.4117
       829.4669       831.4067       833.3204       835.6910       838.1080
       840.3767       843.4662       846.7632       848.3048       848.1349
       846.4363       844.3953       842.6404       841.9961       842.3030
       843.4659       845.2696       847.1482       848.4352       848.7305
       848.4200       848.2059       848.2231       847.7569       846.7559
       845.1522       843.0847       841.5540       840.5747       840.9411
       842.8304       844.7486       845.4709       845.2603       844.6418
       842.9472       840.0189       836.7313       833.9235       831.6588
       829.4769       827.2351       825.1075       823.4359       822.5083
       822.1146       820.9641       819.0381       818.0768
       830.5792       831.2469       831.7324       831.9781       832.7175
       833.8121       835.6725       837.9373       839.4367       838.6680
       835.0919       830.8529       827.5204       825.5413       824.0939
       822.3985       820.6697       820.1041       820.7571       821.9414
       822.2250       821.9947       821.4760       820.6080       819.8273
       818.3050       816.2412       814.9114       814.8126       815.2038
       815.7095       816.1858       816.3860       816.5588       816.7039
       817.5317       818.3372       818.6255       818.3495       817.8142
       817.0256       815.8528       814.8849       814.6577       814.6556
       814.7167       815.4737       816.4022       817.4903       818.8393
       820.1082       821.7167       822.9312       823.6030       824.5691
       825.3797       825.7842       825.5305       824.9192       824.1501
       822.4598       820.8730       820.4457       820.8876       821.9437
       823.1878       823.6951       824.5474       826.1981       828.2840
       830.4058       832.5536       834.5941       837.0795       839.6116
       841.9617       844.9340       847.7218       848.5051       846.8572
       844.6507       842.5274       840.9993       840.1449       840.3193
       841.7164       844.0457       846.3039       848.1875       849.2443
       849.7324       849.7029       848.8730       847.5298       845.7914
       843.8408       842.0782       840.5882       840.1702       841.5672
       844.1994       846.2319       846.1688       845.0649       844.1077
       842.7193       839.8890       836.4702       833.7853       831.4811
       829.0768       826.6927       824.5592       823.0845       822.4551
       822.3522       821.2764       819.7218       819.1711
       829.3327       829.4893       829.8363       830.4108       831.1678
       832.2149       833.8560       835.8936       837.4991       837.0439
       834.2739       831.2589       829.2543       827.5229       825.6974
       823.7331       821.8381       820.6841       820.9376       821.3234
       820.8505       820.1108       819.3710       818.7935       818.3192
       817.7662       817.2024       817.2042       817.8531       818.6182
       819.5056       819.9074       819.2400       818.1213       817.7079
       818.2221       819.2797       819.7842       819.3922       818.3552
       817.0251       815.8036       815.2819       815.5908       815.8167
       815.9772       816.5394       817.5969       818.7252       819.8828
       820.8871       821.8336       822.8707       823.4656       824.0378
       824.7947       825.1529       825.0471       823.9184       821.9493
       819.9812       818.5290       818.4855       819.9130       821.9062
       823.4296       824.6441       825.9590       827.8178       830.1647
       832.7432       835.4551       838.5063       840.9816       842.9366
       844.9639       847.3509       849.3040       849.1104       846.7846
       844.0159       841.7136       840.1219       839.4821       839.5897
       840.8104       842.9857       845.5245       847.5711       849.3595
       850.4318       850.0413       848.6294       846.7110       844.7833
       842.7892       841.1580       840.1263       840.3378       842.3490
       845.0859       846.4550       845.9069       844.1087       842.6689
       841.2682       838.7924       835.6586       833.4419       831.1295
       828.4000       825.7588       823.7607       822.3901       822.0760
       822.1628       821.7970       821.1600       820.9106
       828.0541       827.5031       827.1187       827.6449       828.5552
       830.0352       831.7207       833.1823       834.3708       834.0567
       832.2122       830.2081       829.3314       828.4016       826.4180
       824.2742       822.2305       820.8353       820.4924       820.2610
       819.4279       818.0317       816.8786       816.1653       815.9663
       816.5112       817.6485       819.2828       820.4954       821.4905
       822.2731       822.4977       821.3571       819.4268       817.9695
       817.9745       818.9564       820.0751       819.7745       818.5023
       816.8221       815.3682       815.0925       815.1211       815.3764
       815.6681       816.2657       817.3405       818.7723       820.1312
       821.3591       822.0262       822.6727       823.0300       823.4867
       824.3676       824.9275       824.7394       823.6904       821.3646
       819.0410       817.8535       818.1330       819.9286       822.5049
       825.0497       827.2542       829.2545       831.1577       833.7453
       836.6389       839.7278       842.9976       845.5201       847.1973
       848.6060       850.0684       850.8184       849.7405       846.9721
       843.9720       841.4861       839.9557       839.4992       839.8220
       841.2666       843.5663       845.6447       847.6495       849.4171
       850.2234       849.3950       847.2891       845.0222       842.8885
       841.4333       840.3038       839.6884       840.1917       842.4250
       845.0062       845.8243       844.6566       842.6036       840.8179
       839.3417       837.3126       835.2737       833.0276       830.3521
       827.2507       824.8021       822.8032       821.5820       821.2487
       821.6647       822.4770       823.0680       823.1010
       826.2955       825.6424       825.2266       825.5751       826.6478
       828.1923       830.0115       831.6465       832.8104       833.1307
       831.4739       829.5123       828.8375       828.4836       826.7411
       824.2225       821.9493       820.4153       819.9730       819.4314
       818.1305       816.6127       815.4594       814.7947       814.8928
       816.0151       818.3283       821.0851       823.7774       825.0784
       825.3781       824.2664       822.1902       819.5995       817.5142
       816.9084       817.9988       819.2249       819.5225       818.3901
       816.4892       814.9620       813.8448       813.9191       814.5418
       815.0548       815.5927       816.6241       818.1920       820.2285
       821.6597       822.6155       823.0281       823.3254       823.8216
       824.4595       825.3372       825.7199       824.6677       822.4329
       820.4078       819.3599       819.9110       821.7377       824.0748
       826.7586       829.8188       832.5590       835.1340       838.2596
       841.3427       844.1089       846.5573       848.7810       850.5891
       851.8069       852.3406       852.4014       851.0087       847.7283
       843.8830       841.1074       839.8148       839.8255       840.6167
       842.5186       845.0760       847.1427       848.6008       849.6534
       849.7130       848.0425       845.6071       842.9091       841.1307
       840.1144       839.6001       839.4340       839.9740       841.9697
       843.9312       843.9868       842.4531       840.6132       839.2445
       838.1642       836.7411       834.9875       832.6490       829.6507
       826.6287       824.0613       822.2681       821.0796       820.7103
       821.3676       822.6927       823.9166       824.2443
       824.4489       824.1634       824.0146       824.5630       825.6448
       827.0508       828.7880       830.9727       833.0417       833.7669
       832.5273       830.5316       829.5868       829.0447       827.2710
       824.4500       821.9741       820.7041       820.2123       819.2208
       817.6929       816.3113       815.1185       814.9024       815.6259
       817.1613       819.4957       822.9161       826.3268       828.1832
       827.5870       825.3039       821.8542       818.7706       817.0746
       816.9095       817.9137       818.8419       818.8607       817.8403
       815.9202       813.8301       812.5375       812.4253       813.4086
       814.2643       815.0546       816.2426       817.8887       819.9899
       821.8941       823.0042       823.6260       824.3700       824.9585
       825.5336       826.3358       827.0753       826.3932       824.5576
       822.9673       822.4161       823.4873       825.3190       827.0029
       829.4193       832.4336       835.4459       838.9407       842.5799
       845.5651       847.6179       849.3415       851.0397       852.6262
       853.6671       854.2009       853.9525       852.1795       848.2177
       843.6655       840.4059       839.4951       840.1879       841.6046
       843.6580       845.8619       847.7979       849.0475       849.5253
       848.4649       846.2747       843.5987       841.3304       839.9713
       839.6129       839.3076       838.7183       839.2563       840.8532
       841.9718       841.2253       839.3167       838.1237       837.9356
       837.5069       836.4764       834.6421       832.4572       830.1553
       827.6994       824.9600       822.6856       821.5239       821.2462
       821.6565       822.7191       823.7889       824.1926
       822.5032       822.2941       822.7169       823.7472       825.1915
       826.5885       827.9461       830.0779       832.5206       833.5985
       832.9208       831.3676       829.9681       828.8087       827.0955
       824.6555       822.6742       821.5794       820.8417       819.7452
       818.2228       816.7283       816.3727       816.9165       817.8329
       819.2747       821.3533       824.2121       827.0130       828.1812
       826.9624       823.7813       820.1888       817.9865       817.5728
       817.9342       818.4801       818.6621       818.1382       816.7117
       814.6481       812.7469       811.6336       811.8058       812.7016
       813.9601       815.2487       816.5147       818.0079       819.5693
       821.3252       822.9698       824.0476       825.1859       826.4763
       827.2520       827.7775       828.1656       827.9470       826.7841
       825.4614       825.2727       826.5865       828.5383       830.2745
       832.4871       835.2061       838.4290       842.1375       845.7595
       848.2151       849.6985       850.8157       851.9000       852.8447
       853.4628       853.7112       853.1164       850.5341       846.5367
       842.3989       839.5977       839.3112       840.6589       842.3400
       843.9138       845.5652       846.9377       848.3560       848.8183
       847.2366       844.9924       842.7398       840.8528       839.9247
       839.5750       838.8243       837.9371       838.1494       839.2701
       840.0092       839.0470       837.2386       836.5652       836.7743
       836.8503       835.9061       834.2715       832.7211       831.2397
       828.8611       826.0302       823.6160       822.4963       822.3026
       822.2668       822.6967       823.5162       824.1520
       820.4901       820.4440       821.0214       822.6163       824.3806
       825.8093       827.0828       828.8564       831.0679       832.2882
       832.0554       831.0022       829.7703       828.2529       826.7507
       824.9738       822.9562       821.5925       820.6882       819.9269
       818.8412       817.7792       817.9249       819.2089       820.2063
       821.0594       822.6755       824.5475       825.6328       825.1809
       822.9600       819.8779       817.8391       817.4306       818.0211
       818.6279       818.6747       818.4998       817.4188       815.7654
       814.0951       812.8106       812.3467       812.5515       813.5352
       814.8724       816.2737       817.1703       817.8967       818.7856
       820.2776       822.2346       824.4090       826.4980       828.3113
       829.3945       829.6475       829.6678       829.4374       828.4268
       827.3582       827.3200       828.4935       830.2856       832.1487
       834.2902       836.9860       840.4974       844.3839       847.7371
       849.7117       850.3843       850.5520       850.6217       850.6187
       850.5209       850.3404       849.2305       846.3266       842.7776
       840.0239       838.8408       839.7726       841.8276       843.4017
       844.6158       845.4809       846.6313       847.9514       848.1429
       846.4561       844.4086       842.8493       841.4721       840.6238
       839.7792       838.5634       837.7280       837.3810       838.0400
       838.7251       838.0792       836.7542       835.9973       836.0671
       835.8787       834.8671       833.4772       832.2916       830.6540
       828.3113       825.6229       823.7213       822.8278       822.7778
       822.8785       822.9052       823.4008       824.1632
       820.3370       820.2509       820.8896       822.0347       823.4042
       825.0900       826.7950       828.4356       830.2983       831.6370
       831.4599       830.8512       830.0558       829.0999       827.6309
       825.3159       822.6457       820.7654       819.9179       819.3734
       818.7940       818.4195       818.9587       820.2082       821.0289
       821.6555       823.1108       824.0956       823.5732       821.3974
       818.4890       816.5062       816.0638       816.8088       818.0126
       818.8562       819.2173       818.7462       817.6895       816.1184
       814.7194       813.8303       813.5699       814.0245       815.0780
       816.5795       817.4946       817.6381       817.3860       817.7713
       819.1545       821.5890       824.8687       828.1122       830.4691
       831.8877       832.3401       832.0583       831.2213       830.3390
       829.6425       829.7454       830.5433       831.5181       832.8202
       834.8439       837.7531       841.2939       845.1424       848.5709
       850.1842       849.8967       848.8004       848.0170       847.3606
       846.6304       845.8531       844.2084       841.8445       839.7746
       838.6890       839.2359       841.5867       844.1290       845.6493
       846.1450       846.6773       847.3061       848.0579       847.7054
       846.0363       843.9285       842.5566       841.5756       841.2644
       840.6344       839.8035       838.8177       838.0912       838.0820
       838.3260       838.0056       836.9462       835.9266       835.2365
       834.5300       833.5209       832.4780       831.1768       829.2613
       826.9537       824.6853       823.0832       822.5131       822.7910
       823.5679       824.0490       824.7184       825.5029
       821.5107       821.4545       821.8755       822.3970       823.2396
       824.9283       827.1956       828.9324       830.3196       831.2335
       831.0316       830.5505       830.2576       829.9758       828.7123
       825.7019       822.6890       820.9855       820.2990       819.5279
       818.7104       818.4771       819.3364       820.7798       821.6490
       822.3088       822.8777       823.1118       821.8759       819.2396
       816.7964       815.6834       816.2208       817.3532       818.2490
       819.0164       819.7849       820.2656       819.4847       817.8778
       816.1114       815.0096       814.8082       815.5114       816.9626
       818.2417       818.6815       817.9880       817.4625       817.6251
       819.4413       822.3749       826.0482       829.4745       832.0450
       833.9308       834.7680       834.4824       833.7474       832.7180
       832.4875       832.7866       833.0029       833.0132       833.8964
       835.7760       838.5585       841.6930       845.4509       848.6500
       849.8372       848.6809       846.9613       845.7053       844.6544
       843.2541       841.7574       840.1348       838.8202       838.5645
       839.3408       841.1924       844.0386       846.7023       848.0098
       848.2867       848.1077       848.1607       848.0895       847.4003
       845.5544       843.6422       842.1096       841.5994       841.7579
       842.1476       841.7813       841.0715       840.1736       839.2252
       838.6671       838.2082       837.1870       835.7904       834.7400
       833.8788       833.2225       832.3769       831.0976       829.2254
       826.9299       824.8176       823.4588       822.9014       823.3004
       824.7779       826.4376       827.7760       828.6948
       822.1586       821.9780       821.9065       822.3671       823.3636
       825.0799       827.0399       828.6683       829.7808       830.2789
       830.2228       829.5741       829.4786       829.6442       828.4095
       825.9972       823.2392       821.8116       821.2912       820.4189
       819.4509       819.2573       820.0170       821.4677       822.5155
       822.5534       821.9131       821.0418       819.9111       818.1047
       816.9476       817.3044       818.0332       818.9698       819.2072
       819.3336       820.1586       821.2227       821.2894       819.7900
       817.6894       816.2523       815.9559       816.9014       818.6138
       820.0318       819.6869       818.9333       818.3159       818.7714
       820.7966       824.2090       827.8114       830.8936       833.2702
       835.2903       836.1310       836.0300       835.4799       835.1201
       835.1744       835.4067       834.9887       834.5724       835.2117
       837.1821       839.8311       843.0471       846.3135       848.7968
       848.9893       847.4467       845.9881       844.9378       843.3274
       841.5081       839.7035       838.5049       838.0938       838.7316
       840.4531       842.7958       845.6562       848.2051       849.4603
       849.4670       848.6924       848.0089       847.4230       846.3065
       844.7079       843.0934       842.2697       842.0644       842.5912
       843.2275       843.3631       842.9629       842.1859       840.8880
       839.5636       838.4953       837.3066       835.8359       834.6076
       834.2869       834.1740       833.6221       832.6025       830.9259
       828.6222       826.9256       825.7921       825.2194       825.6005
       827.1414       829.3147       831.1663       832.0583
       821.4648       821.1862       821.2715       821.7466       823.1080
       824.8583       826.4741       827.6823       828.5132       829.1104
       829.2534       828.8065       828.2841       827.7974       826.7318
       824.8740       823.1309       821.8370       821.3343       821.1621
       820.8618       820.6596       821.2242       822.3223       822.9584
       822.3695       820.8234       819.4677       817.9816       816.9434
       817.2907       818.8262       820.4277       821.0617       820.8516
       820.3082       821.0923       821.9122       821.8019       820.7471
       818.8728       817.2065       816.9068       817.8558       819.7245
       821.0818       821.1277       820.4181       820.1931       821.2224
       823.6711       826.8242       830.1535       832.6223       834.4783
       835.8444       836.6039       836.3893       836.1730       836.6041
       837.1421       837.0038       836.3340       835.7593       836.3466
       838.2039       841.0715       844.3940       847.1154       848.4117
       847.9320       846.3333       845.4479       845.0512       843.8782
       841.8518       839.8985       838.6655       838.5120       838.8721
       840.3218       842.7891       845.6924       848.1827       849.4857
       849.4157       848.1774       847.0501       846.3754       845.1035
       843.4571       841.9952       841.6732       842.4997       843.3958
       843.9625       843.8674       843.7152       843.2245       841.9922
       840.4453       839.0174       837.5953       836.3702       835.1393
       834.7824       835.0287       835.1104       834.5836       833.5706
       831.9062       830.3057       829.2144       828.4294       828.7681
       830.1009       831.9944       833.7290       834.4415
       819.9645       819.9177       820.4045       821.2305       822.5563
       824.4374       825.6956       826.3557       826.9063       827.5062
       827.9415       827.8558       826.9515       825.4587       823.9295
       822.9255       822.1948       821.6752       821.3361       821.6027
       821.9524       822.0634       822.3792       822.8755       823.1891
       822.3629       820.8325       819.0615       817.7057       817.1230
       818.0652       820.1774       822.2040       823.0031       822.1312
       821.6345       821.8358       822.0114       821.4236       820.5242
       819.0289       817.7665       817.6625       818.7221       820.3675
       821.8845       822.5865       822.4627       822.8275       824.6150
       827.4100       830.3311       832.7784       834.2297       835.0552
       835.9325       836.2787       835.8544       835.7084       836.6539
       837.2178       837.1149       836.5987       836.0153       836.4528
       838.3327       841.0806       844.4244       846.8850       847.2488
       846.1093       844.7303       844.4415       844.9306       844.3121
       842.0878       839.6499       838.2569       837.7728       837.9828
       839.0942       841.0034       843.8163       846.4695       848.2234
       848.6934       847.6600       846.4228       845.5501       844.2548
       842.3045       840.8027       840.5579       841.6468       843.0415
       843.5243       843.5761       843.4478       842.6066       841.3856
       840.1534       838.5729       837.5736       836.4089       835.5063
       835.1779       835.4006       836.0148       836.3455       836.1745
       835.0479       833.1726       831.4482       830.4231       830.6084
       831.8686       833.6904       835.0642       835.5277
       817.9548       817.9667       818.8665       820.1613       821.6436
       823.5377       824.6945       824.8989       825.0699       825.4226
       825.8584       826.2419       825.4913       823.3140       821.3337
       820.5355       820.9124       821.3389       821.2431       821.1815
       821.5524       822.0377       822.1805       822.4211       822.4605
       821.9939       820.6174       818.9307       818.0896       818.2299
       819.3538       821.0574       822.6838       822.8714       821.8480
       821.1239       821.0001       820.3866       819.4357       818.6660
       818.0641       817.6111       817.9191       819.0571       820.7110
       822.2156       823.1594       823.6239       824.6354       826.9509
       829.8652       832.6731       834.4143       835.1085       835.4941
       835.5877       835.3368       834.7463       834.6473       835.3907
       836.2062       836.3356       836.2042       835.8874       836.1136
       837.7358       840.5759       843.6653       845.5552       845.4478
       843.9576       842.7429       843.0574       843.8329       843.0349
       840.7147       838.4551       837.0544       836.5501       836.8981
       837.4286       838.9413       841.3483       844.1248       846.5151
       847.7112       847.1393       845.8619       844.6390       842.9187
       841.1168       839.7938       839.4171       840.5887       842.1409
       842.8933       843.1365       842.8850       841.8130       840.1083
       838.6749       837.8018       836.8329       835.9307       835.1473
       834.9818       835.2020       836.1510       837.2298       837.4741
       836.6429       834.4267       832.3146       831.4733       831.8265
       832.9797       834.3816       835.4499       836.1483
       815.2290       815.1981       816.3766       818.4848       820.4674
       822.1711       823.2403       823.3105       823.1152       823.3105
       824.0073       824.7393       824.0999       821.8026       819.3081
       818.2570       818.7786       819.6929       820.0818       819.9698
       820.0204       820.3226       820.4820       820.5616       820.8038
       820.5565       819.4882       818.2588       817.8159       818.5598
       819.9161       821.4775       822.2665       821.7203       820.3893
       819.5219       819.4224       818.7681       817.6293       816.8605
       816.7759       817.1807       817.8079       818.7408       820.4380
       821.8768       822.6182       823.4278       825.1883       827.7596
       830.8868       833.6518       835.0660       835.3975       835.5598
       835.4943       835.0892       834.9117       834.6075       834.9019
       835.4731       836.2264       836.3850       836.1606       836.7150
       838.1663       840.5969       843.2809       844.4820       844.2480
       843.3045       842.4931       842.7991       843.2518       842.1405
       839.9879       838.2380       837.2597       836.6180       836.3878
       836.7271       837.8884       839.9849       842.4489       845.2338
       846.7856       846.3427       845.1573       843.8216       842.3495
       840.8397       839.3347       839.2438       840.4601       841.9726
       842.7607       842.7809       842.7800       841.7263       839.5239
       838.0537       837.2899       836.6469       835.6565       834.7017
       834.2466       834.8007       836.0118       837.2006       837.6994
       836.7415       834.8884       833.0746       832.7988       833.4609
       834.3425       835.1953       836.2459       837.1628
       813.0909       813.1420       814.6466       817.3724       819.6794
       821.2830       822.0396       821.9984       821.8050       821.8608
       822.8532       823.9633       823.2917       820.7446       818.2296
       817.0125       817.2254       818.0696       818.5717       818.7103
       818.8708       818.9811       818.9977       819.0461       819.2048
       818.9771       818.0984       817.0690       817.0448       818.4322
       820.1121       821.5602       822.0732       821.2295       819.6859
       818.5927       818.7706       818.7340       817.5450       816.6004
       816.4373       816.9165       817.5370       818.5568       820.1111
       821.4930       822.0659       823.0313       825.1915       828.0531
       831.3945       834.2733       835.5135       835.6838       835.4948
       835.6235       836.0073       835.7256       835.4061       835.1950
       835.5860       836.4568       836.7467       836.7079       837.4979
       839.0779       841.1587       843.0678       844.3213       844.4598
       843.8939       843.4916       843.8051       844.1550       842.9568
       840.7000       839.0010       837.9493       837.2350       836.8728
       837.0994       837.9216       839.5419       841.9921       844.4309
       845.8377       845.7944       844.6203       843.5838       843.0795
       841.7343       840.1024       839.7051       840.7050       841.5005
       841.9058       842.3429       842.8063       842.1321       839.9987
       838.2921       837.5450       836.9508       835.7606       834.4045
       833.7512       834.5009       836.2127       837.5648       837.5334
       836.2368       834.5709       833.6688       833.8966       834.6277
       835.2809       836.0226       836.9600       837.9852
